issue_number,title,created_at,closed_at,labels,state,html_url
43675,Tempo: Shows error when loaded with empty TraceId,2022-01-04 15:21:20+00:00,2022-01-05 18:34:09+00:00,type/bug|datasource/tempo,closed,https://github.com/grafana/grafana/issues/43675
43638,Postgres Database Connection Always Successful,2022-01-04 00:08:04+00:00,2022-01-07 09:39:26+00:00,type/bug|datasource/postgres,closed,https://github.com/grafana/grafana/issues/43638
43730,Can't set the graphTooltip property through the POST dashboard API call,2022-01-05 18:39:39+00:00,2022-01-07 09:46:58+00:00,type/bug|area/dashboard,closed,https://github.com/grafana/grafana/issues/43730
43629,Alerting: Query editor allows unsupported datasources for grafana managed alerts,2022-01-03 20:32:14+00:00,2022-01-07 17:27:20+00:00,type/bug|area/alerting|area/frontend,closed,https://github.com/grafana/grafana/issues/43629
43715,Tempo search autocomplete not handling values correctly,2022-01-05 14:48:16+00:00,2022-01-10 14:37:35+00:00,type/bug|prio/medium|datasource/tempo,closed,https://github.com/grafana/grafana/issues/43715
43857,Import Grafana Dashboard on clean installation (no dashboards already present),2022-01-10 12:58:22+00:00,2022-01-11 16:39:54+00:00,type/bug|prio/high|area/backend/api,closed,https://github.com/grafana/grafana/issues/43857
43950,Azure Monitor: Cannot choose template variable as aggregation type,2022-01-12 10:54:06+00:00,2022-01-12 14:36:57+00:00,type/bug|effort/small|datasource/azure,closed,https://github.com/grafana/grafana/issues/43950
43868,Please list Azure Monitor logs as a supported data source on Grafana Logs documentation,2022-01-10 17:25:30+00:00,2022-01-14 14:53:47+00:00,type/bug|type/docs|datasource/azure,closed,https://github.com/grafana/grafana/issues/43868
44015,PluginDashboards: Cannot delete plugin dashboard from UI,2022-01-13 18:18:01+00:00,2022-01-17 09:33:43+00:00,type/bug|area/backend/api,closed,https://github.com/grafana/grafana/issues/44015
43720,$__rate_interval is not $__interval + scrape_interval,2022-01-05 15:30:12+00:00,2022-01-17 14:32:23+00:00,type/bug|prio/high|datasource/prometheus,closed,https://github.com/grafana/grafana/issues/43720
44070,Playlist URL Unavailable in Grafana UI,2022-01-14 19:53:32+00:00,2022-01-19 09:44:30+00:00,type/bug|area/playlist,closed,https://github.com/grafana/grafana/issues/44070
44090,Mixed datasource: Grafana becomes unresponsive when mixing test data source queries,2022-01-17 08:36:35+00:00,2022-01-19 13:04:35+00:00,type/bug|area/panel/data|area/query-editor,closed,https://github.com/grafana/grafana/issues/44090
43904,Bug: Last row of the Table with Footer,2022-01-11 14:43:06+00:00,2022-01-20 08:37:50+00:00,type/bug|area/panel/table,closed,https://github.com/grafana/grafana/issues/43904
44184,Reference style links do not load in Text Panel Markdown tables for Grafana 8.3.2,2022-01-18 20:17:58+00:00,2022-01-20 11:45:34+00:00,type/bug|area/panel/text,closed,https://github.com/grafana/grafana/issues/44184
43998,Memory leak on Mixed type dashboard,2022-01-13 11:59:42+00:00,2022-01-20 13:12:46+00:00,type/bug|type/performance|area/datasource,closed,https://github.com/grafana/grafana/issues/43998
44187,Dashboard: Shared tooltip requires reload of page to activate,2022-01-19 00:14:14+00:00,2022-01-20 15:38:11+00:00,type/bug|area/dashboard|area/panel/timeseries,closed,https://github.com/grafana/grafana/issues/44187
44198,Prometheus: Proxied queries with Trickster sometimes fail,2022-01-19 10:01:28+00:00,2022-01-20 17:48:51+00:00,type/bug|needs more info|datasource/prometheus,closed,https://github.com/grafana/grafana/issues/44198
44251,Prometheus: $__rate_interval interpolation issue,2022-01-20 09:05:06+00:00,2022-01-21 08:53:17+00:00,type/bug|datasource/prometheus,closed,https://github.com/grafana/grafana/issues/44251
44310,Extra spacing in HTML list in text panel,2022-01-21 10:32:24+00:00,2022-01-21 13:38:14+00:00,type/bug|area/panel/text,closed,https://github.com/grafana/grafana/issues/44310
43934,Alerting: create a single folder per dashboard during migration of alert rules,2022-01-11 22:33:52+00:00,2022-01-21 15:24:41+00:00,type/bug|effort/small|prio/high|area/backend/db/migration,closed,https://github.com/grafana/grafana/issues/43934
44306,Azure Monitor: Unable to select a template variable as the subscription,2022-01-21 09:40:06+00:00,2022-01-21 15:50:14+00:00,type/bug|effort/small|datasource/azure,closed,https://github.com/grafana/grafana/issues/44306
43967,Explore prometheus shows both instant and range values in the explore graph,2022-01-12 14:43:00+00:00,2022-01-24 09:22:06+00:00,type/bug|effort/small|help wanted|datasource/prometheus,closed,https://github.com/grafana/grafana/issues/43967
44127,Old Table: Table is not rendering when col property is undefined,2022-01-17 16:15:12+00:00,2022-01-25 13:22:58+00:00,type/bug|area/panel/table|area/frontend,closed,https://github.com/grafana/grafana/issues/44127
44067,Time series panel: Series blurry when refreshing the dashboard,2022-01-14 18:25:21+00:00,2022-01-25 19:59:55+00:00,type/bug|area/panel/timeseries,closed,https://github.com/grafana/grafana/issues/44067
44126,Unable to provisioning a dashboard to multiple organizations,2022-01-17 16:10:36+00:00,2022-01-26 10:33:32+00:00,type/bug|area/provisioning,closed,https://github.com/grafana/grafana/issues/44126
44190,Grafana crash due to huge response for Cloud Monitoring `HEADERS` request,2022-01-19 07:27:34+00:00,2022-01-26 11:02:42+00:00,type/bug|type/performance|datasource/googlecloudmonitoring,closed,https://github.com/grafana/grafana/issues/44190
44466,Timeseries: fill below to still fills to disabled / empty query,2022-01-26 09:56:27+00:00,2022-01-26 23:06:11+00:00,type/bug|area/frontend|area/panel/timeseries,closed,https://github.com/grafana/grafana/issues/44466
43617,Failed to create external snapshot at raintank,2022-01-03 14:28:04+00:00,2022-01-28 10:56:59+00:00,type/bug|area/dashboard/snapshot,closed,https://github.com/grafana/grafana/issues/43617
43975,Broken inline ad-hoc filtering using Elasticsearch with Table Panels,2022-01-12 16:14:00+00:00,2022-01-31 00:16:46+00:00,type/bug|area/datasource,closed,https://github.com/grafana/grafana/issues/43975
44290,CloudWatch: Metric Query - Selected MetricName does not reset after changing Namespace,2022-01-20 19:44:01+00:00,2022-02-01 08:13:26+00:00,type/bug|effort/none|datasource/cloudwatch|area/frontend,closed,https://github.com/grafana/grafana/issues/44290
43988,Alerting: pause/unpause works incorrectly in some cases,2022-01-13 08:23:57+00:00,2022-02-01 10:26:56+00:00,type/bug|area/alerting,closed,https://github.com/grafana/grafana/issues/43988
44478,Alerting: Email template breaks if grouping by labels,2022-01-26 12:46:09+00:00,2022-02-03 13:17:05+00:00,type/bug|area/alerting/notifications|area/frontend,closed,https://github.com/grafana/grafana/issues/44478
44962,Development App Plugins cannot be managed,2022-02-07 08:36:05+00:00,2022-02-07 09:17:50+00:00,type/bug|area/frontend|area/plugins-catalog,closed,https://github.com/grafana/grafana/issues/44962
44037,"In the Loki Explore window, a label called EventName does not return label suggestions",2022-01-14 12:14:18+00:00,2022-02-07 12:29:41+00:00,type/bug|datasource/loki|area/query-editor,closed,https://github.com/grafana/grafana/issues/44037
43803,Changing variable datasource away from Azure Monitor crashes the page,2022-01-07 14:18:02+00:00,2022-02-07 22:52:07+00:00,type/bug,closed,https://github.com/grafana/grafana/issues/43803
44936,MongoDB Enterprise Plugin Bug ,2022-02-04 21:51:09+00:00,2022-02-08 13:51:31+00:00,type/bug|area/dashboard/templating,closed,https://github.com/grafana/grafana/issues/44936
44238,Specific error message not displayed when testing Slack contact point configuration,2022-01-19 21:48:44+00:00,2022-02-08 16:08:28+00:00,type/bug|area/frontend,closed,https://github.com/grafana/grafana/issues/44238
44243,Grafana fails to start when trying to provision a single datasource to be deleted,2022-01-20 06:46:14+00:00,2022-02-09 11:38:13+00:00,type/bug|area/backend|area/provisioning,closed,https://github.com/grafana/grafana/issues/44243
44252,Loki Query Editor text highlighting issue.,2022-01-20 09:23:56+00:00,2022-02-10 09:38:39+00:00,type/bug|datasource/loki,closed,https://github.com/grafana/grafana/issues/44252
45205,Select: Position of portalled menu intersects input ,2022-02-10 09:31:10+00:00,2022-02-10 11:48:05+00:00,type/bug|area/grafana/ui,closed,https://github.com/grafana/grafana/issues/45205
44547,"Panel Edit: Search visualization does not show when the name contains ""-"" ",2022-01-27 15:12:54+00:00,2022-02-10 14:45:39+00:00,type/bug|area/frontend|area/panel/edit|prio/customer-support,closed,https://github.com/grafana/grafana/issues/44547
45235,Time-Series panel with large scale and small thresholds as coloured regions broken,2022-02-10 13:29:26+00:00,2022-02-10 17:49:31+00:00,type/bug|area/panel/timeseries,closed,https://github.com/grafana/grafana/issues/45235
44971,DataFrame: Field name get's prefixed with frame name in Table panel after override is added ,2022-02-07 10:28:50+00:00,2022-02-11 09:47:49+00:00,type/bug|area/dataframe|area/field/overrides,closed,https://github.com/grafana/grafana/issues/44971
45090,unable to delete library panel if description is too long,2022-02-08 15:58:34+00:00,2022-02-11 10:57:23+00:00,type/bug|help wanted|good first issue|area/frontend/library-panels,closed,https://github.com/grafana/grafana/issues/45090
45273,Datasource: Securejsondata stripped away while creating/updating data source,2022-02-11 08:41:06+00:00,2022-02-11 14:52:15+00:00,type/bug|area/datasource|area/datasource/backend,closed,https://github.com/grafana/grafana/issues/45273
44110,Copy URL not working in Panel Share dialogue,2022-01-17 14:16:47+00:00,2022-02-15 11:08:01+00:00,type/bug|prio/high,closed,https://github.com/grafana/grafana/issues/44110
44736,MSSQL Datasource username empty after container restart,2022-02-01 18:49:14+00:00,2022-02-15 17:11:32+00:00,type/bug|area/provisioning|datasource/mssql,closed,https://github.com/grafana/grafana/issues/44736
45378,Alerting: Invalid notification route being edited when filters applied,2022-02-15 08:08:08+00:00,2022-02-16 10:03:54+00:00,type/bug|area/frontend,closed,https://github.com/grafana/grafana/issues/45378
45015,"Wrong logLevel parsing if ""alert"" is within a log label",2022-02-07 21:10:55+00:00,2022-02-16 14:58:26+00:00,type/bug|needs more info|type/works-as-intended|datasource/loki,closed,https://github.com/grafana/grafana/issues/45015
45032,BarChart tooltip fickers after removal of `pointer-events: none`,2022-02-08 04:49:45+00:00,2022-02-16 21:52:39+00:00,type/bug|area/panel/barchart|type/regression,closed,https://github.com/grafana/grafana/issues/45032
45491,Cloudwatch: Fix variable queries,2022-02-16 21:14:29+00:00,2022-02-17 14:05:00+00:00,type/bug|effort/small|datasource/cloudwatch,closed,https://github.com/grafana/grafana/issues/45491
45489,CloudWatch: Execute code query on blur,2022-02-16 19:42:55+00:00,2022-02-17 17:53:43+00:00,type/bug|effort/small|datasource/cloudwatch,closed,https://github.com/grafana/grafana/issues/45489
45624,ReferenceError: Can't find variable: u when trying to edit a panel in Safari,2022-02-18 17:11:27+00:00,2022-02-21 12:50:53+00:00,type/bug|area/frontend|area/panel/edit,closed,https://github.com/grafana/grafana/issues/45624
45709,Adding variables to a unsaved dashboard fails,2022-02-22 08:46:20+00:00,2022-02-22 13:21:01+00:00,type/bug|prio/high|area/dashboard/templating,closed,https://github.com/grafana/grafana/issues/45709
45735,Can't add any new data source by clicking on the data source card,2022-02-22 14:43:02+00:00,2022-02-22 15:47:55+00:00,type/bug|area/datasource,closed,https://github.com/grafana/grafana/issues/45735
44648,State timeline: Visualization value colors won't update when base value changes,2022-01-31 11:34:59+00:00,2022-02-24 08:38:49+00:00,type/bug|area/panel/state-timeline,closed,https://github.com/grafana/grafana/issues/44648
45617,Grafana 8.4.0: Copy Invite for Pending User Doesn't Copy Invite Text,2022-02-18 15:28:22+00:00,2022-02-24 13:58:57+00:00,type/bug|area/admin/user,closed,https://github.com/grafana/grafana/issues/45617
45833,Azure Monitor Logs: Queries that have not yet been migrated from workspace to resource don't work,2022-02-24 12:08:07+00:00,2022-02-24 14:29:18+00:00,type/bug|effort/small|datasource/azure,closed,https://github.com/grafana/grafana/issues/45833
45746,"Escaping of newline \r\n results in double newlines in ""Explore""",2022-02-22 18:34:50+00:00,2022-02-24 16:37:49+00:00,type/bug|effort/small|help wanted|area/logs,closed,https://github.com/grafana/grafana/issues/45746
44414,Alerting: Slack contact point is missing front-end validation,2022-01-25 10:18:19+00:00,2022-02-25 14:10:22+00:00,type/bug|prio/high|area/frontend,closed,https://github.com/grafana/grafana/issues/44414
44733,"CloudWatch: ""multi template variables are not supported for region"" when using repeating rows",2022-02-01 18:16:34+00:00,2022-02-28 08:28:27+00:00,type/bug|effort/small|datasource/cloudwatch|good first issue,closed,https://github.com/grafana/grafana/issues/44733
45640,Calculation of duration in state timeline is broken,2022-02-19 16:23:36+00:00,2022-02-28 20:16:31+00:00,type/bug|type/regression|area/panel/state-timeline,closed,https://github.com/grafana/grafana/issues/45640
44484,Bar Chart not displaying bar when there is only column,2022-01-26 16:19:00+00:00,2022-02-28 21:21:10+00:00,type/bug|area/panel/barchart|type/regression,closed,https://github.com/grafana/grafana/issues/44484
44614,histogram x-axis is too cramped,2022-01-28 22:24:50+00:00,2022-03-01 07:55:54+00:00,type/bug|area/panel/histogram,closed,https://github.com/grafana/grafana/issues/44614
45605,Grafana Docker 8.4.0 error permission issue,2022-02-18 13:28:09+00:00,2022-03-02 08:39:19+00:00,type/bug|area/docker|area/configuration,closed,https://github.com/grafana/grafana/issues/45605
45894,CloudWatch: Autocompleter incorrectly suggests namespaces when it should suggest metrics,2022-02-25 10:15:58+00:00,2022-03-02 09:46:18+00:00,type/bug|datasource/cloudwatch,closed,https://github.com/grafana/grafana/issues/45894
45852,[State Timeline] Absence of data not represented anymore (part 2),2022-02-24 15:49:29+00:00,2022-03-03 00:21:13+00:00,type/bug|area/panel/state-timeline,closed,https://github.com/grafana/grafana/issues/45852
46136,Graph (old): null value options behaving incorrectly,2022-03-03 03:06:38+00:00,2022-03-03 08:02:18+00:00,type/bug|prio/high|area/panel/graph|area/frontend,closed,https://github.com/grafana/grafana/issues/46136
46116,Provisioning: Plugin provisioning doesn't store secureJsonData,2022-03-02 18:36:15+00:00,2022-03-03 10:57:34+00:00,type/bug|area/provisioning,closed,https://github.com/grafana/grafana/issues/46116
45986,NodeGraph: Accept valid data frames even if visualization type isn't set,2022-02-28 20:04:39+00:00,2022-03-03 13:42:08+00:00,type/bug|area/panel/node-graph,closed,https://github.com/grafana/grafana/issues/45986
46138,Live: New data does not appear on the timeseries panel until pressing the refresh button ,2022-03-03 06:12:44+00:00,2022-03-04 10:50:11+00:00,type/bug|area/live,closed,https://github.com/grafana/grafana/issues/46138
46110,OS X Safari 13.1.2 no longer loads Grafana after update to 8.4.2,2022-03-02 16:58:04+00:00,2022-03-07 15:21:30+00:00,type/bug|area/frontend|type/browser-compatibility,closed,https://github.com/grafana/grafana/issues/46110
46365,CloudWatch: Intermittent SignatureDoesNotMatch error in alert queries,2022-03-09 14:23:42+00:00,2022-03-10 08:20:13+00:00,type/bug|datasource/cloudwatch,closed,https://github.com/grafana/grafana/issues/46365
46325,Expressions: Field config.displayName and displayNameFromDS lost after passing through expressions,2022-03-08 15:06:01+00:00,2022-03-10 15:03:27+00:00,type/bug|area/expressions,closed,https://github.com/grafana/grafana/issues/46325
45563,CloudWatch: grafana 8.4.0 - Request cancelled: context deadline exceeded,2022-02-17 19:36:32+00:00,2022-03-14 15:18:39+00:00,type/bug|datasource/cloudwatch|type/regression,closed,https://github.com/grafana/grafana/issues/45563
46531,[E2D] datasource is not saved,2022-03-14 13:43:12+00:00,2022-03-14 23:26:13+00:00,type/bug|area/explore,closed,https://github.com/grafana/grafana/issues/46531
45697,"New Y-negative transformation not migrated while converting ""old Graph"" to ""Time Series""",2022-02-21 19:13:10+00:00,2022-03-15 12:29:15+00:00,type/bug|area/panel/timeseries,closed,https://github.com/grafana/grafana/issues/45697
44623,Loki LogQL: unpack doesn't autocomplete,2022-01-30 09:46:48+00:00,2022-03-15 13:17:37+00:00,type/bug|effort/small|help wanted|datasource/loki,closed,https://github.com/grafana/grafana/issues/44623
46423,Prometheus: Add hoc filers do not support bool operator,2022-03-10 16:53:00+00:00,2022-03-15 16:37:20+00:00,type/bug|prio/high|datasource/prometheus,closed,https://github.com/grafana/grafana/issues/46423
45663,Annotation loading spinner wrapping make graphs jump up and down,2022-02-21 11:37:48+00:00,2022-03-15 17:50:29+00:00,type/bug|area/annotations|area/ux|good first issue,closed,https://github.com/grafana/grafana/issues/45663
46444,Repeated rows are not refreshed after change of variable (Grafana 8.4.3),2022-03-11 10:45:07+00:00,2022-03-16 06:57:12+00:00,type/bug|area/dashboard|area/templating/repeating,closed,https://github.com/grafana/grafana/issues/46444
45916,"Timeseries: Negative Y does not render properly, when there is metric for short period of time",2022-02-25 14:07:38+00:00,2022-03-16 08:05:38+00:00,type/bug|area/panel/timeseries,closed,https://github.com/grafana/grafana/issues/45916
46393,"When set Connect null values to always, the data is displayed abnormally",2022-03-10 07:18:57+00:00,2022-03-16 08:05:38+00:00,type/bug|area/frontend|area/panel/timeseries,closed,https://github.com/grafana/grafana/issues/46393
46636,Dashboard can not be deleted at Datasource configuration,2022-03-16 13:09:10+00:00,2022-03-18 14:47:57+00:00,type/bug,closed,https://github.com/grafana/grafana/issues/46636
44039,AzureMonitor: Overlay glitch in Logs resource picker,2022-01-14 12:39:51+00:00,2022-03-23 13:38:47+00:00,type/bug|effort/small|datasource/azure,closed,https://github.com/grafana/grafana/issues/44039
46860,Trace to logs should omit empty queries,2022-03-22 21:46:45+00:00,2022-03-23 16:48:12+00:00,type/bug|area/explore|datasource/jaeger|datasource/zipkin|datasource/tempo,closed,https://github.com/grafana/grafana/issues/46860
46605,Docs feedback: /enterprise/saml.md - Grafana DOES support IdP-initiated request,2022-03-15 21:27:31+00:00,2022-03-23 17:59:24+00:00,type/bug|type/docs,closed,https://github.com/grafana/grafana/issues/46605
46659,Dashboard variable selections don't persist after clicking the breadcrumb for search,2022-03-16 17:40:33+00:00,2022-03-24 16:01:43+00:00,type/bug|area/dashboard,closed,https://github.com/grafana/grafana/issues/46659
46823,datasource cloudwatch: some aws opensearch metrics with wrong name,2022-03-22 10:46:32+00:00,2022-03-25 08:17:15+00:00,type/bug|effort/small|datasource/cloudwatch|good first issue|area/query-editor|mob-friendly,closed,https://github.com/grafana/grafana/issues/46823
45941,custom.ini log.file format to json setting not working,2022-02-26 04:24:31+00:00,2022-03-26 10:40:08+00:00,type/bug|area/backend/logging,closed,https://github.com/grafana/grafana/issues/45941
46720,Default Time Zone offset displayed incorrectly when different from Browser Time,2022-03-18 07:54:22+00:00,2022-03-29 11:23:37+00:00,type/bug|area/dashboard/timezone,closed,https://github.com/grafana/grafana/issues/46720
46879,Save Dashboard no longer saves the version message,2022-03-23 12:35:13+00:00,2022-03-29 14:11:35+00:00,type/bug|prio/high|area/dashboard,closed,https://github.com/grafana/grafana/issues/46879
47009,"AzureMonitor: Alerting on a Metrics query fails due to missing ""top"" input",2022-03-29 10:17:57+00:00,2022-03-29 14:27:10+00:00,type/bug|effort/small|datasource/azure,closed,https://github.com/grafana/grafana/issues/47009
45575,Plugin: Bar Chart not show data (one row),2022-02-18 05:00:53+00:00,2022-03-30 15:44:33+00:00,type/bug|area/panel/barchart,closed,https://github.com/grafana/grafana/issues/45575
46536,Changing timezone doesn't update panels outside of viewport,2022-03-14 15:13:51+00:00,2022-03-30 17:09:03+00:00,type/bug|area/dashboard|area/dashboard/timezone,closed,https://github.com/grafana/grafana/issues/46536
45510,"AzureMonitor: ""Learn more"" links are redirecting to archived repo",2022-02-17 11:16:53+00:00,2022-03-31 13:47:06+00:00,type/bug|effort/small|datasource/azure|good first issue,closed,https://github.com/grafana/grafana/issues/45510
46574,Operator description popup in Log Browser is shortened,2022-03-15 10:36:52+00:00,2022-03-31 18:21:31+00:00,type/bug|datasource/loki|area/ux,closed,https://github.com/grafana/grafana/issues/46574
47006,Router_logging missing userid and uname,2022-03-29 09:44:33+00:00,2022-04-01 11:24:40+00:00,type/bug|area/backend/logging,closed,https://github.com/grafana/grafana/issues/47006
46503,A11y : Cannot expand CollapsibleSection via keyboard,2022-03-12 02:57:17+00:00,2022-04-01 12:00:09+00:00,type/bug|type/accessibility,closed,https://github.com/grafana/grafana/issues/46503
46712,Tooltip : Adding Units can break `Ascending` and `Descending` sorting,2022-03-17 21:04:00+00:00,2022-04-04 09:18:30+00:00,type/bug|area/tooltip,closed,https://github.com/grafana/grafana/issues/46712
45292,confused to Tooltip values sort,2022-02-11 12:29:08+00:00,2022-04-04 09:18:30+00:00,type/bug|area/panel/timeseries,closed,https://github.com/grafana/grafana/issues/45292
46096,Tooltip and sort order,2022-03-02 12:59:13+00:00,2022-04-04 09:18:30+00:00,type/bug|area/panel/timeseries|area/tooltip,closed,https://github.com/grafana/grafana/issues/46096
46805,[State Timeline] Absence of data not represented anymore (part 3),2022-03-21 18:22:54+00:00,2022-04-04 14:22:00+00:00,type/bug|area/panel/state-timeline,closed,https://github.com/grafana/grafana/issues/46805
44708,Table Panel: String dates should be parsed assuming utc instead of local time,2022-02-01 13:34:14+00:00,2022-04-04 15:05:07+00:00,type/bug|area/panel/table,closed,https://github.com/grafana/grafana/issues/44708
47119,8.3.0+ grafana dashboard json can't migrate to other instance because of datasource uid,2022-03-31 10:19:52+00:00,2022-04-04 15:34:19+00:00,type/bug|area/dashboard|area/dashboard/import,closed,https://github.com/grafana/grafana/issues/47119
47046,Stat panel - font size is bigger when value mapping nulls,2022-03-30 09:27:37+00:00,2022-04-05 13:34:18+00:00,type/bug|area/panel/stat,closed,https://github.com/grafana/grafana/issues/47046
47294,Select broad bars in Barchart,2022-04-04 21:14:51+00:00,2022-04-06 01:24:06+00:00,type/bug|area/panel/timeseries,closed,https://github.com/grafana/grafana/issues/47294
46412,Default Nav links do not work for dashboards in App Plugins in Grafana 8+,2022-03-10 14:17:06+00:00,2022-04-06 08:50:39+00:00,type/bug|area/plugins/app,closed,https://github.com/grafana/grafana/issues/46412
43639,Docs feedback: broken image link on /dashboards/time-range-controls.md,2022-01-04 00:25:06+00:00,2022-04-06 09:16:03+00:00,type/bug|type/docs,closed,https://github.com/grafana/grafana/issues/43639
46762,State timeline displays persistent state when a series returns one data value,2022-03-19 19:33:19+00:00,2022-04-06 10:23:01+00:00,type/bug|area/panel/state-timeline,closed,https://github.com/grafana/grafana/issues/46762
45365,"Histogram Panel: Values repeated on X axis, and multiple bar within a single range",2022-02-14 11:33:04+00:00,2022-04-07 06:56:23+00:00,type/bug|area/panel/histogram,closed,https://github.com/grafana/grafana/issues/45365
47241,Library panels: Replacing a panel with a library panel that uses the same datasource doesn't update editor options,2022-04-04 02:24:44+00:00,2022-04-07 08:39:54+00:00,type/bug|area/frontend|area/frontend/library-panels|area/query-editor,closed,https://github.com/grafana/grafana/issues/47241
47470,Alerting: Intermittently failing test - TestSilenceCleanup,2022-04-07 16:53:35+00:00,2022-04-08 06:52:14+00:00,type/bug,closed,https://github.com/grafana/grafana/issues/47470
44711,Links with same URL but different port than the grafana URL are handled incorrectly,2022-02-01 13:39:48+00:00,2022-04-08 09:44:17+00:00,type/bug|area/panel/text|area/dashboard/data-links,closed,https://github.com/grafana/grafana/issues/44711
44918,Unable to create alert query for a Azure Monitor metric dimension,2022-02-04 15:15:33+00:00,2022-04-11 07:32:03+00:00,type/bug|datasource/azure,closed,https://github.com/grafana/grafana/issues/44918
47042,Elasticsearch datasource alerts don't respect datasource setting max_concurrent_shard_requests,2022-03-30 08:00:09+00:00,2022-04-11 08:29:49+00:00,type/bug|datasource/elasticsearch,closed,https://github.com/grafana/grafana/issues/47042
47560,Prometheus: In explore queries are auto-submitted onBlur,2022-04-11 13:10:19+00:00,2022-04-12 12:55:58+00:00,type/bug|datasource/prometheus|area/explore,closed,https://github.com/grafana/grafana/issues/47560
47554,Azure Monitor: (Logs) missing Kusto suggestions,2022-04-11 12:04:27+00:00,2022-04-12 14:42:34+00:00,type/bug|effort/small|datasource/azure,closed,https://github.com/grafana/grafana/issues/47554
44209,Azure Monitor: Outdated documentation in plugins page,2022-01-19 12:27:56+00:00,2022-04-13 08:26:20+00:00,type/bug|effort/small|type/docs|datasource/azure,closed,https://github.com/grafana/grafana/issues/44209
47019,NodeGraph: Make dataframe selection more permissive,2022-03-29 15:09:44+00:00,2022-04-13 15:18:40+00:00,type/bug|prio/medium|area/panel/node-graph,closed,https://github.com/grafana/grafana/issues/47019
47320,Alerting: `api/alert-notifiers` endpoint does not support FGAC permissions,2022-04-05 12:48:51+00:00,2022-04-14 13:34:05+00:00,type/bug|prio/critical|area/alerting,closed,https://github.com/grafana/grafana/issues/47320
46416,Value mapping with color doesn't match in Pie Chart,2022-03-10 15:26:50+00:00,2022-04-14 16:12:27+00:00,type/bug|area/value-mapping|area/panel/piechart,closed,https://github.com/grafana/grafana/issues/46416
45873,Alerting: Multidimensional alert history annotations do not stably sort,2022-02-24 22:35:29+00:00,2022-04-18 02:42:46+00:00,type/bug|prio/high|area/backend,closed,https://github.com/grafana/grafana/issues/45873
47815,CloudWatch Logs: Explore did not return a visualization with returned data,2022-04-15 09:42:19+00:00,2022-04-19 12:34:24+00:00,type/bug|datasource/cloudwatch logs,closed,https://github.com/grafana/grafana/issues/47815
46621,Alerting: Fix affected alerts in Silences when silencing an instance,2022-03-16 09:18:34+00:00,2022-04-19 13:08:19+00:00,type/bug|prio/high|area/frontend,closed,https://github.com/grafana/grafana/issues/46621
47404,Slack contact point cannot be tested or updated after creating,2022-04-06 15:48:09+00:00,2022-04-20 07:40:58+00:00,type/bug|area/frontend,closed,https://github.com/grafana/grafana/issues/47404
46817,Datalinks : Regression: using URL from data source no longer working,2022-03-22 02:26:17+00:00,2022-04-20 09:15:36+00:00,type/bug|needs investigation|area/dashboard/data-links|type/regression,closed,https://github.com/grafana/grafana/issues/46817
47746,TimeSeries: setting logarithmic scale breaks options search,2022-04-13 21:44:54+00:00,2022-04-20 10:05:38+00:00,type/bug|area/frontend|area/panel/edit|area/panel/timeseries,closed,https://github.com/grafana/grafana/issues/47746
47604,Extract Fields Transformer - Line splitting applying to values enclosed in quotes,2022-04-12 03:47:07+00:00,2022-04-20 14:46:55+00:00,type/bug,closed,https://github.com/grafana/grafana/issues/47604
47093,"logger=ngalert error=""runtime error: invalid memory address or nil pointer dereference""",2022-03-31 05:46:33+00:00,2022-04-21 07:42:23+00:00,type/bug|area/alerting|needs investigation,closed,https://github.com/grafana/grafana/issues/47093
48048,Annotations: Data sources in Annotation Settings are displayed as an ID,2022-04-21 11:55:40+00:00,2022-04-21 16:08:12+00:00,type/bug|area/panel/annotation-list,closed,https://github.com/grafana/grafana/issues/48048
46900,Date picker is partially hidden in Explore split pane view,2022-03-23 17:57:08+00:00,2022-04-21 17:49:52+00:00,type/bug|area/explore|area/ux|timepicker,closed,https://github.com/grafana/grafana/issues/46900
46430,Explore: feature toggle does not prevent direct access,2022-03-10 21:27:16+00:00,2022-04-22 08:03:25+00:00,type/bug|area/explore,closed,https://github.com/grafana/grafana/issues/46430
45278,Navigation: Navbar can overflow the page height causing nested scrollbars,2022-02-11 10:14:50+00:00,2022-04-22 10:04:05+00:00,type/bug|area/frontend|area/navigation,closed,https://github.com/grafana/grafana/issues/45278
48093,New Navigation: Fix customisation (whitelabelling) in new navbar,2022-04-22 07:54:29+00:00,2022-04-22 10:04:23+00:00,type/bug|area/navigation,closed,https://github.com/grafana/grafana/issues/48093
47754,Table panel crashes upon choosing JSON View cell display mode,2022-04-14 08:24:19+00:00,2022-04-23 16:38:03+00:00,type/bug|area/panel/table,closed,https://github.com/grafana/grafana/issues/47754
48136,CloudWatch: Variable editor should replace template variables,2022-04-22 17:11:44+00:00,2022-04-25 14:33:50+00:00,type/bug|effort/small|datasource/cloudwatch,closed,https://github.com/grafana/grafana/issues/48136
47834,Broken graphs in 9.0.0,2022-04-16 10:05:15+00:00,2022-04-26 04:58:00+00:00,type/bug|area/panel/timeseries|type/regression,closed,https://github.com/grafana/grafana/issues/47834
46894,Grafana - Rename by Regex doesnt work with global patterns,2022-03-23 16:03:54+00:00,2022-04-26 10:28:05+00:00,type/bug|area/transformations,closed,https://github.com/grafana/grafana/issues/46894
48246,Table panel: filter table columns error v8.5.0,2022-04-26 09:13:18+00:00,2022-04-26 11:26:48+00:00,type/bug|area/panel/table,closed,https://github.com/grafana/grafana/issues/48246
48078,Plugins Catalog: Hyperlinks Do Not Appear As Hyperlinks,2022-04-21 18:08:23+00:00,2022-04-27 12:34:47+00:00,type/bug|area/plugins-catalog,closed,https://github.com/grafana/grafana/issues/48078
45744,8.4.1 Alert list panel - Alert instance label filter doesn't render with grafana variables,2022-02-22 18:22:16+00:00,2022-04-27 13:12:58+00:00,type/bug|area/panel/alertlist|needs investigation,closed,https://github.com/grafana/grafana/issues/45744
48150,Wrong colors in time series bar stacking since v8.5.0,2022-04-23 10:01:07+00:00,2022-04-27 14:31:15+00:00,type/bug|area/panel/timeseries,closed,https://github.com/grafana/grafana/issues/48150
47023,Docs feedback: /alerting/unified-alerting/message-templating/_index.md - error in example custom template,2022-03-29 16:00:43+00:00,2022-04-27 16:01:11+00:00,type/bug|type/docs|prio/high,closed,https://github.com/grafana/grafana/issues/47023
47669,Canvas: crash select element in editor,2022-04-13 00:24:19+00:00,2022-04-27 20:33:07+00:00,type/bug|area/panel/canvas,closed,https://github.com/grafana/grafana/issues/47669
48386,Canvas: Selecto breaks when exiting panel editor mode,2022-04-27 23:24:20+00:00,2022-04-28 03:51:03+00:00,type/bug|area/panel/canvas,closed,https://github.com/grafana/grafana/issues/48386
48388,Canvas: Selecto breaks on toggle inline editor,2022-04-27 23:44:27+00:00,2022-04-28 03:51:03+00:00,type/bug|area/panel/canvas,closed,https://github.com/grafana/grafana/issues/48388
45776,Explore: Unable to select/deselect multiple timeseries,2022-02-23 12:22:16+00:00,2022-04-28 13:55:16+00:00,type/bug|needs investigation|area/explore,closed,https://github.com/grafana/grafana/issues/45776
47661,stat panel: metrics with no value should use decimals for consistent appearance,2022-04-12 19:27:41+00:00,2022-04-28 14:04:57+00:00,type/bug|help wanted|area/panel/stat|good first issue,closed,https://github.com/grafana/grafana/issues/47661
47875,Minified Redux error #9 when returning from editing old table panel,2022-04-19 11:07:00+00:00,2022-04-28 14:11:35+00:00,type/bug|area/panel/table|prio/unscheduled,closed,https://github.com/grafana/grafana/issues/47875
48130,grafana-server doesn't start after recent update to 8.5.0 on openhabian,2022-04-22 15:24:40+00:00,2022-04-29 07:10:58+00:00,type/bug,closed,https://github.com/grafana/grafana/issues/48130
46501,A11y : Cannot use FileUpload component via keyboard,2022-03-12 02:46:41+00:00,2022-04-29 07:47:34+00:00,type/bug|area/grafana/ui|type/accessibility,closed,https://github.com/grafana/grafana/issues/46501
48123,Grafana/ui: Select in multiselect mode sometimes does not show values,2022-04-22 13:49:46+00:00,2022-04-29 08:22:50+00:00,type/bug|area/grafana/ui,closed,https://github.com/grafana/grafana/issues/48123
48047,Tempo Search UI: Service Name and Span Name prefix search do not work,2022-04-21 11:43:38+00:00,2022-04-29 08:52:12+00:00,type/bug,closed,https://github.com/grafana/grafana/issues/48047
48282,Azure Monitor: Re-saving a data source removes its client secret,2022-04-26 14:52:27+00:00,2022-04-29 13:03:24+00:00,type/bug|datasource/azure,closed,https://github.com/grafana/grafana/issues/48282
48467,CloudWatch: Shouldn't remove the client key and secret when config is edited,2022-04-28 21:41:05+00:00,2022-04-29 13:03:34+00:00,type/bug|datasource/cloudwatch,closed,https://github.com/grafana/grafana/issues/48467
48546,Alerting: Intermittent test failure - integration test cleanup interfered with a longer-running test,2022-04-29 15:06:44+00:00,2022-04-29 17:07:19+00:00,type/bug|effort/small|prio/low|area/backend,closed,https://github.com/grafana/grafana/issues/48546
48158,Adding a member to a team causes PostgreSQL error with grafana v8.4.4,2022-04-25 02:52:17+00:00,2022-05-02 07:25:24+00:00,type/bug|area/backend/db/postgres,closed,https://github.com/grafana/grafana/issues/48158
48558,Unable to click tooltip link for Regex in Variable Editor,2022-04-29 19:46:59+00:00,2022-05-02 17:44:23+00:00,type/bug|area/datasource/frontend,closed,https://github.com/grafana/grafana/issues/48558
48538,Navigation: New nav fails pa11y,2022-04-29 13:40:39+00:00,2022-05-03 14:28:40+00:00,type/bug|area/navigation,closed,https://github.com/grafana/grafana/issues/48538
48652,Dashboard: Time range is not updating from url properly ,2022-05-03 17:17:02+00:00,2022-05-04 09:36:15+00:00,type/bug|area/dashboard/timerange,closed,https://github.com/grafana/grafana/issues/48652
45809,Loki: If label value includes backslash it is not escaped and query is invalid,2022-02-23 20:42:40+00:00,2022-05-04 10:49:05+00:00,type/bug|prio/high|datasource/loki,closed,https://github.com/grafana/grafana/issues/45809
45676,Grafana U.I freeze sometimes when select null value in variable drop-down,2022-02-21 14:20:39+00:00,2022-05-04 13:27:22+00:00,type/bug|area/dashboard/templating,closed,https://github.com/grafana/grafana/issues/45676
47408,Distributed tracing via context propagation is broken after openTelemetry implementation,2022-04-06 17:38:48+00:00,2022-05-05 08:37:27+00:00,type/bug|prio/high|area/backend|area/tracing,closed,https://github.com/grafana/grafana/issues/47408
48692,Panel Links color on Light theme,2022-05-04 11:10:26+00:00,2022-05-05 13:28:45+00:00,type/bug|area/dashboard/links,closed,https://github.com/grafana/grafana/issues/48692
48472,Deleting notification policies deletes the wrong policy,2022-04-28 22:55:52+00:00,2022-05-06 07:34:10+00:00,type/bug|prio/critical|area/alerting/notifications|area/frontend,closed,https://github.com/grafana/grafana/issues/48472
48267,Cloudwatch AssumeRole broken for af-south-1 on 8.5.0,2022-04-26 12:41:02+00:00,2022-05-06 19:36:34+00:00,type/bug|datasource/cloudwatch,closed,https://github.com/grafana/grafana/issues/48267
48835,Time Series panel missing points in line style with sparse data,2022-05-06 22:29:05+00:00,2022-05-17 04:24:41+00:00,type/bug|area/panel/timeseries,closed,https://github.com/grafana/grafana/issues/48835
48499,newNavigation: icons misaligned on Safari,2022-04-29 09:06:53+00:00,2022-05-17 10:03:35+00:00,type/bug|area/navigation,closed,https://github.com/grafana/grafana/issues/48499
48489,"When the unit is percentage (percent(0.0-1.0)), the sorting of Tooltip does not work",2022-04-29 08:38:40+00:00,2022-05-17 14:30:44+00:00,type/bug|area/panel/timeseries|area/tooltip,closed,https://github.com/grafana/grafana/issues/48489
48901,Icons have absolute paths in RuleTypePicker,2022-05-11 13:13:02+00:00,2022-05-18 07:54:25+00:00,type/bug|area/frontend,closed,https://github.com/grafana/grafana/issues/48901
48627,Alerting: Error on loading rules from Loki,2022-05-03 10:50:42+00:00,2022-05-18 08:45:27+00:00,type/bug|area/frontend,closed,https://github.com/grafana/grafana/issues/48627
48724,Difference Percent Unit is overwritten by the global unit,2022-05-04 16:22:57+00:00,2022-05-18 10:22:17+00:00,type/bug|area/panel/timeseries,closed,https://github.com/grafana/grafana/issues/48724
49112,Alerting: Flaky test - TestPrometheusRulesPermissions,2022-05-17 18:30:27+00:00,2022-05-18 15:17:08+00:00,type/bug|area/alerting|area/backend,closed,https://github.com/grafana/grafana/issues/49112
48731,"Alerting: tab doesn't show for anonymous users since 8.5.0, UI errors",2022-05-04 17:56:48+00:00,2022-05-19 13:22:27+00:00,type/bug|prio/critical|effort/small|area/frontend,closed,https://github.com/grafana/grafana/issues/48731
49181,CloudWatch: Accept empty array for variableQuery filters,2022-05-18 16:04:06+00:00,2022-05-19 14:43:27+00:00,type/bug|effort/small|datasource/cloudwatch,closed,https://github.com/grafana/grafana/issues/49181
48905,"Jaeger datasource, the search option on service don't allow for typing values.",2022-05-11 14:21:59+00:00,2022-05-20 09:09:19+00:00,type/bug|datasource/jaeger,closed,https://github.com/grafana/grafana/issues/48905
47979,AzureMonitor: Automatic time grain selection is not correctly set in backend,2022-04-20 15:20:02+00:00,2022-05-20 14:45:55+00:00,type/bug|good first issue|mob-friendly,closed,https://github.com/grafana/grafana/issues/47979
46944,"The PromQueryEditor PromLink is set to ""about:blank"" on page load",2022-03-25 01:27:04+00:00,2022-05-20 15:31:13+00:00,type/bug|prio/low|datasource/prometheus|onboarding|area/query-editor,closed,https://github.com/grafana/grafana/issues/46944
48794,"Can't get metrics for Azure Storage Queue (Queue Message Count, for example)",2022-05-06 00:40:10+00:00,2022-05-20 15:36:43+00:00,type/bug|datasource/azure,closed,https://github.com/grafana/grafana/issues/48794
45048,Notification Channel configuration is not properly saved (version: 8.3.3 30bb7a93ca),2022-02-08 09:03:33+00:00,2022-05-20 15:52:36+00:00,type/bug|area/alerting/notifications|area/alerting-legacy,closed,https://github.com/grafana/grafana/issues/45048
46032,Trace View: Detail panel overlaps other spans,2022-03-01 14:44:37+00:00,2022-05-20 18:24:33+00:00,type/bug|datasource/jaeger|datasource/zipkin|datasource/tempo,closed,https://github.com/grafana/grafana/issues/46032
48965,Jaeger datasource: operations dropdown not getting updates with service change,2022-05-13 13:14:41+00:00,2022-05-22 09:29:26+00:00,type/bug|datasource/jaeger,closed,https://github.com/grafana/grafana/issues/48965
46134,"Panel enable exemplar display no data, error: frame has different field lengths",2022-03-03 01:57:39+00:00,2022-05-23 13:05:57+00:00,type/bug|prio/medium|datasource/prometheus,closed,https://github.com/grafana/grafana/issues/46134
46562,Table Panel : Column filter does not maintain state,2022-03-15 00:27:48+00:00,2022-05-23 13:26:29+00:00,type/bug|area/panel/table,closed,https://github.com/grafana/grafana/issues/46562
49202,Alerting: Viewer with Edit access to a folder cannot edit alerts,2022-05-18 21:29:19+00:00,2022-05-23 13:58:21+00:00,type/bug|prio/critical|area/frontend,closed,https://github.com/grafana/grafana/issues/49202
49426,"AzureMonitor: Do not quote variables when a custom ""All"" variable option is used",2022-05-23 15:53:42+00:00,2022-05-24 09:29:24+00:00,type/bug|effort/small|datasource/azure,closed,https://github.com/grafana/grafana/issues/49426
49456,Datasource Selection is broken in recent releases,2022-05-24 04:34:50+00:00,2022-05-24 11:14:56+00:00,type/bug|prio/high|area/dashboard/templating,closed,https://github.com/grafana/grafana/issues/49456
48907,Minified react error #31 when editing dashboard panel with Google Cloud Monitoring data source,2022-05-11 14:52:46+00:00,2022-05-25 13:05:13+00:00,type/bug|effort/small|datasource/googlecloudmonitoring,closed,https://github.com/grafana/grafana/issues/48907
49564,UX: Menu icon on mobile browsers,2022-05-25 07:32:23+00:00,2022-05-25 15:39:22+00:00,type/bug|type/ux|area/mobile-support|area/navigation,closed,https://github.com/grafana/grafana/issues/49564
47186,Time picker: zoom out on zero-width range does nothing,2022-04-01 10:38:19+00:00,2022-05-26 09:53:31+00:00,type/bug|area/dashboard/timerange,closed,https://github.com/grafana/grafana/issues/47186
49498,"Hide ""Add to Dashboard"" button if the user has no permissions to create dashboards",2022-05-24 13:59:45+00:00,2022-05-26 11:29:19+00:00,type/bug|area/explore,closed,https://github.com/grafana/grafana/issues/49498
49641,AzureMonitor: Query not created correctly when accompanied by Expression,2022-05-25 17:39:03+00:00,2022-05-26 13:53:12+00:00,type/bug|effort/small|datasource/azure,closed,https://github.com/grafana/grafana/issues/49641
47305,Google Chat Alert empty if root_url not absolute,2022-04-05 09:45:54+00:00,2022-05-26 16:23:39+00:00,type/bug|area/alerting/notifications,closed,https://github.com/grafana/grafana/issues/47305
49401,Loki: Metrics query with unwrap is not parsed correctly ,2022-05-23 12:41:59+00:00,2022-05-27 12:00:52+00:00,type/bug|datasource/loki,closed,https://github.com/grafana/grafana/issues/49401
49145,PanelEditor: Table view height does not account for frame selector ,2022-05-18 09:11:22+00:00,2022-05-31 03:29:51+00:00,type/bug|effort/small|area/ux|area/panel/edit,closed,https://github.com/grafana/grafana/issues/49145
48877,AzureMonitor: Store reference to datasource UID in queries,2022-05-10 14:47:44+00:00,2022-05-31 16:27:25+00:00,type/bug|effort/small|datasource/azure,closed,https://github.com/grafana/grafana/issues/48877
47116,Time series panel - legend width,2022-03-31 09:58:08+00:00,2022-05-31 17:48:11+00:00,type/bug|area/panel/timeseries,closed,https://github.com/grafana/grafana/issues/47116
46560,"""Create alert"" button is not disabled until it gets new props",2022-03-14 23:09:14+00:00,2022-06-01 11:03:34+00:00,type/bug|area/alerting|area/frontend,closed,https://github.com/grafana/grafana/issues/46560
49408,Loki: Hitting enter key does no longer execute query when loki line filters have focus ,2022-05-23 13:36:32+00:00,2022-06-01 13:16:19+00:00,type/bug|datasource/loki,closed,https://github.com/grafana/grafana/issues/49408
49796,Dashboard list star icons display on top the panel menu,2022-05-30 09:24:23+00:00,2022-06-01 16:35:16+00:00,type/bug,closed,https://github.com/grafana/grafana/issues/49796
49540,Multi-value template variables are not supported for logGroupNames by Cloudwatch datasource,2022-05-24 20:09:30+00:00,2022-06-01 17:23:31+00:00,type/bug|effort/small|datasource/cloudwatch,closed,https://github.com/grafana/grafana/issues/49540
49122,Explore Loki query editor crash,2022-05-17 21:35:28+00:00,2022-06-02 09:30:47+00:00,type/bug|area/explore|datasource/loki,closed,https://github.com/grafana/grafana/issues/49122
49867,Mixed datasource UI does not work in 9x,2022-05-31 03:50:32+00:00,2022-06-02 11:34:05+00:00,type/bug,closed,https://github.com/grafana/grafana/issues/49867
50027,"Notification policy ""Override grouping"" switch does not prevent saving selected groupBy",2022-06-01 16:11:27+00:00,2022-06-02 11:45:21+00:00,type/bug|area/frontend,closed,https://github.com/grafana/grafana/issues/50027
49388,Default number formatter rounds numbers down to 3 significant digits,2022-05-23 09:34:18+00:00,2022-06-03 08:40:17+00:00,type/bug,closed,https://github.com/grafana/grafana/issues/49388
48094,alert query panel is switched to timeseries panel after changing query order,2022-04-22 07:58:15+00:00,2022-06-03 10:07:33+00:00,type/bug|area/frontend,closed,https://github.com/grafana/grafana/issues/48094
48637,Grafana gitlab oauth : GF_AUTH_GITLAB_ROLE_ATTRIBUTE_PATH not recognized (bug ?),2022-05-03 14:06:31+00:00,2022-06-03 11:07:40+00:00,type/bug|area/auth/oauth,closed,https://github.com/grafana/grafana/issues/48637
49483,Alerting: alert list panel cannot clear selected folder filter,2022-05-24 11:48:09+00:00,2022-06-03 13:43:30+00:00,type/bug|area/frontend,closed,https://github.com/grafana/grafana/issues/49483
48450,Log volume legend-buttons do not filter the logs,2022-04-28 15:29:15+00:00,2022-06-07 12:28:32+00:00,type/bug|prio/high|area/explore|datasource/loki|area/logs,closed,https://github.com/grafana/grafana/issues/48450
48018,View Linked Span link re-opens source trace ,2022-04-21 01:22:24+00:00,2022-06-07 13:21:02+00:00,type/bug,closed,https://github.com/grafana/grafana/issues/48018
44394,"Azure Monitor Data Source: Selecting a variable in one field, resets the variables in other fields",2022-01-24 17:37:04+00:00,2022-06-07 15:05:41+00:00,type/bug|effort/small|datasource/azure,closed,https://github.com/grafana/grafana/issues/44394
49855,Alerting: Database not available will cause rule evaluation to be stopped,2022-05-30 16:52:50+00:00,2022-06-07 15:20:06+00:00,type/bug|prio/critical|effort/none|area/alerting/evaluation,closed,https://github.com/grafana/grafana/issues/49855
50328,Config: [unified_alerting.screenshots] enabled overrides [unified_alerting] enabled.,2022-06-07 14:26:44+00:00,2022-06-08 03:04:52+00:00,type/bug|area/backend/config|area/configuration,closed,https://github.com/grafana/grafana/issues/50328
49037,Dashboard: Screen jumps to last edited panel on zoom,2022-05-16 22:32:43+00:00,2022-06-08 08:34:45+00:00,type/bug|area/dashboard,closed,https://github.com/grafana/grafana/issues/49037
49941,Folder Management: Deleting a folder doesn't immediately remove it from the UI,2022-05-31 15:24:34+00:00,2022-06-08 09:28:02+00:00,type/bug|area/navigation,closed,https://github.com/grafana/grafana/issues/49941
49940,Folder Management: Newly created folder doesn't show in `Browse` list,2022-05-31 15:21:37+00:00,2022-06-08 09:28:13+00:00,type/bug|area/navigation,closed,https://github.com/grafana/grafana/issues/49940
49423,Starred items: keyboard navigation doesn't scroll menu correctly,2022-05-23 15:29:45+00:00,2022-06-09 08:07:15+00:00,type/bug|area/navigation,closed,https://github.com/grafana/grafana/issues/49423
48760,Loki: Variable interpolation doesn’t work for POST method ,2022-05-05 12:46:08+00:00,2022-06-09 14:38:48+00:00,type/bug|needs more info|datasource/loki|bot/no new info,closed,https://github.com/grafana/grafana/issues/48760
48274,Geomap panel only shows the first query,2022-04-26 13:50:13+00:00,2022-06-09 15:54:57+00:00,type/bug|area/panel/geomap,closed,https://github.com/grafana/grafana/issues/48274
50363,Grafana UI: V9 beta packages cause plugin tests to fail,2022-06-07 20:46:19+00:00,2022-06-10 08:37:40+00:00,type/bug|area/plugins|area/frontend|area/grafana/ui,closed,https://github.com/grafana/grafana/issues/50363
50606,Prometheus: Instant queries are always returned in Table format,2022-06-10 13:05:33+00:00,2022-06-10 14:28:10+00:00,type/bug|datasource/prometheus,closed,https://github.com/grafana/grafana/issues/50606
50268,Loki 'Show Context' doesn't align to the 'previous' log lines correctly,2022-06-06 18:27:54+00:00,2022-06-11 19:33:13+00:00,type/bug|prio/medium|datasource/loki,closed,https://github.com/grafana/grafana/issues/50268
47039,LogQL from Log Browser not masking regular expressions,2022-03-30 05:57:06+00:00,2022-06-13 10:12:58+00:00,type/bug|needs investigation|area/explore|datasource/loki,closed,https://github.com/grafana/grafana/issues/47039
50617,Explore: Loki Query builder has duplicate values in dropdown,2022-06-10 14:19:09+00:00,2022-06-13 13:19:20+00:00,type/bug|prio/medium|area/frontend|area/logs,closed,https://github.com/grafana/grafana/issues/50617
45924,In some conditions a dashboard including a library panel cannot be saved,2022-02-25 15:30:31+00:00,2022-06-13 13:26:18+00:00,type/bug|area/frontend/library-panels,closed,https://github.com/grafana/grafana/issues/45924
50189,Dashboard List Library panels cause unexpected error in Grafana 8.4.5,2022-06-03 17:30:40+00:00,2022-06-13 15:43:43+00:00,type/bug|area/frontend/library-panels,closed,https://github.com/grafana/grafana/issues/50189
50237,Search: duplicate results,2022-06-06 09:52:42+00:00,2022-06-14 07:28:55+00:00,type/bug|area/search,closed,https://github.com/grafana/grafana/issues/50237
50534,"DashboardHistory: selecting one version on the history page, selects all rows",2022-06-09 15:45:05+00:00,2022-06-14 13:12:00+00:00,type/bug|area/dashboard|area/dashboard/history,closed,https://github.com/grafana/grafana/issues/50534
50672,Formatting: 0 always shows as lowest prefix in units with SI prefixes,2022-06-13 11:24:35+00:00,2022-06-14 15:05:59+00:00,type/bug|area/frontend,closed,https://github.com/grafana/grafana/issues/50672
46874,"ManageDashboards: ""All items"" checked gets into a inconsistent state unchecking a child",2022-03-23 11:34:51+00:00,2022-06-15 08:18:14+00:00,type/bug|area/dashboard|mob-friendly,closed,https://github.com/grafana/grafana/issues/46874
50160,Cannot delete the last notification policy when its empty,2022-06-03 12:48:01+00:00,2022-06-15 08:59:38+00:00,type/bug|area/frontend,closed,https://github.com/grafana/grafana/issues/50160
46498,Cannot save single dashboard link,2022-03-12 02:28:14+00:00,2022-06-15 09:28:43+00:00,type/bug|area/dashboard|good first issue,closed,https://github.com/grafana/grafana/issues/46498
50644,Styles: angular panel options do not line up,2022-06-11 15:17:40+00:00,2022-06-15 10:41:34+00:00,type/bug|effort/small|help wanted|area/ux,closed,https://github.com/grafana/grafana/issues/50644
50869,OpenTelemetry handler returned an error,2022-06-15 11:35:53+00:00,2022-06-15 12:16:23+00:00,type/bug|area/backend|area/tracing,closed,https://github.com/grafana/grafana/issues/50869
50841,Grafana 9.0.0: Error updating options: Unexpected token G in JSON at position 0,2022-06-15 05:57:19+00:00,2022-06-16 08:49:26+00:00,type/bug|datasource/prometheus|area/backend,closed,https://github.com/grafana/grafana/issues/50841
50938,First sign in change admin password error shows wrong error message ,2022-06-16 11:18:27+00:00,2022-06-16 14:30:33+00:00,type/bug|area/auth,closed,https://github.com/grafana/grafana/issues/50938
50927,v9 Text Panel & HTML (from SQL) in Variable,2022-06-16 09:06:25+00:00,2022-06-16 16:04:39+00:00,type/bug|datasource/mssql|area/panel/text,closed,https://github.com/grafana/grafana/issues/50927
50939,Loki: Grafana 9.0.0 strips path prefix from url,2022-06-16 11:19:26+00:00,2022-06-17 05:47:31+00:00,type/bug|datasource/loki,closed,https://github.com/grafana/grafana/issues/50939
48304,Save dashboard appears without made changes,2022-04-26 19:05:38+00:00,2022-06-17 06:58:54+00:00,type/bug|area/dashboard,closed,https://github.com/grafana/grafana/issues/48304
50842,"9.0 log panels, line spacing increased a lot",2022-06-15 06:12:57+00:00,2022-06-17 07:48:00+00:00,type/bug|type/ux|prio/medium|area/panel/logs,closed,https://github.com/grafana/grafana/issues/50842
50947,CloudWatch: Hidden queries with ID specified are no longer being executed,2022-06-16 12:28:29+00:00,2022-06-17 08:24:38+00:00,type/bug|datasource/cloudwatch,closed,https://github.com/grafana/grafana/issues/50947
50177,User with viewer role shouldn't see Create playlist button,2022-06-03 15:29:30+00:00,2022-06-17 11:59:33+00:00,type/bug|effort/small|area/playlist|good first issue,closed,https://github.com/grafana/grafana/issues/50177
50968,Weak password enforcement not applied on password reset,2022-06-16 15:50:28+00:00,2022-06-20 07:16:42+00:00,type/bug|area/auth|area/backend,closed,https://github.com/grafana/grafana/issues/50968
51069,Migration from 8.5.2 to 9.0.0 failed ,2022-06-18 14:52:40+00:00,2022-06-20 13:11:11+00:00,type/bug|prio/high|area/backend/security|area/backend|area/backend/db/migration,closed,https://github.com/grafana/grafana/issues/51069
49782,"Alerting: Allow filtering prometheus-type alert instances by ""Firing"" state",2022-05-30 07:26:45+00:00,2022-06-20 13:37:05+00:00,type/bug|area/alerting|area/frontend,closed,https://github.com/grafana/grafana/issues/49782
50890,Alerting: page crashes when viewing an alert rule on play.grafana.org,2022-06-15 15:31:52+00:00,2022-06-20 13:37:22+00:00,type/bug|area/alerting|area/frontend,closed,https://github.com/grafana/grafana/issues/50890
50888,Alerting: broken docs link in legacy alerting message,2022-06-15 15:21:10+00:00,2022-06-21 11:23:40+00:00,type/bug|type/docs|area/alerting|area/alerting-legacy,closed,https://github.com/grafana/grafana/issues/50888
50419,Template Variable: Unable to use Datasource variable when MIXED option is selected in panel query,2022-06-08 12:27:24+00:00,2022-06-21 14:46:53+00:00,type/bug|area/dashboard/templating|prio/medium|area/mobile-support|area/frontend|mob-friendly,closed,https://github.com/grafana/grafana/issues/50419
51187,Bar chart throw exception when rendering frames with zero series,2022-06-21 16:35:55+00:00,2022-06-21 22:45:38+00:00,type/bug|area/panel/barchart,closed,https://github.com/grafana/grafana/issues/51187
50928,Grafana 9.0.0: autocomplete annotation tags,2022-06-16 09:13:27+00:00,2022-06-22 13:54:43+00:00,type/bug|prio/high|area/annotations,closed,https://github.com/grafana/grafana/issues/50928
51112,Unified alerting: Grafana 9.0.0 migration failed,2022-06-20 11:46:33+00:00,2022-06-22 16:39:17+00:00,type/bug|area/alerting|area/backend|needs investigation|area/backend/db/migration,closed,https://github.com/grafana/grafana/issues/51112
51252,"Annotations(In-Built): Annotation editor contain unnecessary ""mapping section""",2022-06-22 14:29:39+00:00,2022-06-22 20:05:16+00:00,type/bug|area/annotations,closed,https://github.com/grafana/grafana/issues/51252
48230,Canvas: Center constraint movable glitch,2022-04-25 22:57:03+00:00,2022-06-23 03:30:25+00:00,type/bug|area/panel/canvas,closed,https://github.com/grafana/grafana/issues/48230
49568,Editor Permissions granted by Teams don't work in Alerts ,2022-05-25 08:47:44+00:00,2022-06-23 16:17:16+00:00,type/bug|area/alerting|area/frontend,closed,https://github.com/grafana/grafana/issues/49568
51094,Cloudwatch variable editor crashes when migrating variable query (v9 issue),2022-06-20 07:45:02+00:00,2022-06-23 18:23:56+00:00,type/bug|effort/small|prio/high|datasource/cloudwatch|needs investigation,closed,https://github.com/grafana/grafana/issues/51094
50246,AzureMonitor: Show warning for partial results for Logs,2022-06-06 11:58:25+00:00,2022-06-24 06:56:58+00:00,type/bug|datasource/azure,closed,https://github.com/grafana/grafana/issues/50246
47701,Loki: Ad-hoc filter is inadvertently added between the regex parser/line_format curly braces.,2022-04-13 13:11:56+00:00,2022-06-24 20:29:22+00:00,type/bug|prio/medium|datasource/loki,closed,https://github.com/grafana/grafana/issues/47701
51307,Dashboard: Repeated panels causes unsaved changes popup to always appear,2022-06-23 10:13:23+00:00,2022-06-27 11:31:00+00:00,type/bug|area/dashboard,closed,https://github.com/grafana/grafana/issues/51307
46290,Series hidden from `viz` still displays its axis when Scale is Linear,2022-03-07 12:28:10+00:00,2022-06-27 12:17:46+00:00,type/bug|area/panel/timeseries,closed,https://github.com/grafana/grafana/issues/46290
49756,Tooltip Sort Broken Time Series Chart v8.4.7+ on Windows,2022-05-27 16:37:46+00:00,2022-06-27 14:11:39+00:00,type/bug|datasource/prometheus|needs investigation|area/panel/timeseries,closed,https://github.com/grafana/grafana/issues/49756
46347,Alerting: Don't allow users to create alert rules against frontend-only datasources,2022-03-09 08:06:22+00:00,2022-06-28 08:05:53+00:00,type/bug|needs more info|area/alerting|area/frontend,closed,https://github.com/grafana/grafana/issues/46347
50786,API: Failing test when it runs alone,2022-06-14 13:20:05+00:00,2022-06-28 08:09:25+00:00,type/bug|help wanted|area/backend/api|beginner friendly,closed,https://github.com/grafana/grafana/issues/50786
51356,Alerting: Optimistic locking in the Alertmanager config table causes write lock contention in sqlite,2022-06-23 23:16:29+00:00,2022-06-28 08:31:41+00:00,type/bug|prio/critical|area/alerting|area/backend,closed,https://github.com/grafana/grafana/issues/51356
50424,Template Variables: Variables are not refreshed when they have the same text label,2022-06-08 13:03:36+00:00,2022-06-29 08:10:55+00:00,type/bug|area/dashboard/templating|prio/medium|area/frontend|mob-friendly,closed,https://github.com/grafana/grafana/issues/50424
49759,Variables: variables in Markdown links are not expanded in the text panel,2022-05-27 17:30:58+00:00,2022-06-29 12:26:32+00:00,type/bug|area/panel/text,closed,https://github.com/grafana/grafana/issues/49759
49163,LibraryPanels: Library Panels with orphaned connections cannot be deleted,2022-05-18 12:57:44+00:00,2022-06-29 12:56:40+00:00,type/bug|area/frontend/library-panels,closed,https://github.com/grafana/grafana/issues/49163
49774,Cannot delete library panel,2022-05-29 11:38:50+00:00,2022-06-29 12:56:41+00:00,type/bug|area/frontend/library-panels,closed,https://github.com/grafana/grafana/issues/49774
51313,Prometheus datasource: query_result([prometheus scalar]) is broken,2022-06-23 10:55:01+00:00,2022-06-29 14:43:33+00:00,type/bug|datasource/prometheus,closed,https://github.com/grafana/grafana/issues/51313
51565,Canvas: Selecto triggers selection box when selecting element from LayerEditor,2022-06-29 14:56:04+00:00,2022-06-29 17:19:49+00:00,type/bug|area/panel/canvas,closed,https://github.com/grafana/grafana/issues/51565
51171,Annotations: can't apply custom tags to built-in annotations,2022-06-21 13:30:17+00:00,2022-06-29 17:37:50+00:00,type/bug|type/regression,closed,https://github.com/grafana/grafana/issues/51171
48938,Loki Datasource doesn't use the correct API path for fetching buildInfo or alert rules.,2022-05-12 13:12:08+00:00,2022-06-30 06:43:49+00:00,type/bug|area/alerting|area/frontend,closed,https://github.com/grafana/grafana/issues/48938
48087,cannot hover to bring up annotation window when zoomed out on short duration annotations in time-series panel,2022-04-21 21:25:31+00:00,2022-06-30 09:08:22+00:00,type/bug|area/annotations|area/panel/timeseries,closed,https://github.com/grafana/grafana/issues/48087
45977,elastic search: usage statistics broken,2022-02-28 16:11:36+00:00,2022-07-04 09:08:01+00:00,type/bug|datasource/elasticsearch|prio/medium,closed,https://github.com/grafana/grafana/issues/45977
51369,Collapsing previously expanded rows with keyboard shortcut prevents moving rows,2022-06-24 10:05:53+00:00,2022-07-04 10:32:21+00:00,type/bug|area/dashboard,closed,https://github.com/grafana/grafana/issues/51369
51542,Saving a dashboard panel removes the dashboard refresh interval (9.0.x),2022-06-29 11:04:06+00:00,2022-07-05 09:25:08+00:00,type/bug|area/dashboard,closed,https://github.com/grafana/grafana/issues/51542
50354,`${__to:date:Z}` / `${__from:date:Z}` does not align with dashboard timezone,2022-06-07 16:28:08+00:00,2022-07-05 09:53:05+00:00,type/bug|effort/small|area/dashboard/templating|prio/medium|mob-friendly,closed,https://github.com/grafana/grafana/issues/50354
49575,can not query azure resource graph,2022-05-25 10:10:00+00:00,2022-07-05 16:15:08+00:00,type/bug|effort/small|datasource/azure,closed,https://github.com/grafana/grafana/issues/49575
48881,grafana-server service does not start with systemd-219-67 and later,2022-05-10 16:15:10+00:00,2022-07-05 21:12:04+00:00,type/bug|area/backend|needs investigation|pr/external,closed,https://github.com/grafana/grafana/issues/48881
50153,fiscal year selection does not update legend data,2022-06-03 10:36:52+00:00,2022-07-06 06:27:10+00:00,type/bug,closed,https://github.com/grafana/grafana/issues/50153
51675,"Bar Chart: ""soft minimum"" can't be removed: Setting axis ""minimum"" to negative does not take effect*",2022-07-02 12:50:20+00:00,2022-07-06 12:47:49+00:00,type/bug|area/panel/barchart,closed,https://github.com/grafana/grafana/issues/51675
51657,Loki: Error when changing from `unwrap` to `binary operation`,2022-06-30 21:39:29+00:00,2022-07-06 14:52:59+00:00,type/bug|needs investigation|datasource/loki,closed,https://github.com/grafana/grafana/issues/51657
49527,SLES15 can't build grafana > 8.5.0.x due to build hanging (possible root cause),2022-05-24 16:52:29+00:00,2022-07-07 02:15:57+00:00,type/bug|area/plugins|stale,closed,https://github.com/grafana/grafana/issues/49527
51198,Broken link for supported namespaces in Azure Monitor data source docs,2022-06-21 18:03:40+00:00,2022-07-07 07:58:01+00:00,type/bug|effort/small|type/docs,closed,https://github.com/grafana/grafana/issues/51198
51893,TimeSeries: Stacking makes single series graph disappear ,2022-07-07 11:57:36+00:00,2022-07-07 14:25:52+00:00,type/bug|prio/support-subscription|area/panel/timeseries|prio/customer-support,closed,https://github.com/grafana/grafana/issues/51893
50394,Enabling pagination in a table panel makes horizontal scrollbar disappear,2022-06-08 09:56:08+00:00,2022-07-08 10:28:41+00:00,type/bug|area/panel/table,closed,https://github.com/grafana/grafana/issues/50394
51204,TimeSeries: stacked bar series with mixed-interval line series results in wrong clipping,2022-06-21 18:54:52+00:00,2022-07-08 13:45:16+00:00,type/bug|area/panel/timeseries,closed,https://github.com/grafana/grafana/issues/51204
51969,Table panel: Long value overlaps columns when data links are applied,2022-07-08 13:02:35+00:00,2022-07-08 14:26:29+00:00,type/bug|area/panel/table,closed,https://github.com/grafana/grafana/issues/51969
50736,Alerting: Impossible to create token-based Slack bots due to incorrect form validation,2022-06-13 22:00:28+00:00,2022-07-08 16:28:18+00:00,type/bug|area/alerting|good first issue,closed,https://github.com/grafana/grafana/issues/50736
51983,Geomap: refresh data when template variables change,2022-07-08 15:15:48+00:00,2022-07-08 22:46:02+00:00,type/bug|area/panel/geomap,closed,https://github.com/grafana/grafana/issues/51983
51037,TimePicker: The tooltip is always shown after selecting a quick time range. requiring a click to hide ,2022-06-17 13:05:16+00:00,2022-07-11 12:13:19+00:00,type/bug|type/ux|area/dashboard/timerange|help wanted|prio/medium,closed,https://github.com/grafana/grafana/issues/51037
51780,Loki: changing an operation to `Binary operation with query` does nothing,2022-07-06 08:05:50+00:00,2022-07-11 12:24:49+00:00,type/bug|datasource/loki,closed,https://github.com/grafana/grafana/issues/51780
51966,BarChart: Value mappings are not always applied,2022-07-08 12:12:51+00:00,2022-07-11 23:02:10+00:00,type/bug|area/panel/barchart,closed,https://github.com/grafana/grafana/issues/51966
51273,LDAP: Commented org_role Causes LDAP To Fail,2022-06-22 17:27:41+00:00,2022-07-12 14:04:30+00:00,type/bug|area/auth/ldap,closed,https://github.com/grafana/grafana/issues/51273
51877,Tag: Recently changed component styling creates styling issues in Grafana,2022-07-07 08:33:36+00:00,2022-07-12 16:46:52+00:00,type/bug|type/ux|area/grafana/ui,closed,https://github.com/grafana/grafana/issues/51877
48398,"""Show this field"" does not honor ""Wrap lines"" option in Explore",2022-04-28 08:19:34+00:00,2022-07-13 07:25:00+00:00,type/bug|prio/low|area/explore|area/logs,closed,https://github.com/grafana/grafana/issues/48398
51683,Alerting holds a lock while doing network I/O,2022-07-04 04:46:40+00:00,2022-07-13 07:44:12+00:00,type/bug|effort/small|area/alerting|prio/low|area/backend,closed,https://github.com/grafana/grafana/issues/51683
51658,NavBar: activeItem doesn't work properly if Grafana is served from subpath,2022-06-30 21:58:31+00:00,2022-07-13 14:33:26+00:00,type/bug|effort/small|prio/high|help wanted|good first issue,closed,https://github.com/grafana/grafana/issues/51658
52116,Canvas: Streaming data prevents dragging elements,2022-07-12 18:46:59+00:00,2022-07-13 15:44:43+00:00,type/bug|area/panel/canvas,closed,https://github.com/grafana/grafana/issues/52116
52125,Alerting: Provisioning API does not respect rule quota in Grafana config,2022-07-12 22:14:20+00:00,2022-07-13 22:36:17+00:00,type/bug|area/alerting,closed,https://github.com/grafana/grafana/issues/52125
50530,AzureMonitor: Curated dashboard queries failing,2022-06-09 15:00:30+00:00,2022-07-14 08:28:45+00:00,type/bug|effort/small|datasource/azure,closed,https://github.com/grafana/grafana/issues/50530
50855,Panels disappears when setting row collapsed = false in JSON Module,2022-06-15 09:25:43+00:00,2022-07-14 09:08:02+00:00,type/bug|area/dashboard,closed,https://github.com/grafana/grafana/issues/50855
51610,Preferences : Home Dashboard not working anymore for Teams,2022-06-30 05:52:25+00:00,2022-07-14 12:20:12+00:00,type/bug|area/backend,closed,https://github.com/grafana/grafana/issues/51610
50397,"Azure Monitor datasource isnt working error ""Azure Log Analytics requires access to Azure Monitor but had the following error: InternalServerError""",2022-06-08 10:25:55+00:00,2022-07-15 09:46:31+00:00,type/bug|effort/small|datasource/azure,closed,https://github.com/grafana/grafana/issues/50397
52105,Loki: Empty line-filters will highlight other words,2022-07-12 13:35:02+00:00,2022-07-15 12:26:16+00:00,type/bug|prio/low|datasource/loki|area/panel/logs,closed,https://github.com/grafana/grafana/issues/52105
47037,Alert email does not show details,2022-03-30 05:08:33+00:00,2022-07-15 16:23:41+00:00,type/bug|area/alerting|area/alerting/notifications,closed,https://github.com/grafana/grafana/issues/47037
51990,Canvas: Unable to move selected element when overlapping element exists,2022-07-08 18:01:42+00:00,2022-07-15 22:03:04+00:00,type/bug|area/frontend|area/panel/canvas,closed,https://github.com/grafana/grafana/issues/51990
51506,Playlist prompting for Save the changes,2022-06-28 14:46:33+00:00,2022-07-18 12:48:00+00:00,type/bug|prio/high|area/playlist,closed,https://github.com/grafana/grafana/issues/51506
51355,Datasource variable using stale value,2022-06-23 22:11:38+00:00,2022-07-19 06:48:55+00:00,type/bug|area/dashboard/templating,closed,https://github.com/grafana/grafana/issues/51355
52339,Loki: Label filter with number value changes to string in query builder,2022-07-15 15:04:14+00:00,2022-07-19 12:21:24+00:00,type/bug|prio/high|datasource/loki,closed,https://github.com/grafana/grafana/issues/52339
49256,Alerting: Grafana alertmanager's email notifier eats newlines in templates,2022-05-19 15:13:00+00:00,2022-07-20 01:34:24+00:00,type/bug|area/alerting|area/frontend|good first issue,closed,https://github.com/grafana/grafana/issues/49256
52434,Grafana 9.0.3 Admin can not remove User's organizations,2022-07-19 07:37:49+00:00,2022-07-20 09:18:42+00:00,type/bug,closed,https://github.com/grafana/grafana/issues/52434
52356,Canvas: Selection box offset from cursor,2022-07-15 19:02:25+00:00,2022-07-20 11:28:02+00:00,type/bug|area/panel/canvas,closed,https://github.com/grafana/grafana/issues/52356
52308,`TableCellProps.onCellFilterAdded` is missing `undefined` type ,2022-07-15 08:05:30+00:00,2022-07-20 12:26:05+00:00,type/bug,closed,https://github.com/grafana/grafana/issues/52308
52508,Grafana pattern and json parser detected labels are not detected by transform functions,2022-07-20 07:32:07+00:00,2022-07-20 12:49:51+00:00,type/bug|datasource/loki,closed,https://github.com/grafana/grafana/issues/52508
50148,UI: Dashboard settings button not present on dashboard view with viewer role and user_can_edit = true,2022-06-03 09:41:00+00:00,2022-07-20 13:53:36+00:00,type/bug|prio/high|area/dashboard,closed,https://github.com/grafana/grafana/issues/50148
52018,Show context empty after refresh,2022-07-11 07:04:48+00:00,2022-07-21 08:14:29+00:00,type/bug|datasource/loki|area/panel/logs,closed,https://github.com/grafana/grafana/issues/52018
52195,Timestamp fields in variables returned as epoch ,2022-07-14 06:11:06+00:00,2022-07-21 13:28:54+00:00,type/bug|area/dashboard/templating|datasource/postgres,closed,https://github.com/grafana/grafana/issues/52195
51830,"""Edit Folder"" and ""Edit Permission"" in AlertRulesGroup ignores Grafana being hosted under relative subpath",2022-07-06 16:14:48+00:00,2022-07-22 09:20:30+00:00,type/bug|area/alerting|area/frontend,closed,https://github.com/grafana/grafana/issues/51830
52082,Azure Monitor: Selection lost when using Microsoft.Storage/storageAccounts/* metric namespace,2022-07-12 09:41:00+00:00,2022-07-22 10:42:13+00:00,type/bug|effort/none|datasource/azure,closed,https://github.com/grafana/grafana/issues/52082
47155,Unified Alerting: nil dereference in AlertManager when creating silence as anonymous,2022-03-31 16:00:10+00:00,2022-07-22 16:17:42+00:00,type/bug|needs more info|area/alerting,closed,https://github.com/grafana/grafana/issues/47155
47296,"Alert error - ""could not find datasource: database is locked""",2022-04-05 04:29:36+00:00,2022-07-22 16:22:49+00:00,type/bug|datasource/influxdb|area/alerting,closed,https://github.com/grafana/grafana/issues/47296
47671,UnifiedAlerting: Email cert issue can cause Grafana to crash,2022-04-13 03:04:02+00:00,2022-07-22 16:41:05+00:00,type/bug|area/alerting,closed,https://github.com/grafana/grafana/issues/47671
51464,Folder 'Editor' permissions don't match description in docs,2022-06-27 19:39:07+00:00,2022-07-26 07:07:39+00:00,type/bug,closed,https://github.com/grafana/grafana/issues/51464
50628,Anonymous user with editor role is missing dashboard controls,2022-06-10 15:35:48+00:00,2022-07-26 07:21:47+00:00,type/bug,closed,https://github.com/grafana/grafana/issues/50628
51953,Custom fonts for plugins doesn't work after v9,2022-07-08 07:59:27+00:00,2022-07-26 08:36:19+00:00,type/bug|area/plugins|onboarding|area/grafana/toolkit,closed,https://github.com/grafana/grafana/issues/51953
51846,"Loki Datasource streaming: Dropping labels, used in `=~` filter",2022-07-06 19:39:49+00:00,2022-07-26 11:24:45+00:00,type/bug|needs more info|datasource/loki|bot/no new info|area/logs|component/logql,closed,https://github.com/grafana/grafana/issues/51846
51555,"Annotations being added that cause ""Unknown alert state"" and blanking of graph",2022-06-29 13:10:42+00:00,2022-07-26 15:26:03+00:00,type/bug|area/annotations|area/alerting|area/backend,closed,https://github.com/grafana/grafana/issues/51555
52729,Show context not working,2022-07-25 13:22:01+00:00,2022-07-27 06:27:26+00:00,type/bug|needs more info|datasource/loki,closed,https://github.com/grafana/grafana/issues/52729
52719,ValueMapping: Special dropdown is not working,2022-07-25 11:36:18+00:00,2022-07-27 08:18:17+00:00,type/bug|area/value-mapping,closed,https://github.com/grafana/grafana/issues/52719
51631,Search: `error loading stored fields` backend error,2022-06-30 11:30:44+00:00,2022-07-27 08:47:45+00:00,type/bug|area/search|area/backend,closed,https://github.com/grafana/grafana/issues/51631
52757,CloudWatch: Panel should display query by default,2022-07-25 19:13:55+00:00,2022-07-27 12:46:00+00:00,type/bug|effort/small|datasource/cloudwatch,closed,https://github.com/grafana/grafana/issues/52757
52360,"Cloudwatch metrics with IDs do not respect ""hide"" button in query builder",2022-07-15 21:47:32+00:00,2022-07-27 12:46:01+00:00,type/bug|datasource/cloudwatch,closed,https://github.com/grafana/grafana/issues/52360
52847,Canvas: Multi-selection of elements in tree view bug,2022-07-26 23:35:56+00:00,2022-07-27 15:20:49+00:00,type/bug|area/panel/canvas,closed,https://github.com/grafana/grafana/issues/52847
52923,Custom fonts and images for plugins doesn't work after v9,2022-07-28 08:02:37+00:00,2022-07-28 12:54:30+00:00,type/bug|area/plugins,closed,https://github.com/grafana/grafana/issues/52923
51477,"Using query builder model. when the number of metrics is too large, the page freezes",2022-06-28 08:02:10+00:00,2022-07-28 13:42:48+00:00,type/bug|prio/high|datasource/prometheus,closed,https://github.com/grafana/grafana/issues/51477
52821,Canvas: Inline editor edit element name bug,2022-07-26 14:40:22+00:00,2022-07-28 14:51:11+00:00,type/bug|area/panel/canvas,closed,https://github.com/grafana/grafana/issues/52821
52914,barchart: when labels are rotated 90 degrees the top of the y-axis is truncated,2022-07-28 00:21:35+00:00,2022-07-28 21:51:38+00:00,type/bug|area/panel/barchart,closed,https://github.com/grafana/grafana/issues/52914
52491,"Cannot set ""for 0"" for existing alert",2022-07-19 22:19:12+00:00,2022-07-29 09:45:47+00:00,type/bug|prio/high|area/alerting,closed,https://github.com/grafana/grafana/issues/52491
52940,BarChart panel tooltip mode is not taken into consideration,2022-07-28 13:09:24+00:00,2022-07-29 12:11:44+00:00,type/bug|area/panel/barchart,closed,https://github.com/grafana/grafana/issues/52940
51628,Query Builder throws away values when switching from `=~` to `!~`. ,2022-06-30 11:06:09+00:00,2022-07-29 13:27:20+00:00,type/bug|prio/medium|datasource/prometheus|datasource/loki,closed,https://github.com/grafana/grafana/issues/51628
51636,Search: pagination is still broken,2022-06-30 12:44:25+00:00,2022-08-01 06:24:05+00:00,type/bug|area/search|area/frontend,closed,https://github.com/grafana/grafana/issues/51636
52370,"Yellow ""unauthorized"" on snapshot when accessing as guest",2022-07-17 22:56:52+00:00,2022-08-01 11:18:08+00:00,type/bug|needs more info|area/dashboard/snapshot|needs investigation|bot/no new info,closed,https://github.com/grafana/grafana/issues/52370
52976,Dashboard import results in redux recursion error,2022-07-29 09:22:43+00:00,2022-08-01 11:53:32+00:00,type/bug|area/dashboard/import,closed,https://github.com/grafana/grafana/issues/52976
46510,"Dashboard freeze ""infinitely"" when template variable selected, when time range change or dashboard refreshed",2022-03-13 14:40:24+00:00,2022-08-01 12:14:10+00:00,type/bug|area/dashboard/templating|type/performance,closed,https://github.com/grafana/grafana/issues/46510
52753,`TypeError: Cannot read properties of undefined...` error with different graph types ,2022-07-25 17:39:09+00:00,2022-08-01 12:53:10+00:00,type/bug|effort/small|datasource/googlecloudmonitoring,closed,https://github.com/grafana/grafana/issues/52753
53030,Loki Query Builder failed to convert the Line filter Loki Query Code,2022-08-01 10:39:12+00:00,2022-08-01 13:41:15+00:00,type/bug|datasource/loki,closed,https://github.com/grafana/grafana/issues/53030
52875,TimeSeriesPanel tooltip won't work after setting mode hidden,2022-07-27 12:58:24+00:00,2022-08-01 15:12:41+00:00,type/bug|area/panel/timeseries,closed,https://github.com/grafana/grafana/issues/52875
52892,[Cloudwatch] Cannot create template variable query based on `CloudWatchSynthetics` namespace,2022-07-27 15:32:58+00:00,2022-08-01 15:31:08+00:00,type/bug|area/dashboard/templating|datasource/cloudwatch,closed,https://github.com/grafana/grafana/issues/52892
52945,Canvas: Text element clear fixed text button is off,2022-07-28 14:55:45+00:00,2022-08-01 19:40:03+00:00,type/bug|area/panel/canvas,closed,https://github.com/grafana/grafana/issues/52945
52946,Canvas: Properly initialize default colors,2022-07-28 15:00:57+00:00,2022-08-01 20:34:06+00:00,type/bug|area/frontend|area/panel/canvas,closed,https://github.com/grafana/grafana/issues/52946
53064,Alerting: MySQL integration tests take 13.7 minutes on ngalert/store package,2022-08-01 17:18:49+00:00,2022-08-01 21:48:36+00:00,type/bug|area/alerting|area/backend|area/backend/db/mysql,closed,https://github.com/grafana/grafana/issues/53064
53079,Canvas: Unable to add fixed text in textbox element,2022-08-02 00:03:36+00:00,2022-08-02 01:32:42+00:00,type/bug|area/panel/canvas,closed,https://github.com/grafana/grafana/issues/53079
47001,auth.ldap: sync_cron is not standard UNIX cron format,2022-03-29 07:43:18+00:00,2022-08-02 09:08:37+00:00,type/bug|area/auth/ldap,closed,https://github.com/grafana/grafana/issues/47001
44605,Autorefresh causes a full reload on Panels and loses the selected filters,2022-01-28 16:55:01+00:00,2022-08-02 10:26:06+00:00,type/bug|area/dashboard/templating|area/templating/repeating,closed,https://github.com/grafana/grafana/issues/44605
53008,Canvas: Unable to clear background image,2022-07-29 18:56:21+00:00,2022-08-02 21:18:37+00:00,type/bug|area/panel/canvas,closed,https://github.com/grafana/grafana/issues/53008
53212,'folder:current' query no longer works in Grafana 9,2022-08-03 11:54:05+00:00,2022-08-03 16:06:07+00:00,type/bug|area/manage-dashboards,closed,https://github.com/grafana/grafana/issues/53212
52951,Canvas: Selected element background/border connected to the Layer background/border,2022-07-28 15:23:24+00:00,2022-08-03 19:49:37+00:00,type/bug|area/frontend|area/panel/canvas,closed,https://github.com/grafana/grafana/issues/52951
52948,Canvas: Inconsistent border behavior,2022-07-28 15:11:41+00:00,2022-08-03 21:23:09+00:00,type/bug|area/frontend|area/panel/canvas,closed,https://github.com/grafana/grafana/issues/52948
53200,Build Packaging: Node 18 fails to build 9.0.5-latest,2022-08-03 10:18:41+00:00,2022-08-04 08:18:46+00:00,type/bug,closed,https://github.com/grafana/grafana/issues/53200
53001,Loki/Log-volume-histogram: Shows error if LogQL contains comments at the end.,2022-07-29 15:23:46+00:00,2022-08-04 15:58:41+00:00,type/bug|prio/medium|datasource/loki,closed,https://github.com/grafana/grafana/issues/53001
52602,geomap plugin tooltip screen location,2022-07-21 11:48:23+00:00,2022-08-04 17:20:14+00:00,type/bug|area/panel/geomap,closed,https://github.com/grafana/grafana/issues/52602
51387,Geomap: Do not show markers for rows that don't have coordinates,2022-06-24 14:26:33+00:00,2022-08-05 01:17:33+00:00,type/bug|needs more info|area/panel/geomap,closed,https://github.com/grafana/grafana/issues/51387
52065,"Migration: Impression server should be based on UID, not IDs",2022-07-11 18:57:00+00:00,2022-08-08 09:13:21+00:00,type/bug|area/frontend,closed,https://github.com/grafana/grafana/issues/52065
53339,Bad color choice for markdown in pop-ups,2022-08-05 10:27:30+00:00,2022-08-08 11:10:44+00:00,type/bug|type/accessibility,closed,https://github.com/grafana/grafana/issues/53339
52455,Logs: Logs view in explore have unusable labels field.,2022-07-19 12:23:31+00:00,2022-08-08 12:27:34+00:00,type/bug|prio/medium|area/logs,closed,https://github.com/grafana/grafana/issues/52455
53275,"""Query error: -1 Request was aborted"" regression with 9.1.0-beta1; graphite datasource",2022-08-04 01:06:05+00:00,2022-08-08 16:32:37+00:00,type/bug|datasource/graphite|type/angular-2-react,closed,https://github.com/grafana/grafana/issues/53275
52084,Unable to select data source variable when repeating a data source variable,2022-07-12 11:26:28+00:00,2022-08-10 13:30:03+00:00,type/bug|area/dashboard|area/templating/repeating|mob-friendly,closed,https://github.com/grafana/grafana/issues/52084
52972,Json View cannot work correctly after upgrade from V8 to V9.0.5,2022-07-29 06:24:54+00:00,2022-08-10 19:48:46+00:00,type/bug|area/panel/table,closed,https://github.com/grafana/grafana/issues/52972
50449,CloudMonitoring: Disable query not working alongside Expression ,2022-06-08 16:14:50+00:00,2022-08-12 10:02:57+00:00,type/bug|effort/small|datasource/googlecloudmonitoring,closed,https://github.com/grafana/grafana/issues/50449
51327,Google Cloud Monitoring: Error when creating the first template variable,2022-06-23 13:34:41+00:00,2022-08-12 13:54:21+00:00,type/bug|effort/small|datasource/googlecloudmonitoring,closed,https://github.com/grafana/grafana/issues/51327
53231,Search: Folders are not filtered out from General,2022-08-03 13:53:06+00:00,2022-08-12 14:14:06+00:00,type/bug|area/search|area/frontend,closed,https://github.com/grafana/grafana/issues/53231
53363,Variables - No way to go back to the variable list in dashboard settings. ,2022-08-08 02:59:19+00:00,2022-08-15 12:36:59+00:00,type/bug|area/dashboard|area/navigation,closed,https://github.com/grafana/grafana/issues/53363
53737,Geomap: Tooltip is not displayed,2022-08-15 13:41:44+00:00,2022-08-15 14:39:01+00:00,type/bug|area/panel/geomap,closed,https://github.com/grafana/grafana/issues/53737
48854,Deleting dashboard results in dashboard not found warning,2022-05-09 10:05:09+00:00,2022-08-15 16:56:30+00:00,type/bug|area/dashboard|prio/customer-support,closed,https://github.com/grafana/grafana/issues/48854
48145,Explore: graph is not rendered when a graphite metric query is pasted into the editor,2022-04-22 23:35:13+00:00,2022-08-16 13:48:58+00:00,type/bug|datasource/graphite|area/explore,closed,https://github.com/grafana/grafana/issues/48145
53288,Absolute time range taken as local timezone ,2022-08-04 10:53:45+00:00,2022-08-17 10:52:23+00:00,type/bug|area/dashboard/timezone|timepicker,closed,https://github.com/grafana/grafana/issues/53288
48044,Panel header highlight obstructs panel menu.,2022-04-21 10:27:52+00:00,2022-08-17 13:29:38+00:00,type/bug|area/dashboard|prio/low,closed,https://github.com/grafana/grafana/issues/48044
53829,A11y: Cannot leave text field of query editor via keyboard,2022-08-17 12:58:13+00:00,2022-08-17 14:30:54+00:00,type/bug|area/explore|area/frontend|type/accessibility,closed,https://github.com/grafana/grafana/issues/53829
53661,TimeSeries: Clicking on legend moves it to right side,2022-08-12 13:01:26+00:00,2022-08-18 13:26:42+00:00,type/bug|area/panel/timeseries,closed,https://github.com/grafana/grafana/issues/53661
46477,A11y : Cannot reach tabs inside Inspector / Query History via keyboard,2022-03-11 21:00:06+00:00,2022-08-18 15:16:38+00:00,type/bug|prio/medium|area/explore|type/accessibility,closed,https://github.com/grafana/grafana/issues/46477
53837,"when exceeding 10k time series, not getting rendered from drop down by Stackdriver plugin",2022-08-17 14:16:45+00:00,2022-08-18 16:15:15+00:00,type/bug|effort/none|datasource/googlecloudmonitoring,closed,https://github.com/grafana/grafana/issues/53837
49999,Bar chart doesn't show error properly,2022-06-01 12:06:39+00:00,2022-08-18 19:14:34+00:00,type/bug|area/panel/barchart,closed,https://github.com/grafana/grafana/issues/49999
53915,Transforms: Unable to clear select fields for Outer join and Grouping to matrix,2022-08-18 20:40:22+00:00,2022-08-18 21:20:00+00:00,type/bug|area/frontend|area/transformations,closed,https://github.com/grafana/grafana/issues/53915
52488,"When saving a provisioned dashboard and clicking 'Copy to clipboard', newlines in prettified JSON are removed",2022-07-19 21:51:50+00:00,2022-08-19 08:57:57+00:00,type/bug|area/manage-dashboards,closed,https://github.com/grafana/grafana/issues/52488
53331,getDecimalsForValue function stripping out decimals from negative decimal numbers,2022-08-04 20:58:14+00:00,2022-08-19 14:42:36+00:00,type/bug|area/grafana/data,closed,https://github.com/grafana/grafana/issues/53331
47605,Legacy alerts on provisioned dashboards reporting nodata,2022-04-12 05:58:12+00:00,2022-08-19 16:32:25+00:00,type/bug|needs more info|area/alerting|area/alerting-legacy,closed,https://github.com/grafana/grafana/issues/47605
45947,Graphite: Fetching metrics failed: undefined,2022-02-27 13:44:28+00:00,2022-08-19 17:50:51+00:00,type/bug|datasource/graphite|prio/high,closed,https://github.com/grafana/grafana/issues/45947
53897,Loki: Detected fields shows labels 	[object Object] in LogDetailsRow,2022-08-18 13:59:33+00:00,2022-08-22 05:55:47+00:00,type/bug|datasource/loki,closed,https://github.com/grafana/grafana/issues/53897
53378,Time picker doesn't indicate relative time range within same day,2022-08-08 10:31:41+00:00,2022-08-22 09:37:29+00:00,type/bug|area/dashboard/timerange,closed,https://github.com/grafana/grafana/issues/53378
53715,Inconsistent in showing logs on Loki query dashboard,2022-08-14 13:01:01+00:00,2022-08-22 11:09:34+00:00,type/bug|datasource/loki,closed,https://github.com/grafana/grafana/issues/53715
44273,Prometheus: Query editor error when template variable is called 'process' since upgrading to 8.3.3,2022-01-20 14:29:59+00:00,2022-08-22 17:10:33+00:00,type/bug|datasource/prometheus|needs investigation|area/query-editor,closed,https://github.com/grafana/grafana/issues/44273
45814,Geomap Panel - Geohash Doesn't Work,2022-02-23 23:17:39+00:00,2022-08-22 21:12:22+00:00,type/bug|area/panel/geomap,closed,https://github.com/grafana/grafana/issues/45814
48689,Time series: Browser crash when min/max values are the same,2022-05-04 10:00:59+00:00,2022-08-23 08:00:43+00:00,type/bug|prio/medium|area/panel/timeseries,closed,https://github.com/grafana/grafana/issues/48689
53311,Can't open 8.5.5 and 8.5.4 release notes on grafana docs page,2022-08-04 14:00:11+00:00,2022-08-23 10:23:25+00:00,type/bug|type/docs,closed,https://github.com/grafana/grafana/issues/53311
47530,Plugins: Installing/uninstalling app during runtime doesn't register/unregister routes,2022-04-08 16:41:25+00:00,2022-08-23 11:05:32+00:00,type/bug|area/plugins,closed,https://github.com/grafana/grafana/issues/47530
52046,Grafana explorer doesn't load log volume past 116 days,2022-07-11 13:14:39+00:00,2022-08-23 11:21:30+00:00,type/bug|needs more info|prio/low|datasource/loki|area/logs,closed,https://github.com/grafana/grafana/issues/52046
50532,Template variable query function for listing CloudWatch log groups is limited to 50 items,2022-06-09 15:35:59+00:00,2022-08-23 15:43:33+00:00,type/bug|prio/medium|datasource/cloudwatch|datasource/cloudwatch logs|effort/medium,closed,https://github.com/grafana/grafana/issues/50532
53566,Failed to save screenshots uploaded with a signed url,2022-08-11 07:01:20+00:00,2022-08-24 11:40:51+00:00,type/bug|effort/small|prio/high|area/alerting/screenshots,closed,https://github.com/grafana/grafana/issues/53566
46486,A11y : Cannot collapse query row via keyboard,2022-03-12 00:13:41+00:00,2022-08-24 13:38:19+00:00,type/bug|prio/medium|area/explore|type/accessibility|good first issue,closed,https://github.com/grafana/grafana/issues/46486
50870,Grafana 9.0.0: Unexpected error while loading a Prometheus datasource in Explore view,2022-06-15 11:49:25+00:00,2022-08-24 14:27:55+00:00,type/bug|datasource/prometheus|needs investigation,closed,https://github.com/grafana/grafana/issues/50870
54104,Tracing: Span logs not properly formatted using opentelemetry config,2022-08-23 15:55:19+00:00,2022-08-24 14:59:07+00:00,type/bug|area/instrumentation|area/tracing,closed,https://github.com/grafana/grafana/issues/54104
54113,Grafana Upgrade from 8.3.4 to 9.0.6 breaks Mixed datasources using default uid,2022-08-23 18:13:39+00:00,2022-08-25 07:07:11+00:00,type/bug|area/dashboard,closed,https://github.com/grafana/grafana/issues/54113
53934,AccessControl: v9.1.0 /api/datasources/name/:name requires datasources:read from the Admin,2022-08-19 10:47:00+00:00,2022-08-25 10:50:28+00:00,type/bug,closed,https://github.com/grafana/grafana/issues/53934
53946,Saving dashboards: Details get deleted when I review changes,2022-08-19 12:24:43+00:00,2022-08-26 10:25:41+00:00,type/bug|area/dashboard,closed,https://github.com/grafana/grafana/issues/53946
52526,Select: Select with invalid property set to true doesn't change border color,2022-07-20 11:54:38+00:00,2022-08-26 12:48:52+00:00,type/bug|area/grafana/ui,closed,https://github.com/grafana/grafana/issues/52526
52613,Dashboard: Time Range object doesn't update in table view,2022-07-21 14:57:31+00:00,2022-08-26 13:36:43+00:00,type/bug|area/panel/data,closed,https://github.com/grafana/grafana/issues/52613
53988,mute times: invalid object specification: missing name in mute time interval,2022-08-20 06:58:50+00:00,2022-08-26 21:30:08+00:00,type/bug|area/alerting|area/provisioning|needs investigation,closed,https://github.com/grafana/grafana/issues/53988
54076,Missing macros in queries saved by Alerts provisioning,2022-08-23 07:22:29+00:00,2022-08-26 21:54:31+00:00,type/bug|area/alerting|area/provisioning,closed,https://github.com/grafana/grafana/issues/54076
53500,Geomap: Markers layer size and color fields seem to conflict,2022-08-10 02:08:45+00:00,2022-08-30 09:15:17+00:00,type/bug|area/panel/geomap,closed,https://github.com/grafana/grafana/issues/53500
52556,Plugins page without sub path,2022-07-20 18:30:09+00:00,2022-08-30 10:34:43+00:00,type/bug|area/plugins-catalog,closed,https://github.com/grafana/grafana/issues/52556
51189,Snapshot: cannot delete incorrect snapshot created through HTTP API,2022-06-21 16:49:47+00:00,2022-08-30 15:19:59+00:00,type/bug|area/dashboard/snapshot,closed,https://github.com/grafana/grafana/issues/51189
53498,Canvas: Original element moves to duplicate element placement on first update,2022-08-09 23:19:23+00:00,2022-08-30 15:27:07+00:00,type/bug|area/panel/canvas,closed,https://github.com/grafana/grafana/issues/53498
52925, Hidden series appear in legend after other series have been selected,2022-07-28 08:59:22+00:00,2022-08-31 10:49:26+00:00,type/bug|area/panel/timeseries,closed,https://github.com/grafana/grafana/issues/52925
54242,metrics: Some grafana_database_conn_* metrics are incorrect,2022-08-25 15:30:34+00:00,2022-08-31 12:54:33+00:00,type/bug,closed,https://github.com/grafana/grafana/issues/54242
54227,Plugins: Navigating from one app page to another doesn't work,2022-08-25 13:09:00+00:00,2022-08-31 13:36:09+00:00,type/bug|area/plugins|area/frontend|area/plugins/app,closed,https://github.com/grafana/grafana/issues/54227
44446,Grafana 8.3.3 application plugin small logo is clipped by border-radius of 50%,2022-01-25 18:02:38+00:00,2022-09-01 09:28:51+00:00,type/bug|help wanted|prio/low|area/frontend|area/navigation,closed,https://github.com/grafana/grafana/issues/44446
54550,Unable to use toggles in panel options,2022-08-31 18:55:25+00:00,2022-09-01 12:42:08+00:00,type/bug|area/frontend|area/panel/edit,closed,https://github.com/grafana/grafana/issues/54550
53927,Creating dashboard from query in Explorer page results invalid query in panel in Grafana v.9.0.5,2022-08-19 08:42:31+00:00,2022-09-01 13:18:59+00:00,type/bug|datasource/prometheus,closed,https://github.com/grafana/grafana/issues/53927
54579,Grafana and Dashboard data sources show missing icon,2022-09-01 12:55:35+00:00,2022-09-01 13:46:09+00:00,type/bug|area/dashboard,closed,https://github.com/grafana/grafana/issues/54579
54571,Plugins: Core plugins requesting invalid logos,2022-09-01 11:19:46+00:00,2022-09-01 14:08:16+00:00,type/bug|area/plugins|area/schema,closed,https://github.com/grafana/grafana/issues/54571
54524,Grafana e2e: `run` command not finding the correct cypress configuration,2022-08-31 12:37:38+00:00,2022-09-02 08:37:52+00:00,type/bug|area/plugins,closed,https://github.com/grafana/grafana/issues/54524
52773,Footer: Grafana Version / Commit is an empty link,2022-07-26 01:53:59+00:00,2022-09-02 10:05:29+00:00,type/bug|help wanted|area/navigation|good first issue,closed,https://github.com/grafana/grafana/issues/52773
50222,intervalSeconds value ignored when updating alerts via API,2022-06-06 04:22:30+00:00,2022-09-02 16:46:48+00:00,type/bug|area/alerting|area/backend,closed,https://github.com/grafana/grafana/issues/50222
54401,Geomap: Custom tile layer duplicates,2022-08-29 15:52:05+00:00,2022-09-02 17:53:22+00:00,type/bug|area/panel/geomap,closed,https://github.com/grafana/grafana/issues/54401
54654,Units also show on Y axis Histogram Panel,2022-09-02 15:32:55+00:00,2022-09-02 18:50:04+00:00,type/bug|area/panel/histogram,closed,https://github.com/grafana/grafana/issues/54654
53436,Canvas: Element phantom mouse down movement,2022-08-09 04:54:20+00:00,2022-09-04 01:36:21+00:00,type/bug|area/panel/canvas,closed,https://github.com/grafana/grafana/issues/53436
53456,LibraryPanels: Library panels are unable to be deleted on certain databases,2022-08-09 11:16:19+00:00,2022-09-05 13:28:34+00:00,type/bug|prio/high|area/frontend/library-panels,closed,https://github.com/grafana/grafana/issues/53456
53725,Panel Description box does not expand to fit markdown table,2022-08-15 08:00:55+00:00,2022-09-05 15:54:25+00:00,type/bug|help wanted|beginner friendly|area/panel/edit|good first issue,closed,https://github.com/grafana/grafana/issues/53725
54565,Deprecated Elasticsearch version displayed in Settings page,2022-09-01 09:13:33+00:00,2022-09-06 13:42:43+00:00,type/bug|prio/medium,closed,https://github.com/grafana/grafana/issues/54565
54443,Dashboard: Unsaved changes prompt is displayed with no changes when editing a panel,2022-08-30 12:51:49+00:00,2022-09-06 17:00:34+00:00,type/bug|area/dashboard,closed,https://github.com/grafana/grafana/issues/54443
54485,BarChart: Color by values and new data getting wrong colors,2022-08-30 17:56:06+00:00,2022-09-07 14:31:33+00:00,type/bug|area/panel/barchart,closed,https://github.com/grafana/grafana/issues/54485
54364,Heatmap color scheme range from high to low breaks color rendering,2022-08-28 04:03:49+00:00,2022-09-07 16:09:45+00:00,type/bug|area/panel/heatmap,closed,https://github.com/grafana/grafana/issues/54364
54387,search: poor match on dashboard name with multiple words,2022-08-29 12:26:09+00:00,2022-09-08 10:10:31+00:00,type/bug|area/search,closed,https://github.com/grafana/grafana/issues/54387
54535,QueryFields/Input fields are broken in the recent Chrome browser,2022-08-31 14:36:12+00:00,2022-09-08 16:27:36+00:00,type/bug|prio/high,closed,https://github.com/grafana/grafana/issues/54535
54169,Unified Alerting - Editing an alert locks my browser on 9.1.1 ,2022-08-24 16:28:28+00:00,2022-09-09 09:04:09+00:00,type/bug|area/alerting|needs investigation|area/frontend,closed,https://github.com/grafana/grafana/issues/54169
54448,Loki: Ad-Hoc filters are added to the wrong place in query,2022-08-30 14:16:26+00:00,2022-09-09 10:04:53+00:00,type/bug|prio/high|datasource/loki,closed,https://github.com/grafana/grafana/issues/54448
47484,Unified alert query duplication does not set  correct timerange to the new query,2022-04-08 06:34:25+00:00,2022-09-09 11:34:40+00:00,type/bug|effort/small|area/alerting|prio/low|area/frontend|good first issue,closed,https://github.com/grafana/grafana/issues/47484
54727,CloudWatch Metrics does not display Metric Namespace/Values in Explore Mode,2022-09-05 17:06:43+00:00,2022-09-09 12:15:33+00:00,type/bug|datasource/cloudwatch,closed,https://github.com/grafana/grafana/issues/54727
47366,Visualization options pane issue with Text panel,2022-04-05 23:09:32+00:00,2022-09-09 16:01:31+00:00,type/bug|prio/medium|area/ux|area/panel/edit,closed,https://github.com/grafana/grafana/issues/47366
54850,Alert Provisioning: reference to labels is lost,2022-09-07 13:38:40+00:00,2022-09-09 16:47:55+00:00,type/bug|effort/small|area/alerting|prio/medium,closed,https://github.com/grafana/grafana/issues/54850
54757,Azure Monitor: Custom Metric Namespaces not working (Grafana 9.1.3),2022-09-06 10:26:36+00:00,2022-09-12 10:10:53+00:00,type/bug|effort/none|type/chore|datasource/azure,closed,https://github.com/grafana/grafana/issues/54757
54848,GrafanaUI: Setting required=true on InlineField does not work,2022-09-07 13:23:16+00:00,2022-09-12 11:29:25+00:00,type/bug|help wanted|area/grafana/ui|good first issue,closed,https://github.com/grafana/grafana/issues/54848
54977,Edit Alert folders doesnt provide subpath link,2022-09-09 13:22:26+00:00,2022-09-12 15:40:19+00:00,type/bug|area/alerting|area/frontend,closed,https://github.com/grafana/grafana/issues/54977
54907,Loki: add interpolation to the Query Variable Editor,2022-09-08 13:23:17+00:00,2022-09-12 15:48:09+00:00,type/bug|prio/high|datasource/loki,closed,https://github.com/grafana/grafana/issues/54907
54713,State timeline tooltip shows partial state range and duration,2022-09-05 14:06:12+00:00,2022-09-12 19:30:00+00:00,type/bug|area/panel/state-timeline,closed,https://github.com/grafana/grafana/issues/54713
54464,Canvas: Refine element duplication,2022-08-30 15:16:00+00:00,2022-09-12 19:33:10+00:00,type/bug|area/panel/canvas,closed,https://github.com/grafana/grafana/issues/54464
53992,Bar Gauge vertical flipped when data link added,2022-08-20 17:52:29+00:00,2022-09-13 11:13:52+00:00,type/bug|area/panel/bargauge,closed,https://github.com/grafana/grafana/issues/53992
54936,Bar Gauge Panel Graph (vertical orientation) flips direction with data links,2022-09-09 03:14:38+00:00,2022-09-13 11:13:52+00:00,type/bug|area/panel/bargauge,closed,https://github.com/grafana/grafana/issues/54936
46087,Explore: For logs query in Inspector we see log volume query instead of executed query,2022-03-02 11:45:53+00:00,2022-09-13 11:27:17+00:00,type/bug|prio/medium|area/explore|area/logs,closed,https://github.com/grafana/grafana/issues/46087
55049,Canvas: Exiting edit mode to dashboard breaks selecto / moveable,2022-09-12 18:13:07+00:00,2022-09-13 20:22:30+00:00,type/bug|area/panel/canvas,closed,https://github.com/grafana/grafana/issues/55049
54472,Timeseries panel switches showLegend to true,2022-08-30 16:42:33+00:00,2022-09-14 12:33:05+00:00,type/bug|area/provisioning|area/panel/timeseries,closed,https://github.com/grafana/grafana/issues/54472
55226,Search: Folder section not displaying dashboards,2022-09-15 10:09:30+00:00,2022-09-15 13:00:06+00:00,type/bug|area/search,closed,https://github.com/grafana/grafana/issues/55226
54969,Public dashboards: subpath is ignored in generated URLs,2022-09-09 12:11:40+00:00,2022-09-15 15:46:12+00:00,type/bug|needs investigation|good first issue|area/public-dashboards,closed,https://github.com/grafana/grafana/issues/54969
54688,Auth: Take into account `oauth_skip_org_role_update_sync` for locking down UI,2022-09-05 07:40:00+00:00,2022-09-15 16:06:10+00:00,type/bug|beginner friendly,closed,https://github.com/grafana/grafana/issues/54688
54121,Provisioning: ContactPoints: disableResolveMessage NOT supported via YAML,2022-08-23 22:13:42+00:00,2022-09-15 16:19:35+00:00,type/bug|area/alerting,closed,https://github.com/grafana/grafana/issues/54121
54766,Resolved alerts are not sent to the Alertmanager,2022-09-06 11:17:50+00:00,2022-09-15 16:25:07+00:00,type/bug|area/alerting|prio/medium,closed,https://github.com/grafana/grafana/issues/54766
54516,Table panel header and footer in v9.1.1 is not fixed at the top and bottom of panel view when scrolling down,2022-08-31 08:49:02+00:00,2022-09-16 10:14:36+00:00,type/bug|area/panel/table,closed,https://github.com/grafana/grafana/issues/54516
52440,Explore: Explore page crashes when using query inspector in Grafana 9,2022-07-19 09:28:22+00:00,2022-09-16 15:18:36+00:00,type/bug|needs investigation|area/explore,closed,https://github.com/grafana/grafana/issues/52440
50186,DatasourceNoData alerts sent whenever Grafana package is updated via apt,2022-06-03 15:53:45+00:00,2022-09-16 16:22:07+00:00,type/bug|prio/low|area/alerting/evaluation|area/backend/plugins|area/backend,closed,https://github.com/grafana/grafana/issues/50186
54160,Stat display needs tweak to allow spacing between name and value,2022-08-24 15:37:36+00:00,2022-09-16 16:53:11+00:00,type/bug|area/frontend|area/panel/stat,closed,https://github.com/grafana/grafana/issues/54160
52853,[Bug][Alerting][Silence]fail to create alert when visit grafana via api keys,2022-07-27 07:55:17+00:00,2022-09-17 15:11:34+00:00,type/bug|area/alerting|area/backend/api|needs investigation,closed,https://github.com/grafana/grafana/issues/52853
46322,"Grafana Alerting Labels not working for kubernetes ${pod}, allthough ${container} label is working",2022-03-08 12:39:59+00:00,2022-09-18 14:06:51+00:00,type/bug|needs more info|area/alerting,closed,https://github.com/grafana/grafana/issues/46322
46398,"Grafana unified alerting: wrong defaults for ""Alert state if execution error or timeout""",2022-03-10 08:23:51+00:00,2022-09-19 09:42:06+00:00,type/bug|prio/high|area/alerting|effort/none|good first issue,closed,https://github.com/grafana/grafana/issues/46398
55183,Loki/ElasticSearch: Switching from an empty ElasticSearch query to Loki crashes the editor,2022-09-14 16:20:07+00:00,2022-09-19 09:45:23+00:00,type/bug|datasource/elasticsearch|prio/medium|datasource/loki|area/correlations,closed,https://github.com/grafana/grafana/issues/55183
54749,Explore: crash when last used datasource is deleted,2022-09-06 09:16:21+00:00,2022-09-19 14:43:17+00:00,type/bug|area/explore|area/frontend,closed,https://github.com/grafana/grafana/issues/54749
54789,Glue: get /api/correlations should return 200 when there are no correlations,2022-09-06 14:05:17+00:00,2022-09-20 10:13:35+00:00,type/bug|area/correlations,closed,https://github.com/grafana/grafana/issues/54789
55392,invalid datasource name in localstorage causes explore to crash,2022-09-19 13:26:25+00:00,2022-09-20 11:35:15+00:00,type/bug|needs more info|area/explore,closed,https://github.com/grafana/grafana/issues/55392
55527,Live: `live-service-web-worker` is broken,2022-09-20 23:27:39+00:00,2022-09-21 11:09:18+00:00,type/bug|area/live,closed,https://github.com/grafana/grafana/issues/55527
55312,LibraryPanelsSearch: Searching Library Panels with hyphens does not return results,2022-09-16 15:10:29+00:00,2022-09-21 17:37:18+00:00,type/bug|area/frontend/library-panels,closed,https://github.com/grafana/grafana/issues/55312
55387,"Query does not run with Shift+Enter, but is run by clicking ""Run query""",2022-09-19 12:42:52+00:00,2022-09-21 17:51:15+00:00,type/bug|prio/medium|datasource/prometheus,closed,https://github.com/grafana/grafana/issues/55387
47820,Explore : The inspector is not closed when navigating away from the explore view,2022-04-15 12:16:22+00:00,2022-09-21 19:49:31+00:00,type/bug|needs investigation|area/explore,closed,https://github.com/grafana/grafana/issues/47820
45183,Table Panel: Footer not working correctly in macOS Safari Browser,2022-02-09 21:36:43+00:00,2022-09-22 06:33:17+00:00,type/bug|area/panel/table|os/mac,closed,https://github.com/grafana/grafana/issues/45183
55295,Table panel footer visual bugs in Safari/Firefox,2022-09-16 10:37:52+00:00,2022-09-22 06:45:24+00:00,type/bug|area/panel/table,closed,https://github.com/grafana/grafana/issues/55295
54735,Plugin Dashboard Save As button not working for versioning,2022-09-06 00:51:36+00:00,2022-09-22 07:14:14+00:00,type/bug|area/dashboard|area/frontend,closed,https://github.com/grafana/grafana/issues/54735
55499,Public Dashboard - error 429 - Too Many Requests,2022-09-20 15:36:29+00:00,2022-09-22 19:31:47+00:00,type/bug|area/public-dashboards,closed,https://github.com/grafana/grafana/issues/55499
51611,Inconsistent timeFilter resolution between ordinary and alert queries,2022-06-30 06:53:54+00:00,2022-09-23 09:24:58+00:00,type/bug|needs more info|area/alerting|datasource/postgres,closed,https://github.com/grafana/grafana/issues/51611
54984,Alert provisioning does not support using Environment Variables,2022-09-09 14:09:26+00:00,2022-09-23 13:06:52+00:00,type/bug|prio/high|area/alerting|area/provisioning,closed,https://github.com/grafana/grafana/issues/54984
55555,Navigation: `Home` doesn't show active state in the megamenu,2022-09-21 10:28:57+00:00,2022-09-23 15:03:03+00:00,type/bug|area/navigation,closed,https://github.com/grafana/grafana/issues/55555
54721,"Series Selection in Time Series Panel clashes with ""hide"" overrides",2022-09-05 15:29:51+00:00,2022-09-26 08:20:29+00:00,type/bug|area/field/overrides|area/panel/timeseries,closed,https://github.com/grafana/grafana/issues/54721
52136,Table Scrollbars not always usable,2022-07-13 08:41:30+00:00,2022-09-26 08:26:35+00:00,type/bug|area/panel/table|type/accessibility,closed,https://github.com/grafana/grafana/issues/52136
54233,Elasticsearch: Incorrectly creates new HTTP client on each query,2022-08-25 14:28:59+00:00,2022-09-26 12:27:47+00:00,type/bug|datasource/elasticsearch|prio/medium,closed,https://github.com/grafana/grafana/issues/54233
55723,Breadcrumbs: breadcrumb for general folder 404s,2022-09-26 09:17:51+00:00,2022-09-26 13:02:51+00:00,type/bug|area/navigation,closed,https://github.com/grafana/grafana/issues/55723
55451,Glue: Correlations settings page crashes when target is not defined,2022-09-20 10:12:08+00:00,2022-09-26 13:05:05+00:00,type/bug|area/correlations,closed,https://github.com/grafana/grafana/issues/55451
55805,theme does not load after changing it from the configuration file,2022-09-27 10:47:25+00:00,2022-09-27 14:30:40+00:00,type/bug|area/ui/theme,closed,https://github.com/grafana/grafana/issues/55805
52954,Canvas: Icon element resizing inconsistency,2022-07-28 15:57:49+00:00,2022-09-27 15:53:48+00:00,type/bug|area/panel/canvas,closed,https://github.com/grafana/grafana/issues/52954
55870,`Query Type: Instant` not is presenting the results in a table,2022-09-27 20:25:09+00:00,2022-09-27 21:08:53+00:00,type/bug|datasource/prometheus|area/explore,closed,https://github.com/grafana/grafana/issues/55870
55689,Canvas: Icon resource picker bug,2022-09-23 16:08:16+00:00,2022-09-28 04:05:15+00:00,type/bug|area/panel/geomap|area/panel/canvas|area/resourcepicker,closed,https://github.com/grafana/grafana/issues/55689
55190,Azure Monitor: ARG variable sub picker not allowing for change,2022-09-14 18:38:13+00:00,2022-09-28 10:59:08+00:00,type/bug|effort/small|datasource/azure,closed,https://github.com/grafana/grafana/issues/55190
53684,Storybook: Table component under Visualizations throws error,2022-08-12 16:35:42+00:00,2022-09-28 12:29:43+00:00,type/bug|area/storybook,closed,https://github.com/grafana/grafana/issues/53684
55125,Geomap: Tool tip toggle not working in 9.1.5,2022-09-13 18:23:25+00:00,2022-09-28 22:21:22+00:00,type/bug|area/panel/geomap,closed,https://github.com/grafana/grafana/issues/55125
55135,Canvas: Toggling inline editing crashes panel,2022-09-13 20:31:32+00:00,2022-09-28 22:31:31+00:00,type/bug|area/panel/canvas,closed,https://github.com/grafana/grafana/issues/55135
55975,StatusHistory panel tooltip does not show datetime,2022-09-29 06:50:49+00:00,2022-09-29 07:02:19+00:00,type/bug|area/frontend|area/panel/status-history,closed,https://github.com/grafana/grafana/issues/55975
55754,Logs: Copy line appears only if you use line filter,2022-09-26 15:04:15+00:00,2022-09-29 08:00:03+00:00,type/bug|prio/medium|area/logs,closed,https://github.com/grafana/grafana/issues/55754
53924,A11y: Implement aria-expanded for query rows,2022-08-19 07:44:58+00:00,2022-09-30 11:03:57+00:00,type/bug|area/explore|area/frontend|type/accessibility,closed,https://github.com/grafana/grafana/issues/53924
55553,Navigation: Breadcrumbs for Home dashboard are incorrect,2022-09-21 10:22:57+00:00,2022-10-03 14:05:21+00:00,type/bug|area/navigation,closed,https://github.com/grafana/grafana/issues/55553
44712,XY Chart not respecting MIN MAX,2022-02-01 13:42:05+00:00,2022-10-04 05:58:36+00:00,type/bug|area/panel/xychart,closed,https://github.com/grafana/grafana/issues/44712
56058,Heatmap reverse color option does nothing,2022-09-29 20:17:37+00:00,2022-10-04 07:17:59+00:00,type/bug|area/panel/heatmap,closed,https://github.com/grafana/grafana/issues/56058
47514,Respect Ctrl-clicking sidebar pop-up elements to open link in new tab,2022-04-08 13:19:02+00:00,2022-10-04 08:38:09+00:00,type/bug|prio/high|area/navigation,closed,https://github.com/grafana/grafana/issues/47514
50884,NavBar: Menu doesn't open after clicking sub-menu item,2022-06-15 13:50:23+00:00,2022-10-04 08:38:21+00:00,type/bug|prio/medium|area/navigation,closed,https://github.com/grafana/grafana/issues/50884
53570,Loki: Add support for range aggregations with by grouping,2022-08-11 07:53:17+00:00,2022-10-05 09:32:35+00:00,type/bug|prio/medium|datasource/loki,closed,https://github.com/grafana/grafana/issues/53570
48072,Unified Alerting: failed to execute conditions: no float64 value column found in frame - Azure Log Analytics,2022-04-21 15:36:16+00:00,2022-10-05 13:29:36+00:00,type/bug|area/alerting|pr/needs-discussion|area/alerting/evaluation|datasource/azure|needs-design-doc,closed,https://github.com/grafana/grafana/issues/48072
55951,Logs: LogRow menu is not visible when wrap-lines is turned off ,2022-09-28 15:59:25+00:00,2022-10-05 14:11:10+00:00,type/bug|area/panel/logs|area/logs,closed,https://github.com/grafana/grafana/issues/55951
55193,Azure Monitor: ARG template variable not updating sub picker values when switching amongst Azure Monitor ds,2022-09-14 18:58:25+00:00,2022-10-05 14:59:08+00:00,type/bug|effort/small|datasource/azure,closed,https://github.com/grafana/grafana/issues/55193
52171,Grafana Query Builder hangs loading K6 metrics from Prometheus,2022-07-13 16:15:15+00:00,2022-10-05 15:19:14+00:00,type/bug|prio/high|datasource/prometheus,closed,https://github.com/grafana/grafana/issues/52171
56459,Filled threshold regions cause individual series selection to fail,2022-10-06 10:04:35+00:00,2022-10-06 23:18:49+00:00,type/bug|area/dashboard|area/panel/timeseries,closed,https://github.com/grafana/grafana/issues/56459
55630,"State timeline tooltip showing on more panels, Grafana 9.1.x",2022-09-22 16:03:39+00:00,2022-10-07 05:56:17+00:00,type/bug|area/panel/state-timeline,closed,https://github.com/grafana/grafana/issues/55630
52655,Sign in not working in explore page for anonymous users,2022-07-22 12:06:19+00:00,2022-10-07 06:18:57+00:00,type/bug|area/auth|area/backend|area/explore,closed,https://github.com/grafana/grafana/issues/52655
55901,Grafana alert group or folder change creates a Postgresql error,2022-09-28 09:44:29+00:00,2022-10-07 09:18:50+00:00,type/bug|area/alerting,closed,https://github.com/grafana/grafana/issues/55901
55145,Form validation problem in table panel option (column width & minimum column width),2022-09-14 06:54:53+00:00,2022-10-07 12:06:51+00:00,type/bug|area/panel/table,closed,https://github.com/grafana/grafana/issues/55145
55357,"UI Bug, Alert Creation: ""Evaluate every:"" with non number input blocks the whole page",2022-09-19 07:34:23+00:00,2022-10-07 13:01:49+00:00,type/bug|area/alerting|area/alerting/evaluation|area/frontend,closed,https://github.com/grafana/grafana/issues/55357
56006,InputGroup removes left side of invalid red border in select or input,2022-09-29 11:30:29+00:00,2022-10-10 10:43:30+00:00,type/bug|area/grafana/ui,closed,https://github.com/grafana/grafana/issues/56006
56181,Google Cloud Monitoring runtime error index out of range,2022-10-03 13:22:15+00:00,2022-10-10 14:08:34+00:00,type/bug|effort/small,closed,https://github.com/grafana/grafana/issues/56181
55588,Tempo: Tab button doesn't work when in the `Tags` field,2022-09-21 15:55:34+00:00,2022-10-11 09:04:00+00:00,type/bug|prio/low|area/explore|area/frontend|area/datasource/frontend|datasource/tempo,closed,https://github.com/grafana/grafana/issues/55588
54423,Annotation-List HTML Content,2022-08-30 07:29:32+00:00,2022-10-11 11:35:04+00:00,type/bug|area/annotations|prio/low|area/frontend,closed,https://github.com/grafana/grafana/issues/54423
50593,CloudMonitoring: Unexpected migration when editing a panel,2022-06-10 10:44:24+00:00,2022-10-11 12:51:31+00:00,type/bug|effort/small|datasource/googlecloudmonitoring,closed,https://github.com/grafana/grafana/issues/50593
50973,"Missing table in Explore tab with ""code"" query interface",2022-06-16 16:32:13+00:00,2022-10-11 14:37:55+00:00,type/bug|prio/medium|datasource/prometheus|area/explore,closed,https://github.com/grafana/grafana/issues/50973
56551,Tempo: TraceQL `Limit` field value is not always consistent with the collapsed value,2022-10-07 12:37:58+00:00,2022-10-11 15:08:55+00:00,type/bug|area/explore|area/frontend|area/datasource/frontend|datasource/tempo,closed,https://github.com/grafana/grafana/issues/56551
55716,Table footer is not updating by columns filters,2022-09-26 07:19:16+00:00,2022-10-12 04:57:51+00:00,type/bug|area/panel/table,closed,https://github.com/grafana/grafana/issues/55716
52362,Column filters won't affect/update table footer total,2022-07-16 16:29:53+00:00,2022-10-12 07:48:59+00:00,type/bug|area/panel/table,closed,https://github.com/grafana/grafana/issues/52362
54188,inspector / json tab crashes if the data is too large,2022-08-24 21:05:32+00:00,2022-10-12 07:52:24+00:00,type/bug|help wanted|beginner friendly|panel/inspect,closed,https://github.com/grafana/grafana/issues/54188
56513,Canvas: Inline edit not working in dashboard mode,2022-10-06 21:30:09+00:00,2022-10-12 21:18:57+00:00,type/bug|area/frontend|area/panel/canvas,closed,https://github.com/grafana/grafana/issues/56513
51395,Cloud Monitoring: Missing data for large responses,2022-06-24 17:37:03+00:00,2022-10-13 08:58:08+00:00,type/bug|effort/none|datasource/googlecloudmonitoring,closed,https://github.com/grafana/grafana/issues/51395
56128,Prometheus-managed alert with special characters creates a broken link when using Copy link to rule button,2022-09-30 18:15:39+00:00,2022-10-14 08:06:02+00:00,type/bug|prio/critical|area/alerting|area/frontend,closed,https://github.com/grafana/grafana/issues/56128
56784,SQL Query wrong Manipulation,2022-10-12 09:55:29+00:00,2022-10-14 08:52:09+00:00,type/bug|datasource/mysql|datasource/mssql,closed,https://github.com/grafana/grafana/issues/56784
56900,Explore: Deleting all queries and adding one creates query with default DS,2022-10-13 17:45:14+00:00,2022-10-14 13:12:05+00:00,type/bug|area/explore,closed,https://github.com/grafana/grafana/issues/56900
56799,"Dashboard is set to UTC, but is ignoring this and accounting for daylight-savings timezone changes",2022-10-12 12:46:51+00:00,2022-10-17 07:06:47+00:00,type/bug|area/panel/barchart,closed,https://github.com/grafana/grafana/issues/56799
57070,Toolkit: Tests error with `Cannot use import statement outside...` in 9.2.0,2022-10-17 09:41:19+00:00,2022-10-17 14:31:15+00:00,type/bug|area/plugins|area/frontend|area/grafana/toolkit,closed,https://github.com/grafana/grafana/issues/57070
55917,"Influxdb: When jumping from dashboard to Explore, ad-hoc filters are not being added to query",2022-09-28 11:35:52+00:00,2022-10-17 16:28:56+00:00,type/bug|effort/small|datasource/influxdb|prio/medium,closed,https://github.com/grafana/grafana/issues/55917
57111,Dashboard: General folder not showing in list to move dashboard,2022-10-17 16:38:35+00:00,2022-10-18 10:38:52+00:00,type/bug|area/dashboard|area/dashboard/folders,closed,https://github.com/grafana/grafana/issues/57111
54237,Curly brackets invert string syntax highlighting,2022-08-25 15:06:14+00:00,2022-10-18 11:09:19+00:00,type/bug|help wanted|prio/low|datasource/loki,closed,https://github.com/grafana/grafana/issues/54237
56063,Data link not retrieving the right values on time series panel,2022-09-29 22:38:15+00:00,2022-10-18 11:22:32+00:00,type/bug|area/dashboard/data-links|area/panel/timeseries,closed,https://github.com/grafana/grafana/issues/56063
56923,Min/Max limits on Y-Axis in options of a Time series panel cannot be cleared,2022-10-14 08:49:15+00:00,2022-10-18 13:59:36+00:00,type/bug|prio/high|area/frontend|area/panel/edit|type/regression,closed,https://github.com/grafana/grafana/issues/56923
55700,Bug: Cloudwatch Logs does not handle queries well for accounts with over 50 log groups,2022-09-23 19:42:21+00:00,2022-10-18 18:34:29+00:00,type/bug|effort/large|datasource/cloudwatch logs,closed,https://github.com/grafana/grafana/issues/55700
57161,Loki query dashboard supports adding same label which was already chosen,2022-10-18 10:57:11+00:00,2022-10-19 09:32:04+00:00,type/bug|datasource/loki,closed,https://github.com/grafana/grafana/issues/57161
57093,Explore 'Copy' button copies double-quoted string instead of raw string,2022-10-17 14:32:12+00:00,2022-10-19 09:58:18+00:00,type/bug|area/logs,closed,https://github.com/grafana/grafana/issues/57093
56735,Loki: Explain section for $__interval does not make sense in Explore,2022-10-11 14:46:57+00:00,2022-10-19 10:01:31+00:00,type/bug|datasource/loki,closed,https://github.com/grafana/grafana/issues/56735
55906,Tempo: Service graph in dashboards does not work as Prometheus returns different dataFrame structure,2022-09-28 10:16:49+00:00,2022-10-19 12:11:35+00:00,type/bug|datasource/tempo,closed,https://github.com/grafana/grafana/issues/55906
57276,Navigation: `OrgSwitcher` causes `Unauthorized` warning when viewing snapshot,2022-10-19 12:56:25+00:00,2022-10-19 13:24:53+00:00,type/bug|area/navigation,closed,https://github.com/grafana/grafana/issues/57276
57195,Loki: Adhoc filters are adding to the wrong place when using parser and empty stream selector,2022-10-18 14:31:22+00:00,2022-10-19 15:24:02+00:00,type/bug|prio/medium|area/logs|component/logql,closed,https://github.com/grafana/grafana/issues/57195
56989,Explore button on panel is visible if explore function is disabled,2022-10-14 13:20:35+00:00,2022-10-19 20:21:42+00:00,type/bug|area/explore,closed,https://github.com/grafana/grafana/issues/56989
56859,Status History Panel click and drag to zoom in no longer works in v9.2.0,2022-10-13 10:59:46+00:00,2022-10-20 06:15:53+00:00,type/bug|prio/high|type/regression|area/panel/status-history,closed,https://github.com/grafana/grafana/issues/56859
55743,State timeline hover areas incorrect when zooming on page,2022-09-26 12:50:50+00:00,2022-10-20 12:02:31+00:00,type/bug|area/panel/state-timeline,closed,https://github.com/grafana/grafana/issues/55743
57348,Google OAuth: Unlock user admin UI,2022-10-20 11:38:30+00:00,2022-10-20 12:52:38+00:00,type/bug,closed,https://github.com/grafana/grafana/issues/57348
56477,Flamegraph: Fix scrolling in dashboard panel,2022-10-06 14:27:09+00:00,2022-10-20 13:20:50+00:00,type/bug|area/panel/flame-graph,closed,https://github.com/grafana/grafana/issues/56477
56975,externalUserId no longer populated for gcom users,2022-10-14 11:38:07+00:00,2022-10-20 17:12:55+00:00,type/bug,closed,https://github.com/grafana/grafana/issues/56975
48934,Alerting: After migration contact points and notifications lost AND alerts sending to `example@email.com`,2022-05-12 11:57:15+00:00,2022-10-21 09:44:09+00:00,type/bug|area/alerting,closed,https://github.com/grafana/grafana/issues/48934
57025,Alerting: Grafana should retry failed evaluations or support configuration of Error state,2022-10-14 20:18:47+00:00,2022-10-21 10:10:42+00:00,type/bug|area/alerting,closed,https://github.com/grafana/grafana/issues/57025
57419,Show context icon in light theme has incorrect color ,2022-10-21 11:49:32+00:00,2022-10-21 13:24:05+00:00,type/bug|area/logs,closed,https://github.com/grafana/grafana/issues/57419
56988,Alerting: `Alert rules` UI visible in dashboard folder management,2022-10-14 13:16:08+00:00,2022-10-21 13:33:01+00:00,type/bug|area/alerting|needs investigation|area/frontend,closed,https://github.com/grafana/grafana/issues/56988
55348,Stacking in bar and timeseries plots when negative values are present is incorrect,2022-09-18 21:56:13+00:00,2022-10-21 18:58:26+00:00,type/bug|area/panel/timeseries,closed,https://github.com/grafana/grafana/issues/55348
57352,Timeseries: 100% stacking doesn't stack negative values,2022-10-20 12:15:11+00:00,2022-10-21 21:45:01+00:00,type/bug|area/panel/timeseries|type/regression,closed,https://github.com/grafana/grafana/issues/57352
55838,Context Menu fails to open on Graph View when clicking on a node,2022-09-27 14:25:11+00:00,2022-10-24 08:14:43+00:00,type/bug|prio/low|onboarding|area/panel/node-graph,closed,https://github.com/grafana/grafana/issues/55838
53248,Parse error on dashboard variable query,2022-08-03 15:10:15+00:00,2022-10-24 10:31:39+00:00,type/bug|area/dashboard/templating|datasource/prometheus|needs investigation,closed,https://github.com/grafana/grafana/issues/53248
56465,Loki: History autocomplete in query field does not work,2022-10-06 12:27:29+00:00,2022-10-24 14:27:57+00:00,type/bug|datasource/loki,closed,https://github.com/grafana/grafana/issues/56465
57462,table footer  total not refreshed,2022-10-21 15:57:07+00:00,2022-10-25 07:39:39+00:00,type/bug|area/panel/table|needs investigation,closed,https://github.com/grafana/grafana/issues/57462
57404,Grafana Live over HTTP from Telegraf error on v9.2.1,2022-10-21 10:22:36+00:00,2022-10-25 09:45:56+00:00,type/bug|prio/high|area/backend/api,closed,https://github.com/grafana/grafana/issues/57404
57562,"Metric Query Error: ""metric request error: ValidationError: SELECT is not available in this region""",2022-10-24 19:22:31+00:00,2022-10-25 15:05:39+00:00,type/bug|datasource/cloudwatch|needs investigation|area/datasource,closed,https://github.com/grafana/grafana/issues/57562
49897,Transformers orderFieldsTransformer sort function change the input dataframe,2022-05-31 10:57:27+00:00,2022-10-25 20:48:15+00:00,type/bug|effort/small|prio/medium|area/transformations|good first issue,closed,https://github.com/grafana/grafana/issues/49897
53776,A11y - follow up: make slider for time range accessible (query history tab),2022-08-16 13:05:42+00:00,2022-10-26 08:05:33+00:00,type/bug|prio/medium|area/explore|area/frontend|type/accessibility,closed,https://github.com/grafana/grafana/issues/53776
46248,Grafana Tempo plugin does not forward OAuth credentials when getting traces ,2022-03-04 13:46:31+00:00,2022-10-27 09:40:27+00:00,type/bug|prio/high|area/auth/oauth|datasource/tempo,closed,https://github.com/grafana/grafana/issues/46248
57072,[JWT Authentication] GF_AUTH_JWT_URL_LOGIN environment variable does not seem to work,2022-10-17 10:10:49+00:00,2022-10-27 13:57:03+00:00,type/bug,closed,https://github.com/grafana/grafana/issues/57072
57492,Raw query is not updated when label op change in prometheus Builder mode,2022-10-23 03:08:22+00:00,2022-10-27 16:00:16+00:00,type/bug|datasource/prometheus,closed,https://github.com/grafana/grafana/issues/57492
57321,Candlesticks' widths inconsistent in different screen (or browser) resolutions,2022-10-20 05:25:32+00:00,2022-10-27 22:37:01+00:00,type/bug|area/panel/candlestick,closed,https://github.com/grafana/grafana/issues/57321
57587,nested policy not working as expected,2022-10-25 08:40:04+00:00,2022-10-28 09:47:43+00:00,type/bug|area/alerting|needs investigation|prio/awaiting-more-evidence,closed,https://github.com/grafana/grafana/issues/57587
57610,Alert rule expression copied from 'Alert rules' page contains several UTF-8 BOMs,2022-10-25 13:43:25+00:00,2022-10-28 18:40:57+00:00,type/bug|area/alerting|area/frontend,closed,https://github.com/grafana/grafana/issues/57610
55587,Tempo: Search tab dropdown menus don't work when the cursor is in the `Tabs` field,2022-09-21 15:41:49+00:00,2022-10-31 10:35:40+00:00,type/bug|prio/medium|area/explore|area/frontend|area/datasource/frontend|datasource/tempo,closed,https://github.com/grafana/grafana/issues/55587
57782,Grafana Version Release Notes Link in Footer 404 Error (After v9.2),2022-10-27 18:36:26+00:00,2022-10-31 11:34:22+00:00,type/bug|area/frontend,closed,https://github.com/grafana/grafana/issues/57782
57676,Google Cloud Monitoring: Fields outside view,2022-10-26 14:09:31+00:00,2022-10-31 11:52:26+00:00,type/bug|effort/small|datasource/googlecloudmonitoring,closed,https://github.com/grafana/grafana/issues/57676
57638,Alerting: Migration should attempt to preserve contact point UIDs,2022-10-25 22:19:28+00:00,2022-10-31 16:29:09+00:00,type/bug|area/alerting,closed,https://github.com/grafana/grafana/issues/57638
57110,Bar charts stack tooltip show value for the all bar,2022-10-17 16:14:48+00:00,2022-10-31 21:48:24+00:00,type/bug|area/panel/barchart,closed,https://github.com/grafana/grafana/issues/57110
57722,"Timeseries: No points shown despite option ""show points"" set to ""auto"" in Time series panel",2022-10-27 07:59:36+00:00,2022-10-31 22:50:45+00:00,type/bug|area/panel/timeseries,closed,https://github.com/grafana/grafana/issues/57722
53551,Alpine Dockerfile uses Edge repositories and can break,2022-08-10 17:05:21+00:00,2022-11-02 13:44:42+00:00,type/bug|type/build-packaging|area/docker,closed,https://github.com/grafana/grafana/issues/53551
57650,Explore: Datasource help click to use doesn't work with Mixed datasource,2022-10-26 08:39:25+00:00,2022-11-02 14:50:11+00:00,type/bug|area/explore,closed,https://github.com/grafana/grafana/issues/57650
46831,Docker Images: Grafana 7.5.11-7.5.15 are missing from `grafana/grafana-oss` DockerHub repo,2022-03-22 14:09:23+00:00,2022-11-02 15:51:23+00:00,type/bug,closed,https://github.com/grafana/grafana/issues/46831
49643,Explore: Shared crosshair is not shown in split view,2022-05-25 17:47:06+00:00,2022-11-03 09:55:04+00:00,type/bug|prio/medium|area/explore,closed,https://github.com/grafana/grafana/issues/49643
55234,Search: Folder Section makes too many requests to search endpoint,2022-09-15 11:29:35+00:00,2022-11-03 13:22:09+00:00,type/bug|area/search|type/performance|mob-friendly,closed,https://github.com/grafana/grafana/issues/55234
57946,webpack config for less-loader is wrong in toolkit,2022-11-01 08:14:26+00:00,2022-11-03 15:13:20+00:00,type/bug|area/plugins|area/frontend|area/grafana/toolkit,closed,https://github.com/grafana/grafana/issues/57946
54442,[9.1.1] Alerting - Url in annotations are not clickable in Teams notifications,2022-08-30 12:50:18+00:00,2022-11-04 10:19:03+00:00,type/bug|area/alerting/notifications|triage/needs-confirmation,closed,https://github.com/grafana/grafana/issues/54442
55547,Pending invites is missing,2022-09-21 08:54:27+00:00,2022-11-04 11:15:01+00:00,type/bug|area/admin/user,closed,https://github.com/grafana/grafana/issues/55547
58236,Navigation: Kiosk mode behavior issues on non-Dashboard pages,2022-11-04 13:31:53+00:00,2022-11-04 15:49:33+00:00,type/bug|area/navigation,closed,https://github.com/grafana/grafana/issues/58236
52881,Alerting/Slack: notifications duplicating subject/title in channel message,2022-07-27 13:23:57+00:00,2022-11-04 16:09:26+00:00,type/bug|area/alerting/notifications,closed,https://github.com/grafana/grafana/issues/52881
58228,Navigation: Focus border under selected item on SectionNav,2022-11-04 12:09:01+00:00,2022-11-04 16:42:35+00:00,type/bug|prio/low|area/navigation,closed,https://github.com/grafana/grafana/issues/58228
58230,Navigation/A11y: Can still tab through navigation items when SectionNav collapsed,2022-11-04 12:24:50+00:00,2022-11-04 16:42:36+00:00,type/bug|type/accessibility|area/navigation,closed,https://github.com/grafana/grafana/issues/58230
47844,Threshold colors not loading properly,2022-04-18 07:57:25+00:00,2022-11-05 01:43:40+00:00,type/bug|area/panel/barchart,closed,https://github.com/grafana/grafana/issues/47844
47424,"DashboardURL in alerts results in ""Dashboard not found"" when using multiple Grafana orgs",2022-04-07 09:54:53+00:00,2022-11-07 16:03:27+00:00,type/bug|effort/small|prio/low|area/alerting/notifications|good first issue|kata:am_unify,closed,https://github.com/grafana/grafana/issues/47424
58031,Postgres: Filter is not working in the visual query builder,2022-11-02 09:33:38+00:00,2022-11-07 16:04:54+00:00,type/bug|datasource/postgres,closed,https://github.com/grafana/grafana/issues/58031
58109,CloudWatch: Too many open connections,2022-11-03 07:49:50+00:00,2022-11-08 08:52:38+00:00,type/bug|datasource/cloudwatch|needs investigation,closed,https://github.com/grafana/grafana/issues/58109
53609,Manage dashboards doesn't list folders in alphabetical order with panelTitleSearch,2022-08-11 15:58:46+00:00,2022-11-08 09:56:00+00:00,type/bug|area/search|area/frontend,closed,https://github.com/grafana/grafana/issues/53609
57395,ElasticSearch: Change `Run Query` behavior to `onBlur`,2022-10-21 09:31:49+00:00,2022-11-08 12:33:18+00:00,type/bug|datasource/elasticsearch|area/logs,closed,https://github.com/grafana/grafana/issues/57395
57242,Viewer can edit library panel with viewers_can_edit = true,2022-10-19 06:50:35+00:00,2022-11-08 17:22:20+00:00,type/bug|area/frontend/library-panels,closed,https://github.com/grafana/grafana/issues/57242
56892,Dashboards with multiple template variables using key/value pairs have refresh problem,2022-10-13 16:49:04+00:00,2022-11-08 17:40:16+00:00,type/bug|area/dashboard/templating,closed,https://github.com/grafana/grafana/issues/56892
47540,Grafana 8.4.5 - InfluxDB 2.1.1 with Flux - Query-Editor Odd Behaviour,2022-04-10 22:28:06+00:00,2022-11-08 21:15:00+00:00,type/bug|datasource/influxdb|prio/low|bot/no new info,closed,https://github.com/grafana/grafana/issues/47540
57457,Alert panic for some alerts while others are working just fine,2022-10-21 14:42:25+00:00,2022-11-08 21:21:21+00:00,type/bug|area/alerting|area/image-rendering|bot/no new info,closed,https://github.com/grafana/grafana/issues/57457
57595,Alerts: Migrate to unified alert failed. cannot unmarshal string into Go struct field QueryJson.datasource of type map[string]string,2022-10-25 10:30:20+00:00,2022-11-08 21:21:41+00:00,type/bug|area/alerting|needs investigation|bot/no new info|pr/awaiting-info,closed,https://github.com/grafana/grafana/issues/57595
57239,Loki Labels or Prometheus Metrics Browser produces the Content Type header two times,2022-10-19 05:19:41+00:00,2022-11-09 14:47:34+00:00,type/bug|area/backend/plugins|onboarding,closed,https://github.com/grafana/grafana/issues/57239
57237,"Public dashboards can't config in docker-compose, `GF_FEATURE_TOGGLES_PUBLICDASHBOARDS=true` is not working",2022-10-19 03:51:37+00:00,2022-11-09 17:24:27+00:00,type/bug|area/docker|area/public-dashboards,closed,https://github.com/grafana/grafana/issues/57237
58492,Canvas: Unable to set icon via field data,2022-11-09 00:23:07+00:00,2022-11-10 18:56:33+00:00,type/bug|area/panel/canvas,closed,https://github.com/grafana/grafana/issues/58492
46500,Cannot save single annotation,2022-03-12 02:42:10+00:00,2022-11-13 14:37:28+00:00,type/bug|effort/small|area/dashboard|help wanted|prio/medium|good first issue,closed,https://github.com/grafana/grafana/issues/46500
52839,'Save as' button in the template dashboard error modal not working,2022-07-26 19:38:54+00:00,2022-11-13 14:56:18+00:00,type/bug|area/frontend,closed,https://github.com/grafana/grafana/issues/52839
57862,grafana-toolkit plugin:build watch loop,2022-10-30 12:41:09+00:00,2022-11-14 08:30:54+00:00,type/bug|area/plugins|area/frontend|area/grafana/toolkit,closed,https://github.com/grafana/grafana/issues/57862
58616,clicking on transform detail does not add the transformation,2022-11-10 21:53:22+00:00,2022-11-15 08:37:39+00:00,type/bug|area/transformations,closed,https://github.com/grafana/grafana/issues/58616
57651,Login form doesn't offer oauth after redirect from signup,2022-10-26 08:40:21+00:00,2022-11-15 09:50:38+00:00,type/bug|area/auth|area/auth/oauth,closed,https://github.com/grafana/grafana/issues/57651
58481,Search: 'Recent' section display 'General' folder for all dashboards,2022-11-08 20:50:21+00:00,2022-11-15 12:16:05+00:00,type/bug|area/search|mob-friendly,closed,https://github.com/grafana/grafana/issues/58481
57729,Plugins: Plugin details page visual alignment issues,2022-10-27 09:31:24+00:00,2022-11-15 16:48:48+00:00,type/bug|area/plugins|area/frontend|add to changelog|onboarding|area/plugins-catalog,closed,https://github.com/grafana/grafana/issues/57729
58726,Query Editor: Drag and drop to reorder queries no longer works well,2022-11-14 22:59:29+00:00,2022-11-16 09:09:24+00:00,type/bug|area/query-editor,closed,https://github.com/grafana/grafana/issues/58726
54096,AlertManager (Grafana Unified Alerting) is breaking the MySQL database with deadlocks,2022-08-23 14:35:09+00:00,2022-11-16 11:55:26+00:00,type/bug|prio/high|area/alerting|area/backend/db/sql|pr/awaiting-info|kata:state-history,closed,https://github.com/grafana/grafana/issues/54096
58617,Admin: Invite email includes a broken link to Grafana logo,2022-11-10 22:07:53+00:00,2022-11-16 13:17:41+00:00,type/bug|area/admin/user|area/mailing,closed,https://github.com/grafana/grafana/issues/58617
58736,Only possible to list 1000 teams ,2022-11-15 08:50:38+00:00,2022-11-16 14:55:12+00:00,type/bug,closed,https://github.com/grafana/grafana/issues/58736
46480,A11y : Cannot access Vertical slider in Query History via keyboard,2022-03-11 21:28:45+00:00,2022-11-16 15:05:31+00:00,type/bug|prio/medium|area/explore|area/grafana/ui|type/accessibility|good first issue,closed,https://github.com/grafana/grafana/issues/46480
48868,Adding an _exp_ overrides Stats Plugin Labels ,2022-05-09 19:15:16+00:00,2022-11-16 15:39:29+00:00,type/bug|area/expressions,closed,https://github.com/grafana/grafana/issues/48868
58873,Kindsys doesn't work on Windows,2022-11-17 02:29:13+00:00,2022-11-17 08:23:57+00:00,type/bug|area/backend|os/windows,closed,https://github.com/grafana/grafana/issues/58873
57670,Docs: music is way to loud on introduction video,2022-10-26 13:10:13+00:00,2022-11-17 10:46:29+00:00,type/bug|type/docs|migrate/status-new-issues,closed,https://github.com/grafana/grafana/issues/57670
53294,Alerting: Subfolder in alerting folder broke provisioning,2022-08-04 11:11:41+00:00,2022-11-18 10:31:33+00:00,type/bug|area/alerting|area/provisioning,closed,https://github.com/grafana/grafana/issues/53294
57532,Service Account: add service account check for IsRealUser(),2022-10-24 14:22:35+00:00,2022-11-18 13:31:50+00:00,type/bug|area/backend|area/auth/serviceaccount,closed,https://github.com/grafana/grafana/issues/57532
58965,A11y: Fix keyboard accessibility in `public/app/plugins/panel/gettingstarted/GettingStarted.tsx`,2022-11-18 14:14:19+00:00,2022-11-18 15:29:52+00:00,type/bug|type/accessibility,closed,https://github.com/grafana/grafana/issues/58965
58675,Navigation: Users with `Viewer` role can still open pages hidden from menu,2022-11-11 17:55:06+00:00,2022-11-21 08:42:59+00:00,type/bug|area/dashboard|area/navigation,closed,https://github.com/grafana/grafana/issues/58675
58809,Navigation: Application files wont load when `GF_HELP_ENABLED=false`,2022-11-16 09:57:18+00:00,2022-11-21 08:43:23+00:00,type/bug|area/navigation|area/configuration,closed,https://github.com/grafana/grafana/issues/58809
58969,A11y: Fix keyboard accessibility in `public/app/plugins/panel/annolist/AnnoListPanel.tsx`,2022-11-18 14:42:00+00:00,2022-11-21 09:25:57+00:00,type/bug|type/accessibility,closed,https://github.com/grafana/grafana/issues/58969
58975,A11y: Fix keyboard accessibility in `packages/grafana-ui/src/components/FilterPill/FilterPill.tsx`,2022-11-18 15:26:32+00:00,2022-11-21 09:29:44+00:00,type/bug|type/accessibility,closed,https://github.com/grafana/grafana/issues/58975
58111,Azure Monitor: Health check fails with invalid API version,2022-11-03 08:24:06+00:00,2022-11-21 12:03:17+00:00,type/bug|effort/small|datasource/azure,closed,https://github.com/grafana/grafana/issues/58111
50290,Unified Alerting: All alarms are reset when saving one alarm,2022-06-07 09:40:15+00:00,2022-11-21 16:59:21+00:00,type/bug|area/alerting|area/alerting/evaluation|area/frontend,closed,https://github.com/grafana/grafana/issues/50290
55535,Prometheus histogram heatmap y-axis out-of-order with auto legend,2022-09-21 03:57:09+00:00,2022-11-21 17:29:39+00:00,type/bug|datasource/prometheus|area/panel/heatmap,closed,https://github.com/grafana/grafana/issues/55535
57206,Frequent front-end crash on alert list page with ,2022-10-18 18:05:04+00:00,2022-11-22 06:44:46+00:00,type/bug|area/backend|area/backend_srv,closed,https://github.com/grafana/grafana/issues/57206
56997,Edit permissions not applying for Library Panels (folderId not sent in the API request),2022-10-14 14:34:06+00:00,2022-11-22 10:05:57+00:00,type/bug|area/dashboard|prio/support-subscription|area/dashboard/folders|area/frontend/library-panels|prio/customer-support,closed,https://github.com/grafana/grafana/issues/56997
59021,A11y: Fix keyboard accessibility in `packages/grafana-ui/src/components/Collapse/Collapse.tsx`,2022-11-21 10:17:05+00:00,2022-11-22 11:19:58+00:00,type/bug|type/accessibility,closed,https://github.com/grafana/grafana/issues/59021
56411,Azure Monitor: Fix namespace change for microsoft.storage/storageaccounts,2022-10-05 15:28:50+00:00,2022-11-22 15:43:39+00:00,type/bug|effort/small|datasource/azure,closed,https://github.com/grafana/grafana/issues/56411
56113,Azure Monitor: Wrong selection for resources including a slash,2022-09-30 14:43:50+00:00,2022-11-22 15:43:59+00:00,type/bug|effort/small|datasource/azure,closed,https://github.com/grafana/grafana/issues/56113
58700,App Title is not consistent ,2022-11-14 12:00:44+00:00,2022-11-22 16:48:09+00:00,type/bug|area/navigation,closed,https://github.com/grafana/grafana/issues/58700
56687,State timeline: consider truncating string values which exceed the segment length,2022-10-11 10:46:54+00:00,2022-11-23 03:58:50+00:00,type/bug|area/panel/state-timeline,closed,https://github.com/grafana/grafana/issues/56687
57745,MS/MYSQL: Autocomplete not working,2022-10-27 12:18:01+00:00,2022-11-23 09:36:09+00:00,type/bug|datasource/mysql|datasource/mssql,closed,https://github.com/grafana/grafana/issues/57745
58598,X-ID-Token header still missing on Loki Datasource,2022-11-10 17:28:54+00:00,2022-11-23 10:31:52+00:00,type/bug|datasource/loki,closed,https://github.com/grafana/grafana/issues/58598
47184,Graph panel: Data Link editor automcomplete gives double $,2022-04-01 10:24:07+00:00,2022-11-24 02:59:38+00:00,type/bug|help wanted|beginner friendly|area/dashboard/data-links,closed,https://github.com/grafana/grafana/issues/47184
45629,Loki: Grafana expects prexisting test rules,2022-02-18 17:32:21+00:00,2022-11-24 09:20:01+00:00,type/bug|area/alerting|datasource/loki,closed,https://github.com/grafana/grafana/issues/45629
57988,api/dashboards/import API isn't working with folderUid,2022-11-01 14:17:24+00:00,2022-11-24 09:50:23+00:00,type/bug|area/backend/api|area/dashboard/import,closed,https://github.com/grafana/grafana/issues/57988
57807,Azure Monitor: azlog error,2022-10-28 08:30:11+00:00,2022-11-24 10:45:58+00:00,type/bug|effort/none|datasource/azure,closed,https://github.com/grafana/grafana/issues/57807
54949,Unable to display very large traces in Dashboard,2022-09-09 09:10:03+00:00,2022-11-24 10:49:57+00:00,type/bug|prio/high|area/tracing,closed,https://github.com/grafana/grafana/issues/54949
58307, Timeseries datalinks don't replace string field variable,2022-11-07 08:16:48+00:00,2022-11-24 12:44:34+00:00,type/bug|area/frontend|area/panel/timeseries,closed,https://github.com/grafana/grafana/issues/58307
51937,Dashboards: Difference Percent Legend unit displays 0.0-1.0 when 0-100 expected,2022-07-07 23:09:47+00:00,2022-11-24 15:23:15+00:00,type/bug|area/panel/timeseries,closed,https://github.com/grafana/grafana/issues/51937
44405,MySQL queries returning No Data appear in Pie Chart as Time and Value,2022-01-24 23:55:23+00:00,2022-11-24 17:01:06+00:00,type/bug|area/backend/db/mysql,closed,https://github.com/grafana/grafana/issues/44405
59073,Bug: slider input field is not focused any more on change,2022-11-21 21:20:59+00:00,2022-11-24 17:21:34+00:00,type/bug|area/grafana/ui,closed,https://github.com/grafana/grafana/issues/59073
58577,Prometheus Native Histogram are not display in Heatmap panel,2022-11-10 13:17:43+00:00,2022-11-27 02:33:44+00:00,type/bug|datasource/prometheus,closed,https://github.com/grafana/grafana/issues/58577
59302,Bug: Grafana won't load if help is disabled,2022-11-24 14:08:40+00:00,2022-11-28 10:43:34+00:00,type/bug|area/backend/config|area/backend,closed,https://github.com/grafana/grafana/issues/59302
58793,Expressions: Maths do not pass User info in req.PluginContext,2022-11-15 23:24:42+00:00,2022-11-28 12:40:08+00:00,type/bug|prio/support-subscription|area/expressions|prio/customer-support,closed,https://github.com/grafana/grafana/issues/58793
57690,TimeSeries: Regression in 9.2.2 affecting node_exporter CPU graphs.,2022-10-26 16:27:33+00:00,2022-11-28 15:45:24+00:00,type/bug|area/panel/timeseries,closed,https://github.com/grafana/grafana/issues/57690
58921,make build-docker-full* fails,2022-11-17 16:40:59+00:00,2022-11-28 20:51:53+00:00,type/bug|area/docker,closed,https://github.com/grafana/grafana/issues/58921
54927,Plugins Catalog: Only admins should access the plugins route `/plugins`,2022-09-08 16:29:19+00:00,2022-11-30 08:41:29+00:00,type/bug,closed,https://github.com/grafana/grafana/issues/54927
55924,upgrade to grafana 9: failed to migrate permissions: failed to create permissions for role: Duplicate entry,2022-09-28 12:41:45+00:00,2022-11-30 09:29:23+00:00,type/bug|area/backend/db/migration,closed,https://github.com/grafana/grafana/issues/55924
54857,Prometheus returning zero for some queries instead of NaN,2022-09-07 15:28:19+00:00,2022-11-30 15:38:25+00:00,type/bug|prio/medium|effort/none|datasource/prometheus,closed,https://github.com/grafana/grafana/issues/54857
55962,"Grafana Installation not possible on new CentOS, RHEL, RockyLinux (ver 9) as SHA1 is Legacy",2022-09-28 22:18:23+00:00,2022-11-30 15:45:30+00:00,type/bug|type/build-packaging,closed,https://github.com/grafana/grafana/issues/55962
59488,TraceQL: Textbox does not handle multiline queries properly,2022-11-29 13:19:35+00:00,2022-11-30 15:59:17+00:00,type/bug|datasource/tempo,closed,https://github.com/grafana/grafana/issues/59488
57198,Traces - Spans less visible when using light UI theme,2022-10-18 14:43:03+00:00,2022-11-30 19:20:46+00:00,type/bug|prio/medium|area/ux|area/tracing,closed,https://github.com/grafana/grafana/issues/57198
59284,A11y: Fix keyboard accessibility in `packages/grafana-ui/src/components/BarGauge/BarGauge.tsx`,2022-11-24 11:12:06+00:00,2022-12-01 13:45:58+00:00,type/bug|area/frontend|type/accessibility,closed,https://github.com/grafana/grafana/issues/59284
54135,Plugins: Contextual middlewares should automatically apply for CallResource and CheckHealth,2022-08-24 08:57:00+00:00,2022-12-01 18:08:38+00:00,type/bug|area/backend/plugins,closed,https://github.com/grafana/grafana/issues/54135
59601,Public dashboard only showing one query per panel,2022-11-30 17:37:25+00:00,2022-12-01 23:05:46+00:00,type/bug|type/debt|team/operator-experience|effort/medium,closed,https://github.com/grafana/grafana/issues/59601
59659,Table cell background color,2022-12-01 14:44:55+00:00,2022-12-02 09:54:08+00:00,type/bug|area/panel/table,closed,https://github.com/grafana/grafana/issues/59659
58990,Azure Monitor datasource is not listing all available metrics in Azure GovCloud,2022-11-18 18:56:21+00:00,2022-12-02 13:23:16+00:00,type/bug|effort/none|datasource/azure,closed,https://github.com/grafana/grafana/issues/58990
56479,"ad-hoc filter is missing 'remove', POST /api/v1/labels fail with code 500, missing body with start and end time",2022-10-06 14:53:05+00:00,2022-12-02 18:11:36+00:00,type/bug|datasource/prometheus|needs investigation,closed,https://github.com/grafana/grafana/issues/56479
47339,alerting.engine: runtime error: invalid memory address or nil pointer dereference,2022-04-05 15:47:28+00:00,2022-12-05 11:31:40+00:00,type/bug|prio/high|area/backend,closed,https://github.com/grafana/grafana/issues/47339
59689,Datasource: Default query not applied when creating new panels,2022-12-02 07:57:59+00:00,2022-12-05 14:44:06+00:00,type/bug|area/datasource,closed,https://github.com/grafana/grafana/issues/59689
59489,TraceQL: Autocomplete is not handling properly the usage of a period,2022-11-29 13:30:37+00:00,2022-12-05 16:05:30+00:00,type/bug|datasource/tempo,closed,https://github.com/grafana/grafana/issues/59489
56840,Command Palette: Explore state is reset after theme changing,2022-10-13 07:03:38+00:00,2022-12-05 16:12:58+00:00,type/bug|prio/medium|area/explore,closed,https://github.com/grafana/grafana/issues/56840
48607,PagerDuty notification tag re-write doesn't work,2022-05-03 02:04:07+00:00,2022-12-05 16:15:12+00:00,type/bug|prio/high|effort/none|area/alerting/notifications|good first issue,closed,https://github.com/grafana/grafana/issues/48607
46555,No logs when alerts fail to evaluate,2022-03-14 21:33:08+00:00,2022-12-05 22:01:41+00:00,type/bug|prio/high|area/alerting|effort/none|area/backend|good first issue,closed,https://github.com/grafana/grafana/issues/46555
59333,Explore Loki query builder uses escape on backtick strings,2022-11-25 10:50:50+00:00,2022-12-06 11:30:05+00:00,type/bug|datasource/loki|area/logs,closed,https://github.com/grafana/grafana/issues/59333
59781,"Admin/User: 500 error when deleting a user, but user still deleted",2022-12-05 10:01:49+00:00,2022-12-06 13:02:03+00:00,type/bug|area/admin/user,closed,https://github.com/grafana/grafana/issues/59781
58747,RulesEditor unit test fails intermittently because of timeouts and overlapping acts calls,2022-11-15 11:49:30+00:00,2022-12-07 15:15:38+00:00,type/bug|area/alerting|area/frontend|type/ci,closed,https://github.com/grafana/grafana/issues/58747
48935,Grafana Unified Alerting Contact Point API not working,2022-05-12 12:48:38+00:00,2022-12-08 08:47:38+00:00,type/bug|prio/high|area/alerting|area/alerting/notifications,closed,https://github.com/grafana/grafana/issues/48935
51583,Alerting: Improve validation for evaluating incompatible data source,2022-06-29 16:34:28+00:00,2022-12-08 09:44:03+00:00,type/bug|effort/small|area/alerting|prio/medium|area/backend,closed,https://github.com/grafana/grafana/issues/51583
60032,Command Palette: doesn't show navigation items when `serve_from_sub_path` is true,2022-12-08 14:15:37+00:00,2022-12-08 15:00:09+00:00,type/bug,closed,https://github.com/grafana/grafana/issues/60032
59150,Data-links edit and delete icons are off-screen and not visible,2022-11-22 16:29:37+00:00,2022-12-08 17:32:24+00:00,type/bug|help wanted|beginner friendly|area/panel/edit,closed,https://github.com/grafana/grafana/issues/59150
59678,Prometheus: Exemplar queries with multiple series in a single metric are not differentiable in the UI,2022-12-01 20:57:58+00:00,2022-12-08 17:46:02+00:00,type/bug|datasource/prometheus,closed,https://github.com/grafana/grafana/issues/59678
59764,Dashboards: Starring a dashboard where uid = `home` will throw error for many urls,2022-12-03 11:18:51+00:00,2022-12-09 12:54:01+00:00,type/bug|area/dashboard|area/internationalization,closed,https://github.com/grafana/grafana/issues/59764
59776,Cannot read properties of undefined (reading 'color')  on Bar Chart,2022-12-05 08:55:25+00:00,2022-12-09 17:52:36+00:00,type/bug|area/panel/barchart,closed,https://github.com/grafana/grafana/issues/59776
60002,Bar Chart error with MySQL queries,2022-12-08 08:47:05+00:00,2022-12-09 17:52:37+00:00,type/bug|area/panel/barchart,closed,https://github.com/grafana/grafana/issues/60002
57647,Prometheus: Typing in query editor causes extra spaces added so query don't work,2022-10-26 08:11:53+00:00,2022-12-10 12:56:33+00:00,type/bug|datasource/prometheus,closed,https://github.com/grafana/grafana/issues/57647
60138,Explore chart throws an exception when the a query in a set is hidden,2022-12-12 03:26:09+00:00,2022-12-12 13:44:17+00:00,type/bug|datasource/prometheus|area/explore|area/frontend,closed,https://github.com/grafana/grafana/issues/60138
60060,Explore: Prom after split screen: `TypeError: Cannot read properties of undefined (reading 'fields')`,2022-12-08 21:44:04+00:00,2022-12-12 14:00:12+00:00,type/bug|area/explore,closed,https://github.com/grafana/grafana/issues/60060
60132,Flaky test: TestFeatureToggleFiles in pkg/services/export,2022-12-09 23:28:50+00:00,2022-12-12 14:42:32+00:00,type/bug,closed,https://github.com/grafana/grafana/issues/60132
50249,Grafana didn't send No Data alerts in telegram notification point,2022-06-06 12:23:19+00:00,2022-12-12 15:12:34+00:00,type/bug|prio/high|area/alerting|area/alerting/notifications|area/backend|good first issue,closed,https://github.com/grafana/grafana/issues/50249
60059,"Explore: After split screen, Shift-Enter in left pane triggers query evaluation in right pane!",2022-12-08 21:34:04+00:00,2022-12-12 16:50:02+00:00,type/bug|area/explore,closed,https://github.com/grafana/grafana/issues/60059
58081,Canvas: Black screen on element rearrangement,2022-11-02 15:57:59+00:00,2022-12-12 18:06:24+00:00,type/bug|area/frontend|area/panel/canvas,closed,https://github.com/grafana/grafana/issues/58081
60058,TraceQL Autocomplete Issues,2022-12-08 21:32:14+00:00,2022-12-13 14:39:56+00:00,type/bug|prio/high|area/tracing|datasource/tempo,closed,https://github.com/grafana/grafana/issues/60058
56885,Command Palette: not possible to type when keyboard shortcuts are open,2022-10-13 15:14:53+00:00,2022-12-13 14:44:34+00:00,type/bug|prio/medium|area/explore,closed,https://github.com/grafana/grafana/issues/56885
60088,Dashboards: Error not shown on panels when missing data source,2022-12-09 12:29:33+00:00,2022-12-14 12:37:33+00:00,type/bug|area/dashboard,closed,https://github.com/grafana/grafana/issues/60088
59383,A11y: Fix keyboard accessibility in `packages/grafana-ui/src/components/BigValue/BigValue.tsx`,2022-11-28 11:25:42+00:00,2022-12-14 13:28:46+00:00,type/bug|area/frontend|type/accessibility,closed,https://github.com/grafana/grafana/issues/59383
57691,"Dashboard: ""Dashboard not editable"" layout bug",2022-10-26 16:27:39+00:00,2022-12-14 13:32:31+00:00,type/bug|area/dashboard|help wanted|beginner friendly|area/ux|good first issue,closed,https://github.com/grafana/grafana/issues/57691
60305,Dashboards: 'Make Editable' in uneditable Dashboards Settings doesn't do anything,2022-12-14 11:58:06+00:00,2022-12-14 14:24:10+00:00,type/bug|area/dashboard|area/navigation,closed,https://github.com/grafana/grafana/issues/60305
60072,TablePanel/Transforms: Convert Field Type Transform Boolean=>Numeric breaks table panel,2022-12-09 07:30:44+00:00,2022-12-14 18:00:12+00:00,type/bug|area/panel/table|area/transformations,closed,https://github.com/grafana/grafana/issues/60072
57526,"GUI allows two dashboards with the same name, API does not",2022-10-24 12:45:51+00:00,2022-12-15 11:31:09+00:00,type/bug|area/dashboard|area/backend/api|area/backend,closed,https://github.com/grafana/grafana/issues/57526
60377,"Console throwing a ""Cannot read properties of undefined (reading 'eventTrackingNamespace')"" error",2022-12-15 10:51:10+00:00,2022-12-15 13:58:22+00:00,type/bug|area/search,closed,https://github.com/grafana/grafana/issues/60377
47734,Datasource proxy headers broken since version 8.3,2022-04-13 19:02:03+00:00,2022-12-15 14:28:27+00:00,type/bug|area/plugins|area/backend/plugins|area/backend,closed,https://github.com/grafana/grafana/issues/47734
59940,Prometheus: duplicate header X-ID-Token and X-Id-Token with oauth,2022-12-07 10:11:56+00:00,2022-12-15 16:18:40+00:00,type/bug|datasource/prometheus|area/backend/plugins|area/auth/oauth,closed,https://github.com/grafana/grafana/issues/59940
59845,Alerting: Alertmanager configuration truncation in MySQL 8,2022-12-05 17:25:24+00:00,2022-12-15 23:35:05+00:00,type/bug|area/alerting,closed,https://github.com/grafana/grafana/issues/59845
60242,Prometheus datasource POSTs to Backend via URL,2022-12-13 14:05:33+00:00,2022-12-16 10:15:21+00:00,type/bug|datasource/prometheus|pr/external|triage/needs-confirmation,closed,https://github.com/grafana/grafana/issues/60242
59860,A11y: Fix keyboard accessibility in `packages/grafana-ui/src/components/Gauge/Gauge.tsx`,2022-12-06 07:48:02+00:00,2022-12-19 09:40:47+00:00,type/bug|area/frontend|type/accessibility,closed,https://github.com/grafana/grafana/issues/59860
60397,"Button styles ""stick"" after command palette theme change",2022-12-15 15:37:52+00:00,2022-12-19 10:59:30+00:00,type/bug|area/frontend,closed,https://github.com/grafana/grafana/issues/60397
52814,helm chart: grafana-6.32.5 app version: 9.0.3 grafana-sc-dashboard fails to start,2022-07-26 14:03:00+00:00,2022-12-20 15:49:48+00:00,type/bug|type/build-packaging,closed,https://github.com/grafana/grafana/issues/52814
59217,Build: Enterprise build doesn't work as expected for OSS PRs,2022-11-23 13:41:02+00:00,2022-12-20 15:52:56+00:00,type/bug|type/build-packaging,closed,https://github.com/grafana/grafana/issues/59217
59283,RPM package manager only shows Grafana BETA version as the default choice for installation,2022-11-24 11:10:23+00:00,2022-12-20 15:54:19+00:00,type/bug|type/build-packaging,closed,https://github.com/grafana/grafana/issues/59283
60253,Explore - Split resize widen/narrow uses exact same icon as moving the time window,2022-12-13 15:15:24+00:00,2022-12-21 13:07:07+00:00,type/bug|area/explore,closed,https://github.com/grafana/grafana/issues/60253
58290,Config: Datasources url is not honoring root_url when using sub-path,2022-11-05 10:36:41+00:00,2022-12-21 13:21:05+00:00,type/bug|area/backend/config|area/backend,closed,https://github.com/grafana/grafana/issues/58290
55976,CLI reset-admin-password fails when admin user hasn't ID 1 anymore,2022-09-29 07:20:26+00:00,2022-12-21 13:24:34+00:00,type/bug|help wanted|prio/low|area/grafana-cli|beginner friendly,closed,https://github.com/grafana/grafana/issues/55976
59994,"Explore: ""Show all timeseries"" limited to 20 series",2022-12-07 23:04:39+00:00,2022-12-21 14:01:27+00:00,type/bug|area/explore,closed,https://github.com/grafana/grafana/issues/59994
52294,Azure Monitor/Dashboard: Panel TimeSeries link does not properly forward to Azure Log Analytics (subscription ID missing in URL),2022-07-14 22:14:45+00:00,2022-12-21 15:46:36+00:00,type/bug|effort/small|datasource/azure,closed,https://github.com/grafana/grafana/issues/52294
48455,AzureMonitor: View in Azure Portal link does not correctly display for queries with dimension filters,2022-04-28 16:37:47+00:00,2022-12-21 16:30:18+00:00,type/bug|effort/small|datasource/azure,closed,https://github.com/grafana/grafana/issues/48455
55916,"Elasticsearch: When jumping from dashboard to Explore, ad-hoc filters are not being added to query",2022-09-28 11:34:38+00:00,2022-12-22 15:06:32+00:00,type/bug|datasource/elasticsearch,closed,https://github.com/grafana/grafana/issues/55916
59846,Prometheus: Exemplar popover renders outside of viewport,2022-12-05 17:40:09+00:00,2022-12-23 09:14:48+00:00,type/bug|datasource/prometheus,closed,https://github.com/grafana/grafana/issues/59846
53159,Azure Monitor: Editor with empty values when it cannot be resolved,2022-08-02 15:18:15+00:00,2022-12-23 17:43:44+00:00,type/bug|effort/small|datasource/azure,closed,https://github.com/grafana/grafana/issues/53159
60572,"BarChart: Tooltip has erroneous ""Exemplar"" header",2022-12-20 13:18:37+00:00,2022-12-23 18:42:54+00:00,type/bug|area/panel/barchart|area/tooltip,closed,https://github.com/grafana/grafana/issues/60572
60573,BarChart: tooltip no longer disappears when unhovering,2022-12-20 14:03:48+00:00,2022-12-23 19:00:53+00:00,type/bug|area/panel/barchart|type/regression,closed,https://github.com/grafana/grafana/issues/60573
60558,Logging: Cannot run test with count higher than 1,2022-12-20 11:04:06+00:00,2022-12-27 15:42:05+00:00,type/bug,closed,https://github.com/grafana/grafana/issues/60558
60467,Wrong time for instant queries since v9.3.0 (Prometheus datasource),2022-12-16 14:04:04+00:00,2022-12-29 15:54:58+00:00,type/bug|datasource/prometheus|triage/needs-confirmation,closed,https://github.com/grafana/grafana/issues/60467
54680, Error 1062: Duplicate entry '114-xxxxxxxx' for key 'UQE_alert_rule_org_id_uid' ,2022-09-03 11:15:10+00:00,2022-12-29 20:15:31+00:00,type/bug|area/alerting,closed,https://github.com/grafana/grafana/issues/54680
57872,Tempo: Interpolate variables in traceQL queries,2022-10-31 09:29:42+00:00,2023-01-02 14:23:52+00:00,type/bug|prio/medium|datasource/tempo,closed,https://github.com/grafana/grafana/issues/57872
59485,TraceQL: Non string constants are not highlighted,2022-11-29 13:16:32+00:00,2023-01-02 14:23:53+00:00,type/bug|datasource/tempo,closed,https://github.com/grafana/grafana/issues/59485
59759,Dashboard: .txt file extension is not supported in /dashboard/import file upload,2022-12-02 21:31:11+00:00,2023-01-04 13:16:25+00:00,type/bug|area/dashboard/import,closed,https://github.com/grafana/grafana/issues/59759
60804,Canvas: Inconsistent save behavior,2022-12-28 22:12:01+00:00,2023-01-04 23:29:04+00:00,type/bug|area/panel/canvas,closed,https://github.com/grafana/grafana/issues/60804
52640,Grafana: make all backend plugin platform files executabe,2022-07-22 09:30:46+00:00,2023-01-05 13:32:48+00:00,type/bug|area/plugins|onboarding,closed,https://github.com/grafana/grafana/issues/52640
60648,Alert Templates Not Within Scope Everywhere,2022-12-21 19:06:16+00:00,2023-01-06 10:02:23+00:00,type/bug|area/alerting|area/alerting/notifications|triage/needs-confirmation,closed,https://github.com/grafana/grafana/issues/60648
60859,BarGauge: visualization problem when result is one,2022-12-30 19:57:08+00:00,2023-01-07 17:20:04+00:00,type/bug|area/panel/bargauge,closed,https://github.com/grafana/grafana/issues/60859
59839,TraceQL: Low number of results gets cut off when expanding,2022-12-05 15:56:39+00:00,2023-01-10 11:58:50+00:00,type/bug|area/tracing|datasource/tempo,closed,https://github.com/grafana/grafana/issues/59839
61134,Bump Alpine in development Docker image,2023-01-09 09:04:55+00:00,2023-01-10 16:11:46+00:00,type/bug|area/docker|type/regression,closed,https://github.com/grafana/grafana/issues/61134
60314,"Switching to builder mode with a valid PromQL query shows a ""Query Parsing Error"" modal",2022-12-14 12:40:21+00:00,2023-01-11 12:12:05+00:00,type/bug|prio/medium|effort/none|datasource/prometheus|good first issue,closed,https://github.com/grafana/grafana/issues/60314
60005,Plugins Platform: onChange - previously selected data source can update the query of the newly selected data source,2022-12-08 09:40:07+00:00,2023-01-11 13:06:36+00:00,type/bug|area/plugins,closed,https://github.com/grafana/grafana/issues/60005
56918,Loki: log-row-filtering with escaped label-values produces incorrect LogQL query,2022-10-14 07:15:03+00:00,2023-01-11 16:18:08+00:00,type/bug|datasource/loki,closed,https://github.com/grafana/grafana/issues/56918
58838,Loki: query fails to load log volume with multiple comments,2022-11-16 14:42:01+00:00,2023-01-11 16:21:05+00:00,type/bug|datasource/loki,closed,https://github.com/grafana/grafana/issues/58838
58656,Dead keys break the tags editor on the search tab,2022-11-11 14:59:49+00:00,2023-01-12 12:06:31+00:00,type/bug|prio/medium|area/frontend|area/tracing|datasource/tempo,closed,https://github.com/grafana/grafana/issues/58656
61030,"Glue: Disable Query Editor's ""Run Queries"" button in the Correlations page",2023-01-05 10:37:09+00:00,2023-01-12 20:14:58+00:00,type/bug|area/explore|area/correlations,closed,https://github.com/grafana/grafana/issues/61030
61272,"Explore: Split screen, sync time range, close a view and sync indicator (orange color) still visible",2023-01-11 11:23:27+00:00,2023-01-12 20:59:38+00:00,type/bug|area/explore,closed,https://github.com/grafana/grafana/issues/61272
61400,Sending large alerts to Discord fails,2023-01-12 15:05:45+00:00,2023-01-13 01:09:37+00:00,type/bug|area/alerting/notifications,closed,https://github.com/grafana/grafana/issues/61400
61429,Canvas: Fix connections glitchy UX when duplicating element,2023-01-12 20:01:05+00:00,2023-01-13 02:38:03+00:00,type/bug|type/ux|area/panel/canvas,closed,https://github.com/grafana/grafana/issues/61429
52357,Logs: Stats produce incorrect calculation,2022-07-15 19:10:58+00:00,2023-01-13 10:10:09+00:00,type/bug|prio/medium|area/logs,closed,https://github.com/grafana/grafana/issues/52357
55933,Logs: detected-fields JSON parse does not handle large numbers correctly,2022-09-28 14:21:48+00:00,2023-01-13 10:12:27+00:00,type/bug|area/logs,closed,https://github.com/grafana/grafana/issues/55933
61093,Bug: Long dashboard names cause the command palette to crash,2023-01-06 13:38:04+00:00,2023-01-13 14:16:19+00:00,type/bug|area/frontend,closed,https://github.com/grafana/grafana/issues/61093
61078,"Grafana-managed Notification Policies can't be provisioned in the matcher contains a ""-"", but can be provisioned in the UI.",2023-01-06 05:41:30+00:00,2023-01-13 17:10:10+00:00,type/bug|area/alerting|area/provisioning,closed,https://github.com/grafana/grafana/issues/61078
55932,BarChart: legend becomes right-aligned when bar orientation is horizontal,2022-09-28 14:11:55+00:00,2023-01-16 10:09:22+00:00,type/bug|area/panel/barchart,closed,https://github.com/grafana/grafana/issues/55932
61554,PanelChrome: `leftItems` does not affect `status`/`loadingState`,2023-01-16 12:09:15+00:00,2023-01-17 08:52:15+00:00,type/bug|area/frontend|area/grafana/ui,closed,https://github.com/grafana/grafana/issues/61554
61454,BarChart tooltip shows wrong values when multiple data fields exist,2023-01-13 08:53:14+00:00,2023-01-17 09:30:32+00:00,type/bug,closed,https://github.com/grafana/grafana/issues/61454
59490,TraceView: List rendering broken in Firefox,2022-11-29 13:34:42+00:00,2023-01-17 11:42:58+00:00,type/bug|prio/high|prio/support-subscription|prio/customer-support|area/panel/traceview,closed,https://github.com/grafana/grafana/issues/59490
57273,Tempo explore panel scrolling to the top all the time,2022-10-19 12:23:44+00:00,2023-01-17 11:42:59+00:00,type/bug|prio/medium|area/tracing|datasource/tempo,closed,https://github.com/grafana/grafana/issues/57273
57985,Minified React error #185 on Grafana Cloud trace view in Firefox,2022-11-01 14:04:07+00:00,2023-01-17 11:42:59+00:00,type/bug|prio/medium|prio/support-subscription|area/explore|datasource/tempo|os/mac|prio/customer-support|area/panel/traceview,closed,https://github.com/grafana/grafana/issues/57985
60199,Check: adding new query when mixed data sources are disabled (it added test data source),2022-12-12 20:58:39+00:00,2023-01-17 11:49:02+00:00,type/bug|prio/medium|area/explore,closed,https://github.com/grafana/grafana/issues/60199
57572,following upgrade to grafana 9.2.1 from 8.x table cells with data links do not center justify/alignment,2022-10-25 01:17:08+00:00,2023-01-17 13:06:00+00:00,type/bug|area/panel/table,closed,https://github.com/grafana/grafana/issues/57572
59391,TablePanel: Images in image cells overflow the table cell if a single datalink is added to it.,2022-11-28 13:05:42+00:00,2023-01-17 13:06:00+00:00,type/bug|area/panel/table,closed,https://github.com/grafana/grafana/issues/59391
61293,Dashboard Search: misleading empty state message when filtering dashboards in a folder,2023-01-11 14:07:37+00:00,2023-01-17 15:35:56+00:00,type/bug|area/search|area/dashboard/folders,closed,https://github.com/grafana/grafana/issues/61293
61628,Alerting: Fix intermittent test: TestIntegrationUpdateAlertRules,2023-01-17 16:04:02+00:00,2023-01-17 19:09:47+00:00,type/bug|type/ci,closed,https://github.com/grafana/grafana/issues/61628
51487,Explore: Slow animations when entering split mode with a Prometheus query,2022-06-28 09:39:44+00:00,2023-01-18 13:27:44+00:00,type/bug|type/ux|prio/low|type/performance|area/explore,closed,https://github.com/grafana/grafana/issues/51487
58133,Loki: Parsing of query with unwrap and regex parser produces incorrect visual query in builder,2022-11-03 11:45:29+00:00,2023-01-18 14:54:20+00:00,type/bug|datasource/loki,closed,https://github.com/grafana/grafana/issues/58133
60589,Variables: search in variable drop down is automatically selecting first value when pressing space,2022-12-20 16:32:38+00:00,2023-01-19 08:53:17+00:00,type/bug|area/dashboard/templating|area/frontend,closed,https://github.com/grafana/grafana/issues/60589
57994,Logs histogram Y-axis values get truncated,2022-11-01 14:37:25+00:00,2023-01-19 10:44:17+00:00,type/bug|area/explore|area/logs,closed,https://github.com/grafana/grafana/issues/57994
61665,ElasticSearch Datasources: X-Pack Toggle Button is Broken,2023-01-18 10:45:27+00:00,2023-01-19 11:32:04+00:00,type/bug|datasource/elasticsearch,closed,https://github.com/grafana/grafana/issues/61665
61704,Alerting: `QueryAndExpressionStep` is not using the right query,2023-01-18 16:02:14+00:00,2023-01-19 16:33:37+00:00,type/bug|area/alerting|area/alerting/evaluation,closed,https://github.com/grafana/grafana/issues/61704
61640,Canvas: Border of element is visible when set to 0 in editing mode,2023-01-17 18:47:04+00:00,2023-01-19 18:43:24+00:00,type/bug|area/panel/canvas,closed,https://github.com/grafana/grafana/issues/61640
56338,Dashboard alert migration fails if escaped character in alert message,2022-10-04 18:23:02+00:00,2023-01-19 21:04:18+00:00,type/bug|area/alerting|prio/low|prio/awaiting-more-evidence|area/backend/db/migration,closed,https://github.com/grafana/grafana/issues/56338
61551,Search: Filtering by starred in a folder with no stars shows all folders + dashboards from outside the folder,2023-01-16 11:59:44+00:00,2023-01-19 21:37:08+00:00,type/bug|area/search,closed,https://github.com/grafana/grafana/issues/61551
61728,Tempo Traces to Logs with Elasticsearch and no tags produces an invalid Lucene query,2023-01-19 01:14:27+00:00,2023-01-20 09:52:35+00:00,type/bug|datasource/elasticsearch,closed,https://github.com/grafana/grafana/issues/61728
61304,Alert rule panic; runtime error: invalid memory address or nil pointer dereference,2023-01-11 15:44:08+00:00,2023-01-20 14:53:08+00:00,type/bug|area/alerting/evaluation|area/expressions|triage/needs-confirmation,closed,https://github.com/grafana/grafana/issues/61304
52301,Loki Query Builder - Size of the box for a pattern stage goes over the width of the window/screen,2022-07-15 00:07:26+00:00,2023-01-20 15:25:04+00:00,type/bug|datasource/loki,closed,https://github.com/grafana/grafana/issues/52301
61867,Canvas: Rectangle render error,2023-01-20 15:47:53+00:00,2023-01-20 21:29:39+00:00,type/bug|area/panel/canvas,closed,https://github.com/grafana/grafana/issues/61867
61909,SupportBundles: Menu entry appears even if user doesn't have permissions to access it,2023-01-23 09:54:59+00:00,2023-01-23 16:23:22+00:00,type/bug|area/auth,closed,https://github.com/grafana/grafana/issues/61909
61438,Canvas: Connection heads not rendering consistently,2023-01-13 01:22:36+00:00,2023-01-23 16:51:57+00:00,type/bug|area/panel/canvas,closed,https://github.com/grafana/grafana/issues/61438
61065,Graphite: Add documentation for variable types and allow functions to metric name query,2023-01-05 18:31:47+00:00,2023-01-23 23:13:24+00:00,type/bug|datasource/graphite|type/docs,closed,https://github.com/grafana/grafana/issues/61065
61805,Canvas: Inconsistent connection points for elements with border,2023-01-19 19:03:49+00:00,2023-01-24 00:42:48+00:00,type/bug|area/panel/canvas,closed,https://github.com/grafana/grafana/issues/61805
61722,Proxy by uid fails for at least tempo when datasource uid contains a hyphen,2023-01-18 22:03:07+00:00,2023-01-24 16:15:55+00:00,type/bug|area/datasource,closed,https://github.com/grafana/grafana/issues/61722
61930,Canvas: Connections dissapearing in view mode,2023-01-23 15:33:30+00:00,2023-01-25 00:41:10+00:00,type/bug|area/panel/canvas,closed,https://github.com/grafana/grafana/issues/61930
61495,Alert notifications information is shown when creating a Mimir or Loki managed recording rule,2023-01-13 14:01:04+00:00,2023-01-25 08:26:53+00:00,type/bug|area/alerting|prio/medium|area/frontend,closed,https://github.com/grafana/grafana/issues/61495
61070,Cloudwatch Logs: Prepopulate default query and disable blank queries,2023-01-05 20:28:15+00:00,2023-01-25 14:39:45+00:00,type/bug|datasource/cloudwatch logs|good first issue|mob-friendly|effort/medium,closed,https://github.com/grafana/grafana/issues/61070
61831,Canvas: Connections do not work with icon / server element,2023-01-20 05:52:22+00:00,2023-01-26 00:32:06+00:00,type/bug|area/panel/canvas,closed,https://github.com/grafana/grafana/issues/61831
62047,Canvas: Anchor points do not appear on elements with a border,2023-01-25 01:01:01+00:00,2023-01-26 00:32:07+00:00,type/bug|area/panel/canvas,closed,https://github.com/grafana/grafana/issues/62047
59304,Legend returned as percentages in stacked bar charts + graphs instead of absolute numbers,2022-11-24 14:34:09+00:00,2023-01-26 09:34:59+00:00,type/bug|area/panel/barchart,closed,https://github.com/grafana/grafana/issues/59304
57342,"Provisioning AlertManager: Missing config option for ""Receive Grafana Alerts""",2022-10-20 10:44:23+00:00,2023-01-26 09:48:53+00:00,type/bug|type/docs|area/alerting|area/backend,closed,https://github.com/grafana/grafana/issues/57342
61710,Frontend: Using a datasource variable does not display a query editor,2023-01-18 17:24:16+00:00,2023-01-26 10:07:19+00:00,type/bug|area/frontend,closed,https://github.com/grafana/grafana/issues/61710
54743,Unified alerting: bad input in the alert evaluation behavior throws a 'fatal' error,2022-09-06 08:57:00+00:00,2023-01-26 11:08:43+00:00,type/bug|area/alerting|area/frontend,closed,https://github.com/grafana/grafana/issues/54743
55600,Auto Complete Performance Issues  on Large Amount of Alert Groups,2022-09-21 23:32:54+00:00,2023-01-26 11:11:38+00:00,type/bug|area/alerting|area/frontend,closed,https://github.com/grafana/grafana/issues/55600
58808,Alerting: Only the first threshold is visible in the query editor graph when using a multi-threshold classic condition,2022-11-16 09:41:39+00:00,2023-01-26 11:14:12+00:00,type/bug|area/alerting|area/frontend,closed,https://github.com/grafana/grafana/issues/58808
61832,Block saving alert rules with invalid alert conditions,2023-01-20 07:51:39+00:00,2023-01-26 12:27:10+00:00,type/bug|area/alerting|area/frontend,closed,https://github.com/grafana/grafana/issues/61832
62057,Cannot update evaluation interval on recording rules,2023-01-25 07:58:11+00:00,2023-01-26 15:11:32+00:00,type/bug|area/alerting|area/frontend,closed,https://github.com/grafana/grafana/issues/62057
52215,loki: datasource-variable in dashboard causes stale label-browser-data,2022-07-14 10:11:47+00:00,2023-01-26 16:25:08+00:00,type/bug|prio/medium|datasource/loki,closed,https://github.com/grafana/grafana/issues/52215
60196,Alerting: Migrations run in an unexpected order,2022-12-12 20:23:05+00:00,2023-01-26 21:13:11+00:00,type/bug|prio/critical|effort/small|area/alerting|type/debt,closed,https://github.com/grafana/grafana/issues/60196
51443,Cannot remove a user from an organization,2022-06-27 14:25:37+00:00,2023-01-27 09:15:10+00:00,type/bug|area/admin/user|area/backend/api,closed,https://github.com/grafana/grafana/issues/51443
50079,Parent trace not picked up by Grafana after 8.4.0 ,2022-06-02 11:46:54+00:00,2023-01-27 09:34:02+00:00,type/bug|area/tracing,closed,https://github.com/grafana/grafana/issues/50079
61767,Alerting: cannot load external (datasource) Alertmanager when using Pagerduty `routing_key_file` configuration,2023-01-19 12:33:17+00:00,2023-01-27 10:21:57+00:00,type/bug|area/alerting|datasource/alertmanager,closed,https://github.com/grafana/grafana/issues/61767
58545,Alerting: sqlstore.transactions complains that database is locked on first start,2022-11-09 19:23:24+00:00,2023-01-27 10:41:48+00:00,type/bug|area/alerting|area/backend/db,closed,https://github.com/grafana/grafana/issues/58545
62274,Join by field no longer working as expected,2023-01-27 01:13:32+00:00,2023-01-27 10:58:21+00:00,type/bug|area/transformations,closed,https://github.com/grafana/grafana/issues/62274
62261,Remove onDatasourceChange from QueryEditorRows,2023-01-26 19:00:15+00:00,2023-01-27 12:30:14+00:00,type/bug|area/explore,closed,https://github.com/grafana/grafana/issues/62261
62287,Command palette: links to other pages/dashboards should be rendered as links,2023-01-27 09:50:34+00:00,2023-01-27 16:10:08+00:00,type/bug|area/navigation,closed,https://github.com/grafana/grafana/issues/62287
62126,Canvas: Connection anchor highlight sometimes persists,2023-01-25 15:32:18+00:00,2023-01-27 19:35:59+00:00,type/bug|area/panel/canvas,closed,https://github.com/grafana/grafana/issues/62126
57715,Alerting: Rule query default max data points & interval can cause unexpected requests,2022-10-27 06:08:38+00:00,2023-01-27 22:43:28+00:00,type/bug|area/alerting|area/backend|area/frontend,closed,https://github.com/grafana/grafana/issues/57715
60446,Logs: Stats are not refreshed if log line stays in results after filtering,2022-12-16 11:13:18+00:00,2023-01-30 09:54:22+00:00,type/bug|area/panel/logs|area/logs,closed,https://github.com/grafana/grafana/issues/60446
62414,query editor missing,2023-01-28 11:35:59+00:00,2023-01-30 10:05:53+00:00,type/bug|datasource/influxdb|area/query-editor,closed,https://github.com/grafana/grafana/issues/62414
60715,Timeseries panel: can't highlight a value from the legend in Firefox,2022-12-22 22:32:16+00:00,2023-01-30 10:18:09+00:00,type/bug|area/panel/timeseries,closed,https://github.com/grafana/grafana/issues/60715
61029,Glue: Mixing non-provisioned and provisioned data sources does not create a correlation,2023-01-05 10:36:04+00:00,2023-01-30 10:43:25+00:00,type/bug|prio/medium|area/correlations,closed,https://github.com/grafana/grafana/issues/61029
62508,TemplateVariables: Custom datasource variable functions fail,2023-01-30 17:18:41+00:00,2023-01-30 17:49:19+00:00,type/bug,closed,https://github.com/grafana/grafana/issues/62508
54668,Geomap: Reordering layers removes measure layer,2022-09-02 17:25:58+00:00,2023-01-30 20:33:32+00:00,type/bug|prio/low|area/panel/geomap,closed,https://github.com/grafana/grafana/issues/54668
55194,Geomap: Zoom controls and attribution not readable when using dark UI theme,2022-09-14 19:08:45+00:00,2023-01-30 21:12:01+00:00,type/bug|area/panel/geomap,closed,https://github.com/grafana/grafana/issues/55194
62527,Canvas: Connections disappearing on target rename,2023-01-30 22:15:29+00:00,2023-01-31 04:36:59+00:00,type/bug|area/panel/canvas,closed,https://github.com/grafana/grafana/issues/62527
62519,Canvas: Connection target does not get cleared out properly,2023-01-30 20:39:09+00:00,2023-01-31 04:37:00+00:00,type/bug|area/panel/canvas,closed,https://github.com/grafana/grafana/issues/62519
51097,Explore queries containing %-character redirect incorrectly on login-flow.,2022-06-20 08:39:38+00:00,2023-01-31 08:53:19+00:00,type/bug|prio/low|area/auth/oauth|area/explore,closed,https://github.com/grafana/grafana/issues/51097
59767,Login: 'Sign In' button in lower left no longer working with proxy config setting root_url grafana >= 9.3.0 ,2022-12-03 16:56:08+00:00,2023-01-31 09:27:42+00:00,type/bug|area/navigation|area/frontend/login,closed,https://github.com/grafana/grafana/issues/59767
62538,Login: Crashes when logging ,2023-01-31 06:26:19+00:00,2023-01-31 10:16:26+00:00,type/bug|area/backend,closed,https://github.com/grafana/grafana/issues/62538
52304,"Alerting: Grafana managed alert - Add query - shows no compatible data sources, if no default datasource is set",2022-07-15 02:22:58+00:00,2023-01-31 15:02:23+00:00,type/bug|area/alerting|area/frontend,closed,https://github.com/grafana/grafana/issues/52304
62589,Docker Grafana latest tag comes as 8.1.6,2023-01-31 13:57:44+00:00,2023-01-31 15:38:06+00:00,type/bug|prio/high|area/docker,closed,https://github.com/grafana/grafana/issues/62589
59854,MySQL: cannot query datasets or tables names with hyphen,2022-12-05 19:52:40+00:00,2023-01-31 17:16:30+00:00,type/bug|datasource/mysql|area/query-editor,closed,https://github.com/grafana/grafana/issues/59854
62259,SSE: Adding Expression adds empty row instead of expression,2023-01-26 18:29:30+00:00,2023-01-31 17:50:12+00:00,type/bug|area/frontend|area/expressions,closed,https://github.com/grafana/grafana/issues/62259
60298,Sending two requests on every key stroke when changing the dashboard title,2022-12-14 11:03:19+00:00,2023-01-31 18:22:04+00:00,type/bug|area/dashboard|help wanted|good first issue,closed,https://github.com/grafana/grafana/issues/60298
59160,Geomap: Data filter locked with table view,2022-11-22 19:11:42+00:00,2023-01-31 20:24:16+00:00,type/bug|area/panel/geomap,closed,https://github.com/grafana/grafana/issues/59160
55649,Alerting: error saving existing evaluation period,2022-09-22 23:58:43+00:00,2023-02-01 09:34:20+00:00,type/bug|area/alerting|area/frontend,closed,https://github.com/grafana/grafana/issues/55649
50016,Alerting: External alertmanager credentials stored in plaintext,2022-06-01 14:47:28+00:00,2023-02-01 10:35:04+00:00,type/bug|area/alerting|prio/low,closed,https://github.com/grafana/grafana/issues/50016
62544,"Grafana apt repository doesn't have 8.5.16, 9.3.6, grafana-agent",2023-01-31 09:00:53+00:00,2023-02-01 13:19:11+00:00,type/bug|type/build-packaging,closed,https://github.com/grafana/grafana/issues/62544
62480,Loki Query Builder -> label filter expression treats int as string resulting in invalid logQL,2023-01-30 14:26:25+00:00,2023-02-01 14:13:10+00:00,type/bug|datasource/loki|area/query-editor,closed,https://github.com/grafana/grafana/issues/62480
59750,Alerting: Silence button not working with external alertmanager,2022-12-02 20:12:23+00:00,2023-02-01 14:51:07+00:00,type/bug|area/alerting|area/alerting/evaluation|area/frontend,closed,https://github.com/grafana/grafana/issues/59750
60871,Profiling: Y-axis is showing the wrong units for CPU,2023-01-02 11:58:15+00:00,2023-02-01 16:23:04+00:00,type/bug|prio/medium|area/panel/flame-graph|area/profiling,closed,https://github.com/grafana/grafana/issues/60871
62484,Bug: Cloudwatch Log Group Variable Not Interpolated after 9.1.7,2023-01-30 14:44:33+00:00,2023-02-01 17:26:59+00:00,type/bug|effort/small|datasource/cloudwatch logs,closed,https://github.com/grafana/grafana/issues/62484
60084,"Config: Datasource ""Save & test"" results shown on wrong data source",2022-12-09 11:27:38+00:00,2023-02-02 08:50:14+00:00,type/bug|onboarding,closed,https://github.com/grafana/grafana/issues/60084
62410,"Transparent footer background when header is toggled off, then footer is toggled on",2023-01-27 23:28:03+00:00,2023-02-02 14:32:34+00:00,type/bug|area/panel/table,closed,https://github.com/grafana/grafana/issues/62410
61951,[Tempo] Float and duration statics in TraceQL not correctly highlighted,2023-01-23 18:32:27+00:00,2023-02-02 15:48:31+00:00,type/bug|datasource/tempo,closed,https://github.com/grafana/grafana/issues/61951
55519,Alerting: Migrating paused alerts un-pauses them,2022-09-20 19:45:41+00:00,2023-02-03 08:47:29+00:00,type/bug|prio/high|area/alerting|effort/large,closed,https://github.com/grafana/grafana/issues/55519
62877,Navigation: cloud home page shows no navbar when `topnav` is disabled,2023-02-03 14:34:23+00:00,2023-02-03 15:14:44+00:00,type/bug|area/navigation,closed,https://github.com/grafana/grafana/issues/62877
62928,The largest value missed from a time series panel,2023-02-05 22:12:27+00:00,2023-02-06 08:30:20+00:00,type/bug|area/panel/timeseries,closed,https://github.com/grafana/grafana/issues/62928
61727,Plugins: Make sure datasource uid are being used in datasource requests instead of id,2023-01-19 00:48:42+00:00,2023-02-06 10:13:05+00:00,type/bug|area/plugins|onboarding,closed,https://github.com/grafana/grafana/issues/61727
61912,Search: Filtering by tag in folder view shows folders with no results,2023-01-23 11:16:01+00:00,2023-02-07 12:05:02+00:00,type/bug|area/search|mob-friendly|area/manage-dashboards,closed,https://github.com/grafana/grafana/issues/61912
61697,elastic provisioning: database field not applied,2023-01-18 15:19:34+00:00,2023-02-07 13:54:25+00:00,type/bug|area/backend,closed,https://github.com/grafana/grafana/issues/61697
59915,"Password not changed after ""changed successfully"" message",2022-12-06 20:29:07+00:00,2023-02-08 09:20:53+00:00,type/bug|area/backend/db|area/grafana-cli,closed,https://github.com/grafana/grafana/issues/59915
59349,Prometheus query expression 0/0 and 1-0/0 returns 0,2022-11-27 06:40:00+00:00,2023-02-08 10:45:07+00:00,type/bug|datasource/prometheus,closed,https://github.com/grafana/grafana/issues/59349
60283,NO DATA alert is not firing,2022-12-14 07:07:23+00:00,2023-02-08 18:15:00+00:00,type/bug|datasource/influxdb|area/alerting/evaluation|area/frontend,closed,https://github.com/grafana/grafana/issues/60283
60924,"Microsoft Teams ""webhook failed validation""",2023-01-03 18:37:16+00:00,2023-02-08 18:19:36+00:00,type/bug|area/alerting|area/alerting/notifications,closed,https://github.com/grafana/grafana/issues/60924
45611,Alerting: Graph annotations do not show multiple alert instances with identical timestamp,2022-02-18 14:56:27+00:00,2023-02-08 18:25:42+00:00,type/bug|area/alerting|area/frontend,closed,https://github.com/grafana/grafana/issues/45611
59411,Validate batched queries to /ds/query to ensure each has a unique RefId,2022-11-28 15:26:38+00:00,2023-02-09 09:11:19+00:00,type/bug|area/backend/plugins,closed,https://github.com/grafana/grafana/issues/59411
46976,Unified alerting - excessive DB calls on flattened multi-dimensional rules,2022-03-25 23:27:50+00:00,2023-02-15 20:59:04+00:00,type/bug|prio/high|area/alerting,closed,https://github.com/grafana/grafana/issues/46976
45721,ngAlert using Math expression confusing error: frame cannot uniquely be identified by its labels {},2022-02-22 11:33:39+00:00,2023-02-15 21:11:16+00:00,type/bug|datasource/graphite|area/alerting|prio/low|effort/none|area/expressions,closed,https://github.com/grafana/grafana/issues/45721
61063,Alerting: reReplaceAll broken between 9.2.7 and 9.3.1 for alert labels,2023-01-05 18:27:06+00:00,2023-02-15 22:54:29+00:00,type/bug|area/alerting/notifications,closed,https://github.com/grafana/grafana/issues/61063
59658,Error changing alert rule folder,2022-12-01 14:41:56+00:00,2023-02-20 07:47:53+00:00,type/bug|area/alerting|needs investigation|area/frontend,closed,https://github.com/grafana/grafana/issues/59658
63401,Alert rules -> unexpected error when doin anything in the query window,2023-02-17 12:03:11+00:00,2023-02-20 09:30:44+00:00,type/bug|area/alerting|area/frontend,closed,https://github.com/grafana/grafana/issues/63401
63285,Loki: Chunking causes too many queries at the same time,2023-02-10 20:24:43+00:00,2023-02-20 09:53:47+00:00,type/bug|needs investigation|datasource/loki,closed,https://github.com/grafana/grafana/issues/63285
63434,Make build-docker-full failed on v9.3.1,2023-02-20 09:45:30+00:00,2023-02-20 12:20:52+00:00,type/bug|area/docker,closed,https://github.com/grafana/grafana/issues/63434
62325,Prometheus: QueryEditor: no abs operation found in builder mode,2023-01-27 13:42:30+00:00,2023-02-20 14:50:01+00:00,type/bug|prio/low|datasource/prometheus|area/query-editor,closed,https://github.com/grafana/grafana/issues/62325
61248,Alerting: A single rule with a malformed data field is a single-point-of-failure for Unified Alerting,2023-01-10 20:09:35+00:00,2023-02-21 14:54:22+00:00,type/bug|area/alerting|area/backend,closed,https://github.com/grafana/grafana/issues/61248
63334,Geomap: Night region color opacity,2023-02-14 08:06:36+00:00,2023-02-21 18:55:09+00:00,type/bug|area/panel/geomap,closed,https://github.com/grafana/grafana/issues/63334
47835,grafana-cli plugins ls only shows restart grafana message when invoked,2022-04-16 13:03:44+00:00,2023-02-22 08:24:15+00:00,type/bug|area/plugins|area/grafana-cli,closed,https://github.com/grafana/grafana/issues/47835
63458,Prometheus: Crashing on empty query result from annotation query,2023-02-20 14:08:27+00:00,2023-02-22 13:47:53+00:00,type/bug|datasource/prometheus,closed,https://github.com/grafana/grafana/issues/63458
48384,incorrect status code returned by Grafana when prom data source returns throttling error (429),2022-04-27 22:46:36+00:00,2023-02-23 09:17:09+00:00,type/bug|prio/high|datasource/prometheus|area/backend,closed,https://github.com/grafana/grafana/issues/48384
61881,PanelEdit: Units: `scaledUnits` fn does not handle `undefined` data type,2023-01-20 19:35:52+00:00,2023-02-23 13:23:35+00:00,type/bug|area/units|area/panel/edit,closed,https://github.com/grafana/grafana/issues/61881
63591,CloudWatch Logs: Query editor freezing,2023-02-22 18:35:17+00:00,2023-02-23 16:50:51+00:00,type/bug|effort/small|datasource/cloudwatch logs,closed,https://github.com/grafana/grafana/issues/63591
63609,Datasource Onboarding: empty state flickers after creating the first datasource,2023-02-23 09:05:30+00:00,2023-02-24 11:48:32+00:00,type/bug|area/explore|area/frontend,closed,https://github.com/grafana/grafana/issues/63609
63316,Azure Resource Graph Query - not able to use variable in Subscription field,2023-02-13 15:05:10+00:00,2023-02-24 16:37:12+00:00,type/bug|effort/small|datasource/azure,closed,https://github.com/grafana/grafana/issues/63316
63744,CloudMonitoring: UI Error when Inspecting Data,2023-02-24 16:22:05+00:00,2023-02-24 18:09:13+00:00,type/bug|effort/small|datasource/googlecloudmonitoring,closed,https://github.com/grafana/grafana/issues/63744
63151,Value Mapping is coloring text without being a match,2023-02-08 20:40:10+00:00,2023-02-27 02:26:26+00:00,type/bug|area/panel/table,closed,https://github.com/grafana/grafana/issues/63151
55247,MySQL: Visual query builder doesn't update underlying query when filtering using a date.,2022-09-15 14:44:20+00:00,2023-02-27 09:03:16+00:00,type/bug|area/query-editor,closed,https://github.com/grafana/grafana/issues/55247
51283,Query builder: incorrect generation of column name for mysql data source,2022-06-22 19:09:34+00:00,2023-02-27 09:04:54+00:00,type/bug|datasource/mysql,closed,https://github.com/grafana/grafana/issues/51283
63570,Group By alert list panel option shows no labels,2023-02-22 13:32:07+00:00,2023-02-27 13:48:08+00:00,type/bug|area/alerting|area/frontend,closed,https://github.com/grafana/grafana/issues/63570
47486,Timezone inconsistencies with relative time filters,2022-04-08 06:56:34+00:00,2023-02-28 12:04:40+00:00,type/bug|area/dashboard/timezone,closed,https://github.com/grafana/grafana/issues/47486
59643,Dashboard versions: Listing versions queries ignore the dashboard UID even if it's present,2022-12-01 11:24:25+00:00,2023-02-28 12:04:47+00:00,type/bug|prio/medium|area/backend/db|beginner friendly|good first issue,closed,https://github.com/grafana/grafana/issues/59643
63892,Configured data source crashes Grafana,2023-02-28 17:03:48+00:00,2023-02-28 18:08:03+00:00,type/bug|internal,closed,https://github.com/grafana/grafana/issues/63892
63927,All alerts rule paused after upgrading to 9.4.1,2023-03-01 11:19:55+00:00,2023-03-01 16:58:32+00:00,type/bug|prio/critical,closed,https://github.com/grafana/grafana/issues/63927
59699,Log scale for TimeSeries panel broken - no series or y-axis rendered,2022-12-02 10:39:41+00:00,2023-03-01 17:16:57+00:00,type/bug|area/panel/timeseries,closed,https://github.com/grafana/grafana/issues/59699
63256,[Timeseries] Infinite loop with logarithmic axis,2023-02-10 14:04:06+00:00,2023-03-01 17:16:58+00:00,type/bug|area/panel/timeseries,closed,https://github.com/grafana/grafana/issues/63256
61833,[Bar Chart] Bug when using Bar Radius with staking for multiple series.,2023-01-20 08:23:08+00:00,2023-03-01 23:17:57+00:00,type/bug|area/panel/barchart,closed,https://github.com/grafana/grafana/issues/61833
47276,Plugins: App plugins should auto appear/disappear from the nav when installed/uninstalled,2022-04-04 15:05:51+00:00,2023-03-02 08:50:04+00:00,type/bug|area/plugins|onboarding|area/navigation|area/plugins-catalog,closed,https://github.com/grafana/grafana/issues/47276
63485,Stat Panel: Graph does not display if hidden due to panel size at dashboard load,2023-02-21 10:26:23+00:00,2023-03-02 11:00:43+00:00,type/bug|area/panel/stat,closed,https://github.com/grafana/grafana/issues/63485
63943,Azure Monitor: Query variables stop working after 9.4 upgrade,2023-03-01 14:37:23+00:00,2023-03-02 16:27:30+00:00,type/bug|effort/small|datasource/azure,closed,https://github.com/grafana/grafana/issues/63943
46570,Grafana time series duplicated values in left axis,2022-03-15 10:14:56+00:00,2023-03-02 18:24:24+00:00,type/bug|area/panel/timeseries,closed,https://github.com/grafana/grafana/issues/46570
50243,Table panel: Tooltip is cut of when the last column is too narrow to show entire data,2022-06-06 11:12:05+00:00,2023-03-02 21:32:47+00:00,type/bug|help wanted|area/panel/table,closed,https://github.com/grafana/grafana/issues/50243
64036,Loki: Instant query result not showing up when sending multiple queries,2023-03-02 15:25:37+00:00,2023-03-03 10:26:35+00:00,type/bug|needs investigation|datasource/loki,closed,https://github.com/grafana/grafana/issues/64036
63958,Build failures due to Explore,2023-03-01 16:45:16+00:00,2023-03-03 13:23:49+00:00,type/bug|area/explore,closed,https://github.com/grafana/grafana/issues/63958
63749,Pass signed Intercom identityVerification to Rudderstack,2023-02-24 16:39:21+00:00,2023-03-03 14:39:56+00:00,type/bug,closed,https://github.com/grafana/grafana/issues/63749
63205,"Alert rules page: ""RangeError: The start of an interval cannot be after its end"" when expanding folders",2023-02-09 15:33:05+00:00,2023-03-03 17:13:46+00:00,type/bug|area/alerting|area/frontend,closed,https://github.com/grafana/grafana/issues/63205
63323,Geomap: Zoom behavior,2023-02-13 21:27:48+00:00,2023-03-04 00:06:16+00:00,type/bug|area/panel/geomap,closed,https://github.com/grafana/grafana/issues/63323
52329,Bar chart tool tip doesn't show values properly.,2022-07-15 12:53:33+00:00,2023-03-06 08:20:46+00:00,type/bug|area/panel/barchart|area/tooltip,closed,https://github.com/grafana/grafana/issues/52329
63369,Loki: Log samples are not ordered correctly,2023-02-15 14:36:03+00:00,2023-03-06 09:18:18+00:00,type/bug|datasource/loki,closed,https://github.com/grafana/grafana/issues/63369
63780,Mixed data source: New Elastic query is collapsed,2023-02-26 19:59:53+00:00,2023-03-06 10:40:41+00:00,type/bug|area/explore,closed,https://github.com/grafana/grafana/issues/63780
63781,Mixed data source: Changing data source row keeps stale results on the page,2023-02-26 20:05:03+00:00,2023-03-06 14:10:51+00:00,type/bug|area/explore,closed,https://github.com/grafana/grafana/issues/63781
45459,valueString webhook body is empty,2022-02-16 11:33:22+00:00,2023-03-06 17:32:11+00:00,type/bug|prio/high|area/alerting/notifications,closed,https://github.com/grafana/grafana/issues/45459
57473,Cloudwatch plugin does not support linking to AWS Gov Cloud partition.,2022-10-21 19:19:29+00:00,2023-03-06 21:01:01+00:00,type/bug|effort/small|datasource/cloudwatch,closed,https://github.com/grafana/grafana/issues/57473
56526,Grafana Panel with blank Title (Panel Options) > Filters in table header ca'nt be clicked / edit dialog appears,2022-10-07 07:54:26+00:00,2023-03-07 08:35:53+00:00,type/bug|area/dashboard|area/frontend,closed,https://github.com/grafana/grafana/issues/56526
63372,Long Panel Descriptions at the top get cut off,2023-02-15 16:24:07+00:00,2023-03-07 08:36:06+00:00,type/bug|area/dashboard,closed,https://github.com/grafana/grafana/issues/63372
52010,Context menu not usable on mobile wide screen,2022-07-09 08:29:49+00:00,2023-03-07 09:01:30+00:00,type/bug|area/dashboard|help wanted|prio/low,closed,https://github.com/grafana/grafana/issues/52010
64035,Logs sample: Log samples that are unwrapped are not readable/you can’t scroll horizontally,2023-03-02 15:24:11+00:00,2023-03-07 10:08:53+00:00,type/bug|area/explore|area/logs|interview-generated,closed,https://github.com/grafana/grafana/issues/64035
64170,repeated panels are not displayed when dashboard is loaded from URL,2023-03-03 16:53:11+00:00,2023-03-07 22:57:37+00:00,type/bug|effort/small|area/dashboard/templating|prio/medium|datasource/prometheus|needs investigation,closed,https://github.com/grafana/grafana/issues/64170
59425,NPM 9 breaks `@grafana/e2e` cli because `npm bin` is removed,2022-11-28 17:28:42+00:00,2023-03-08 09:17:29+00:00,type/bug|type/build-packaging|type/e2e,closed,https://github.com/grafana/grafana/issues/59425
52737,Datasource variable not refreshed in query editor when editing a panel,2022-07-25 14:59:31+00:00,2023-03-08 11:24:32+00:00,type/bug|area/dashboard/templating|area/dashboard|mob-friendly,closed,https://github.com/grafana/grafana/issues/52737
63904,Query editor is missing for Prometheus datasource,2023-02-28 22:09:11+00:00,2023-03-08 11:28:55+00:00,type/bug|needs investigation|area/query-editor,closed,https://github.com/grafana/grafana/issues/63904
58896,TablePanel: Footer works incorrectly with 'Hide in table',2022-11-17 12:35:00+00:00,2023-03-08 13:57:04+00:00,type/bug|area/panel/table,closed,https://github.com/grafana/grafana/issues/58896
51813,Dashboard Dropdown Menus do not close when opened one by one,2022-07-06 13:13:30+00:00,2023-03-09 08:30:22+00:00,type/bug|area/dashboard|help wanted|prio/low|area/frontend|good first issue,closed,https://github.com/grafana/grafana/issues/51813
63696,loki: query splitting: instant queries are split wrong,2023-02-24 07:11:13+00:00,2023-03-09 16:17:45+00:00,type/bug|datasource/loki,closed,https://github.com/grafana/grafana/issues/63696
63579,loki: query splitting: empty query does not clear results,2023-02-22 14:32:01+00:00,2023-03-09 16:19:09+00:00,type/bug|datasource/loki,closed,https://github.com/grafana/grafana/issues/63579
57048,click on the top left grafana icon navigate to the login page for unauthenticated users,2022-10-16 15:01:57+00:00,2023-03-09 16:42:49+00:00,type/bug|area/navigation,closed,https://github.com/grafana/grafana/issues/57048
64530,Alerting: Contact point name in edit page URL encoded,2023-03-09 15:10:56+00:00,2023-03-10 11:20:31+00:00,type/bug|area/alerting|area/frontend,closed,https://github.com/grafana/grafana/issues/64530
64194,Can't edit queries on a panel if they're using an undefined datasource,2023-03-06 00:07:54+00:00,2023-03-10 13:14:42+00:00,type/bug|area/dashboard|needs more info|datasource/prometheus|needs investigation|area/query-editor,closed,https://github.com/grafana/grafana/issues/64194
45442,Table: Bar gauge cell display mode with varying value lengths in a narrow column creates miss-alignment ,2022-02-16 08:20:40+00:00,2023-03-10 13:41:49+00:00,type/bug|area/panel/table,closed,https://github.com/grafana/grafana/issues/45442
64656,after upgrading from 9.3.1 to 9.4.3 Time Series panel with  logarithmic and min=0 stopped rendering,2023-03-12 10:05:31+00:00,2023-03-13 04:18:51+00:00,type/bug|area/panel/timeseries,closed,https://github.com/grafana/grafana/issues/64656
64417,Invite Users: Duplicate header,2023-03-08 14:37:58+00:00,2023-03-13 11:45:10+00:00,type/bug|area/admin/user,closed,https://github.com/grafana/grafana/issues/64417
60474,Time series panel displays data incorrectly if timestamp has milliseconds and user timezone is not UTC,2022-12-16 15:23:39+00:00,2023-03-13 14:59:43+00:00,type/bug|needs more info|area/dashboard/timezone|area/panel/timeseries|timepicker,closed,https://github.com/grafana/grafana/issues/60474
64402,Datasource Onboarding: Possible flaky test in EmptyStateNoDatasource,2023-03-08 13:32:31+00:00,2023-03-14 10:03:07+00:00,type/bug|prio/high|area/dashboard|area/explore|area/frontend,closed,https://github.com/grafana/grafana/issues/64402
55661,Unified Alerting: failed to execute conditions: no float64 value column found in frame - PostgreSQL datasource,2022-09-23 09:38:40+00:00,2023-03-14 19:05:17+00:00,type/bug|area/alerting,closed,https://github.com/grafana/grafana/issues/55661
63080,Nested Folders: unable to delete a nested folder,2023-02-08 10:33:16+00:00,2023-03-15 08:51:40+00:00,type/bug|area/backend,closed,https://github.com/grafana/grafana/issues/63080
58702,Public Dashboards: Impossible to unfold a folded row in the public dashboard.,2022-11-14 13:05:10+00:00,2023-03-15 15:44:20+00:00,type/bug|area/public-dashboards,closed,https://github.com/grafana/grafana/issues/58702
62431,Public Dashboards: Flux queries not working,2023-01-29 10:17:48+00:00,2023-03-16 10:55:08+00:00,type/bug|area/frontend/library-panels|area/public-dashboards,closed,https://github.com/grafana/grafana/issues/62431
60651,No data when opening dashboard as a public dashboard.,2022-12-21 19:22:15+00:00,2023-03-16 18:39:19+00:00,type/bug|area/public-dashboards,closed,https://github.com/grafana/grafana/issues/60651
64354,"After 9.4.X upgrade Unified Alerting ""Query & Results"" shows error",2023-03-07 20:08:18+00:00,2023-03-17 11:47:03+00:00,type/bug|prio/high|area/alerting,closed,https://github.com/grafana/grafana/issues/64354
58549,Config tabs text display bug,2022-11-09 21:14:03+00:00,2023-03-17 13:51:31+00:00,type/bug|area/grafana/ui,closed,https://github.com/grafana/grafana/issues/58549
55223,Flaky test for dashboard provisioning,2022-09-15 09:25:36+00:00,2023-03-17 15:31:05+00:00,type/bug|area/provisioning,closed,https://github.com/grafana/grafana/issues/55223
61807,"Bug: Unsupported Datasources check lists ""__expr__"" as invalid",2023-01-19 19:09:56+00:00,2023-03-17 16:14:27+00:00,type/bug|area/public-dashboards,closed,https://github.com/grafana/grafana/issues/61807
64889,Cannot set a expiry date for Service Accounts if config is empty,2023-03-16 11:14:10+00:00,2023-03-20 12:32:23+00:00,type/bug,closed,https://github.com/grafana/grafana/issues/64889
64120,Elasticsearch: Index name is lost after upgrading from 7.3.5 to 9.4.1,2023-03-03 10:09:11+00:00,2023-03-20 13:15:01+00:00,type/bug|datasource/elasticsearch,closed,https://github.com/grafana/grafana/issues/64120
65048,"Alerting: Fix supporting both forms of UID (-100, __expr__) in alerting edit and view UI in v9.4.x, v9.3.x, v9.2.x, 9.1.x, 9.0.x",2023-03-20 13:37:02+00:00,2023-03-20 13:42:28+00:00,type/bug|area/alerting|area/frontend,closed,https://github.com/grafana/grafana/issues/65048
64886,High browser RAM usage on 9.4,2023-03-16 10:31:01+00:00,2023-03-20 19:20:48+00:00,type/bug|area/panel/common|area/panel/timeseries,closed,https://github.com/grafana/grafana/issues/64886
58548,Dashboards: `Copy` button should still be visible/usable on non-editable dashboards,2022-11-09 21:04:20+00:00,2023-03-21 16:38:19+00:00,type/bug|area/ux|area/panel/edit,closed,https://github.com/grafana/grafana/issues/58548
65012,Alerting: Loki state history doesn't handle entries with equals signs in labels,2023-03-19 21:40:34+00:00,2023-03-21 17:33:29+00:00,type/bug|area/alerting|area/backend|kata:state-history,closed,https://github.com/grafana/grafana/issues/65012
62295,Navigation: /admin redirects to homepage for org admin users,2023-01-27 10:33:12+00:00,2023-03-22 14:35:20+00:00,type/bug|area/navigation,closed,https://github.com/grafana/grafana/issues/62295
65123,"Stat Panel: Single value formatting for prefix/suffix inconsistent with ""accepted/common/traditional"" ways of formatting values, specifically currency",2023-03-21 15:27:32+00:00,2023-03-22 14:54:57+00:00,type/bug|area/frontend|area/panel/stat|area/text-formatting,closed,https://github.com/grafana/grafana/issues/65123
64835,InfluxDB: raw query responses are parsed incorrectly,2023-03-15 17:07:23+00:00,2023-03-22 15:45:04+00:00,type/bug|datasource/influxdb,closed,https://github.com/grafana/grafana/issues/64835
65125,"Alerting: Confusing ""next evaluation"" on alert rule",2023-03-21 15:38:35+00:00,2023-03-22 17:02:10+00:00,type/bug|area/alerting|area/frontend,closed,https://github.com/grafana/grafana/issues/65125
62417,Traces: dashboard will not load without setting `preferredVisualisationType`,2023-01-28 17:03:35+00:00,2023-03-23 09:27:36+00:00,type/bug|prio/medium|area/panel/traceview,closed,https://github.com/grafana/grafana/issues/62417
64830,Alerting: large amount of instances crashes browser,2023-03-15 16:12:56+00:00,2023-03-23 14:17:36+00:00,type/bug|area/alerting|area/frontend|🍐-programming,closed,https://github.com/grafana/grafana/issues/64830
62415,Cloud Watch logs datasource does not use relative time query option,2023-01-28 13:43:08+00:00,2023-03-23 20:11:15+00:00,type/bug|effort/small|datasource/cloudwatch logs,closed,https://github.com/grafana/grafana/issues/62415
64650,Grafana tries to automatically connect to Jaeger while using Helm Charts,2023-03-11 07:41:57+00:00,2023-03-27 10:25:43+00:00,type/bug|datasource/jaeger|area/configuration,closed,https://github.com/grafana/grafana/issues/64650
65256,Dashboard List Visual Bug after patching to 9.4.7,2023-03-23 11:03:43+00:00,2023-03-27 13:55:31+00:00,type/bug|area/panel/dashboard-list,closed,https://github.com/grafana/grafana/issues/65256
63869,Canvas: Duplicate element connection crash,2023-02-28 14:16:44+00:00,2023-03-27 16:52:00+00:00,type/bug|area/panel/canvas,closed,https://github.com/grafana/grafana/issues/63869
63760,Canvas: Metric value displays select value when datasource is broken,2023-02-24 19:26:20+00:00,2023-03-27 17:26:37+00:00,type/bug|area/panel/canvas,closed,https://github.com/grafana/grafana/issues/63760
63187,Image rendering failed : duplicate dashboard uid,2023-02-09 13:01:50+00:00,2023-03-27 17:43:49+00:00,type/bug|area/alerting|area/image-rendering,closed,https://github.com/grafana/grafana/issues/63187
63227,Unable to view or edit panel expressions,2023-02-09 21:55:45+00:00,2023-03-28 00:31:34+00:00,type/bug|area/expressions,closed,https://github.com/grafana/grafana/issues/63227
65262,GrafanaUI: Not possible to select time in DateTimePicker,2023-03-23 11:55:36+00:00,2023-03-28 10:45:58+00:00,type/bug|area/grafana/ui|timepicker,closed,https://github.com/grafana/grafana/issues/65262
64525,"alert rules: UNIQUE constraint failed: dashboard.org_id, dashboard.folder_id, dashboard.title",2023-03-09 14:06:11+00:00,2023-03-28 11:24:22+00:00,type/bug|area/alerting|area/provisioning,closed,https://github.com/grafana/grafana/issues/64525
64595,Grafana 9.4 dashboard provisioning not working,2023-03-10 11:15:46+00:00,2023-03-28 11:24:22+00:00,type/bug|prio/high|area/dashboard|area/provisioning,closed,https://github.com/grafana/grafana/issues/64595
61559,Loki Recording Rules are shown twice in alerts overview,2023-01-16 13:51:31+00:00,2023-03-28 13:26:13+00:00,type/bug|area/alerting|prio/medium|area/frontend|datasource/loki,closed,https://github.com/grafana/grafana/issues/61559
65041,Logs Samples: Panel wrongly visible when using datasource without Log-Sample support,2023-03-20 11:48:20+00:00,2023-03-28 13:36:50+00:00,type/bug|prio/high|area/explore,closed,https://github.com/grafana/grafana/issues/65041
64021,Table filter funnels not clickable when panel title is empty,2023-03-02 12:28:17+00:00,2023-03-28 13:59:06+00:00,type/bug|area/panel/table,closed,https://github.com/grafana/grafana/issues/64021
63698,CI: publish-github-* pipeline should be idempotent,2023-02-24 07:20:02+00:00,2023-03-28 14:19:49+00:00,type/bug|type/ci,closed,https://github.com/grafana/grafana/issues/63698
65394,Down arrow appearing when it shouldn't while using topnav,2023-03-27 18:00:24+00:00,2023-03-28 15:47:52+00:00,type/bug|type/ux,closed,https://github.com/grafana/grafana/issues/65394
63672,InfluxDB: Sending retention policy causes empty response when querying fields,2023-02-23 17:28:10+00:00,2023-03-28 16:20:18+00:00,type/bug|datasource/influxdb,closed,https://github.com/grafana/grafana/issues/63672
64079,Slack notifications are repeated in Mattermost,2023-03-02 22:04:41+00:00,2023-03-28 19:03:40+00:00,type/bug|area/alerting|area/alerting/notifications,closed,https://github.com/grafana/grafana/issues/64079
64032,Explore: Data source picker is not visible on small screens ,2023-03-02 14:59:42+00:00,2023-03-29 01:26:39+00:00,type/bug|prio/medium|area/explore|internal,closed,https://github.com/grafana/grafana/issues/64032
63447,"Glue: When using mixed data source with multiple queries, links are getting duplicated",2023-02-20 11:50:09+00:00,2023-03-29 11:09:30+00:00,type/bug|prio/medium|area/correlations,closed,https://github.com/grafana/grafana/issues/63447
65061,Vertical scrollbar for table panel in Firefox,2023-03-20 16:08:16+00:00,2023-03-29 14:05:03+00:00,type/bug|area/panel/table,closed,https://github.com/grafana/grafana/issues/65061
59807,Some Panels Empty since 9.3.1 (Windows),2022-12-05 12:01:37+00:00,2023-03-29 14:57:29+00:00,type/bug|area/panel/table|os/windows,closed,https://github.com/grafana/grafana/issues/59807
63582,Alerting: API code generation tooling produces invalid server stubs,2023-02-22 16:09:47+00:00,2023-03-29 17:35:02+00:00,type/bug|prio/high|area/alerting,closed,https://github.com/grafana/grafana/issues/63582
65420,Add limits to the Alert Rules endpoint `api/prometheus/grafana/api/v1/rules`,2023-03-28 09:06:18+00:00,2023-03-29 20:26:53+00:00,type/bug|effort/small|prio/high|area/alerting|type/accessibility|internal,closed,https://github.com/grafana/grafana/issues/65420
58937,expression when data mixed,2022-11-18 08:39:37+00:00,2023-03-29 22:46:03+00:00,type/bug|area/expressions,closed,https://github.com/grafana/grafana/issues/58937
61915,Dashboards: Mobile support: Dashboard issues on new iOS 16.3,2023-01-23 12:39:58+00:00,2023-03-30 07:47:02+00:00,type/bug|area/dashboard|type/ux|area/mobile-support|type/regression,closed,https://github.com/grafana/grafana/issues/61915
65356,Explore/Phlare fails when there are no ProfileTypes returned.,2023-03-27 13:52:58+00:00,2023-03-30 09:33:26+00:00,type/bug|area/profiling,closed,https://github.com/grafana/grafana/issues/65356
64755,GrafanaUI: Button does not support tooltip prop,2023-03-14 16:27:55+00:00,2023-03-30 09:53:13+00:00,type/bug|help wanted|area/grafana/ui,closed,https://github.com/grafana/grafana/issues/64755
64612,Storybook: Fix FieldValidationMessage story,2023-03-10 14:09:52+00:00,2023-03-30 12:37:17+00:00,type/bug|help wanted|area/storybook,closed,https://github.com/grafana/grafana/issues/64612
65476,"Dashboard search: topnav enabled, the keyboard shortcuts 'f' and 's o' do not work",2023-03-28 17:57:38+00:00,2023-03-30 15:46:45+00:00,type/bug|area/dashboard|area/shortcuts,closed,https://github.com/grafana/grafana/issues/65476
63735,CloudWatch Logs: applying Reduce expression results in an error,2023-02-24 15:00:57+00:00,2023-03-30 21:40:03+00:00,type/bug|effort/large|datasource/cloudwatch logs,closed,https://github.com/grafana/grafana/issues/63735
65590,PanelChrome: When clicking submenu item the parent menu item onClick get's triggered,2023-03-30 08:03:50+00:00,2023-03-31 14:35:37+00:00,type/bug,closed,https://github.com/grafana/grafana/issues/65590
60805,Cannot perform Healthcheck for Grafana via docker-compose,2022-12-28 22:14:39+00:00,2023-03-31 20:36:59+00:00,type/bug|area/backend/api|type/build-packaging|area/docker,closed,https://github.com/grafana/grafana/issues/60805
61747,Angular usable in browser developer tools despite config flag is set to false.,2023-01-19 10:20:13+00:00,2023-04-03 08:45:24+00:00,type/bug|area/backend/config|area/docker,closed,https://github.com/grafana/grafana/issues/61747
62907,cell text overflow truncation stops working in tables with multiple data links,2023-02-03 19:02:01+00:00,2023-04-03 10:34:31+00:00,type/bug|area/panel/table|area/dashboard/data-links,closed,https://github.com/grafana/grafana/issues/62907
63345,"Release: Version stamps in the 9.2.10 tarball and repo tag v9.2.10 are still all ""9.2.8""",2023-02-14 17:38:10+00:00,2023-04-03 13:12:45+00:00,type/bug|type/build-packaging,closed,https://github.com/grafana/grafana/issues/63345
63898,Cloudwatch: cachedQueries field in usage insights is not getting updated,2023-02-28 18:50:15+00:00,2023-04-03 13:31:17+00:00,type/bug|effort/small|datasource/cloudwatch,closed,https://github.com/grafana/grafana/issues/63898
52790,Hidden by filters is not shown for all filters in Alert list panel,2022-07-26 09:58:18+00:00,2023-04-03 13:39:09+00:00,type/bug|area/alerting|prio/low|area/frontend,closed,https://github.com/grafana/grafana/issues/52790
52554,Go back button in Alerting / View rule doesn't work,2022-07-20 18:27:22+00:00,2023-04-04 12:44:06+00:00,type/bug|needs more info|area/alerting|prio/low|area/frontend,closed,https://github.com/grafana/grafana/issues/52554
63050,"""No data"" when zooming in to time series data even though I would expect to see data",2023-02-07 16:27:28+00:00,2023-04-04 14:21:25+00:00,type/bug|datasource/prometheus,closed,https://github.com/grafana/grafana/issues/63050
62356,Investigate Plotly panel not working with public dashboards,2023-01-25 19:05:54+00:00,2023-04-04 18:44:46+00:00,type/bug|area/public-dashboards,closed,https://github.com/grafana/grafana/issues/62356
57159,"Graph disappears on clicking on the ""Refresh dashboard"" inside the non-first repeating row",2022-10-18 10:46:01+00:00,2023-04-04 18:56:49+00:00,type/bug|area/dashboard/templating,closed,https://github.com/grafana/grafana/issues/57159
47735,Pie chart labels cut off,2022-04-13 19:08:31+00:00,2023-04-05 08:28:06+00:00,type/bug|area/panel/piechart,closed,https://github.com/grafana/grafana/issues/47735
60587,Build: Redis/Memcached integration tests problems,2022-12-20 15:48:41+00:00,2023-04-05 08:55:57+00:00,type/bug|type/build-packaging,closed,https://github.com/grafana/grafana/issues/60587
66012,Bug: Panels with rows collapsed not working in Cloud,2023-04-05 11:41:52+00:00,2023-04-05 13:35:03+00:00,type/bug|area/public-dashboards,closed,https://github.com/grafana/grafana/issues/66012
65426,Explore: --Grafana-- Random Walk doesn't render,2023-03-28 10:21:47+00:00,2023-04-05 14:08:05+00:00,type/bug|prio/low|area/explore|area/datasource/frontend|datasource/grafana|internal,closed,https://github.com/grafana/grafana/issues/65426
54505,Alerting: users should always be able to edit broken alertmanager configuration.,2022-08-31 01:02:18+00:00,2023-04-05 18:13:35+00:00,type/bug|prio/high|area/alerting|area/backend|area/frontend,closed,https://github.com/grafana/grafana/issues/54505
64157,Glue: Hide Add/Save/Delete if a user has no datasources:write permissions,2023-03-03 15:38:05+00:00,2023-04-05 19:08:15+00:00,type/bug|prio/high|area/correlations,closed,https://github.com/grafana/grafana/issues/64157
66088,Bug: Plugin Extensions require a type property,2023-04-06 07:34:55+00:00,2023-04-06 07:36:02+00:00,type/bug|area/plugins|area/frontend|area/plugin-extensions,closed,https://github.com/grafana/grafana/issues/66088
66090,Bug: Plugin Extensions requires onClick event in typings,2023-04-06 07:41:26+00:00,2023-04-06 07:42:12+00:00,type/bug|area/plugins|area/frontend|area/plugin-extensions,closed,https://github.com/grafana/grafana/issues/66090
63481, Alert tab only shown for the Timeseries panel type,2023-02-21 09:10:22+00:00,2023-04-06 12:43:25+00:00,type/bug|area/alerting|area/frontend,closed,https://github.com/grafana/grafana/issues/63481
47047,Docs feedback: /datasources/azuremonitor/template-variables.md,2022-03-30 09:37:22+00:00,2023-04-07 17:01:56+00:00,type/bug|type/docs|effort/none|needs investigation|datasource/azure,closed,https://github.com/grafana/grafana/issues/47047
64750,Cloudwatch: Cross Account Observability Documentation is a bit weird in 9.4,2023-03-14 15:30:32+00:00,2023-04-07 18:29:16+00:00,type/bug|effort/small|type/docs|datasource/cloudwatch,closed,https://github.com/grafana/grafana/issues/64750
66225,Datagrid: Select all and delete rows does not delete all at once,2023-04-10 21:48:53+00:00,2023-04-11 09:24:17+00:00,type/bug|area/panel/table|area/panel/datagrid,closed,https://github.com/grafana/grafana/issues/66225
66226,Datagrid: Bar chart is not immediately updating when entering a numerical value in grid,2023-04-10 22:08:00+00:00,2023-04-11 11:01:17+00:00,type/bug|area/panel/table|area/panel/datagrid,closed,https://github.com/grafana/grafana/issues/66226
66229,Datagrid: Column width changes when drag and dropping the column,2023-04-10 23:06:18+00:00,2023-04-11 11:10:03+00:00,type/bug|area/panel/table|area/panel/datagrid,closed,https://github.com/grafana/grafana/issues/66229
66232,Datagrid: Deleted column reappears after leaving editing mode,2023-04-11 03:34:16+00:00,2023-04-11 12:05:04+00:00,type/bug|area/panel/table|area/panel/datagrid,closed,https://github.com/grafana/grafana/issues/66232
64187,Templating [tag] Error updating options: undefined is not an object (evaluating 'V.fields'),2023-03-04 10:18:53+00:00,2023-04-11 12:54:57+00:00,type/bug|help wanted|prio/support-subscription|datasource/mysql|datasource/postgres|good first issue|prio/customer-support,closed,https://github.com/grafana/grafana/issues/64187
65263,Library Panels page ignores library panels in the general folder when deciding to show pagination controls,2023-03-23 12:15:49+00:00,2023-04-11 13:16:23+00:00,type/bug|area/frontend/library-panels|internal,closed,https://github.com/grafana/grafana/issues/65263
61842,Explore logs: Click on older/newer logs and pages should take you to the top of the logs,2023-01-20 11:49:35+00:00,2023-04-11 14:26:53+00:00,type/bug|type/ux|datasource/loki,closed,https://github.com/grafana/grafana/issues/61842
64339,Cloudwatch: Ui bug in template variables,2023-03-07 16:30:53+00:00,2023-04-11 16:37:10+00:00,type/bug|effort/small|datasource/cloudwatch|good first issue,closed,https://github.com/grafana/grafana/issues/64339
66235,Problem with plugin verification on Windows,2023-04-11 07:02:35+00:00,2023-04-12 07:12:56+00:00,type/bug|area/plugins|area/backend|os/windows,closed,https://github.com/grafana/grafana/issues/66235
64121,"From 9.3.8 onwards, existing math expressions are not included in queries",2023-03-03 10:48:45+00:00,2023-04-12 14:33:33+00:00,type/bug|area/expressions,closed,https://github.com/grafana/grafana/issues/64121
56994,Grafana Login Timeout (v9.2.0),2022-10-14 14:07:38+00:00,2023-04-13 07:23:41+00:00,type/bug|area/auth,closed,https://github.com/grafana/grafana/issues/56994
65436,Loki: Label autocomplete broken after lezer update,2023-03-28 11:07:41+00:00,2023-04-13 12:11:16+00:00,type/bug|datasource/loki,closed,https://github.com/grafana/grafana/issues/65436
55804,TextArea: textareas have an extra spacing at the bottom,2022-09-27 10:46:38+00:00,2023-04-13 12:21:38+00:00,type/bug|help wanted|area/grafana/ui,closed,https://github.com/grafana/grafana/issues/55804
66520,Prometheus: Ad hoc filters not working in 9.5,2023-04-13 18:40:08+00:00,2023-04-13 20:05:22+00:00,type/bug|datasource/prometheus|internal,closed,https://github.com/grafana/grafana/issues/66520
65360,Logs Samples: Panel not shown as required in mixed datasources,2023-03-27 14:00:25+00:00,2023-04-14 09:31:48+00:00,type/bug|prio/high|area/explore,closed,https://github.com/grafana/grafana/issues/65360
61787,grafana authentication failed to elasticsearch data source failed after upgrading from v8.0.1 to v8.5.1,2023-01-19 15:37:32+00:00,2023-04-14 10:46:06+00:00,type/bug|datasource/elasticsearch|bot/no new info,closed,https://github.com/grafana/grafana/issues/61787
64273,Moving from 9.3.8 to 9.4.{1 or 3} PostgreSQL data sources are losing their database names,2023-03-07 01:21:10+00:00,2023-04-14 11:20:15+00:00,type/bug|datasource/postgres|area/provisioning|area/docker,closed,https://github.com/grafana/grafana/issues/64273
66316,InfluxDBv1 Datasource Provisioning via File does not set the database value for v9.4.x,2023-04-11 18:45:36+00:00,2023-04-14 11:25:13+00:00,type/bug|datasource/influxdb,closed,https://github.com/grafana/grafana/issues/66316
57354,"Logs: in mixed-datasource-mode, the histogram does not work",2022-10-20 12:42:44+00:00,2023-04-14 12:30:00+00:00,type/bug|area/logs,closed,https://github.com/grafana/grafana/issues/57354
66574,"""Add to Dashboard"" button in Grafana Explore doesn't add new panel",2023-04-14 11:38:22+00:00,2023-04-14 18:32:10+00:00,type/bug|area/dashboard|area/explore|area/frontend,closed,https://github.com/grafana/grafana/issues/66574
64172,LOKI: Ad hoc filters are not working for integer values,2023-03-03 17:57:48+00:00,2023-04-17 08:27:41+00:00,type/bug|datasource/loki,closed,https://github.com/grafana/grafana/issues/64172
66557,Logs: Fix scrolling behavior in new LogContext,2023-04-14 10:18:38+00:00,2023-04-17 11:05:58+00:00,type/bug|area/logs,closed,https://github.com/grafana/grafana/issues/66557
66665,Loki Query Builder: Operation cascader is unresponsive,2023-04-17 12:09:52+00:00,2023-04-17 12:45:20+00:00,type/bug|area/grafana/ui|area/logs,closed,https://github.com/grafana/grafana/issues/66665
65756,Recently used absolute ranges is recording nonsense,2023-04-01 15:54:41+00:00,2023-04-17 15:19:46+00:00,type/bug|timepicker,closed,https://github.com/grafana/grafana/issues/65756
65349,The Annotation List panel is not automatically refreshed when a variable's value changes,2023-03-27 13:32:26+00:00,2023-04-17 15:20:08+00:00,type/bug|area/panel/annotation-list|mob-friendly,closed,https://github.com/grafana/grafana/issues/65349
66619,Dropdown screen frozen in Ops,2023-04-14 21:08:55+00:00,2023-04-17 19:15:47+00:00,type/bug|area/dashboard|internal,closed,https://github.com/grafana/grafana/issues/66619
66478,Type filter doesn't work when combined with string search,2023-04-13 14:49:52+00:00,2023-04-18 06:15:37+00:00,type/bug|area/plugins-catalog|internal,closed,https://github.com/grafana/grafana/issues/66478
66709,"[Alerting] ""Copy link to rule"" generates incorrect URLs when Grafana root_url contains a subpath.",2023-04-17 23:31:28+00:00,2023-04-18 13:47:59+00:00,type/bug|area/alerting,closed,https://github.com/grafana/grafana/issues/66709
65276,Loki Stats: Do not call stats endpoint if the query is invalid,2023-03-23 15:13:27+00:00,2023-04-18 14:52:40+00:00,type/bug|datasource/loki,closed,https://github.com/grafana/grafana/issues/65276
55806,Plugin Catalog: Backend plugin install version incompatibility,2022-09-27 10:49:36+00:00,2023-04-19 08:22:27+00:00,type/bug|area/plugins|area/backend/plugins|area/plugins-catalog,closed,https://github.com/grafana/grafana/issues/55806
66132,Loki: Log context is not offered with non-equal line filters,2023-04-06 15:18:01+00:00,2023-04-19 09:03:48+00:00,type/bug|datasource/loki|interview-generated,closed,https://github.com/grafana/grafana/issues/66132
65719,Loki: Show user status of log context queries in Explore ,2023-03-31 14:17:35+00:00,2023-04-19 11:21:04+00:00,type/bug|area/logs,closed,https://github.com/grafana/grafana/issues/65719
64038,Logs sample: Open logs in split view sets 100 log lines limit,2023-03-02 15:29:46+00:00,2023-04-19 15:04:49+00:00,type/bug|area/explore|datasource/loki|area/logs|interview-generated,closed,https://github.com/grafana/grafana/issues/64038
61107,Annotations Break After Viewing Then Saving,2023-01-06 20:17:13+00:00,2023-04-20 09:42:27+00:00,type/bug|area/annotations|datasource/elasticsearch,closed,https://github.com/grafana/grafana/issues/61107
66571,Logs to Traces do not open the `TraceQL` tab by default,2023-04-14 11:25:11+00:00,2023-04-20 09:52:15+00:00,type/bug|datasource/tempo,closed,https://github.com/grafana/grafana/issues/66571
66922,The dropdown doesn't offer the DS variables defined into a dashboard,2023-04-20 08:53:36+00:00,2023-04-20 10:56:29+00:00,type/bug|area/panel/edit|internal,closed,https://github.com/grafana/grafana/issues/66922
66629,Datasource UID and Ref ID missing for DatasourceNoData alerts in Grafana 9.5,2023-04-15 09:17:48+00:00,2023-04-20 13:38:22+00:00,type/bug|effort/small|prio/high|area/alerting,closed,https://github.com/grafana/grafana/issues/66629
66694,"query inspector in explore, bottom of stats-panel not visible",2023-04-17 16:19:21+00:00,2023-04-20 15:06:49+00:00,type/bug|prio/medium|area/explore|onboarding|good first issue,closed,https://github.com/grafana/grafana/issues/66694
62761,Problems with alert annotations after Unified Alerting migration,2023-02-02 10:40:41+00:00,2023-04-20 16:22:22+00:00,type/bug|prio/high|area/alerting,closed,https://github.com/grafana/grafana/issues/62761
66905,Datagrid: Show all possible field types in drop down,2023-04-20 05:46:05+00:00,2023-04-21 07:42:01+00:00,type/bug|area/panel/table|area/panel/datagrid,closed,https://github.com/grafana/grafana/issues/66905
66338,Layout bug in plugin view,2023-04-12 08:40:46+00:00,2023-04-21 08:02:12+00:00,type/bug|area/plugins|area/plugins-catalog,closed,https://github.com/grafana/grafana/issues/66338
60807,Grafana managed alerts are not delivered to Mimir Alertmanager in multi-tenant mode,2022-12-29 02:13:48+00:00,2023-04-21 14:16:29+00:00,type/bug|area/alerting,closed,https://github.com/grafana/grafana/issues/60807
63633,AzureMonitor: Invalid series names when multiple time series are returned from a metrics query,2023-02-23 12:53:02+00:00,2023-04-21 18:24:26+00:00,type/bug|effort/small|datasource/azure|good first issue,closed,https://github.com/grafana/grafana/issues/63633
66862,Annotations: Page crashing,2023-04-19 14:43:15+00:00,2023-04-21 20:50:47+00:00,type/bug|area/annotations,closed,https://github.com/grafana/grafana/issues/66862
67063,CloudWatch: Some metric stat editor tests are not running,2023-04-21 16:12:04+00:00,2023-04-24 14:13:04+00:00,type/bug|effort/small|datasource/cloudwatch,closed,https://github.com/grafana/grafana/issues/67063
66849,"elastic: in backend-mode, duplicate metrics fail",2023-04-19 12:53:39+00:00,2023-04-24 15:26:07+00:00,type/bug|datasource/elasticsearch,closed,https://github.com/grafana/grafana/issues/66849
47937,Loki: Context queries with parser in edge cases produce 0 result,2022-04-20 10:46:01+00:00,2023-04-24 15:36:33+00:00,type/bug|prio/support-subscription|datasource/loki|prio/awaiting-more-evidence|prio/customer-support,closed,https://github.com/grafana/grafana/issues/47937
67165,Timeseries: Annotations not rendering,2023-04-24 22:13:03+00:00,2023-04-24 22:38:32+00:00,type/bug|area/panel/timeseries,closed,https://github.com/grafana/grafana/issues/67165
64043,Logs volume: When zooming in logs volume “from” time changed but “to” time was incorrect,2023-03-02 15:43:10+00:00,2023-04-25 09:25:27+00:00,type/bug|needs investigation|area/explore|area/logs|interview-generated,closed,https://github.com/grafana/grafana/issues/64043
62893,"Logs volume: When running 2+ queries and volume results have different length, graph might be incorrect",2023-02-03 16:18:14+00:00,2023-04-25 13:28:02+00:00,type/bug|datasource/loki,closed,https://github.com/grafana/grafana/issues/62893
65588,The panel still added into the dashboard after discarding changes while editing,2023-03-30 06:34:19+00:00,2023-04-25 14:19:00+00:00,type/bug|onboarding|area/panel/edit|internal,closed,https://github.com/grafana/grafana/issues/65588
66060,No data source UID in DatasourceNoData notifications,2023-04-05 19:04:36+00:00,2023-04-25 21:26:00+00:00,type/bug|area/alerting,closed,https://github.com/grafana/grafana/issues/66060
65172,Unable to update contact point - Error 1051 thrown,2023-03-22 11:19:51+00:00,2023-04-25 21:38:47+00:00,type/bug|area/alerting,closed,https://github.com/grafana/grafana/issues/65172
52676,Alerting: Create silence preview wrongly evaluates some conditions,2022-07-23 09:17:56+00:00,2023-04-26 08:27:39+00:00,type/bug|area/alerting|area/alerting/evaluation|area/frontend|area/ux,closed,https://github.com/grafana/grafana/issues/52676
63699,Wrong URL for login with auth.anonymous + auth.basic if run with sub path with Grafana >= 9.3+ (ok with <= 9.2),2023-02-24 08:18:21+00:00,2023-04-26 09:52:27+00:00,type/bug|area/auth|help wanted|beginner friendly,closed,https://github.com/grafana/grafana/issues/63699
66545,Headerless panel menu overlap in public dashboards,2023-04-14 08:07:53+00:00,2023-04-26 12:06:40+00:00,type/bug|area/dashboard|area/public-dashboards|internal,closed,https://github.com/grafana/grafana/issues/66545
65311,Prometheus queries with over 7.7k characters fail,2023-03-24 02:34:44+00:00,2023-04-26 15:23:01+00:00,type/bug|datasource/prometheus,closed,https://github.com/grafana/grafana/issues/65311
56388,Provisioning API accepts invalid data,2022-10-05 12:13:15+00:00,2023-04-26 23:24:11+00:00,type/bug|effort/small|area/alerting|prio/medium|area/provisioning,closed,https://github.com/grafana/grafana/issues/56388
66472,Bug: Plugins: 404 when accessing newly created plugin asset files until Grafana is restarted,2023-04-13 13:55:08+00:00,2023-04-27 08:26:17+00:00,type/bug|area/plugins|area/backend/plugins,closed,https://github.com/grafana/grafana/issues/66472
66659,Panel edit plugin not found: undefined on a new dashboard screen,2023-04-17 10:51:26+00:00,2023-04-27 10:11:21+00:00,type/bug|area/dashboard|internal,closed,https://github.com/grafana/grafana/issues/66659
65710,Search: Navigating to a dashboard from search should not clear the filters,2023-03-31 13:37:46+00:00,2023-04-27 11:12:53+00:00,type/bug|area/search,closed,https://github.com/grafana/grafana/issues/65710
64486,Dashboard import responses HSTS header even when disabled in configuration,2023-03-09 08:22:23+00:00,2023-04-27 11:30:13+00:00,type/bug|area/dashboard/import,closed,https://github.com/grafana/grafana/issues/64486
57122,[InfluxDB] Annotations query not migrated properly to Grafana 9.2,2022-10-17 19:05:25+00:00,2023-04-28 12:39:13+00:00,type/bug|datasource/influxdb|area/annotations,closed,https://github.com/grafana/grafana/issues/57122
67444,Explore: Changing datasource in Mixed can update wrong query,2023-04-27 19:47:32+00:00,2023-04-28 14:01:52+00:00,type/bug|prio/high|area/explore|internal,closed,https://github.com/grafana/grafana/issues/67444
61917,Alerting: Reloading provisioned alerts resets all alerts states,2023-01-23 12:53:59+00:00,2023-04-28 14:42:56+00:00,type/bug|area/alerting|area/provisioning,closed,https://github.com/grafana/grafana/issues/61917
67434,Error 404 when searching for Install on RPM-based Linux | Grafana documentation,2023-04-27 18:02:46+00:00,2023-04-28 15:11:51+00:00,type/bug|type/docs|internal,closed,https://github.com/grafana/grafana/issues/67434
64256,Alerting: Any change to a rule always increments version and resets state for all other rules in the same group,2023-03-06 18:20:45+00:00,2023-04-28 15:22:37+00:00,type/bug|area/alerting|area/backend,closed,https://github.com/grafana/grafana/issues/64256
66750,PublicDashboards: Logs in public dashboard don't have any details,2023-04-18 11:17:40+00:00,2023-04-28 18:03:32+00:00,type/bug|area/panel/logs|area/public-dashboards,closed,https://github.com/grafana/grafana/issues/66750
67304,using $__rate_interval in min step is broken in Grafana 9.5.0/1,2023-04-26 15:51:24+00:00,2023-05-01 05:43:28+00:00,type/bug|datasource/prometheus|area/query-editor,closed,https://github.com/grafana/grafana/issues/67304
67494,Feature toggles missing from feature toggles page,2023-04-28 11:44:05+00:00,2023-05-02 10:16:52+00:00,type/bug|datasource/tempo,closed,https://github.com/grafana/grafana/issues/67494
67655,PluginCatalog: Improve user feedback when insufficient permissions,2023-05-02 12:44:41+00:00,2023-05-03 07:53:35+00:00,type/bug|area/plugins|area/plugins-catalog|internal,closed,https://github.com/grafana/grafana/issues/67655
64052,Alerting: HoverCard component cannot be tabbed onto,2023-03-02 16:21:29+00:00,2023-05-03 12:37:44+00:00,type/bug|area/alerting|area/frontend|type/accessibility,closed,https://github.com/grafana/grafana/issues/64052
60802,BarGauge with prometheus heatmap query not ordering fields correctly,2022-12-28 20:56:54+00:00,2023-05-03 20:45:21+00:00,type/bug|area/panel/bargauge|area/public-dashboards,closed,https://github.com/grafana/grafana/issues/60802
67788,BarChart: Labeling is skipped for every other bar when too many bars are present,2023-05-03 21:18:20+00:00,2023-05-03 21:42:05+00:00,type/bug|area/panel/barchart,closed,https://github.com/grafana/grafana/issues/67788
67741,NestedFolders: Checkboxes not shown for child folders,2023-05-03 14:44:02+00:00,2023-05-04 09:32:38+00:00,type/bug,closed,https://github.com/grafana/grafana/issues/67741
67804,Datasources: Cannot create new datasource via Connections,2023-05-04 08:14:58+00:00,2023-05-04 10:37:17+00:00,type/bug|area/frontend|area/datasource,closed,https://github.com/grafana/grafana/issues/67804
67821,Connections: Nav from Admin > Datasources results in error,2023-05-04 10:38:40+00:00,2023-05-04 10:45:24+00:00,type/bug|area/plugins,closed,https://github.com/grafana/grafana/issues/67821
67391,"[9.5.1] [Elasticsearch Backend Data Source] ""Invalid date"" when viewing Elasticsearch Logs",2023-04-27 12:49:53+00:00,2023-05-04 17:33:01+00:00,type/bug|datasource/elasticsearch,closed,https://github.com/grafana/grafana/issues/67391
62390,Library Panels arent working with Public Dashboards,2022-09-06 16:32:05+00:00,2023-05-04 19:07:35+00:00,type/bug|area/public-dashboards,closed,https://github.com/grafana/grafana/issues/62390
67906,Datagrid: Select series panel option does not update if queries change,2023-05-05 10:56:36+00:00,2023-05-05 13:49:40+00:00,type/bug|internal|area/panel/datagrid,closed,https://github.com/grafana/grafana/issues/67906
65839,"Alerting: UA Upgrade failure for instances who previously upgraded prior to 8.2, rolled back, and then upgrade again after 9.4",2023-04-03 14:05:46+00:00,2023-05-05 16:03:56+00:00,type/bug|area/alerting|area/backend,closed,https://github.com/grafana/grafana/issues/65839
59334,"Alert notification has blank image - image render reports ""RangeError: Invalid array length"" ",2022-11-25 11:01:58+00:00,2023-05-05 16:30:10+00:00,type/bug|prio/high|area/alerting|area/alerting/screenshots,closed,https://github.com/grafana/grafana/issues/59334
67344,changing root policy or restarting grafana would retrigger firing alert,2023-04-27 02:29:30+00:00,2023-05-05 16:51:17+00:00,type/bug|area/alerting|needs investigation,closed,https://github.com/grafana/grafana/issues/67344
63056,Dashboard not loading on iOS/OSX safari,2023-02-07 18:48:05+00:00,2023-05-05 19:57:38+00:00,type/bug|area/backend|needs investigation,closed,https://github.com/grafana/grafana/issues/63056
51108,Alerting: cannot delete/update incorrect notification policy provisioned with HTTP API,2022-06-20 10:47:21+00:00,2023-05-05 21:49:45+00:00,type/bug|area/alerting|area/backend|area/provisioning,closed,https://github.com/grafana/grafana/issues/51108
63337,datasource_uid label is missing from DatasourceError alerts,2023-02-14 12:39:38+00:00,2023-05-05 22:34:37+00:00,type/bug|area/alerting,closed,https://github.com/grafana/grafana/issues/63337
67791,Alerting: cannot modify or delete alert rule if there are multiple errored alert rules in the same evaluation group,2023-05-03 22:01:28+00:00,2023-05-05 22:52:33+00:00,type/bug|area/alerting,closed,https://github.com/grafana/grafana/issues/67791
67890,Prometheus: Query Inspector displays same range value for queries with different range value,2023-05-05 08:05:11+00:00,2023-05-06 20:48:27+00:00,type/bug|effort/small|prio/low|datasource/prometheus|internal,closed,https://github.com/grafana/grafana/issues/67890
67365,Datagrid: Add column btn on hover styling issue,2023-04-27 09:18:29+00:00,2023-05-08 07:50:27+00:00,type/bug|area/panel/datagrid,closed,https://github.com/grafana/grafana/issues/67365
67481,Error Invite users - back button,2023-04-28 09:46:02+00:00,2023-05-08 08:12:20+00:00,type/bug|area/admin/user,closed,https://github.com/grafana/grafana/issues/67481
67574,Support adaptive widths for Content and Data textareas,2023-04-29 12:07:18+00:00,2023-05-08 09:32:48+00:00,type/bug|area/alerting|area/frontend,closed,https://github.com/grafana/grafana/issues/67574
66052,The Export button for exporting all alert rules doesn't show up if RBAC is disabled,2023-04-05 17:13:16+00:00,2023-05-08 12:28:11+00:00,type/bug|area/alerting|prio/medium|area/frontend,closed,https://github.com/grafana/grafana/issues/66052
67733,Datagrid: Column removal is confusing,2023-05-03 13:46:11+00:00,2023-05-08 16:02:22+00:00,type/bug|area/panel/datagrid,closed,https://github.com/grafana/grafana/issues/67733
68002,Prometheus: label/__name__/values in query builder throwing error with existing labels,2023-05-08 13:26:08+00:00,2023-05-08 16:33:32+00:00,type/bug|datasource/prometheus|backport v10.0.x,closed,https://github.com/grafana/grafana/issues/68002
67805,Navbar resets to dashboard state when opening the advanced DS modal picker,2023-05-04 08:16:40+00:00,2023-05-08 19:51:46+00:00,type/bug|area/panel/edit,closed,https://github.com/grafana/grafana/issues/67805
67811,Datagrid: Header context menu doesn't clear deleted selection,2023-05-04 09:07:17+00:00,2023-05-09 05:50:16+00:00,type/bug|area/panel/datagrid,closed,https://github.com/grafana/grafana/issues/67811
64312,Elasticsearch alerting return no data at some period of the day with a daily index,2023-03-07 12:54:23+00:00,2023-05-09 07:07:47+00:00,type/bug|datasource/elasticsearch|bot/no new info,closed,https://github.com/grafana/grafana/issues/64312
66416,Unable to change channel on Slack alert,2023-04-12 19:12:30+00:00,2023-05-09 11:44:43+00:00,type/bug|area/alerting|prio/medium|area/frontend,closed,https://github.com/grafana/grafana/issues/66416
60688,${__searchFilter} seems to be broken for new/updated template variables,2022-12-22 12:51:00+00:00,2023-05-09 12:31:32+00:00,type/bug|datasource/graphite|area/dashboard/templating|area/dashboard|area/query-editor,closed,https://github.com/grafana/grafana/issues/60688
66814,AlertList: Group by doesn't show items lacking the grouped label,2023-04-19 06:19:52+00:00,2023-05-09 13:18:40+00:00,type/bug|area/panel/alertlist|area/frontend,closed,https://github.com/grafana/grafana/issues/66814
66625,Timeseries: Annotations not rendering properly,2023-04-15 03:47:44+00:00,2023-05-09 20:12:04+00:00,type/bug|area/annotations|area/panel/timeseries,closed,https://github.com/grafana/grafana/issues/66625
62070,heatmap: RangeError: invalid array length ,2023-01-25 09:37:42+00:00,2023-05-09 21:24:15+00:00,type/bug|area/panel/heatmap|type/regression,closed,https://github.com/grafana/grafana/issues/62070
64912,Heatmap logarithmic scale doesn't work,2023-03-16 15:26:49+00:00,2023-05-09 21:29:54+00:00,type/bug|area/panel/heatmap,closed,https://github.com/grafana/grafana/issues/64912
65302,Heatmap shows wrong color,2023-03-23 20:58:54+00:00,2023-05-10 04:16:37+00:00,type/bug|area/panel/heatmap,closed,https://github.com/grafana/grafana/issues/65302
66838,Dashboard: All panels refresh when navigating from edit panel to dashboard page,2023-04-19 11:30:41+00:00,2023-05-10 13:12:58+00:00,type/bug|prio/high|area/dashboard,closed,https://github.com/grafana/grafana/issues/66838
67894,"When showing the onboarding, modifies the URL adding a history entry",2023-05-05 08:24:19+00:00,2023-05-10 16:57:12+00:00,type/bug|onboarding|area/panel/edit,closed,https://github.com/grafana/grafana/issues/67894
67700,Update Grafana built-in DS to describe what each of them does,2023-05-03 08:03:25+00:00,2023-05-10 18:56:02+00:00,type/bug|area/datasource|area/panel/edit|internal,closed,https://github.com/grafana/grafana/issues/67700
67731,Datagrid: rename doesn't work for fields with config.displayname,2023-05-03 13:36:40+00:00,2023-05-11 06:31:36+00:00,type/bug|area/panel/datagrid,closed,https://github.com/grafana/grafana/issues/67731
63133,API: Starring already starred dashboard returns 500 internal server error,2023-02-08 18:13:14+00:00,2023-05-11 08:37:38+00:00,type/bug|area/backend/api,closed,https://github.com/grafana/grafana/issues/63133
63835,Auth: isSynced attribute not checked in org page for users in rolepicker,2023-02-28 09:59:06+00:00,2023-05-11 18:34:10+00:00,type/bug|area/auth|area/auth/oauth|internal,closed,https://github.com/grafana/grafana/issues/63835
66290,Dashboards: Explore page is not accessible when /api/datasources/ fails,2023-04-11 14:20:32+00:00,2023-05-12 13:48:19+00:00,type/bug|area/explore|onboarding|internal,closed,https://github.com/grafana/grafana/issues/66290
67474,"Duplicate names inside Install Grafana pages ""Redhat, RHEL, or Fedora""",2023-04-28 08:09:34+00:00,2023-05-12 16:30:20+00:00,type/bug|type/docs|triage/needs-confirmation,closed,https://github.com/grafana/grafana/issues/67474
67941,ResourcePicker: Unable to select icons consistently,2023-05-05 18:47:41+00:00,2023-05-12 23:37:45+00:00,type/bug|area/panel/geomap|area/panel/canvas|area/resourcepicker,closed,https://github.com/grafana/grafana/issues/67941
52598,loki: derived fields with the same name do not work correctly,2022-07-21 11:12:06+00:00,2023-05-15 10:48:52+00:00,type/bug,closed,https://github.com/grafana/grafana/issues/52598
65447,Using wildcard Span names causes Tempo to be unable to display Service Graph,2023-03-28 08:33:21+00:00,2023-05-15 13:18:47+00:00,type/bug|prio/medium|area/tracing|datasource/tempo,closed,https://github.com/grafana/grafana/issues/65447
68440,"Node graph: if queried from Tempo, does not work in dashboards",2023-05-15 09:03:38+00:00,2023-05-15 13:27:29+00:00,type/bug|area/frontend|datasource/tempo|area/panel/node-graph,closed,https://github.com/grafana/grafana/issues/68440
61966,"Alerting: POST to /api/alertmanager/grafana/api/v2/silences returns 202, while docs say it should return 201",2023-01-24 04:13:19+00:00,2023-05-15 15:23:32+00:00,type/bug|area/alerting|prio/low|area/backend/api,closed,https://github.com/grafana/grafana/issues/61966
67284,Graph -> Timeseries migration: Override value for stacking doesn't migrate properly,2023-04-26 13:00:26+00:00,2023-05-15 19:19:18+00:00,type/bug|area/panel/timeseries|internal,closed,https://github.com/grafana/grafana/issues/67284
67580,"Canvas: Showing ""Field not found"" when using influxDB or flux as data source",2023-04-30 05:36:23+00:00,2023-05-15 22:34:22+00:00,type/bug|area/panel/canvas,closed,https://github.com/grafana/grafana/issues/67580
65632,Grafana UI: Nested usage of `react-popper-tooltip`'s `setTriggerRef` causes the inner tooltips to not show,2023-03-30 15:44:09+00:00,2023-05-16 10:15:55+00:00,type/bug|needs investigation|area/frontend|area/grafana/ui,closed,https://github.com/grafana/grafana/issues/65632
68531,Elasticsearch: backend migration: empty index field does not work,2023-05-16 10:49:00+00:00,2023-05-16 15:09:11+00:00,type/bug|datasource/elasticsearch|internal,closed,https://github.com/grafana/grafana/issues/68531
61196,Cannot reset admin password using docker-compose,2023-01-09 21:18:52+00:00,2023-05-16 15:57:19+00:00,type/bug|area/grafana-cli|area/backend|area/docker|area/backend/db/sqlite,closed,https://github.com/grafana/grafana/issues/61196
68564,Grafana panel description going out of screen,2023-05-16 15:24:42+00:00,2023-05-17 07:48:47+00:00,type/bug|area/panel/edit,closed,https://github.com/grafana/grafana/issues/68564
68427,Elasticsearch: limit metadata is not displayed after backend migration,2023-05-13 14:50:02+00:00,2023-05-17 12:28:34+00:00,type/bug|datasource/elasticsearch|area/panel/logs|triage/needs-confirmation,closed,https://github.com/grafana/grafana/issues/68427
68293,Dashboard: Checkboxes in save dialog are misaligned in Safari,2023-05-11 09:47:23+00:00,2023-05-17 12:29:18+00:00,type/bug|area/dashboard|help wanted|good first issue,closed,https://github.com/grafana/grafana/issues/68293
59733,Node Graph edge ContextMenu will not open if source and target nodes are positioned too closed by ,2022-12-02 16:12:33+00:00,2023-05-17 13:22:23+00:00,type/bug|type/ux|prio/medium|area/panel/node-graph,closed,https://github.com/grafana/grafana/issues/59733
68428,Explore view with elasticsearch plugin: log panel not correctly updated when limit option is changed,2023-05-13 15:30:35+00:00,2023-05-17 13:28:27+00:00,type/bug|datasource/elasticsearch|area/logs,closed,https://github.com/grafana/grafana/issues/68428
68630,Remove empty dashboard datasource connection page (currently only visible for OS),2023-05-17 13:31:23+00:00,2023-05-17 13:32:57+00:00,type/bug|area/dashboard|type/chore,closed,https://github.com/grafana/grafana/issues/68630
60801,Investigate Zabbix plugin not working with pubdash,2022-12-28 20:12:52+00:00,2023-05-18 13:31:28+00:00,type/bug|area/public-dashboards,closed,https://github.com/grafana/grafana/issues/60801
67682,Google Cloud Monitoring: Fix memory crash caused by large amounts of metricDescriptors and metric names,2023-05-02 18:20:52+00:00,2023-05-18 15:31:09+00:00,type/bug|datasource/googlecloudmonitoring|effort/medium,closed,https://github.com/grafana/grafana/issues/67682
68689,Prometheus: Configuration options table format is broken in the data source documentation page,2023-05-18 09:13:24+00:00,2023-05-22 08:56:50+00:00,type/bug|effort/small|type/docs|prio/medium|datasource/prometheus|good first issue,closed,https://github.com/grafana/grafana/issues/68689
68717,Data source edit: Saving BigQuery crashes grafana,2023-05-18 16:08:48+00:00,2023-05-22 11:50:48+00:00,type/bug|area/datasource/frontend,closed,https://github.com/grafana/grafana/issues/68717
67897,Make the DS picker dropdown container to grow depending of the viewport height,2023-05-05 09:39:50+00:00,2023-05-22 13:35:15+00:00,type/bug|area/datasource|area/panel/edit|internal,closed,https://github.com/grafana/grafana/issues/67897
68735,Graph: Legend not showing up,2023-05-18 21:11:57+00:00,2023-05-22 13:57:58+00:00,type/bug|area/panel/graph|type/regression,closed,https://github.com/grafana/grafana/issues/68735
68760,Dashboard: Panel description event triggering every time panel is rendered,2023-05-22 07:57:56+00:00,2023-05-22 13:58:45+00:00,type/bug|area/instrumentation,closed,https://github.com/grafana/grafana/issues/68760
67638,Missing parameters on Prometheus schema,2023-05-02 09:25:28+00:00,2023-05-22 14:20:17+00:00,type/bug|datasource/prometheus,closed,https://github.com/grafana/grafana/issues/67638
68825,Use custom scrollbar for DS list,2023-05-22 13:52:08+00:00,2023-05-22 21:55:20+00:00,type/bug|area/panel/edit,closed,https://github.com/grafana/grafana/issues/68825
67819,Logs: row message copy button does not work,2023-05-04 10:28:05+00:00,2023-05-23 12:36:07+00:00,type/bug|datasource/loki|area/logs,closed,https://github.com/grafana/grafana/issues/67819
68384,Navigation: Breadcrumbs do not update when navigating between two dashboards with the same name,2023-05-12 14:10:59+00:00,2023-05-23 15:11:50+00:00,type/bug|area/dashboard/folders|area/navigation,closed,https://github.com/grafana/grafana/issues/68384
68362,A11y: List type RadioButtons do not provide tooltips ,2023-05-12 11:11:22+00:00,2023-05-23 15:19:12+00:00,type/bug|area/dashboard|area/frontend|type/accessibility,closed,https://github.com/grafana/grafana/issues/68362
63916,isolation_level config for Mysql 8 connections doesn't work,2023-03-01 08:51:28+00:00,2023-05-23 15:22:07+00:00,type/bug|area/backend/db/mysql|area/backend/db/sql,closed,https://github.com/grafana/grafana/issues/63916
56932,"Grafana 9.2.0: Public dashboard link  uses internal url,not external",2022-10-14 09:35:04+00:00,2023-05-24 08:14:21+00:00,type/bug|area/public-dashboards|triage/needs-confirmation,closed,https://github.com/grafana/grafana/issues/56932
68556,"Preferences: Cannot reset / clear timezone option back to ""Default"" ",2023-05-16 14:37:55+00:00,2023-05-24 08:28:16+00:00,type/bug,closed,https://github.com/grafana/grafana/issues/68556
68884,Checkbox column too wide (checkbox has 8px extra too the right),2023-05-23 12:36:44+00:00,2023-05-24 09:52:23+00:00,type/bug|internal,closed,https://github.com/grafana/grafana/issues/68884
65518,[Dashboards - Library Panel] A library panel configured to repeat conflicts with dashboard template variables when they share the same name,2023-03-29 11:30:13+00:00,2023-05-24 13:26:20+00:00,type/bug|area/frontend|area/frontend/library-panels,closed,https://github.com/grafana/grafana/issues/65518
67851,Migration to unified alerting fails when execution of NoData\Error is not supported,2023-05-04 14:56:17+00:00,2023-05-24 17:09:19+00:00,type/bug|area/alerting|area/backend/db/migration|area/alerting-legacy|kata:alerting-ease-of-use,closed,https://github.com/grafana/grafana/issues/67851
69036,CI: build-docker steps broken in v10.0.x,2023-05-25 06:42:13+00:00,2023-05-25 07:17:26+00:00,type/bug|type/ci|no-changelog|internal,closed,https://github.com/grafana/grafana/issues/69036
67829,Monaco Editor: ctrl+s not triggering save,2023-05-04 11:51:38+00:00,2023-05-25 08:49:25+00:00,type/bug|area/frontend/code-editor,closed,https://github.com/grafana/grafana/issues/67829
60908,Flaky test in `SceneTimeRange.test.tsx`,2023-01-03 13:41:40+00:00,2023-05-25 10:09:31+00:00,type/bug|area/scenes,closed,https://github.com/grafana/grafana/issues/60908
48456,Expression MATH not working 8.5.1 ,2022-04-28 17:58:29+00:00,2023-05-25 15:21:46+00:00,type/bug|prio/medium|area/expressions,closed,https://github.com/grafana/grafana/issues/48456
67508,Loki: Fix query tracking for when lokiQuerySplitting is enabled,2023-04-28 13:12:49+00:00,2023-05-25 15:39:18+00:00,type/bug|datasource/loki,closed,https://github.com/grafana/grafana/issues/67508
68824,Timeseries: Centered zero has no effect when there are only 0s in data,2023-05-22 13:44:33+00:00,2023-05-25 19:25:28+00:00,type/bug|area/panel/timeseries,closed,https://github.com/grafana/grafana/issues/68824
63558,Query Editor: dropdown menu overflowing the screen when positioned near the bottom,2023-02-22 11:17:36+00:00,2023-05-26 08:30:48+00:00,type/bug|help wanted|datasource/prometheus|area/frontend|datasource/loki|area/query-editor,closed,https://github.com/grafana/grafana/issues/63558
68539,Grafana managed alert cannot be routed to external alertmanager in multiorganization setup,2023-05-16 11:57:42+00:00,2023-05-26 11:23:00+00:00,type/bug|area/alerting|area/backend,closed,https://github.com/grafana/grafana/issues/68539
61620,Clicking 'explore' on a panel with '-- Dashboard --' datasource is broken,2023-01-17 13:36:46+00:00,2023-05-26 14:01:56+00:00,type/bug|prio/low|needs investigation|area/explore|onboarding,closed,https://github.com/grafana/grafana/issues/61620
68826,"After closing the DS modal, the focus remains in the selector",2023-05-22 13:54:06+00:00,2023-05-26 14:19:39+00:00,type/bug|area/panel/edit|internal,closed,https://github.com/grafana/grafana/issues/68826
67948,Dashboards: Padding not respected when scroll in `y` in the New DS Picker modal ,2023-05-05 20:23:42+00:00,2023-05-26 14:39:00+00:00,type/bug|area/frontend|area/grafana/ui|area/panel/edit|internal,closed,https://github.com/grafana/grafana/issues/67948
69226,Bug: Revoke public dashboard URL fix,2023-05-29 14:24:04+00:00,2023-05-29 14:24:55+00:00,type/bug|area/public-dashboards,closed,https://github.com/grafana/grafana/issues/69226
69022,Bug: Can't revoke a public dashboard when opening settings modal from the audit table,2023-05-24 21:18:58+00:00,2023-05-29 16:08:30+00:00,type/bug|area/dashboard|area/public-dashboards|internal,closed,https://github.com/grafana/grafana/issues/69022
66692,User can see and in some cases install redundant deprecated plugins,2023-04-17 15:55:27+00:00,2023-05-31 13:10:15+00:00,type/bug|area/plugins-catalog,closed,https://github.com/grafana/grafana/issues/66692
69207,"Timeseries: change of series name on refresh from `s1` to `{name=""s1""}`",2023-05-28 17:56:13+00:00,2023-05-31 14:46:41+00:00,type/bug|area/panel/timeseries|area/tooltip,closed,https://github.com/grafana/grafana/issues/69207
62655,RPM package grafana-enterprise 8 obsoletes grafana 9,2023-02-01 10:03:36+00:00,2023-05-31 15:00:37+00:00,type/bug|triage/needs-confirmation,closed,https://github.com/grafana/grafana/issues/62655
69292,Explore: Pyroscope incorrect max nodes default,2023-05-31 08:56:20+00:00,2023-06-01 10:14:21+00:00,type/bug|datasource/pyroscope,closed,https://github.com/grafana/grafana/issues/69292
69439,Heatmap: Negative values in result when using format=heatmap,2023-06-02 10:19:56+00:00,2023-06-02 10:23:54+00:00,type/bug|area/frontend|area/transformations|internal,closed,https://github.com/grafana/grafana/issues/69439
51984,Cloudwatch: Metric query panels not getting migrated,2022-07-08 15:38:26+00:00,2023-06-02 14:57:05+00:00,type/bug|datasource/cloudwatch,closed,https://github.com/grafana/grafana/issues/51984
55420,Cloudwatch Bug: dimension values list is incomplete,2022-09-19 19:12:13+00:00,2023-06-02 15:04:37+00:00,type/bug|datasource/cloudwatch|mob-friendly,closed,https://github.com/grafana/grafana/issues/55420
56230,PluginDetails: Custom config page has incorrect breadcrumb  ,2022-10-04 07:07:03+00:00,2023-06-05 10:25:04+00:00,type/bug|area/plugins|area/plugins/app,closed,https://github.com/grafana/grafana/issues/56230
69331,Dashboards: Loki template variables throw error when `label_values` returns nil result.,2023-05-31 16:58:07+00:00,2023-06-05 13:16:14+00:00,type/bug|datasource/loki|internal,closed,https://github.com/grafana/grafana/issues/69331
65157,Plugin descriptions in the pop-out nav menu are cut-off in grafana <v9.5,2023-03-22 08:09:29+00:00,2023-06-05 14:11:14+00:00,type/bug,closed,https://github.com/grafana/grafana/issues/65157
63702,Cloudwatch: not passing onBlur to QueryField causes infinite loop,2023-02-24 08:49:03+00:00,2023-06-06 08:44:29+00:00,type/bug|effort/none|datasource/cloudwatch,closed,https://github.com/grafana/grafana/issues/63702
53388,Slow template variable loading due same variable loaded multiple times on time range change,2022-08-08 12:30:50+00:00,2023-06-06 13:12:13+00:00,type/bug|area/dashboard/templating|area/dashboard,closed,https://github.com/grafana/grafana/issues/53388
69642,Explore: removing a query doesn't run remaininfg queries,2023-06-06 13:37:41+00:00,2023-06-06 22:28:35+00:00,type/bug|area/explore|area/frontend,closed,https://github.com/grafana/grafana/issues/69642
69463,Load SheetJS only when neccessary,2023-06-02 13:46:02+00:00,2023-06-08 08:24:51+00:00,type/bug|type/performance|internal,closed,https://github.com/grafana/grafana/issues/69463
69775,NestedFolders: Selecting all dashboards in a folder deletes everything ,2023-06-08 10:11:19+00:00,2023-06-08 11:35:23+00:00,type/bug|area/manage-dashboards,closed,https://github.com/grafana/grafana/issues/69775
69555,"Loki: query editor: max-lines, if cleared, report NaN",2023-06-05 12:29:39+00:00,2023-06-08 12:40:41+00:00,type/bug|datasource/loki|internal,closed,https://github.com/grafana/grafana/issues/69555
66427,Alerting: Source URL in alert created outside of dashboard/panel in multi-org environment does not contain orgId,2023-04-13 05:42:19+00:00,2023-06-08 16:40:27+00:00,type/bug|area/alerting|kata:am_unify,closed,https://github.com/grafana/grafana/issues/66427
66158,Alerting: Rule diff logic does not take all renames within the same request into account,2023-04-06 23:28:07+00:00,2023-06-08 22:51:51+00:00,type/bug|effort/small|area/alerting|prio/medium|area/backend,closed,https://github.com/grafana/grafana/issues/66158
61932,Prometheus: query editor doesn't use existing label filters for new filters autocomplete,2023-01-23 15:35:47+00:00,2023-06-09 15:23:27+00:00,type/bug|prio/low|datasource/prometheus|area/query-editor,closed,https://github.com/grafana/grafana/issues/61932
69877,HeatMap: Sort y axis values if they are numbers,2023-06-10 05:52:10+00:00,2023-06-11 04:12:31+00:00,type/bug|area/panel/heatmap,closed,https://github.com/grafana/grafana/issues/69877
67698,Dashboards: Opening dashboards in new tab from new search text box on top of page not working properly if sub path is configured,2023-05-03 08:01:07+00:00,2023-06-12 14:58:41+00:00,type/bug|area/search|area/frontend,closed,https://github.com/grafana/grafana/issues/67698
69935,Prometheus: Missing query expression string throwing panel error,2023-06-12 15:28:11+00:00,2023-06-12 19:43:01+00:00,type/bug|datasource/prometheus|backport,closed,https://github.com/grafana/grafana/issues/69935
69213,error loading alert group in UI when creating new alert via UI,2023-05-29 11:44:57+00:00,2023-06-13 09:26:03+00:00,type/bug|area/alerting|area/frontend,closed,https://github.com/grafana/grafana/issues/69213
68702,SparklineCell: freezes browser if there's only one value in data frame,2023-05-18 12:50:17+00:00,2023-06-14 06:18:53+00:00,type/bug|area/panel/table|area/frontend|internal,closed,https://github.com/grafana/grafana/issues/68702
69262,GrafanaUI: CodeEditor shows duplicate suggestions,2023-05-30 15:41:22+00:00,2023-06-14 12:51:05+00:00,type/bug|area/grafana/ui,closed,https://github.com/grafana/grafana/issues/69262
69661,Text Panel: HTML Details tag doesn't show expander,2023-06-06 17:47:59+00:00,2023-06-15 10:12:29+00:00,type/bug|area/panel/text,closed,https://github.com/grafana/grafana/issues/69661
65712,BarGauge: Shows scrollbar when there is a datalink present ,2023-03-31 13:50:05+00:00,2023-06-15 13:34:55+00:00,type/bug|area/panel/bargauge,closed,https://github.com/grafana/grafana/issues/65712
64861,"Scatterplot with `Units: Short` omits suffix from y-axis tick-labels, ",2023-03-15 22:33:36+00:00,2023-06-15 16:32:22+00:00,type/bug|area/panel/xychart,closed,https://github.com/grafana/grafana/issues/64861
53357,Can't edit/delete alert rules when data source deleted,2022-08-07 13:13:14+00:00,2023-06-15 17:33:44+00:00,type/bug|area/alerting|prio/medium|effort/medium,closed,https://github.com/grafana/grafana/issues/53357
64593,can't delete/modify alerts when datasource is deleted,2023-03-10 11:01:48+00:00,2023-06-15 17:33:44+00:00,type/bug|area/alerting,closed,https://github.com/grafana/grafana/issues/64593
69765,Plugins: Incorrectly dropping the original check health error,2023-06-08 08:38:00+00:00,2023-06-16 09:18:56+00:00,type/bug|area/backend/plugins|internal,closed,https://github.com/grafana/grafana/issues/69765
65456,Explore: Logs volume for queries returning no data displays incorrectly,2023-03-28 14:18:48+00:00,2023-06-16 14:58:38+00:00,type/bug|prio/medium|area/explore|datasource/loki,closed,https://github.com/grafana/grafana/issues/65456
69069,InfluxDB Datasource: Bad Request 400 shown in developer tools on refresh,2023-05-25 12:16:11+00:00,2023-06-17 12:07:51+00:00,type/bug|datasource/influxdb|prio/low|effort/none,closed,https://github.com/grafana/grafana/issues/69069
70260,Explore: Missing datasource ref in Query causes log details to stop working,2023-06-16 16:11:56+00:00,2023-06-19 09:47:01+00:00,type/bug,closed,https://github.com/grafana/grafana/issues/70260
69841,Multi-value variables do not work in TraceQL,2023-06-09 09:38:34+00:00,2023-06-19 12:28:58+00:00,type/bug|prio/high|datasource/tempo,closed,https://github.com/grafana/grafana/issues/69841
70259,Alerting: Cannot enter the same Evaluation Group when changing Folder,2023-06-16 16:10:25+00:00,2023-06-20 09:28:26+00:00,type/bug|area/alerting|area/frontend|internal,closed,https://github.com/grafana/grafana/issues/70259
70375,Explore: Datasource picker always includes Dashaboard and Mixed,2023-06-20 11:06:25+00:00,2023-06-20 12:21:51+00:00,type/bug|prio/high|area/explore|area/frontend,closed,https://github.com/grafana/grafana/issues/70375
68213,encrypt-datasource-passwords:  duplicate metrics collector registration attempted,2023-05-10 11:41:22+00:00,2023-06-20 15:29:22+00:00,type/bug|area/grafana-cli|area/backend,closed,https://github.com/grafana/grafana/issues/68213
61422,"Closing Explore ""Split"" pane before query finishes causes problems ",2023-01-12 18:21:05+00:00,2023-06-21 09:06:31+00:00,type/bug|prio/medium|area/explore,closed,https://github.com/grafana/grafana/issues/61422
69548,Nested Folder children are not refreshed when navigating back to BrowseView,2023-06-05 10:36:05+00:00,2023-06-22 08:44:22+00:00,type/bug|area/manage-dashboards|internal,closed,https://github.com/grafana/grafana/issues/69548
70488,Explore: `+` is not encoded correctly in URL anymore,2023-06-22 08:34:10+00:00,2023-06-22 10:34:13+00:00,type/bug|prio/high|area/explore|internal,closed,https://github.com/grafana/grafana/issues/70488
70049,Streaming Datasource:  Oberservable in ExplorerUI does not receive an unsubscribe (in Panel works as expected),2023-06-14 09:38:00+00:00,2023-06-22 13:00:26+00:00,type/bug|prio/high|area/explore,closed,https://github.com/grafana/grafana/issues/70049
70586,Grafana CLI doesn't return all installed plugins,2023-06-23 10:37:25+00:00,2023-06-23 12:06:03+00:00,type/bug|area/plugins|area/grafana-cli|internal,closed,https://github.com/grafana/grafana/issues/70586
69406,XYChart: Logarithmic axis broken,2023-06-01 16:42:58+00:00,2023-06-23 15:50:40+00:00,type/bug|area/panel/xychart,closed,https://github.com/grafana/grafana/issues/69406
70383,Dashboards: Only one alerts list panel on dashboard shows alerts even with mutually exclusive filters,2023-06-20 13:17:50+00:00,2023-06-23 17:15:26+00:00,type/bug|area/panel/alertlist,closed,https://github.com/grafana/grafana/issues/70383
69982,Explore: Explore split-view remembers old result,2023-06-13 07:43:42+00:00,2023-06-26 10:23:19+00:00,type/bug|needs investigation|area/explore,closed,https://github.com/grafana/grafana/issues/69982
67316,"Upgrade from 9.3.1 to 9.3.11, 9.4.9, or 9.5.1 fails on updating alert configuration and/or secret migration",2023-04-26 17:40:04+00:00,2023-06-26 20:34:20+00:00,type/bug|needs more info|area/alerting|area/backend,closed,https://github.com/grafana/grafana/issues/67316
65299,BarChart: legend colors do not correspond to bar colors,2023-03-23 20:09:46+00:00,2023-06-26 20:45:42+00:00,type/bug|area/panel/barchart|area/legend,closed,https://github.com/grafana/grafana/issues/65299
70714,Explore: All queries fail when Correlations are in use and Datasource Permissions are used to restrict a Correlations datasource.,2023-06-26 18:06:55+00:00,2023-06-27 12:02:59+00:00,type/bug|area/correlations,closed,https://github.com/grafana/grafana/issues/70714
70638,Prometheus: variable editor label filters for label_values not included in var query,2023-06-23 18:45:47+00:00,2023-06-27 12:58:48+00:00,type/bug|area/dashboard/templating|datasource/prometheus,closed,https://github.com/grafana/grafana/issues/70638
70665,Explore: Multiple panes are created when clicking data links,2023-06-26 08:19:51+00:00,2023-06-27 12:59:15+00:00,type/bug|prio/high|area/explore,closed,https://github.com/grafana/grafana/issues/70665
46497,Variables cannot be duplicated if one already exists that is names copy_of itself,2022-03-12 02:24:39+00:00,2023-06-28 11:53:55+00:00,type/bug|area/dashboard/templating|area/dashboard|help wanted|prio/low|good first issue|team/grafana-dashboards,closed,https://github.com/grafana/grafana/issues/46497
70230,Elastic: Ad-hoc filters: Colon in Key causes query to fail,2023-06-16 09:56:33+00:00,2023-06-29 14:40:58+00:00,type/bug|datasource/elasticsearch|type/regression,closed,https://github.com/grafana/grafana/issues/70230
67438,"Error message ""user already exists"" during login if user email in Oauth provider was changed",2023-04-27 19:00:41+00:00,2023-06-30 12:10:06+00:00,type/bug|area/auth/oauth,closed,https://github.com/grafana/grafana/issues/67438
68603,Azure Monitor Datasource/Dashboard : Multiple Resources queries do not work for all metrics,2023-05-17 08:34:50+00:00,2023-06-30 15:36:05+00:00,type/bug|datasource/azure|area/datasource|effort/medium|internal,closed,https://github.com/grafana/grafana/issues/68603
70937,Graphite: Mixed datasources with Graphite's text editor infinite loops,2023-06-29 23:01:51+00:00,2023-06-30 19:00:28+00:00,type/bug|datasource/graphite|prio/high,closed,https://github.com/grafana/grafana/issues/70937
70889,Plugins: Angular detection is not run for CDN plugins,2023-06-29 10:44:13+00:00,2023-07-04 09:03:12+00:00,type/bug|area/plugins|area/backend/plugins|internal,closed,https://github.com/grafana/grafana/issues/70889
70469,"Grafana Edit Panel: Label ""Resample to"" overflows out of the container",2023-06-21 17:39:59+00:00,2023-07-04 12:35:40+00:00,type/bug|effort/small|prio/low|area/frontend|area/expressions,closed,https://github.com/grafana/grafana/issues/70469
58305,Annotation update not possible.,2022-11-07 07:51:08+00:00,2023-07-07 13:21:51+00:00,type/bug|area/annotations|area/backend/api|area/docker,closed,https://github.com/grafana/grafana/issues/58305
70560,XYChart: Reconcile point size editors,2023-06-23 00:53:51+00:00,2023-07-07 16:43:51+00:00,type/bug|area/panel/xychart|internal,closed,https://github.com/grafana/grafana/issues/70560
70158,Explore: Fix skipped flaky test,2023-06-15 13:18:31+00:00,2023-07-10 12:35:57+00:00,type/bug|prio/high|type/tech|area/explore|type/debt|internal,closed,https://github.com/grafana/grafana/issues/70158
59116,Explore: Query history test times out,2022-11-22 13:27:21+00:00,2023-07-10 12:35:57+00:00,type/bug|prio/high|area/explore|type/debt,closed,https://github.com/grafana/grafana/issues/59116
66181,"Users see ""Permission denied"" every time they load explore & new dashboard pages",2023-04-07 16:28:17+00:00,2023-07-10 13:16:31+00:00,type/bug|area/backend,closed,https://github.com/grafana/grafana/issues/66181
66373,Dashboard Title Slug does not support the mix of English and Chinese in 9.4.1,2023-04-12 12:45:42+00:00,2023-07-10 19:05:41+00:00,type/bug|area/backend,closed,https://github.com/grafana/grafana/issues/66373
71219,Alerting: Alertmanager change detection does not work with secure settings,2023-07-07 15:15:42+00:00,2023-07-11 06:23:09+00:00,type/bug|area/alerting|internal,closed,https://github.com/grafana/grafana/issues/71219
65516,Internationalisation: Fix plural messages,2023-03-29 11:20:50+00:00,2023-07-11 15:37:03+00:00,type/bug|area/internationalization,closed,https://github.com/grafana/grafana/issues/65516
70767,Bug Bash Test Spec Template (BI example),2023-06-27 16:11:11+00:00,2023-07-11 21:36:16+00:00,internal|quality|bug-bash,closed,https://github.com/grafana/grafana/issues/70767
71018,Public dashboard :  No data,2023-07-03 09:57:12+00:00,2023-07-12 14:03:25+00:00,type/bug|area/dashboard|area/public-dashboards|triage/needs-confirmation|team/grafana-dashboards,closed,https://github.com/grafana/grafana/issues/71018
70598,Explore: Datasource picker overflows in certain scenarios,2023-06-23 12:20:09+00:00,2023-07-13 09:03:41+00:00,type/bug|prio/medium|needs investigation|area/explore|area/frontend,closed,https://github.com/grafana/grafana/issues/70598
70813,Explore: Cannot render multiple tables,2023-06-28 09:40:48+00:00,2023-07-13 11:44:44+00:00,type/bug|prio/high|area/explore,closed,https://github.com/grafana/grafana/issues/70813
71387,Bug: tags not persisted when saving a new dashboard,2023-07-11 15:50:20+00:00,2023-07-13 12:10:48+00:00,type/bug|team/grafana-dashboards,closed,https://github.com/grafana/grafana/issues/71387
63645,Silence - alertname matcher requires trailing whitespace to match correctly,2023-02-23 14:27:27+00:00,2023-07-13 12:24:27+00:00,type/bug|area/alerting|area/alerting/notifications|area/frontend,closed,https://github.com/grafana/grafana/issues/63645
70809,Tempo Service Graph: Explore links to prometheus are not rendered,2023-06-28 09:16:12+00:00,2023-07-13 12:38:09+00:00,type/bug|area/datasource/frontend|datasource/tempo|area/panel/node-graph,closed,https://github.com/grafana/grafana/issues/70809
71174,"NestedFolders: ""Empty folder CTA"" shows for users who don't have edit access",2023-07-07 09:14:34+00:00,2023-07-13 15:00:30+00:00,type/bug|area/manage-dashboards,closed,https://github.com/grafana/grafana/issues/71174
45975,"When looking at the ""What’s new in Grafana v8.4"" docs page, it says this is a future version",2022-02-28 15:37:09+00:00,2023-07-13 18:35:45+00:00,type/bug|type/docs|type/community|migrate/status-icebox,closed,https://github.com/grafana/grafana/issues/45975
71507,Geomap: Painfully slow UX when rendering a large number of markers,2023-07-12 22:09:30+00:00,2023-07-14 03:21:08+00:00,type/bug|prio/customer-support|area/panel/geomap,closed,https://github.com/grafana/grafana/issues/71507
70812,Explore: Multiple queries don't always render multiple panels,2023-06-28 09:31:11+00:00,2023-07-14 13:15:52+00:00,type/bug|prio/medium|area/explore,closed,https://github.com/grafana/grafana/issues/70812
71105,"Loki: When coming from ""old"" queries in a dashboard, resolution is rendered twice",2023-07-06 05:30:56+00:00,2023-07-15 09:13:14+00:00,type/bug|datasource/loki|internal,closed,https://github.com/grafana/grafana/issues/71105
68306,AzureMonitor: Current resource selection grows over resource selection table,2023-05-11 12:18:12+00:00,2023-07-17 12:01:53+00:00,type/bug|effort/small|datasource/azure|good first issue,closed,https://github.com/grafana/grafana/issues/68306
71406,Prometheus: Can't add custom label value in variable label value filter,2023-07-12 07:22:25+00:00,2023-07-18 08:04:02+00:00,type/bug|area/dashboard/templating|datasource/prometheus|internal,closed,https://github.com/grafana/grafana/issues/71406
71265,"UI: Typing ""straw"" into Cmd+K search bar shows all admin pages",2023-07-09 10:52:50+00:00,2023-07-18 10:00:29+00:00,type/bug|area/search|mob-friendly,closed,https://github.com/grafana/grafana/issues/71265
71637,Error after removing or moving queries in the alert rule form,2023-07-14 11:01:30+00:00,2023-07-18 14:44:38+00:00,type/bug|area/alerting|area/frontend|internal,closed,https://github.com/grafana/grafana/issues/71637
69046,Prometheus datasource: prometheusVersion isn't provisioned correctly for Mimir versions after 2.3.0,2023-05-25 08:26:47+00:00,2023-07-18 14:53:04+00:00,type/bug|datasource/prometheus|area/provisioning|area/datasource|internal,closed,https://github.com/grafana/grafana/issues/69046
71622,Explore: Re-selecting mixed data source switches to mix in sub queries,2023-07-14 07:51:11+00:00,2023-07-19 06:39:54+00:00,type/bug|prio/high|area/explore,closed,https://github.com/grafana/grafana/issues/71622
58855,Tooltip: Active tooltip displayed behind that of other panels,2022-11-16 17:46:26+00:00,2023-07-19 08:49:23+00:00,type/bug|area/tooltip,closed,https://github.com/grafana/grafana/issues/58855
65846,Update Alerting Rule Evaluation to fallback to series name when labels are empty,2023-04-03 14:43:03+00:00,2023-07-20 18:44:13+00:00,type/bug|area/alerting|area/alerting/evaluation,closed,https://github.com/grafana/grafana/issues/65846
70026,Expressions: Query errors are not properly shown when expressions are used.,2023-06-13 18:57:44+00:00,2023-07-21 10:38:32+00:00,type/bug|prio/medium|area/expressions|effort/medium,closed,https://github.com/grafana/grafana/issues/70026
69974,Date issues with MS SQL Server cast,2023-06-13 04:04:04+00:00,2023-07-24 15:21:39+00:00,type/bug|datasource/mssql,closed,https://github.com/grafana/grafana/issues/69974
71880,GrafanaUI: FileDropzone does not register full area as a drop target,2023-07-18 16:44:05+00:00,2023-07-24 16:48:41+00:00,type/bug|help wanted|area/grafana/ui,closed,https://github.com/grafana/grafana/issues/71880
45752,Log regression after migration from log15,2022-02-22 22:09:16+00:00,2023-07-24 16:53:56+00:00,type/bug|area/backend|type/regression,closed,https://github.com/grafana/grafana/issues/45752
71976,Time series: Can't zoom after edit panel,2023-07-19 19:28:29+00:00,2023-07-24 19:30:41+00:00,type/bug|area/panel/common|area/panel/timeseries|type/regression,closed,https://github.com/grafana/grafana/issues/71976
71769,Logs: Permalink documentation is incomplete,2023-07-17 14:54:56+00:00,2023-07-25 09:01:03+00:00,type/bug|type/docs|area/logs,closed,https://github.com/grafana/grafana/issues/71769
59761,OOB dashboard ARG query picker not working as expected,2022-12-03 00:26:23+00:00,2023-07-25 13:56:48+00:00,type/bug|effort/small|datasource/azure|good first issue,closed,https://github.com/grafana/grafana/issues/59761
70523,Azure Monitor: Resource picker hangs when there are many (100+) subscriptions ,2023-06-22 14:52:06+00:00,2023-07-25 14:18:05+00:00,type/bug|datasource/azure|area/datasource/frontend|effort/medium,closed,https://github.com/grafana/grafana/issues/70523
71593,Alerting: The Alert list won't be refreshed automatically after upgrade to 10.0.2,2023-07-13 16:31:32+00:00,2023-07-26 08:37:24+00:00,type/bug|area/alerting|area/frontend,closed,https://github.com/grafana/grafana/issues/71593
69109,Dashboard: New Datasource picker link not keyboard accessible,2023-05-25 19:05:32+00:00,2023-07-26 13:02:06+00:00,type/bug|area/dashboard|type/accessibility|wcag/2.1.1|team/grafana-dashboards,closed,https://github.com/grafana/grafana/issues/69109
69649,"Explore / Builder / Aggregation: Error: ""Maximum update depth exceeded"" when adding Aggregation via Builder",2023-06-06 14:31:03+00:00,2023-07-26 13:54:04+00:00,type/bug|datasource/loki,closed,https://github.com/grafana/grafana/issues/69649
72304,Explore: `Run Query` doesn't work with multiple queries,2023-07-25 18:46:06+00:00,2023-07-26 14:18:57+00:00,type/bug|internal,closed,https://github.com/grafana/grafana/issues/72304
72243,Explore: Queries added in a pane opened via DataLink use the wrong datasource,2023-07-25 08:17:52+00:00,2023-07-26 15:01:45+00:00,type/bug|area/explore|internal,closed,https://github.com/grafana/grafana/issues/72243
71467,Alerting does not remove datasource_uid from the state label after Error,2023-07-12 14:15:56+00:00,2023-07-26 15:41:48+00:00,type/bug|area/alerting,closed,https://github.com/grafana/grafana/issues/71467
71993,"Alerting: No data alerts fires two instance for one rule for classic condition, due to labelling issue.",2023-07-20 02:07:52+00:00,2023-07-26 15:42:06+00:00,type/bug|area/alerting|area/alerting/notifications,closed,https://github.com/grafana/grafana/issues/71993
72401,Geomap: Data option can't be cleared,2023-07-26 16:56:27+00:00,2023-07-26 19:00:39+00:00,type/bug|area/panel/geomap,closed,https://github.com/grafana/grafana/issues/72401
72399,Geomap: Network layer lookup error,2023-07-26 16:53:37+00:00,2023-07-26 19:00:58+00:00,type/bug|area/panel/geomap,closed,https://github.com/grafana/grafana/issues/72399
68538,Embedded grafana alertmanager not routing alerts to notification channels following migration from SQLite to MySQL,2023-05-16 11:46:54+00:00,2023-07-28 08:32:21+00:00,type/bug|area/alerting|area/backend|needs investigation,closed,https://github.com/grafana/grafana/issues/68538
71843,Data sources: Data source dashboards page's nav is broken,2023-07-18 13:19:15+00:00,2023-07-28 08:37:58+00:00,type/bug|area/datasource|area/navigation|mob-friendly,closed,https://github.com/grafana/grafana/issues/71843
71876,Storybook: Forms > Legends > Docs story is broken,2023-07-18 16:35:33+00:00,2023-07-28 10:01:10+00:00,type/bug|help wanted|area/storybook,closed,https://github.com/grafana/grafana/issues/71876
72008,Dashboards: Adhoc filter does not work with double quotes,2023-07-20 10:34:07+00:00,2023-07-28 12:49:04+00:00,type/bug|datasource/elasticsearch,closed,https://github.com/grafana/grafana/issues/72008
65399,Links in dashboard settings are not responsive,2023-03-27 19:53:07+00:00,2023-07-28 13:08:43+00:00,type/bug|effort/small|help wanted|area/dashboard/links|good first issue|team/grafana-dashboards,closed,https://github.com/grafana/grafana/issues/65399
62365,"API: admin-level api key fails (not enough permissions) on /api/users, but succeeds if path changed to /api/org/users",2023-01-27 18:23:46+00:00,2023-07-28 14:03:58+00:00,type/bug|area/auth|area/backend/api,closed,https://github.com/grafana/grafana/issues/62365
72435,Explore: Time Range doesn't update after switching to absolute time range (with t+a keyboard shortcut),2023-07-27 09:00:48+00:00,2023-07-31 12:11:46+00:00,type/bug|area/explore,closed,https://github.com/grafana/grafana/issues/72435
72504,Logs: Clicking hide this field after filtering freezes the app,2023-07-28 11:07:58+00:00,2023-07-31 13:47:27+00:00,type/bug|area/logs|internal,closed,https://github.com/grafana/grafana/issues/72504
71326,Public Dashboards: Disabled queries are still displayed in public dashboard,2023-07-11 08:20:09+00:00,2023-07-31 13:54:56+00:00,type/bug|area/public-dashboards|team/grafana-dashboards|prio/planned,closed,https://github.com/grafana/grafana/issues/71326
60692,Glue: onChange is handled in different ways depending on query editor,2022-12-22 14:26:06+00:00,2023-07-31 21:03:14+00:00,type/bug|prio/medium|area/correlations,closed,https://github.com/grafana/grafana/issues/60692
66803,FlameGraph: Panel crashes on initialization,2023-04-18 17:47:02+00:00,2023-08-01 08:49:54+00:00,type/bug|area/panel/flame-graph,closed,https://github.com/grafana/grafana/issues/66803
72536,Transformations: Format Time upkeep/bugs,2023-07-28 16:08:38+00:00,2023-08-02 04:53:38+00:00,type/bug|type/docs|area/transformations,closed,https://github.com/grafana/grafana/issues/72536
72497,Explore: Time range is incorrect when going back in browser history,2023-07-28 09:12:27+00:00,2023-08-02 09:56:55+00:00,type/bug|area/explore,closed,https://github.com/grafana/grafana/issues/72497
72354,Nested Folders: Select all checkbox bugs when searching,2023-07-26 12:59:33+00:00,2023-08-02 10:37:21+00:00,type/bug|area/manage-dashboards,closed,https://github.com/grafana/grafana/issues/72354
72469,Bug: Setting oauthPassThru flag causes crash while setting AlertManager datasource,2023-07-27 17:43:22+00:00,2023-08-03 09:15:44+00:00,type/bug,closed,https://github.com/grafana/grafana/issues/72469
72729,Grafana UI: RadioButtonList component does not work as expected,2023-08-02 10:38:52+00:00,2023-08-03 12:56:46+00:00,type/bug|area/grafana/ui,closed,https://github.com/grafana/grafana/issues/72729
63295,Postgresql query editor adds extra quotes for multi variables,2023-02-11 08:23:12+00:00,2023-08-04 08:43:15+00:00,type/bug|area/dashboard/templating|datasource/postgres,closed,https://github.com/grafana/grafana/issues/63295
64756,Browse Dashboards: Folders after the first 999 show dashboards from General,2023-03-14 16:44:25+00:00,2023-08-04 09:43:49+00:00,type/bug|area/search,closed,https://github.com/grafana/grafana/issues/64756
72853,Geomap: Network layer edges text label bug,2023-08-03 20:22:06+00:00,2023-08-04 15:21:15+00:00,type/bug|area/panel/geomap|bug-bash,closed,https://github.com/grafana/grafana/issues/72853
72861,Trend: Fix field name handling regression,2023-08-03 21:36:15+00:00,2023-08-04 17:12:53+00:00,type/bug|type/regression|area/panel/trend|bug-bash,closed,https://github.com/grafana/grafana/issues/72861
66964,Prometheus: Using template variables for labels in the code editor breaks autocomplete,2023-04-20 13:45:03+00:00,2023-08-07 13:13:10+00:00,type/bug|datasource/prometheus,closed,https://github.com/grafana/grafana/issues/66964
67832,Dashboard: Query Variable Drop-down doesn't refresh according to the selected time range,2023-05-04 12:41:45+00:00,2023-08-08 07:28:16+00:00,type/bug|datasource/influxdb|triage/needs-confirmation,closed,https://github.com/grafana/grafana/issues/67832
71258,Dashboards: Internal error on flux queries which excude _field and _value,2023-07-08 01:10:34+00:00,2023-08-08 13:00:54+00:00,type/bug|datasource/influxdb|prio/low,closed,https://github.com/grafana/grafana/issues/71258
72676,Loki Explorer: show context bad request when label contains escape character,2023-08-01 13:20:11+00:00,2023-08-09 12:42:46+00:00,type/bug|datasource/loki|pr/awaiting-info,closed,https://github.com/grafana/grafana/issues/72676
73021,CanCAD: Bug - height width change on rotate,2023-08-08 01:27:31+00:00,2023-08-10 16:01:59+00:00,type/bug|internal,closed,https://github.com/grafana/grafana/issues/73021
73120,CanCAD: Bug - text padding affects conversion placement,2023-08-09 16:28:55+00:00,2023-08-10 21:41:18+00:00,type/bug|internal,closed,https://github.com/grafana/grafana/issues/73120
72341,Dashboards: reloading a dashboard with special characters (/) leads to 404 error,2023-07-26 10:30:05+00:00,2023-08-11 08:03:57+00:00,type/bug|area/backend|internal,closed,https://github.com/grafana/grafana/issues/72341
73012,Loki: Autocomplete not working for metric queries,2023-08-07 18:26:30+00:00,2023-08-14 09:49:27+00:00,type/bug|datasource/loki,closed,https://github.com/grafana/grafana/issues/73012
72709,grafana/ui: CodeEditor onChange broken,2023-08-02 06:44:18+00:00,2023-08-15 08:19:16+00:00,type/bug|area/plugins|area/frontend/code-editor,closed,https://github.com/grafana/grafana/issues/72709
72579,Slightly misleading error message for variable names,2023-07-31 08:29:17+00:00,2023-08-15 11:48:23+00:00,type/bug|prio/low|internal,closed,https://github.com/grafana/grafana/issues/72579
69833,Dashboards: location of repeated panels are wrong (misalignment),2023-06-09 07:45:09+00:00,2023-08-15 11:54:51+00:00,type/bug|area/dashboard|area/frontend|area/templating/repeating|team/grafana-dashboards|prio/planned,closed,https://github.com/grafana/grafana/issues/69833
66790,Incorrect mapping of NoData\Error to multidimensional rules,2023-04-18 16:06:32+00:00,2023-08-15 14:27:17+00:00,type/bug|area/alerting,closed,https://github.com/grafana/grafana/issues/66790
65101,Bug: query ordering seems to work differently on private and public dashboards,2023-03-21 11:44:59+00:00,2023-08-15 17:47:58+00:00,type/bug|area/public-dashboards|team/grafana-dashboards,closed,https://github.com/grafana/grafana/issues/65101
70323,Dashboards: non-monospaced fonts cause flickering on refresh,2023-06-19 12:43:14+00:00,2023-08-16 15:32:50+00:00,type/bug|area/dashboard|help wanted|area/ux|good first issue|team/grafana-dashboards|prio/future,closed,https://github.com/grafana/grafana/issues/70323
73269,Logs: Context row is not hightlighted anymore after closing context modal,2023-08-15 09:23:35+00:00,2023-08-16 15:51:20+00:00,type/bug|area/logs|internal,closed,https://github.com/grafana/grafana/issues/73269
72505,Logs: Filter for/out interactions are showed even if data source does not support it,2023-07-28 11:13:28+00:00,2023-08-17 15:53:13+00:00,type/bug|area/logs|internal,closed,https://github.com/grafana/grafana/issues/72505
71747,Loki: Label browser's show logs button is hidden,2023-07-17 12:03:17+00:00,2023-08-17 16:01:32+00:00,type/bug|area/ux|internal|interview-generated,closed,https://github.com/grafana/grafana/issues/71747
73312,DataSourcePicker: not able to select variable datasource when the default data source is selected,2023-08-15 20:04:00+00:00,2023-08-18 12:42:57+00:00,type/bug|area/panel/edit|prio/customer-support|team/grafana-dashboards,closed,https://github.com/grafana/grafana/issues/73312
71358,bug: plugins catalog displays HTML comments in readme,2023-07-11 12:14:06+00:00,2023-08-18 15:01:38+00:00,type/bug|area/plugins-catalog|internal,closed,https://github.com/grafana/grafana/issues/71358
73089,Loki: Transformations with query splitting returns error,2023-08-09 09:33:34+00:00,2023-08-21 12:19:22+00:00,type/bug|datasource/loki|internal,closed,https://github.com/grafana/grafana/issues/73089
45810,XYChart: Turns into abstract art when panel get's wider ,2022-02-23 20:52:26+00:00,2023-08-21 17:10:38+00:00,type/bug|area/panel/xychart,closed,https://github.com/grafana/grafana/issues/45810
66221,Cloudwatch: Metric Query not applying labels correctly,2023-04-10 18:44:56+00:00,2023-08-21 21:36:38+00:00,type/bug|effort/small|datasource/cloudwatch,closed,https://github.com/grafana/grafana/issues/66221
73531,Logs: Log samples only run for the first query,2023-08-19 15:19:48+00:00,2023-08-22 13:19:53+00:00,type/bug|area/logs|internal,closed,https://github.com/grafana/grafana/issues/73531
48545,Alerting: instances preview does not respect evaluation behavior,2022-04-29 15:01:24+00:00,2023-08-23 09:55:16+00:00,type/bug|area/alerting|area/backend|area/frontend|backport|blocked,closed,https://github.com/grafana/grafana/issues/48545
63197,"[Grafana Cloud Traces - search]""Span Name"" search criteria seems to be ignored",2023-02-09 08:57:25+00:00,2023-08-23 12:26:56+00:00,type/bug|datasource/tempo,closed,https://github.com/grafana/grafana/issues/63197
69939,Timepicker: Datepicker for absolute time range adding extra day,2023-06-12 15:53:37+00:00,2023-08-23 12:57:34+00:00,type/bug|timepicker|mob-friendly,closed,https://github.com/grafana/grafana/issues/69939
56175,Explore: timerange keyboard bindings behave weirdly,2022-10-03 12:28:24+00:00,2023-08-23 14:02:51+00:00,type/bug|prio/medium|area/explore|area/ux,closed,https://github.com/grafana/grafana/issues/56175
73573,Nested notification policies display wrong wait information’s when using Override general timings,2023-08-21 15:23:18+00:00,2023-08-23 15:12:25+00:00,type/bug|area/alerting|area/alerting/notifications,closed,https://github.com/grafana/grafana/issues/73573
72259,Correlations: Correlations from other organization are incorrectly returned or deleted,2023-07-25 10:13:47+00:00,2023-08-24 07:39:31+00:00,type/bug|prio/medium|area/explore|area/correlations,closed,https://github.com/grafana/grafana/issues/72259
73100,Template variables are not expanded in TraceQL,2023-08-09 11:35:44+00:00,2023-08-24 12:10:15+00:00,type/bug|add to changelog|backport|internal,closed,https://github.com/grafana/grafana/issues/73100
67549,Panel size is too small and not adjustable,2023-04-28 17:21:10+00:00,2023-08-24 19:26:29+00:00,type/bug|area/dashboard,closed,https://github.com/grafana/grafana/issues/67549
73744,Package grafana-10.1.0-1.x86_64.rpm is not signed blocks updating Grafana OSS to next verison,2023-08-24 10:54:14+00:00,2023-08-25 08:25:14+00:00,type/bug|type/build-packaging|internal,closed,https://github.com/grafana/grafana/issues/73744
73786,10.1.0 crash/regression: runtime error: index out of range [7] with length 1,2023-08-24 17:17:42+00:00,2023-08-25 11:59:46+00:00,type/bug|area/auth/authproxy,closed,https://github.com/grafana/grafana/issues/73786
73814,Alerting: datasource not set when switching to Prometheus,2023-08-25 10:42:22+00:00,2023-08-25 18:24:51+00:00,type/bug|area/alerting|area/frontend,closed,https://github.com/grafana/grafana/issues/73814
68447,Datasources: UID is invalid error when checking health of provisioned datasource,2023-05-15 10:45:02+00:00,2023-08-28 08:33:10+00:00,type/bug|area/provisioning|area/datasource,closed,https://github.com/grafana/grafana/issues/68447
73563,Default data source: Random Walk returns zeroes,2023-08-21 12:18:20+00:00,2023-08-28 08:53:32+00:00,type/bug|datasource/testdatadb|internal,closed,https://github.com/grafana/grafana/issues/73563
73670,"Dashboards: for panels without a title, the tooltip with move and more icon is displayed below preceding panel.",2023-08-23 10:32:09+00:00,2023-08-28 10:08:59+00:00,type/bug|area/dashboard|team/grafana-dashboards,closed,https://github.com/grafana/grafana/issues/73670
64887,Buggy variable dropdown behavior,2023-03-16 10:37:16+00:00,2023-08-28 12:38:34+00:00,type/bug|area/dashboard/templating|area/dashboard|needs investigation|area/frontend|prio/customer-support|team/grafana-dashboards,closed,https://github.com/grafana/grafana/issues/64887
73747,Prometheus: No error returned when response_limit is hit with /ds/query,2023-08-24 12:21:53+00:00,2023-08-28 12:53:52+00:00,type/bug|datasource/prometheus|datasource/loki|internal,closed,https://github.com/grafana/grafana/issues/73747
73863,"Prometheus: In explore with split panel, expanding raw results bug",2023-08-25 20:42:20+00:00,2023-08-28 15:44:00+00:00,type/bug|datasource/prometheus|area/explore|area/datasource/frontend,closed,https://github.com/grafana/grafana/issues/73863
73890,Invalid Grafana-managed alert rule labels suggestions,2023-08-28 07:59:07+00:00,2023-08-29 12:05:04+00:00,type/bug|area/alerting|area/frontend|internal,closed,https://github.com/grafana/grafana/issues/73890
73796,Transformations: Help button doesn't activate uncollapse collapsed transformation,2023-08-24 21:31:22+00:00,2023-08-29 15:41:46+00:00,type/bug|area/transformations|internal,closed,https://github.com/grafana/grafana/issues/73796
73912,Alerting: Grafana Mute Time Range Error: ‘bad request data’,2023-08-28 11:14:51+00:00,2023-08-30 09:11:07+00:00,type/bug|area/alerting|triage/needs-confirmation,closed,https://github.com/grafana/grafana/issues/73912
67556,Bug: Public dashboard data discrepancy,2023-04-28 18:40:28+00:00,2023-08-30 12:38:14+00:00,type/bug|area/dashboard|area/public-dashboards|internal|prio/planned|team/grafana-sharing,closed,https://github.com/grafana/grafana/issues/67556
71781,"SqlStore Startup: ""auto assigned organization not found"" but it is most definitely there",2023-07-17 16:29:52+00:00,2023-08-30 15:45:22+00:00,type/bug|area/backend/db/sql,closed,https://github.com/grafana/grafana/issues/71781
72260,Public Dashboards: Warnings when creating a public dashboard are not properly aligned (styles),2023-07-25 10:30:28+00:00,2023-08-30 16:41:21+00:00,type/bug|area/dashboard|help wanted|area/frontend|good first issue|type/regression|area/public-dashboards|team/grafana-dashboards|prio/future,closed,https://github.com/grafana/grafana/issues/72260
74233,Color Picker: UI is broken,2023-08-31 19:44:06+00:00,2023-09-04 08:29:41+00:00,type/bug,closed,https://github.com/grafana/grafana/issues/74233
59665,"Timerange: Using ""relative time"" does not take timezone into account",2022-12-01 16:37:29+00:00,2023-09-04 09:38:37+00:00,type/bug|area/dashboard/timerange,closed,https://github.com/grafana/grafana/issues/59665
71619,Alerting: Provisioning does not correctly merge when renaming last receiver,2023-07-14 03:41:01+00:00,2023-09-04 17:31:28+00:00,type/bug|area/alerting|area/provisioning|internal,closed,https://github.com/grafana/grafana/issues/71619
74348,Bug: config button in public dashboard list not redirecting properly,2023-09-04 18:44:26+00:00,2023-09-04 21:19:23+00:00,type/bug|area/public-dashboards|team/grafana-sharing,closed,https://github.com/grafana/grafana/issues/74348
59805,"Repeated library panels showing only after refresh, not on first load",2022-12-05 11:48:17+00:00,2023-09-05 11:06:40+00:00,type/bug|area/frontend/library-panels|type/regression|team/grafana-dashboards|prio/future,closed,https://github.com/grafana/grafana/issues/59805
74333,Explore: Broken dataLinks,2023-09-04 14:50:09+00:00,2023-09-05 11:10:02+00:00,type/bug|prio/high|internal,closed,https://github.com/grafana/grafana/issues/74333
66503,Fix bug that doesn't preserve time range selection when switching from Explore to Dashboard view,2023-04-13 17:44:05+00:00,2023-09-05 19:15:13+00:00,type/bug|effort/none,closed,https://github.com/grafana/grafana/issues/66503
64880,make docker-build-full should support both Linux and Mac,2023-03-16 10:00:40+00:00,2023-09-05 20:41:12+00:00,type/bug,closed,https://github.com/grafana/grafana/issues/64880
73888,Fix flaky test,2023-08-28 07:44:59+00:00,2023-09-06 16:08:26+00:00,type/bug|prio/low,closed,https://github.com/grafana/grafana/issues/73888
74590,NestedFolders: Create folder button shows for viewers,2023-09-08 10:03:57+00:00,2023-09-08 14:07:01+00:00,type/bug,closed,https://github.com/grafana/grafana/issues/74590
73818,InfluxDB: Unable to select the same tag twice,2023-08-25 11:32:22+00:00,2023-09-08 18:57:12+00:00,type/bug|datasource/influxdb,closed,https://github.com/grafana/grafana/issues/73818
62904,Provisioning API alert_rule validation of limits,2023-02-03 18:28:48+00:00,2023-09-08 19:09:37+00:00,type/bug|area/provisioning,closed,https://github.com/grafana/grafana/issues/62904
73805,Tags with `/` are not properly supported,2023-08-25 09:16:12+00:00,2023-09-09 12:11:38+00:00,type/bug|internal,closed,https://github.com/grafana/grafana/issues/73805
74587,Investigate button panel plugin options not working as expected,2023-09-08 09:49:55+00:00,2023-09-11 11:43:59+00:00,type/bug|area/plugins|area/plugins/sandbox,closed,https://github.com/grafana/grafana/issues/74587
69870,Prometheus: variable descriptions no longer displayed in variable list,2023-06-09 21:03:59+00:00,2023-09-11 17:34:34+00:00,type/bug|effort/small|area/dashboard/templating|prio/low|datasource/prometheus,closed,https://github.com/grafana/grafana/issues/69870
61955,[Tempo] TraceQL editor behaves strangely when not typing straightforward patterns,2023-01-23 20:08:37+00:00,2023-09-11 20:46:59+00:00,type/bug|datasource/tempo,closed,https://github.com/grafana/grafana/issues/61955
66639,TraceQL Auto complete breaks when using spaces,2023-04-16 16:06:28+00:00,2023-09-11 20:48:48+00:00,type/bug|area/tracing|datasource/tempo,closed,https://github.com/grafana/grafana/issues/66639
72293,Plugins catalog shows two unsigned plugins as signed,2023-07-25 15:41:50+00:00,2023-09-12 07:31:40+00:00,type/bug|area/plugins-catalog|internal,closed,https://github.com/grafana/grafana/issues/72293
45281,Plugins: can't uninstall deprecated plugin via the plugin catalog,2022-02-11 10:33:34+00:00,2023-09-12 08:33:10+00:00,type/bug|area/plugins|area/backend/plugins|area/frontend|area/plugins-catalog,closed,https://github.com/grafana/grafana/issues/45281
74648,Bug: Plugin stopped just after installation,2023-09-11 07:45:54+00:00,2023-09-12 08:34:14+00:00,type/bug|internal,closed,https://github.com/grafana/grafana/issues/74648
74692,Logs Panel: Performance issues with Safari ,2023-09-11 19:13:47+00:00,2023-09-12 14:57:16+00:00,type/bug|type/performance|area/panel/logs|internal,closed,https://github.com/grafana/grafana/issues/74692
74799,Explore: Excessive feature tracking when logs are displayed,2023-09-13 08:40:29+00:00,2023-09-13 09:47:41+00:00,type/bug|area/explore|area/logs,closed,https://github.com/grafana/grafana/issues/74799
59543,Search: Folder view can be really slow if there are too many expanded folders,2022-11-30 11:07:23+00:00,2023-09-13 10:00:22+00:00,type/bug|area/search,closed,https://github.com/grafana/grafana/issues/59543
74727,Plugins: Bug - showing an `undefined` as a type,2023-09-12 12:00:35+00:00,2023-09-13 11:29:13+00:00,type/bug|area/plugins|area/plugins-catalog,closed,https://github.com/grafana/grafana/issues/74727
64242,Dashboards: search results do not maintain chronological order,2023-03-06 16:16:40+00:00,2023-09-13 12:46:51+00:00,type/bug|area/search|area/manage-dashboards,closed,https://github.com/grafana/grafana/issues/64242
69002,CloudWatch Logs: Expressions/Alerts have doubled legend name,2023-05-24 15:32:47+00:00,2023-09-13 19:04:51+00:00,type/bug|effort/small|datasource/cloudwatch logs,closed,https://github.com/grafana/grafana/issues/69002
74269,Trace Ids are sometimes converted to infinity (∞),2023-09-01 11:29:54+00:00,2023-09-14 14:12:40+00:00,type/bug|area/tracing|datasource/tempo|internal,closed,https://github.com/grafana/grafana/issues/74269
74645,Drop/Replace Non-Numeric Values in Grafana Alerting does not work.,2023-09-11 04:31:53+00:00,2023-09-14 16:26:02+00:00,type/bug|area/alerting/evaluation,closed,https://github.com/grafana/grafana/issues/74645
74258,"upgrade from version 10.0.4 to version 10.1.1, influxql adhoc filters gives me ""failed to load options""",2023-09-01 08:46:28+00:00,2023-09-18 12:44:57+00:00,type/bug|datasource/influxdb|triage/needs-confirmation,closed,https://github.com/grafana/grafana/issues/74258
71364,"Alerting: contact point/notifications policies pages are broken ""scheme required for webhook url""",2023-07-11 12:47:33+00:00,2023-09-19 09:16:36+00:00,type/bug|area/alerting/notifications|needs investigation,closed,https://github.com/grafana/grafana/issues/71364
74972,InfluxDB: Append adhoc filters in the query when influxdbBackendMigration feature toggle enabled,2023-09-16 16:13:16+00:00,2023-09-19 14:23:03+00:00,type/bug|datasource/influxdb|prio/high,closed,https://github.com/grafana/grafana/issues/74972
52371,Invalid endpoint URL called when trying to remove snapshot,2022-07-17 23:04:27+00:00,2023-09-19 14:44:33+00:00,type/bug|help wanted|prio/low|area/dashboard/snapshot|prio/future|team/grafana-sharing,closed,https://github.com/grafana/grafana/issues/52371
74975,XY Chart: Axis placement set to hidden is still faintly visible,2023-09-17 21:57:12+00:00,2023-09-19 19:44:52+00:00,type/bug|area/panel/xychart,closed,https://github.com/grafana/grafana/issues/74975
70902,"Transform: ""Group by"" fails entire panel for missing values in subset of series",2023-06-29 13:37:06+00:00,2023-09-20 06:51:38+00:00,type/bug|area/dashboard|prio/medium|area/transformations,closed,https://github.com/grafana/grafana/issues/70902
75101,Loki: Ad hoc filters not added to every query expression if label filters are used,2023-09-19 13:22:43+00:00,2023-09-20 14:54:26+00:00,type/bug|datasource/loki|internal,closed,https://github.com/grafana/grafana/issues/75101
70301,Timestamp formatting on Grafana 10.0 is not working anymore,2023-06-19 07:41:25+00:00,2023-09-20 15:10:25+00:00,type/bug|area/dashboard|type/regression|team/grafana-dashboards|prio/planned,closed,https://github.com/grafana/grafana/issues/70301
74222,Canvas: Placement gets reset when switching to button,2023-08-31 18:50:38+00:00,2023-09-21 20:36:04+00:00,type/bug|area/panel/canvas,closed,https://github.com/grafana/grafana/issues/74222
75259,"Time Series, line style does NOT work with transform->constant",2023-09-21 23:49:58+00:00,2023-09-22 09:32:34+00:00,type/bug|area/panel/timeseries,closed,https://github.com/grafana/grafana/issues/75259
51743,Adhoc variable: incorrectly added to query when query contains dashboard variable,2022-07-05 13:59:31+00:00,2023-09-22 15:32:21+00:00,type/bug|datasource/prometheus|mob-friendly|prio/future,closed,https://github.com/grafana/grafana/issues/51743
74987,InfluxDB SQL Bug: Query history is not working correctly,2023-09-18 09:25:25+00:00,2023-09-22 15:40:21+00:00,type/bug|datasource/influxdb,closed,https://github.com/grafana/grafana/issues/74987
65581,Restore additional log bases for graphing,2023-03-30 01:23:31+00:00,2023-09-22 16:33:42+00:00,type/bug|area/panel/timeseries,closed,https://github.com/grafana/grafana/issues/65581
69610,TimeSeries: 0-valued stacked bars bleed colors at narrow panel widths,2023-06-06 08:28:06+00:00,2023-09-22 16:33:42+00:00,type/bug|area/panel/timeseries|area/panel/trend,closed,https://github.com/grafana/grafana/issues/69610
63840,Time Series Logarithmic View Tick issue when ticks for decades<= 1e-09 needed,2023-02-28 10:17:31+00:00,2023-09-22 16:33:43+00:00,type/bug|area/panel/timeseries,closed,https://github.com/grafana/grafana/issues/63840
75179,"DashGPT: When user triggers multiple generation calls, the streams conflict",2023-09-20 16:04:34+00:00,2023-09-25 09:52:57+00:00,type/bug|internal|team/grafana-dashboards|area/dashgpt|area/generativeai,closed,https://github.com/grafana/grafana/issues/75179
74685,Loki: Update and fix JSON parser autocompletion suggestions,2023-09-11 15:53:05+00:00,2023-09-26 18:27:35+00:00,type/bug|datasource/loki,closed,https://github.com/grafana/grafana/issues/74685
75093,Alerting: unable to select panel in collapsed row,2023-09-19 12:44:50+00:00,2023-09-27 12:15:45+00:00,type/bug|area/alerting,closed,https://github.com/grafana/grafana/issues/75093
69568,Buttons: Different tooltip positions on `IconButton` and other `Buttons`,2023-06-05 14:46:32+00:00,2023-09-27 13:53:40+00:00,type/bug|area/grafana/ui,closed,https://github.com/grafana/grafana/issues/69568
72172,Issue with Dimension Values in Alerting with CloudWatch Datasource,2023-07-23 10:18:37+00:00,2023-09-27 14:41:51+00:00,type/bug|datasource/cloudwatch|effort/medium,closed,https://github.com/grafana/grafana/issues/72172
75279,Dashboards: Some links are intercepted incorrectly when serve_from_sub_path is set.,2023-09-22 10:42:23+00:00,2023-09-28 09:23:55+00:00,type/bug,closed,https://github.com/grafana/grafana/issues/75279
75255,Query Editor: Switches Filter/Group/Order/Preview always change first Query,2023-09-21 19:43:16+00:00,2023-09-28 13:16:52+00:00,type/bug|datasource/postgres|area/query-editor,closed,https://github.com/grafana/grafana/issues/75255
74189,Service Accounts: can't select fine grained permissions when using firefox,2023-08-31 14:14:00+00:00,2023-09-29 07:27:26+00:00,type/bug|area/frontend|area/auth/serviceaccount|internal,closed,https://github.com/grafana/grafana/issues/74189
73608,"Transformations: ""Partition by values"" drop-down options view identical for all partitions",2023-08-22 11:16:39+00:00,2023-09-29 09:12:07+00:00,type/bug|area/transformations,closed,https://github.com/grafana/grafana/issues/73608
75694,Flamegraph: Colors change after focusing when in dark theme,2023-09-28 16:36:47+00:00,2023-09-29 12:47:55+00:00,type/bug|area/panel/flame-graph,closed,https://github.com/grafana/grafana/issues/75694
75352,Dashboards: Table panel using Cell type Sparkline does not take `No value` into account,2023-09-25 08:03:00+00:00,2023-09-29 14:54:18+00:00,type/bug|area/panel/table|internal,closed,https://github.com/grafana/grafana/issues/75352
75422,Dashboards: Scrolling Not Working in Twinmaker Plugin with New Panel Header,2023-09-26 09:29:15+00:00,2023-10-02 17:11:29+00:00,type/bug|needs investigation|internal|team/grafana-dashboards|area/dashboards/panel,closed,https://github.com/grafana/grafana/issues/75422
75244,Alerting: Save Rule button exits for copied rule,2023-09-21 14:23:38+00:00,2023-10-03 12:55:44+00:00,type/bug|area/alerting,closed,https://github.com/grafana/grafana/issues/75244
72594,Bug: New Datasource page shows warning for all plugin types,2023-07-31 11:05:26+00:00,2023-10-03 13:54:52+00:00,type/bug|area/plugins|area/frontend,closed,https://github.com/grafana/grafana/issues/72594
73232,Infinite loading with empty TraceQL query,2023-08-14 12:45:13+00:00,2023-10-03 14:16:05+00:00,type/bug|prio/low|internal,closed,https://github.com/grafana/grafana/issues/73232
75512,Loki autocomplete: too many sample requests,2023-09-27 08:59:21+00:00,2023-10-03 15:37:34+00:00,type/bug|datasource/loki,closed,https://github.com/grafana/grafana/issues/75512
73976,"Geomap: unwanted ""1"" in tooltip in v10.1.0 after migration from v9.5.1",2023-08-29 06:58:03+00:00,2023-10-03 20:43:14+00:00,type/bug|type/regression|area/panel/geomap,closed,https://github.com/grafana/grafana/issues/73976
74225,Canvas: Button size should scale with the size of the element,2023-08-31 18:52:29+00:00,2023-10-04 04:33:00+00:00,type/bug|area/panel/canvas,closed,https://github.com/grafana/grafana/issues/74225
74807,alerting: Copy rule URL doesn't work,2023-09-13 09:37:33+00:00,2023-10-04 11:48:57+00:00,type/bug|area/alerting|area/frontend|internal,closed,https://github.com/grafana/grafana/issues/74807
64210,Dashboard browse: Collapsed folders don't select/unselect their children,2023-03-06 11:08:50+00:00,2023-10-05 10:14:12+00:00,type/bug|area/manage-dashboards,closed,https://github.com/grafana/grafana/issues/64210
51825,Dashboard folder deletion ambiguity when an alert rule is associated with that folder,2022-07-06 15:29:48+00:00,2023-10-05 10:14:12+00:00,type/bug|mob-friendly|area/manage-dashboards,closed,https://github.com/grafana/grafana/issues/51825
74500,Canvas: Button - Background settings not being applied,2023-09-07 03:34:06+00:00,2023-10-05 19:58:37+00:00,type/bug|area/panel/canvas,closed,https://github.com/grafana/grafana/issues/74500
74501,Canvas: Button - Border not applied correctly,2023-09-07 03:34:11+00:00,2023-10-05 19:58:38+00:00,type/bug|area/panel/canvas,closed,https://github.com/grafana/grafana/issues/74501
75962,Explore/Pyroscope: Empty result in Pyroscope explore crashes grafana,2023-10-04 14:00:15+00:00,2023-10-06 13:03:22+00:00,type/bug|internal|datasource/pyroscope,closed,https://github.com/grafana/grafana/issues/75962
75493,Loki Autocomplete: Odd behavior when autocompleting labels for logfmt,2023-09-26 18:50:04+00:00,2023-10-06 17:23:50+00:00,type/bug,closed,https://github.com/grafana/grafana/issues/75493
74297,Transformations: Rename by regex has the same description as the reduce transform,2023-09-03 08:44:24+00:00,2023-10-09 09:01:38+00:00,type/bug|area/transformations,closed,https://github.com/grafana/grafana/issues/74297
74989,Service map: 'View traces' button takes you to '[Deprecated] Search',2023-09-18 09:48:40+00:00,2023-10-09 13:23:17+00:00,type/bug|prio/medium|area/frontend|datasource/tempo|area/panel/node-graph|internal,closed,https://github.com/grafana/grafana/issues/74989
74711,'Explore' context menu items on the Node Graph are not working,2023-09-12 09:23:22+00:00,2023-10-09 13:23:18+00:00,type/bug|datasource/tempo,closed,https://github.com/grafana/grafana/issues/74711
74703,"Cloudwatch: unexpected ""u"" error when creating new datasource",2023-09-12 08:31:57+00:00,2023-10-09 13:26:46+00:00,type/bug|effort/none|datasource/cloudwatch|internal,closed,https://github.com/grafana/grafana/issues/74703
76211,"Hardening: Cover edge cases (network goes down, OpenAI goes down / token rate limit exceeded, etc)",2023-10-09 16:10:34+00:00,2023-10-10 14:23:10+00:00,type/bug|area/dashboard|internal|team/grafana-dashboards|area/dashgpt|area/generativeai,closed,https://github.com/grafana/grafana/issues/76211
72797,Auth: Add ability to sync org roles from Google OAuth provider setup,2023-08-03 08:58:41+00:00,2023-10-10 16:07:26+00:00,type/bug|area/auth/oauth|internal,closed,https://github.com/grafana/grafana/issues/72797
72525,Heatmap: Support data links overrides,2023-07-28 15:03:39+00:00,2023-10-10 16:28:29+00:00,type/bug|area/panel/heatmap,closed,https://github.com/grafana/grafana/issues/72525
71081,Bar Chart: Gradient mode scheme not working without fixed max,2023-07-05 13:52:37+00:00,2023-10-10 18:14:58+00:00,type/bug|area/panel/barchart|triage/needs-confirmation,closed,https://github.com/grafana/grafana/issues/71081
76041,Alerting: Provenance not set when retrieving all alerts,2023-10-05 13:00:38+00:00,2023-10-11 13:51:22+00:00,type/bug|area/alerting,closed,https://github.com/grafana/grafana/issues/76041
51235,Docs feedback: /datasources/_index.md,2022-06-22 11:22:20+00:00,2023-10-11 15:24:07+00:00,type/bug|type/docs|migrate/status-icebox,closed,https://github.com/grafana/grafana/issues/51235
76090,[Bug] Transformation: Add field from calculation result not passed to next transformations when using template variable,2023-10-05 23:46:37+00:00,2023-10-12 05:43:34+00:00,type/bug|area/transformations,closed,https://github.com/grafana/grafana/issues/76090
74443,[Tempo] Sorting columns with expanded trace breaks the UI,2023-09-06 13:29:47+00:00,2023-10-12 08:39:25+00:00,type/bug|internal,closed,https://github.com/grafana/grafana/issues/74443
71529,Alerting: Alerts invisible after legacy migration after previous opt-out,2023-07-13 08:48:00+00:00,2023-10-12 22:12:42+00:00,type/bug|area/alerting|area/backend/db/migration|kata:alerting-ease-of-use,closed,https://github.com/grafana/grafana/issues/71529
67448,Alerting: Migration to Unified Alerting with RBAC enabled does not assign correct permissions to alerts,2023-04-27 20:28:22+00:00,2023-10-12 22:23:53+00:00,type/bug|prio/high|area/alerting|area/backend/db/migration|area/alerting-legacy|kata:alerting-ease-of-use,closed,https://github.com/grafana/grafana/issues/67448
75091,Bug: Postgres devenv script is not working,2023-09-19 12:04:00+00:00,2023-10-13 06:53:41+00:00,type/bug|prio/low|datasource/postgres,closed,https://github.com/grafana/grafana/issues/75091
57565,"TimeSeries: disable ""Add annotation"" on mobile/touch",2022-10-24 20:34:28+00:00,2023-10-13 10:48:32+00:00,type/bug|area/panel/timeseries,closed,https://github.com/grafana/grafana/issues/57565
54887,Transformations randomly don't work properly,2022-09-08 10:00:23+00:00,2023-10-13 12:51:01+00:00,type/bug|prio/medium|area/transformations,closed,https://github.com/grafana/grafana/issues/54887
63782,Explore mysql failed to query bigint type,2023-02-27 07:09:18+00:00,2023-10-13 13:43:43+00:00,type/bug|datasource/mysql,closed,https://github.com/grafana/grafana/issues/63782
76448,CRITICAL BUG: TypeError: e._d.getTime is not a function | results in crash when saving Grafana Cloud dashboard,2023-10-12 12:46:58+00:00,2023-10-13 14:23:26+00:00,type/bug|team/grafana-dashboards,closed,https://github.com/grafana/grafana/issues/76448
73425,Logs: Logs panel throwing error with transform,2023-08-17 19:04:24+00:00,2023-10-16 14:10:03+00:00,type/bug|area/panel/logs,closed,https://github.com/grafana/grafana/issues/73425
76714,Zoom: Selection doesn’t get cleared in shared tooltip dashboards,2023-10-17 17:09:01+00:00,2023-10-17 21:26:33+00:00,type/bug|area/panel/timeseries,closed,https://github.com/grafana/grafana/issues/76714
76713,Timeseries: y-zoom needs to clear the state,2023-10-17 17:08:54+00:00,2023-10-17 21:26:34+00:00,type/bug|area/panel/timeseries|area/panel/candlestick,closed,https://github.com/grafana/grafana/issues/76713
76718,Canvas: Button API content type is always set to application/json,2023-10-17 17:41:21+00:00,2023-10-17 22:00:29+00:00,type/bug|area/panel/canvas,closed,https://github.com/grafana/grafana/issues/76718
76802,Investigate Query History flakey test,2023-10-19 11:42:05+00:00,2023-10-19 17:31:08+00:00,type/bug|prio/medium,closed,https://github.com/grafana/grafana/issues/76802
76542,Explore: Streaming breaks when changing the query,2023-10-13 12:33:09+00:00,2023-10-19 17:31:25+00:00,type/bug|prio/high|area/explore,closed,https://github.com/grafana/grafana/issues/76542
76734,Alerting: HCL export does not format for duration as expected,2023-10-18 08:23:35+00:00,2023-10-20 09:09:10+00:00,type/bug|area/alerting|internal,closed,https://github.com/grafana/grafana/issues/76734
57497,Geomap - Share View not working at all,2022-10-23 15:29:41+00:00,2023-10-20 13:00:42+00:00,type/bug|needs investigation|area/panel/geomap,closed,https://github.com/grafana/grafana/issues/57497
76715,Geomap: Fix broken symbol alignment options for older geomap panels,2023-10-17 17:09:05+00:00,2023-10-20 17:29:54+00:00,type/bug|area/panel/geomap,closed,https://github.com/grafana/grafana/issues/76715
76878,Correlations: Investigate flakey test,2023-10-20 12:43:48+00:00,2023-10-21 18:21:23+00:00,type/bug|prio/medium,closed,https://github.com/grafana/grafana/issues/76878
76897,InfluxDB: Table rendering with transformation is broken when switching to backend mode,2023-10-20 15:46:46+00:00,2023-10-23 17:21:33+00:00,type/bug|datasource/influxdb,closed,https://github.com/grafana/grafana/issues/76897
76995,Task: avoid Unauthorized frontend-metrics call when it's a public route,2023-10-23 18:44:31+00:00,2023-10-23 20:14:03+00:00,type/bug|type/regression|area/public-dashboards,closed,https://github.com/grafana/grafana/issues/76995
77020,CI: rgm-package step fails in main builds,2023-10-24 08:11:42+00:00,2023-10-24 08:52:16+00:00,type/bug|type/ci|internal,closed,https://github.com/grafana/grafana/issues/77020
57207,Tooltips cannot be accessed by screen readers in certain locations,2022-10-18 18:13:33+00:00,2023-10-24 11:16:35+00:00,type/bug|type/accessibility|wcag/2.1.1,closed,https://github.com/grafana/grafana/issues/57207
47991,Graph panel: Right y axis does not migrate to time series panel,2022-04-20 17:19:24+00:00,2023-10-24 17:11:41+00:00,type/bug|area/panel/graph|area/panel/timeseries,closed,https://github.com/grafana/grafana/issues/47991
77105,"upgrade from version 10.1.5 to version 10.2.0, influxql adhoc filters gives me ""failed to load options""",2023-10-25 07:03:31+00:00,2023-10-25 13:56:12+00:00,type/bug|datasource/influxdb,closed,https://github.com/grafana/grafana/issues/77105
77093,TimeSeries: Threshold opacity is ignored when used to color series,2023-10-24 20:50:40+00:00,2023-10-25 23:14:43+00:00,type/bug|area/panel/timeseries,closed,https://github.com/grafana/grafana/issues/77093
77100,Alerting: noDataState field is being ignored for provisioned alerts,2023-10-24 23:37:36+00:00,2023-10-26 09:37:37+00:00,type/bug|area/alerting|needs investigation,closed,https://github.com/grafana/grafana/issues/77100
77200,Spinner: Is not spinning anymore,2023-10-26 11:03:54+00:00,2023-10-26 12:17:41+00:00,type/bug|area/grafana/ui,closed,https://github.com/grafana/grafana/issues/77200
76768,"Explore-panel fails to interpolate the dashboard-variable value, when datasource is Mixed (nesting Prom Datasource)",2023-10-18 15:37:24+00:00,2023-10-26 13:16:25+00:00,type/bug|prio/medium|area/explore|internal,closed,https://github.com/grafana/grafana/issues/76768
77106,CI: release-npm-packages step broken,2023-10-25 07:03:56+00:00,2023-10-27 07:20:21+00:00,type/bug|type/ci|internal,closed,https://github.com/grafana/grafana/issues/77106
76024,Plugins: PluginContext.PluginID can be populated with an alias,2023-10-05 10:40:52+00:00,2023-10-27 08:14:09+00:00,type/bug|area/plugins|area/backend/plugins|area/backend|go|internal,closed,https://github.com/grafana/grafana/issues/76024
77237,Explore: Drag zoom breaking after number of series changes,2023-10-26 18:52:35+00:00,2023-10-27 13:37:25+00:00,type/bug|area/explore|area/panel/timeseries,closed,https://github.com/grafana/grafana/issues/77237
76291,Transformations: TimeseriesToTable Transformation Error with Multiple Timeseries,2023-10-10 17:10:45+00:00,2023-10-27 15:30:51+00:00,type/bug|area/transformations,closed,https://github.com/grafana/grafana/issues/76291
62313,Input: width increases when loading is true and the spinner is shown,2023-01-27 12:35:03+00:00,2023-10-27 16:35:59+00:00,type/bug|needs investigation|area/frontend,closed,https://github.com/grafana/grafana/issues/62313
77202,Explore: cannot click and drag scrollbar,2023-10-26 11:06:20+00:00,2023-10-30 08:56:28+00:00,type/bug|prio/medium|area/explore,closed,https://github.com/grafana/grafana/issues/77202
72507,"Time series panel with bars graph style shows ""Data outside time range""",2023-07-28 11:15:35+00:00,2023-10-30 12:40:46+00:00,type/bug|prio/high|area/panel/timeseries|internal,closed,https://github.com/grafana/grafana/issues/72507
76764,"Tempo: ""Spans"" format fails with streaming results",2023-10-18 14:59:46+00:00,2023-10-30 19:31:31+00:00,type/bug|area/explore|area/tracing|datasource/tempo|internal,closed,https://github.com/grafana/grafana/issues/76764
63919,CI: Do not set dist-tags for npm packages unless they are latest/testing,2023-03-01 09:10:44+00:00,2023-10-31 08:39:40+00:00,type/bug|type/ci,closed,https://github.com/grafana/grafana/issues/63919
75591,Explore mode for Tempo,2023-09-27 18:43:18+00:00,2023-10-31 15:33:38+00:00,type/bug|internal,closed,https://github.com/grafana/grafana/issues/75591
77451,Explore: Angular plugins fail to run queries,2023-10-31 15:07:41+00:00,2023-11-01 15:49:47+00:00,type/bug|area/explore,closed,https://github.com/grafana/grafana/issues/77451
71303,Transformations: Reduce with reduce fields don't work with wide-timeseries dataframes,2023-07-10 17:36:16+00:00,2023-11-01 15:55:04+00:00,type/bug|prio/high|needs investigation|area/transformations,closed,https://github.com/grafana/grafana/issues/71303
71877,Canvas SVG icons picklist not showing all icons,2023-07-18 16:36:03+00:00,2023-11-01 16:42:26+00:00,type/bug|area/panel/canvas,closed,https://github.com/grafana/grafana/issues/71877
77384,[TraceQL] Grafana passes the wrong string when requesting values for statusMessage,2023-10-30 15:15:06+00:00,2023-11-02 09:46:45+00:00,type/bug|area/explore|area/tracing|datasource/tempo|internal,closed,https://github.com/grafana/grafana/issues/77384
76973,Service graph: Error when response dataframe list is empty,2023-10-23 14:23:14+00:00,2023-11-02 10:23:20+00:00,type/bug|prio/medium,closed,https://github.com/grafana/grafana/issues/76973
77306,"Auto-generate: On save new dashboard always generates ""Empty dashboard"" for title / description",2023-10-27 16:22:45+00:00,2023-11-02 15:36:49+00:00,type/bug|internal|area/dashgpt|area/generativeai,closed,https://github.com/grafana/grafana/issues/77306
72331,Transformation: `extractFields` might lead to duplicated fields with the same name,2023-07-26 09:07:07+00:00,2023-11-02 15:47:44+00:00,type/bug|needs investigation|area/transformations,closed,https://github.com/grafana/grafana/issues/72331
77194,"Alerting: Summary-Annotations > Can't change to another option once ""Add new""  option is selected",2023-10-26 09:06:50+00:00,2023-11-02 16:16:16+00:00,type/bug|area/alerting,closed,https://github.com/grafana/grafana/issues/77194
77149,Alerting: Modify export 404's with custom root url,2023-10-25 14:37:25+00:00,2023-11-03 15:36:55+00:00,type/bug|area/alerting|area/docker|area/frontend|triage/needs-confirmation,closed,https://github.com/grafana/grafana/issues/77149
77593,Dashboard: Page crashing when saving a new dashboard,2023-11-02 19:34:31+00:00,2023-11-03 16:34:01+00:00,type/bug|area/dashboard|team/grafana-dashboards,closed,https://github.com/grafana/grafana/issues/77593
74971,Alert list twitching when the list is empty,2023-09-16 14:00:31+00:00,2023-11-06 07:35:44+00:00,type/bug|area/alerting|area/panel/alertlist|area/frontend,closed,https://github.com/grafana/grafana/issues/74971
57270,JSON Model - Panels don't disappear in mobile mode,2022-10-19 12:20:05+00:00,2023-11-06 09:05:57+00:00,type/bug|help wanted|area/mobile-support|bot/no new info|team/grafana-dashboards|prio/future,closed,https://github.com/grafana/grafana/issues/57270
77502,Explore: Handle malformed json in URLs,2023-11-01 15:17:56+00:00,2023-11-06 14:23:25+00:00,type/bug,closed,https://github.com/grafana/grafana/issues/77502
76699,Tempo Datasource: Search streaming repeatedly refreshes,2023-10-17 15:21:52+00:00,2023-11-06 16:30:01+00:00,type/bug|prio/high|area/tracing|datasource/tempo|internal,closed,https://github.com/grafana/grafana/issues/76699
75223,Correlations: Incorrect form state when editing transformations,2023-09-21 10:54:37+00:00,2023-11-07 11:17:05+00:00,type/bug|prio/medium|area/explore|area/correlations,closed,https://github.com/grafana/grafana/issues/75223
76958,Dashboards: Panel description tooltip goes past the edge of the screen,2023-10-23 12:29:37+00:00,2023-11-07 12:06:55+00:00,type/bug|team/grafana-dashboards|area/dashboards/panel,closed,https://github.com/grafana/grafana/issues/76958
77740,"Explore: When dragging split screen, graph does not expand to full width",2023-11-06 16:26:36+00:00,2023-11-07 14:40:33+00:00,type/bug|area/explore|internal|interview-generated,closed,https://github.com/grafana/grafana/issues/77740
74212,Alerting: intermittent outdated value in resolved slack notifications: .Value contains outdated value,2023-08-31 17:08:00+00:00,2023-11-08 10:43:40+00:00,type/bug|area/alerting|triage/needs-confirmation,closed,https://github.com/grafana/grafana/issues/74212
75046,Alerting: Grafana 10.1 no longer shows existing labels as options when creating a new alert,2023-09-18 21:21:07+00:00,2023-11-08 11:51:30+00:00,type/bug|area/alerting|area/frontend,closed,https://github.com/grafana/grafana/issues/75046
58628,Grafana does not always send the service name when executing a search,2022-11-11 09:52:42+00:00,2023-11-08 12:49:41+00:00,type/bug|area/tracing|datasource/tempo,closed,https://github.com/grafana/grafana/issues/58628
76800,Dashboard list: Changing template variable does not update dashboard links,2023-10-19 11:06:01+00:00,2023-11-08 13:04:32+00:00,type/bug|area/panel/dashboard-list|mob-friendly,closed,https://github.com/grafana/grafana/issues/76800
55977,AppRootPage: Improve error handling ,2022-09-29 07:25:29+00:00,2023-11-09 14:33:27+00:00,type/bug|area/plugins|area/plugins/app,closed,https://github.com/grafana/grafana/issues/55977
66827,Prometheus buildinfo is not deserialized correctly on the datasource setting page,2023-04-19 10:18:06+00:00,2023-11-10 16:48:33+00:00,type/bug|area/datasource,closed,https://github.com/grafana/grafana/issues/66827
77535,Canvas: Anchor Pointer Events,2023-11-02 04:21:59+00:00,2023-11-13 02:55:01+00:00,type/bug|area/panel/canvas,closed,https://github.com/grafana/grafana/issues/77535
77572,Wrong trace ID shown when trace is not found,2023-11-02 15:09:56+00:00,2023-11-13 13:31:21+00:00,type/bug,closed,https://github.com/grafana/grafana/issues/77572
59235,query editor is very tiny to work in,2022-11-23 15:36:03+00:00,2023-11-13 15:38:59+00:00,type/bug|area/query-editor,closed,https://github.com/grafana/grafana/issues/59235
63918,GHA workflows: github-release should not set the latest release unless it has the higest version number,2023-03-01 09:04:55+00:00,2023-11-14 10:58:56+00:00,type/bug|type/ci,closed,https://github.com/grafana/grafana/issues/63918
74714,Prometheus: Variables Query Editor  - label filter disappears after selecting value,2023-09-12 09:32:39+00:00,2023-11-14 16:40:08+00:00,type/bug|datasource/prometheus,closed,https://github.com/grafana/grafana/issues/74714
78025,SparklineCell: No value shown when calculated trend value is 0,2023-11-12 09:54:13+00:00,2023-11-15 09:12:06+00:00,type/bug|area/transformations,closed,https://github.com/grafana/grafana/issues/78025
77673,folders: delete api return no json since 9.3,2023-11-04 19:05:39+00:00,2023-11-15 14:00:48+00:00,type/bug|area/backend/api|area/dashboard/folders,closed,https://github.com/grafana/grafana/issues/77673
78166,Correlations: Missing query's datasource property breaks query filtering,2023-11-15 07:49:24+00:00,2023-11-15 20:56:23+00:00,type/bug|prio/medium|area/correlations,closed,https://github.com/grafana/grafana/issues/78166
78124,Correlations: Do not show transformation derived variables in transformation field list,2023-11-14 16:11:25+00:00,2023-11-15 21:06:38+00:00,type/bug|prio/high|area/explore|area/correlations,closed,https://github.com/grafana/grafana/issues/78124
78099,"Adapt ""Datasource"" dashboard type requests to use aliases",2023-11-14 11:16:13+00:00,2023-11-16 07:42:46+00:00,type/bug|internal|team/grafana-dashboards,closed,https://github.com/grafana/grafana/issues/78099
76068,Unable to save a dashboard when lacking permissions on parent folder,2023-10-05 16:02:17+00:00,2023-11-16 11:11:37+00:00,type/bug|internal,closed,https://github.com/grafana/grafana/issues/76068
78236,Query History: Flaky test in queryHistory.test.tsx,2023-11-15 20:15:02+00:00,2023-11-16 14:06:39+00:00,type/bug|area/saved-queries,closed,https://github.com/grafana/grafana/issues/78236
78234,Save dashboard flyout - not appearing or taking 15sec+ to appear since 10.2 -> 10.2.1 update,2023-11-15 20:09:54+00:00,2023-11-17 09:02:54+00:00,type/bug|area/dashboard|team/grafana-dashboards|area/dashgpt,closed,https://github.com/grafana/grafana/issues/78234
78063,"Tempo: Can't select ""does not match"" operator in search when multiple items are selected",2023-11-13 15:23:31+00:00,2023-11-17 16:10:29+00:00,type/bug|datasource/tempo,closed,https://github.com/grafana/grafana/issues/78063
71317,XY Chart: Data links are not evaluated,2023-07-11 02:59:34+00:00,2023-11-17 21:43:19+00:00,type/bug|needs investigation|area/dashboard/data-links|area/panel/xychart,closed,https://github.com/grafana/grafana/issues/71317
78185,Query is being re-issued when moving to a different time range on the trail. We need to refine the logic in scene query runner that evaluates if time range is different,2023-11-15 11:35:47+00:00,2023-11-18 02:31:51+00:00,type/bug|area/exploremetrics,closed,https://github.com/grafana/grafana/issues/78185
77114,10.2.0 - No Elasticsearch Logs / Empty @timestamp,2023-10-25 08:01:22+00:00,2023-11-20 11:01:42+00:00,type/bug|datasource/elasticsearch,closed,https://github.com/grafana/grafana/issues/77114
70883,CommandPalette: Search dashboards in top search input box in Chinese,2023-06-29 09:05:25+00:00,2023-11-20 11:36:51+00:00,type/bug|area/search|area/frontend,closed,https://github.com/grafana/grafana/issues/70883
75763,Search: Keypresses lost when typing quickly in slow browser,2023-09-29 17:59:45+00:00,2023-11-20 11:36:51+00:00,type/bug|area/search,closed,https://github.com/grafana/grafana/issues/75763
76065,Auto-generate: Investigate infinite rendering issue,2023-10-05 15:47:57+00:00,2023-11-20 16:51:34+00:00,type/bug|team/grafana-dashboards|area/dashgpt|area/generativeai,closed,https://github.com/grafana/grafana/issues/76065
78079,Prometheus: query builder label filter delete bug,2023-11-13 20:06:27+00:00,2023-11-20 19:33:17+00:00,type/bug|datasource/prometheus|area/frontend|area/datasource/frontend|area/query-editor,closed,https://github.com/grafana/grafana/issues/78079
78186,An error shows when you have a data source selected but no label filters,2023-11-15 11:36:50+00:00,2023-11-20 21:36:08+00:00,type/bug|area/exploremetrics,closed,https://github.com/grafana/grafana/issues/78186
74872,Cloudwatch: Return query with super.query,2023-09-13 18:19:35+00:00,2023-11-20 22:44:24+00:00,type/bug|effort/none|datasource/cloudwatch|internal,closed,https://github.com/grafana/grafana/issues/74872
78405,Scenes: Backward compatabiltiy templateSrv.getVariables does not work when scene is from app plugin ,2023-11-20 15:43:47+00:00,2023-11-21 09:40:32+00:00,type/bug|area/dashboard,closed,https://github.com/grafana/grafana/issues/78405
78059,Explore: Tables are missing vertical spacing,2023-11-13 13:33:06+00:00,2023-11-21 12:20:59+00:00,type/bug|effort/small|help wanted|onboarding|good first issue|internal,closed,https://github.com/grafana/grafana/issues/78059
78047,Fix core plugin install through CLI,2023-11-13 12:25:41+00:00,2023-11-21 13:07:26+00:00,type/bug|internal,closed,https://github.com/grafana/grafana/issues/78047
72501,NetworkError when switching organization,2023-07-28 10:36:26+00:00,2023-11-21 15:44:42+00:00,type/bug|area/dashboard|triage/needs-confirmation,closed,https://github.com/grafana/grafana/issues/72501
74816,"Bug: Core plugins not listed when listing ""All"" plugins",2023-09-13 10:44:02+00:00,2023-11-22 08:04:55+00:00,type/bug|internal,closed,https://github.com/grafana/grafana/issues/74816
78473,Logs Panel: Table UI - pagination bug,2023-11-21 14:40:40+00:00,2023-11-22 13:15:31+00:00,type/bug|area/panel/logs|no-backport|no-changelog,closed,https://github.com/grafana/grafana/issues/78473
75951,InfluxDB SQL: Using an alias for time field will cause error for time_series response,2023-10-04 11:56:27+00:00,2023-11-23 11:18:17+00:00,type/bug|datasource/influxdb,closed,https://github.com/grafana/grafana/issues/75951
70820,Plugin Details Page: overflow: auto causes fields' outline to be cut off,2023-06-28 11:30:24+00:00,2023-11-24 13:21:19+00:00,type/bug|onboarding|internal,closed,https://github.com/grafana/grafana/issues/70820
57627,"SQL: Issue when selecting multiple date time fields (mssql, mysql, postgres)",2022-10-25 16:31:49+00:00,2023-11-24 14:15:26+00:00,type/bug|datasource/mysql|datasource/postgres|datasource/mssql,closed,https://github.com/grafana/grafana/issues/57627
78184,When moving to a previous trail step that has a different metric than current it creates a new metric step (due to the new metric steps being created when metric changes),2023-11-15 11:34:49+00:00,2023-11-24 16:21:21+00:00,type/bug|area/exploremetrics,closed,https://github.com/grafana/grafana/issues/78184
78606,Alerts with a variable as interval cannot be migrated,2023-11-23 17:03:15+00:00,2023-11-24 16:27:45+00:00,type/bug|area/alerting|internal,closed,https://github.com/grafana/grafana/issues/78606
78644,Transformations: add field from calculation breaks when calculating cumulative total on data sets containing undefined,2023-11-24 13:45:01+00:00,2023-11-27 09:25:57+00:00,type/bug,closed,https://github.com/grafana/grafana/issues/78644
78707,Explore: `Support` button in query inspector does nothing,2023-11-27 19:13:51+00:00,2023-11-28 13:31:00+00:00,type/bug|area/explore|internal,closed,https://github.com/grafana/grafana/issues/78707
76273,Trace Panel: top graph cursor and vertical indicator not aligned after resizing,2023-10-10 14:41:37+00:00,2023-11-29 08:52:51+00:00,type/bug|area/panel/traceview,closed,https://github.com/grafana/grafana/issues/76273
77828,CloudWatch: Dimension picker should load dimension keys without current filter,2023-11-07 20:29:16+00:00,2023-11-29 16:01:46+00:00,type/bug|effort/small|datasource/cloudwatch|internal,closed,https://github.com/grafana/grafana/issues/77828
75495,Grafana Snapshot creates graphs and stats with wrong data ,2023-09-26 19:22:11+00:00,2023-11-29 17:35:28+00:00,type/bug|area/dashboard/snapshot,closed,https://github.com/grafana/grafana/issues/75495
70048,Alerting: Inappropriate status code for alerting,2023-06-14 09:34:37+00:00,2023-11-29 19:07:56+00:00,type/bug|effort/small|area/alerting|area/provisioning|good first issue,closed,https://github.com/grafana/grafana/issues/70048
78629,Plugins: New headers being overwritten by initial request headers,2023-11-24 10:25:01+00:00,2023-11-30 11:51:42+00:00,type/bug|area/backend/plugins|internal,closed,https://github.com/grafana/grafana/issues/78629
78509,Alerting: After upgrading from 10.1.4 to 10.2.1 not able to edit silences ,2023-11-22 00:51:26+00:00,2023-11-30 18:28:39+00:00,type/bug|area/alerting|area/frontend,closed,https://github.com/grafana/grafana/issues/78509
78810,Dashboards: Deleting a dashboard from settings is not redirecting to home,2023-11-29 14:41:01+00:00,2023-12-01 09:15:43+00:00,type/bug|area/dashboard|team/grafana-dashboards,closed,https://github.com/grafana/grafana/issues/78810
69873,Alerting: ANOMALY_DETECTION_BAND() not working for cloudwatch datasource,2023-06-09 22:22:16+00:00,2023-12-01 14:23:39+00:00,type/bug|effort/none|datasource/cloudwatch,closed,https://github.com/grafana/grafana/issues/69873
78947,Bug: Prometheus variable editor doesn't get the dashboard time range and fallbacks to the default range,2023-12-01 11:06:40+00:00,2023-12-01 14:30:49+00:00,type/bug|datasource/prometheus,closed,https://github.com/grafana/grafana/issues/78947
73868,Alerting CloudWatch: Metric Query Builder - metric name may need quoting,2023-08-26 09:49:43+00:00,2023-12-01 19:37:11+00:00,type/bug|effort/small|datasource/cloudwatch,closed,https://github.com/grafana/grafana/issues/73868
68545,Card: Selected Card layout issues,2023-05-16 12:49:18+00:00,2023-12-04 10:52:43+00:00,type/bug|help wanted|area/grafana/ui,closed,https://github.com/grafana/grafana/issues/68545
78020,Alerting: Unable to import Notification policies from json file.,2023-11-11 18:38:07+00:00,2023-12-04 21:57:39+00:00,type/bug|area/alerting|area/provisioning,closed,https://github.com/grafana/grafana/issues/78020
78982,CloudWatch: Error code metrics for AWS/ES should be separate metrics,2023-12-01 21:54:59+00:00,2023-12-08 15:16:32+00:00,type/bug|datasource/cloudwatch|good first issue|internal,closed,https://github.com/grafana/grafana/issues/78982
79374,bug: Grafana catalog ignores custom statusContext,2023-12-12 09:22:40+00:00,2023-12-12 10:34:44+00:00,type/bug|area/plugins-catalog|internal,closed,https://github.com/grafana/grafana/issues/79374
79105,[TraceQL] Quote breaks autocomplete,2023-12-05 17:56:50+00:00,2023-12-12 11:55:23+00:00,type/bug|area/explore|area/tracing|datasource/tempo|internal,closed,https://github.com/grafana/grafana/issues/79105
78096,"Loki: query were not triaged  in the dashboard  after enabled lokiQuerySplitting for target with `""maxLines"": 0`",2023-11-14 10:38:45+00:00,2023-12-13 13:08:32+00:00,type/bug|datasource/loki,closed,https://github.com/grafana/grafana/issues/78096
49495,Semi-relative time range breaks since Grafana 8 when 'to' is before 'from',2022-05-24 13:54:35+00:00,2023-12-13 13:40:11+00:00,type/bug|area/dashboard/timerange,closed,https://github.com/grafana/grafana/issues/49495
77380,Tempo: Caching of tag values doesn't update with new conditions,2023-10-30 14:40:15+00:00,2023-12-13 16:06:09+00:00,type/bug|area/tracing|datasource/tempo,closed,https://github.com/grafana/grafana/issues/77380
74015,Dashboard variable interpolation for service graph panel when navigating to Explore,2023-08-29 13:55:52+00:00,2023-12-15 09:03:01+00:00,type/bug|area/tracing|datasource/tempo,closed,https://github.com/grafana/grafana/issues/74015
79510,[TraceQL] Grafana incorrectly flags attribute names with math chars as invalid,2023-12-14 12:51:47+00:00,2023-12-15 10:57:54+00:00,type/bug|area/explore|area/tracing|datasource/tempo|internal,closed,https://github.com/grafana/grafana/issues/79510
79529,"Tempo Explore: TraceQL tab in Explore shows ""invalid value"" when query contains a ""-"" even though query is valid",2023-12-14 18:06:34+00:00,2023-12-15 10:57:55+00:00,type/bug|area/tracing|datasource/tempo|internal,closed,https://github.com/grafana/grafana/issues/79529
79401,Nested Folders: User cannot see folders with correct access in the folders list,2023-12-12 14:14:52+00:00,2023-12-15 17:34:10+00:00,type/bug|area/dashboard/folders|area/backend,closed,https://github.com/grafana/grafana/issues/79401
78793,"Alerting: When creating an Alertmanager, avoid using the Alertmanager struct on error",2023-11-29 09:40:42+00:00,2023-12-18 14:33:21+00:00,type/bug|area/alerting,closed,https://github.com/grafana/grafana/issues/78793
53480,Plugins: Backend API should respect app custom page role restrictions,2022-08-09 15:58:29+00:00,2023-12-18 15:12:47+00:00,type/bug|area/plugins|area/backend/api|area/backend|area/plugins/app,closed,https://github.com/grafana/grafana/issues/53480
78700,Plugins: validation failed in windows,2023-11-27 15:46:02+00:00,2023-12-19 10:56:41+00:00,type/bug|area/plugins|internal,closed,https://github.com/grafana/grafana/issues/78700
71291,Bug: discrepancy in graph steps for public dashboard,2023-07-10 15:41:35+00:00,2023-12-19 15:19:53+00:00,type/bug|area/public-dashboards|internal|prio/planned|team/grafana-sharing,closed,https://github.com/grafana/grafana/issues/71291
78100,Loki: handle line filter values with backticks,2023-11-14 11:18:04+00:00,2023-12-20 13:34:00+00:00,type/bug|datasource/loki|internal,closed,https://github.com/grafana/grafana/issues/78100
53612,RPM postinst scriptlet fails to restart Grafana,2022-08-11 18:07:24+00:00,2023-12-20 17:12:02+00:00,type/bug|stale,closed,https://github.com/grafana/grafana/issues/53612
52378,Folder name update redirects to 404 when Grafana is served from subpath,2022-07-18 07:31:55+00:00,2023-12-21 15:58:35+00:00,type/bug|area/frontend,closed,https://github.com/grafana/grafana/issues/52378
61205,Migration 8.5.9 to 9.2.5 fails with dashboard migration permission issue,2023-01-10 04:38:28+00:00,2023-12-28 15:23:04+00:00,type/bug|area/backend/db,closed,https://github.com/grafana/grafana/issues/61205
79476,Explore: Changing the time range freezes the browser,2023-12-13 17:33:56+00:00,2024-01-02 13:16:26+00:00,type/bug|area/explore,closed,https://github.com/grafana/grafana/issues/79476
78431,NodeGraph: TouchEvent is not defined,2023-11-20 22:48:16+00:00,2024-01-03 10:31:00+00:00,type/bug|area/panel/node-graph,closed,https://github.com/grafana/grafana/issues/78431
59350,Hover panels overlap useful content in mobile browsers,2022-11-27 06:40:45+00:00,2024-01-03 12:42:27+00:00,type/bug|area/mobile-support|timepicker,closed,https://github.com/grafana/grafana/issues/59350
77045,Connections: Clicking on a logo of the plugin does not open plugin page,2023-10-24 13:06:36+00:00,2024-01-03 15:43:35+00:00,type/bug|area/plugins-catalog|internal,closed,https://github.com/grafana/grafana/issues/77045
79797,"Grafana: Bar Gauge ""Bar Size = Auto"" broken in 10.2.3",2023-12-21 14:32:21+00:00,2024-01-04 04:00:43+00:00,type/bug|area/panel/gauge|area/panel/bargauge|type/regression,closed,https://github.com/grafana/grafana/issues/79797
78115,Explore: datasources in the URL out of sync,2023-11-14 14:18:39+00:00,2024-01-04 09:50:29+00:00,type/bug|prio/high|area/explore,closed,https://github.com/grafana/grafana/issues/78115
75586,[Dashboards]: Search API is not consistent while loading dashboard list in a folder,2023-09-27 17:07:59+00:00,2024-01-04 17:41:30+00:00,type/bug|area/dashboard|area/dashboard/folders|area/backend|team/grafana-dashboards,closed,https://github.com/grafana/grafana/issues/75586
79736,Transformations: Regression analysis does not handle NaN well.,2023-12-20 08:35:46+00:00,2024-01-05 14:50:21+00:00,type/bug|area/transformations,closed,https://github.com/grafana/grafana/issues/79736
79221,Improve reliability of costmanagementui navtree changes,2023-12-07 13:38:56+00:00,2024-01-05 16:19:18+00:00,type/bug,closed,https://github.com/grafana/grafana/issues/79221
79731,BarChart: Percent stacking regression with unit rendering on axis and values,2023-12-20 06:50:38+00:00,2024-01-05 16:58:48+00:00,type/bug|area/panel/barchart|type/regression|internal,closed,https://github.com/grafana/grafana/issues/79731
79194,Explore: LogQL parser misses labels in range aggregations,2023-12-07 01:23:20+00:00,2024-01-08 16:17:21+00:00,type/bug|area/explore|datasource/loki|triage/needs-confirmation,closed,https://github.com/grafana/grafana/issues/79194
80123,Alerting: Export rules button is enabled when no rules to export,2024-01-08 08:17:45+00:00,2024-01-09 10:08:29+00:00,type/bug|area/alerting|area/frontend,closed,https://github.com/grafana/grafana/issues/80123
80182,Alerting: NoData & Error alerts are not resolved when rule is reset,2024-01-09 05:12:24+00:00,2024-01-09 19:47:20+00:00,type/bug|area/alerting|internal,closed,https://github.com/grafana/grafana/issues/80182
78743,Alerts: Unable to copy error message from tooltip,2023-11-28 14:05:08+00:00,2024-01-10 09:17:59+00:00,type/bug|area/alerting|area/frontend,closed,https://github.com/grafana/grafana/issues/78743
54703,"Cannot change OAuth Login method for existing accounts, Generic OAuth -> Gitlab OAuth",2022-09-05 12:10:16+00:00,2024-01-10 14:07:14+00:00,type/bug|area/auth/oauth,closed,https://github.com/grafana/grafana/issues/54703
76182,Dashboard: Remove usage of bootstrap classes in `DashboardLinksDashboard` component ,2023-10-09 10:32:20+00:00,2024-01-10 14:32:15+00:00,type/bug|area/dashboard|type/chore|area/dashboard/links|prio/customer-support|internal|team/grafana-dashboards,closed,https://github.com/grafana/grafana/issues/76182
71311,Invalid link at the Microsoft SQL Server Data source plugin page,2023-07-10 19:48:45+00:00,2024-01-10 22:01:53+00:00,type/bug|type/docs,closed,https://github.com/grafana/grafana/issues/71311
80156,Permissions: Explicitly assigned permission displayed as inherited,2024-01-08 14:29:47+00:00,2024-01-11 11:01:21+00:00,type/bug|area/auth,closed,https://github.com/grafana/grafana/issues/80156
79883,Canvas: Right click while in panel editor mode breaks pan / zoom,2023-12-28 08:36:02+00:00,2024-01-11 17:41:21+00:00,type/bug|area/panel/canvas|internal,closed,https://github.com/grafana/grafana/issues/79883
78362,Nested panel options cannot have default value,2023-11-17 22:50:59+00:00,2024-01-12 09:36:11+00:00,type/bug|area/plugins,closed,https://github.com/grafana/grafana/issues/78362
55044,Alerting: Migration fails when legacy alert name is over 190 characters,2022-09-12 16:27:35+00:00,2024-01-12 09:46:56+00:00,type/bug|effort/small|prio/high|area/alerting|area/backend|internal,closed,https://github.com/grafana/grafana/issues/55044
75714,Alerting: Permission denied when edit existing alert - /api/v1/ngalert/alertmanager status=403,2023-09-29 05:45:44+00:00,2024-01-12 11:04:35+00:00,type/bug|area/alerting,closed,https://github.com/grafana/grafana/issues/75714
60214,TraceView flaky E2E: trace-view-scrolling > Can lazy load big traces #59315,2022-12-13 09:51:37+00:00,2024-01-12 14:17:31+00:00,type/bug|prio/medium|stale|type/e2e|area/panel/traceview,closed,https://github.com/grafana/grafana/issues/60214
68397,plugins: potentially invalid signature is not being flagged causing installation issues,2023-05-12 16:04:56+00:00,2024-01-12 14:32:06+00:00,type/bug|area/plugins|area/plugins-catalog,closed,https://github.com/grafana/grafana/issues/68397
80348,Alert insights do count active rules instead of firing rules.,2024-01-11 10:26:06+00:00,2024-01-12 15:47:28+00:00,type/bug|area/alerting|area/frontend|internal,closed,https://github.com/grafana/grafana/issues/80348
72775,State timeline collapses short states on big time ranges,2023-08-02 20:34:29+00:00,2024-01-12 18:59:48+00:00,type/bug|effort/small|area/panel/state-timeline,closed,https://github.com/grafana/grafana/issues/72775
79402,Dashboard list doesn't update with Custom Variables,2023-12-12 14:27:05+00:00,2024-01-15 10:26:37+00:00,type/bug|area/panel/dashboard-list,closed,https://github.com/grafana/grafana/issues/79402
80194,Alerting: fix each Policy component being unmounted every 10 seconds in the NotificationPolicies view ,2024-01-09 09:24:13+00:00,2024-01-15 12:36:28+00:00,type/bug|area/alerting|area/frontend|internal,closed,https://github.com/grafana/grafana/issues/80194
64979,Alerting: Deadlock while trying to save annotations in batches,2023-03-17 16:03:02+00:00,2024-01-15 15:43:55+00:00,type/bug|effort/small|prio/high|area/annotations|area/alerting|area/backend/db/sql|internal,closed,https://github.com/grafana/grafana/issues/64979
78819,Cloudwatch Errors do not always get surfaced to user and instead show No Data,2023-11-29 15:46:08+00:00,2024-01-15 16:19:28+00:00,type/bug|datasource/cloudwatch|effort/medium|internal,closed,https://github.com/grafana/grafana/issues/78819
78451,Onboarding panel clips poorly on narrow screens,2023-11-21 10:41:38+00:00,2024-01-19 09:50:58+00:00,type/bug|area/navigation|internal,closed,https://github.com/grafana/grafana/issues/78451
80377,Dashboards: Folder defaults to root folder when more than 1000 dashboard folders,2024-01-11 15:36:02+00:00,2024-01-19 10:14:29+00:00,type/bug|area/frontend|team/grafana-dashboards,closed,https://github.com/grafana/grafana/issues/80377
78790,Product Area: UI/UX Elasticsearch 5.0.0 plugin,2023-11-29 09:31:16+00:00,2024-01-19 14:05:38+00:00,type/bug|datasource/elasticsearch,closed,https://github.com/grafana/grafana/issues/78790
80454,Some dashboards are not editable when enabling dashboardSceneForViewers,2024-01-12 15:03:36+00:00,2024-01-19 16:46:12+00:00,type/bug|area/dashboard|area/scenes,closed,https://github.com/grafana/grafana/issues/80454
80648,XYChart: Table mode crashes when changing data frames,2024-01-16 16:54:28+00:00,2024-01-19 17:43:06+00:00,type/bug|area/panel/xychart,closed,https://github.com/grafana/grafana/issues/80648
52789,"Stat panel does not apply ""No Value"" mapping",2022-07-26 09:55:53+00:00,2024-01-20 01:40:45+00:00,type/bug|help wanted|prio/low|area/panel/stat,closed,https://github.com/grafana/grafana/issues/52789
74140,[TraceQL] Streaming results repeatedly collapse,2023-08-30 20:02:27+00:00,2024-01-23 13:14:59+00:00,type/bug|area/tracing|datasource/tempo|internal,closed,https://github.com/grafana/grafana/issues/74140
67639,Missing parameters on VariableModel schema,2023-05-02 09:36:39+00:00,2024-01-23 15:56:22+00:00,type/bug|area/dashboard/templating,closed,https://github.com/grafana/grafana/issues/67639
65880,Explore #2: graph is not rendered when a graphite metric query is pasted - followup issue,2023-04-04 02:36:35+00:00,2024-01-23 17:08:19+00:00,type/bug|datasource/graphite|needs more info|prio/low|area/explore,closed,https://github.com/grafana/grafana/issues/65880
70030,Prometheus: bug selecting option legend custom name,2023-06-13 20:28:00+00:00,2024-01-23 17:28:13+00:00,type/bug|effort/small|prio/medium|datasource/prometheus|area/frontend|internal,closed,https://github.com/grafana/grafana/issues/70030
80478,Table: Adding field calcs when data is undefined crashes the panel,2024-01-12 17:56:44+00:00,2024-01-23 21:59:24+00:00,type/bug|area/panel/table|internal,closed,https://github.com/grafana/grafana/issues/80478
80462,`NestedFolderPicker` search isn't debounced,2024-01-12 15:54:25+00:00,2024-01-24 11:41:27+00:00,type/bug|area/navigation|internal,closed,https://github.com/grafana/grafana/issues/80462
79852,Dashboard List: Search Function Not Working After Enabling Subfolders,2023-12-25 09:22:22+00:00,2024-01-24 13:18:02+00:00,type/bug|area/dashboard|area/panel/dashboard-list,closed,https://github.com/grafana/grafana/issues/79852
80767,Tooltip: Fix exemplars tooltip width,2024-01-17 22:24:08+00:00,2024-01-24 16:16:17+00:00,type/bug|area/tooltip,closed,https://github.com/grafana/grafana/issues/80767
79777,Explore: TimeRange defaulting to 6 hours since v10.1.0,2023-12-21 08:12:21+00:00,2024-01-25 07:51:18+00:00,type/bug|prio/high|area/explore|timepicker,closed,https://github.com/grafana/grafana/issues/79777
73966,Data source config: CustomHeadersSettings saving does not show headers as configured,2023-08-28 19:41:50+00:00,2024-01-25 11:43:55+00:00,type/bug|area/grafana/ui|area/datasource/frontend,closed,https://github.com/grafana/grafana/issues/73966
61418,Unable to Save Dashboard with `validateDashboardsOnSave` Feature Toggle,2023-01-12 17:55:37+00:00,2024-01-26 09:30:16+00:00,type/bug|area/dashboard|needs more info|area/schema|team/grafana-dashboards|prio/future,closed,https://github.com/grafana/grafana/issues/61418
76783,FrontendBug: SwaggerUI page does not work with `root_url` parameter in `grafana.ini`,2023-10-19 02:45:43+00:00,2024-01-26 13:38:07+00:00,type/bug|area/backend|triage/needs-confirmation,closed,https://github.com/grafana/grafana/issues/76783
80503,"Transformations: Disabling transformation is causing ""No Data"" to appear despite data existing",2024-01-13 03:53:44+00:00,2024-01-26 17:15:01+00:00,type/bug|area/transformations|internal,closed,https://github.com/grafana/grafana/issues/80503
80039,Remove isEqual mock in fieldState unit test,2024-01-04 17:34:49+00:00,2024-01-26 23:49:16+00:00,type/bug,closed,https://github.com/grafana/grafana/issues/80039
81393,Alert rules in tests can sometimes fail unique key constraint on primary key ID,2024-01-26 17:56:41+00:00,2024-01-29 16:22:45+00:00,type/bug|internal,closed,https://github.com/grafana/grafana/issues/81393
64760,GrafanaUI: Allow checkbox to support tooltips,2023-03-14 17:27:12+00:00,2024-01-29 20:25:15+00:00,type/bug|help wanted|area/grafana/ui,closed,https://github.com/grafana/grafana/issues/64760
81192,"Tempo Explore: Under certain circumstances the ""disable"" button is toggled on query edit",2024-01-24 17:32:39+00:00,2024-01-31 09:08:07+00:00,type/bug|area/explore|area/tracing|datasource/tempo|internal,closed,https://github.com/grafana/grafana/issues/81192
81193,"Tempo Explore: Editing a TraceQL query toggles the ""Table format""",2024-01-24 17:47:26+00:00,2024-01-31 09:08:08+00:00,type/bug|area/explore|area/tracing|datasource/tempo|internal,closed,https://github.com/grafana/grafana/issues/81193
79856,Grafana UI: QueryField removes part of the query when using the autocomplete function,2023-12-26 13:01:53+00:00,2024-01-31 10:01:22+00:00,type/bug|needs investigation|area/frontend|internal,closed,https://github.com/grafana/grafana/issues/79856
79692,Grafana 10.2.3 is breaking dashboard (No data),2023-12-19 14:18:36+00:00,2024-01-31 23:30:23+00:00,type/bug|datasource/influxdb,closed,https://github.com/grafana/grafana/issues/79692
79765,Dashboard/Influxdb: multi values variables not escaped and break,2023-12-20 16:17:41+00:00,2024-01-31 23:30:24+00:00,type/bug|datasource/influxdb|area/dashboard/templating|triage/needs-confirmation,closed,https://github.com/grafana/grafana/issues/79765
81191,"Tempo Explore: ""Copy query from Search"" has an extended/invisible hit box",2024-01-24 17:18:28+00:00,2024-02-01 09:48:20+00:00,type/bug|area/explore|area/tracing|datasource/tempo|internal,closed,https://github.com/grafana/grafana/issues/81191
81009,Dashboards: Unable to see dashboard changes in drawer,2024-01-22 17:12:18+00:00,2024-02-01 14:07:03+00:00,type/bug|area/dashboard|needs research|internal|team/grafana-dashboards,closed,https://github.com/grafana/grafana/issues/81009
81225,"grafana 10.2.2 use mariadb , start err `signing_key` (`key_id`) key was too long; max key length is 767 bytes",2024-01-25 07:00:58+00:00,2024-02-02 11:59:41+00:00,type/bug|area/plugins,closed,https://github.com/grafana/grafana/issues/81225
81080,Renaming folder fails on SQLite due to db locking,2024-01-23 13:45:27+00:00,2024-02-05 08:06:13+00:00,type/bug|area/dashboard/folders|area/backend|internal,closed,https://github.com/grafana/grafana/issues/81080
81766,bug: `managedPluginInstall` toggle disables add datasource for core plugins,2024-02-02 09:39:31+00:00,2024-02-05 08:32:59+00:00,type/bug|area/plugins-catalog|internal,closed,https://github.com/grafana/grafana/issues/81766
81640,Dashboards: Image Renderer Link incorrect when behind reverse proxy,2024-01-31 13:34:06+00:00,2024-02-05 10:48:10+00:00,type/bug|area/frontend,closed,https://github.com/grafana/grafana/issues/81640
80708,Data trails: Remove the metric select sorting of no data panels,2024-01-17 10:36:03+00:00,2024-02-05 14:45:49+00:00,type/bug|internal|area/exploremetrics,closed,https://github.com/grafana/grafana/issues/80708
44509,Grafana server crashes with concurrent map writes ,2022-01-27 05:02:46+00:00,2024-02-05 15:25:56+00:00,type/bug|prio/medium|area/http-server,closed,https://github.com/grafana/grafana/issues/44509
81931,Poor performance in the variable picker when there are more than 10k elements,2024-02-06 07:49:17+00:00,2024-02-06 08:46:35+00:00,type/bug|type/performance|area/scenes|team/grafana-dashboards,closed,https://github.com/grafana/grafana/issues/81931
46440,Timeseries: Annotations from multiple datasources do not show the full annotation,2022-03-11 09:12:39+00:00,2024-02-06 18:44:43+00:00,type/bug|area/annotations,closed,https://github.com/grafana/grafana/issues/46440
81619,Bug: Decoupled core plugins logged as missing,2024-01-31 08:15:05+00:00,2024-02-07 14:17:14+00:00,type/bug|internal,closed,https://github.com/grafana/grafana/issues/81619
81469,Adding new query to a Mixed data source has incorrect data source pre-selected,2024-01-29 11:35:54+00:00,2024-02-07 23:40:23+00:00,type/bug|area/scenes|team/grafana-dashboards,closed,https://github.com/grafana/grafana/issues/81469
76180,Plugins: Bumping SystemJS to 6.14.2 broke image rendering,2023-10-09 10:01:12+00:00,2024-02-08 11:19:29+00:00,type/bug|needs more info|area/plugins|area/frontend,closed,https://github.com/grafana/grafana/issues/76180
82150,Fix comparing time.Location in mute timings,2024-02-08 11:55:21+00:00,2024-02-08 12:36:10+00:00,type/bug|area/alerting|area/backend|internal,closed,https://github.com/grafana/grafana/issues/82150
80408,Nested Folders: Unable to create sub-folders with the same name across different parent folders,2024-01-12 06:49:28+00:00,2024-02-12 09:15:47+00:00,type/bug|area/dashboard/folders|area/backend,closed,https://github.com/grafana/grafana/issues/80408
81788,DashboardScene: Annotations panel not working,2024-02-02 12:06:54+00:00,2024-02-12 10:26:40+00:00,type/bug|area/scenes|team/grafana-dashboards,closed,https://github.com/grafana/grafana/issues/81788
81846,Annotations: Annotations sometimes do not render,2024-02-03 08:20:06+00:00,2024-02-12 21:37:30+00:00,type/bug|area/annotations,closed,https://github.com/grafana/grafana/issues/81846
79745,Elasticsearch: broken cross-cluster search,2023-12-20 09:29:53+00:00,2024-02-13 15:02:51+00:00,type/bug|datasource/elasticsearch|area/backend/plugins,closed,https://github.com/grafana/grafana/issues/79745
69374,Loki: Lezer LogQL breaks with labels matching LogQL keywords,2023-06-01 13:11:57+00:00,2024-02-13 15:05:53+00:00,type/bug|datasource/loki|blocked,closed,https://github.com/grafana/grafana/issues/69374
82348,Dashboard Scene: Panel Menu not accessible when rendering a library panel,2024-02-13 08:55:04+00:00,2024-02-14 10:07:12+00:00,type/bug|area/frontend|team/grafana-dashboards,closed,https://github.com/grafana/grafana/issues/82348
81387,Clarify that import of exported alert rules does not work,2024-01-26 16:35:07+00:00,2024-02-14 14:04:17+00:00,type/bug|area/alerting|internal,closed,https://github.com/grafana/grafana/issues/81387
82323,Loki: Unable to filter for structured metadata labels,2024-02-09 16:04:16+00:00,2024-02-14 16:24:58+00:00,type/bug|datasource/loki,closed,https://github.com/grafana/grafana/issues/82323
80308,Explore: Failed to call resource when attempting to change label in Builder mode,2024-01-10 16:53:47+00:00,2024-02-15 12:02:27+00:00,type/bug|area/explore|datasource/loki,closed,https://github.com/grafana/grafana/issues/80308
82530,Loki: Fix `onGetLabelNames`  when no equal match,2024-02-15 11:29:54+00:00,2024-02-15 15:28:07+00:00,type/bug|datasource/loki,closed,https://github.com/grafana/grafana/issues/82530
82210,Tooltip: Sorting is broken,2024-02-08 21:22:36+00:00,2024-02-15 18:54:45+00:00,type/bug|area/tooltip,closed,https://github.com/grafana/grafana/issues/82210
82008,Alerting: legacy upgrade fails on MySQL when alert names match according to utf8mb4_unicode_ci,2024-02-06 18:38:37+00:00,2024-02-15 22:37:17+00:00,type/bug|area/alerting|internal|area/alerting/migration,closed,https://github.com/grafana/grafana/issues/82008
82248,Storybook: Card documentation is displaying incorrectly,2024-02-09 12:19:57+00:00,2024-02-16 11:13:52+00:00,type/bug|area/storybook,closed,https://github.com/grafana/grafana/issues/82248
73038,Grafana > 9.4.x: notification policies  UI freezes with many policies,2023-08-08 10:10:53+00:00,2024-02-16 16:11:04+00:00,type/bug|area/alerting|area/frontend,closed,https://github.com/grafana/grafana/issues/73038
44417,Undesired zoom while annotating,2022-01-25 10:57:27+00:00,2024-02-17 11:28:52+00:00,type/bug|area/annotations|area/frontend|area/panel/timeseries,closed,https://github.com/grafana/grafana/issues/44417
45462,Tracing / duplicate spanId not handled correctly,2022-02-16 12:53:31+00:00,2024-02-19 01:48:11+00:00,type/bug|prio/low|stale|datasource/zipkin,closed,https://github.com/grafana/grafana/issues/45462
45558,Dashboard data source link state issues,2022-02-17 17:55:47+00:00,2024-02-19 01:48:14+00:00,type/bug|area/datasource/frontend|stale,closed,https://github.com/grafana/grafana/issues/45558
46456,Content-Security-Policy is set twice in the Data source proxy calls,2022-03-11 14:39:39+00:00,2024-02-19 01:48:21+00:00,type/bug|area/backend|stale,closed,https://github.com/grafana/grafana/issues/46456
46556,Alerting: Need improved notification for alerts in Error state,2022-03-14 21:50:15+00:00,2024-02-19 01:48:22+00:00,type/bug|area/alerting|prio/low|effort/none|area/backend|stale,closed,https://github.com/grafana/grafana/issues/46556
48586,Cloudwatch: double parsing variable tags on v8.5.x,2022-05-02 14:27:32+00:00,2024-02-19 01:49:00+00:00,type/bug|effort/small|datasource/cloudwatch|stale,closed,https://github.com/grafana/grafana/issues/48586
78003,"Plugin Catalog: ""Enable"" button not visible after install an app plugin",2023-11-10 15:21:44+00:00,2024-02-20 11:48:52+00:00,type/bug|area/plugins|internal,closed,https://github.com/grafana/grafana/issues/78003
80947,Disabled transforms are breaking reports,2024-01-22 04:43:07+00:00,2024-02-20 22:22:10+00:00,type/bug|area/transformations|triage/pending,closed,https://github.com/grafana/grafana/issues/80947
82037,bug: recently used absolute range is cut off,2024-02-07 05:02:59+00:00,2024-02-21 11:28:58+00:00,type/bug|area/frontend|timepicker|internal,closed,https://github.com/grafana/grafana/issues/82037
82984,"Variable using a data source from another variable saves correctly, but Variable UI doesn't display properly",2024-02-17 01:06:19+00:00,2024-02-21 15:57:55+00:00,type/bug|internal,closed,https://github.com/grafana/grafana/issues/82984
45021,Deleting Invalid Notifier from Pop-up Window Also Deletes Valid Notifiers,2022-02-08 00:34:04+00:00,2024-02-22 01:50:01+00:00,type/bug|prio/low|effort/none|stale|area/alerting-legacy,closed,https://github.com/grafana/grafana/issues/45021
48923,TimeSeries problem with bar 8.5.2 (narrow bar),2022-05-12 05:50:59+00:00,2024-02-22 01:50:07+00:00,type/bug|stale|area/panel/timeseries,closed,https://github.com/grafana/grafana/issues/48923
49265,Tempo fails to report error parsing trace,2022-05-19 16:05:18+00:00,2024-02-22 01:50:09+00:00,type/bug|prio/low|stale|area/tracing|datasource/tempo,closed,https://github.com/grafana/grafana/issues/49265
49625,Zoom to data appearing when data exists for the selected time range,2022-05-25 15:33:41+00:00,2024-02-22 01:50:14+00:00,type/bug|stale,closed,https://github.com/grafana/grafana/issues/49625
49779,Alerting: State History for deleted alert rules can appear on other alert rules.,2022-05-30 02:57:04+00:00,2024-02-22 01:50:16+00:00,type/bug|area/alerting|prio/low|area/backend|stale|kata:state-history,closed,https://github.com/grafana/grafana/issues/49779
49795,Loki Queries failing in Alert Rules if hostname doesnt include https//,2022-05-30 09:16:47+00:00,2024-02-22 01:50:17+00:00,type/bug|area/alerting|prio/medium|effort/none|area/alerting/evaluation|stale,closed,https://github.com/grafana/grafana/issues/49795
50045,Explore: Data links in table results link to http://localhost:3000/${__value.text},2022-06-01 21:32:49+00:00,2024-02-22 01:50:21+00:00,type/bug|area/explore|area/dashboard/data-links|stale,closed,https://github.com/grafana/grafana/issues/50045
50418,Search: `include panels` has no effect on the manage dashboards page,2022-06-08 12:26:31+00:00,2024-02-23 01:47:19+00:00,type/bug|area/search|stale,closed,https://github.com/grafana/grafana/issues/50418
50422,SearchV2: Work properly with dashboard provisioning,2022-06-08 12:38:36+00:00,2024-02-23 01:47:20+00:00,type/bug|area/search|stale,closed,https://github.com/grafana/grafana/issues/50422
54402,Geomap: Changing options locks up,2022-08-29 15:56:31+00:00,2024-02-23 01:47:54+00:00,type/bug|prio/low|stale|area/panel/geomap,closed,https://github.com/grafana/grafana/issues/54402
54926,"Nav: Changing from Org Admin to Viewer, the configuration nav tree shows invalid options",2022-09-08 16:26:09+00:00,2024-02-23 01:48:11+00:00,type/bug|stale,closed,https://github.com/grafana/grafana/issues/54926
55192,Geomap: Attribute and Zoom background color transparent when using dark theme,2022-09-14 18:54:12+00:00,2024-02-23 01:48:16+00:00,type/bug|stale|area/panel/geomap,closed,https://github.com/grafana/grafana/issues/55192
56151,SQL: Postgres Dialect generates 32-bit serial columns when using 64-bit integers with `autoincr`,2022-10-03 02:42:36+00:00,2024-02-23 01:48:18+00:00,type/bug|stale|area/backend/db/sql,closed,https://github.com/grafana/grafana/issues/56151
56412,Custom labels in prometheus queries not working,2022-10-05 15:30:35+00:00,2024-02-23 01:48:23+00:00,type/bug|datasource/prometheus|stale,closed,https://github.com/grafana/grafana/issues/56412
82925,Empty state: doesn't show up after removing a panel,2024-02-16 17:18:03+00:00,2024-02-23 22:03:36+00:00,type/bug|area/dashboard|area/scenes|team/grafana-dashboards,closed,https://github.com/grafana/grafana/issues/82925
55704,Cloud home app crashes when datasource is misconfigured,2022-09-23 20:53:30+00:00,2024-02-24 01:46:25+00:00,type/bug|area/grafana/ui|stale,closed,https://github.com/grafana/grafana/issues/55704
55950,"Geomap: If map layer doesn't load, basemap won't load either",2022-09-28 15:52:55+00:00,2024-02-24 01:46:37+00:00,type/bug|stale|area/panel/geomap,closed,https://github.com/grafana/grafana/issues/55950
58198,Geomap: Photo layer error image after data change,2022-11-03 20:40:07+00:00,2024-02-24 01:46:43+00:00,type/bug|stale|area/panel/geomap,closed,https://github.com/grafana/grafana/issues/58198
58324,Searching for Grafana users shows a JS error when there is no match,2022-11-07 11:41:18+00:00,2024-02-24 01:46:44+00:00,type/bug|area/search|area/admin/user|stale,closed,https://github.com/grafana/grafana/issues/58324
59159,Geomap: Apply data filter to location editor field selectors,2022-11-22 19:08:10+00:00,2024-02-24 01:46:59+00:00,type/bug|stale|area/panel/geomap,closed,https://github.com/grafana/grafana/issues/59159
60107,Flaky test: TestIntegrationGraphite in pkg/tests/api/graphite,2022-12-09 16:20:16+00:00,2024-02-24 01:47:26+00:00,type/bug|area/backend/plugins|stale,closed,https://github.com/grafana/grafana/issues/60107
60427,MySQL-only flakiness TestIntegrationXORMGetDashboardVersion in pkg/services/dashboardversion,2022-12-15 22:01:31+00:00,2024-02-24 01:47:32+00:00,type/bug|area/dashboard|stale,closed,https://github.com/grafana/grafana/issues/60427
56085,Time series panel: No horizontal grid lines for second query with different scale,2022-09-30 11:27:15+00:00,2024-02-25 01:47:29+00:00,type/bug|stale|area/panel/timeseries,closed,https://github.com/grafana/grafana/issues/56085
59034,JWT auth wrong user loaded from cache,2022-11-21 13:13:10+00:00,2024-02-25 01:47:32+00:00,type/bug|area/auth|stale,closed,https://github.com/grafana/grafana/issues/59034
58672,Node Graph visualisation doesn't clean edge fields during refresh,2022-11-11 17:39:02+00:00,2024-02-26 09:52:53+00:00,type/bug|prio/low|stale|area/panel/node-graph,closed,https://github.com/grafana/grafana/issues/58672
80185,TypeError: undefined is not an object (evaluating 'Ue.type.toLowerCase'),2024-01-09 05:55:51+00:00,2024-02-26 12:36:16+00:00,type/bug|datasource/prometheus|needs investigation|area/editor|area/panel/edit,closed,https://github.com/grafana/grafana/issues/80185
81593,Data Trails: Start node doesn't take you back to the metric select step after a period of time,2024-01-30 18:55:10+00:00,2024-02-26 15:48:18+00:00,type/bug|area/exploremetrics,closed,https://github.com/grafana/grafana/issues/81593
64084,"Grafana 9.3 and 9.4 ""Copy"" disabled for legend text",2023-03-02 22:34:57+00:00,2024-02-27 00:35:47+00:00,type/bug|area/panel/timeseries|triage/needs-confirmation|area/legend,closed,https://github.com/grafana/grafana/issues/64084
55060,"Datasources: ""Emit event on dashboard load for Azure Monitor data source"" does not work for dashboards with rows",2022-09-13 00:02:56+00:00,2024-02-27 15:20:45+00:00,type/bug|effort/none|datasource/azure,closed,https://github.com/grafana/grafana/issues/55060
55282,Azure Monitor Bug with CosmosDB curated dashboard,2022-09-16 08:11:56+00:00,2024-02-27 15:22:30+00:00,type/bug|effort/none|datasource/azure,closed,https://github.com/grafana/grafana/issues/55282
81631,"When modifying a variable (prometheus variable in my case) and navigating back to the variables list, the variable definition is not updated",2024-01-31 12:18:36+00:00,2024-02-27 15:48:10+00:00,type/bug|area/dashboard/templating|area/scenes|internal|team/grafana-dashboards,closed,https://github.com/grafana/grafana/issues/81631
81995,Grafana 10 no longer escapes data in dashboard variables with InfluxDB,2024-02-06 17:37:51+00:00,2024-02-27 16:21:29+00:00,type/bug|datasource/influxdb|area/dashboard|triage/needs-confirmation,closed,https://github.com/grafana/grafana/issues/81995
80893,UI: Loki metadata is considered as labels.,2024-01-19 14:16:22+00:00,2024-02-28 10:03:04+00:00,type/bug|datasource/loki,closed,https://github.com/grafana/grafana/issues/80893
79987,grafana alerting Groups: not possible to search by label.,2024-01-03 15:31:04+00:00,2024-02-28 10:11:19+00:00,type/bug|area/alerting|area/frontend,closed,https://github.com/grafana/grafana/issues/79987
50552,Some data sources returning error when used with Expressions,2022-06-09 20:37:43+00:00,2024-02-28 10:37:56+00:00,type/bug|prio/medium|area/expressions,closed,https://github.com/grafana/grafana/issues/50552
56751,9.2.0: buggy behavior for time range selector on iOS,2022-10-11 19:21:51+00:00,2024-02-28 10:48:21+00:00,type/bug|type/ux|area/mobile-support|timepicker|triage/needs-confirmation,closed,https://github.com/grafana/grafana/issues/56751
53032,Grafana: distributed tracing with Linkerd doesn't show expected traces,2022-08-01 11:21:10+00:00,2024-02-28 11:14:13+00:00,type/bug|datasource/tempo,closed,https://github.com/grafana/grafana/issues/53032
59453,MySql: Variables not working as expected in 9.2.7,2022-11-29 06:41:40+00:00,2024-02-28 13:01:56+00:00,type/bug|needs more info|datasource/mysql,closed,https://github.com/grafana/grafana/issues/59453
80434,The navigation using breadcrumb doesn't work for variable edition,2024-01-12 12:02:20+00:00,2024-02-28 13:59:26+00:00,type/bug|area/dashboard|team/grafana-dashboards,closed,https://github.com/grafana/grafana/issues/80434
71635,Plugins CDN: Certain plugins fail to load with appSubUrl,2023-07-14 09:44:19+00:00,2024-02-28 14:27:34+00:00,type/bug|area/plugins|area/frontend,closed,https://github.com/grafana/grafana/issues/71635
68172,Cloudwatch: query syntax highlighting incorrect when using regex,2023-05-10 07:55:40+00:00,2024-02-28 14:49:28+00:00,type/bug|datasource/cloudwatch logs,closed,https://github.com/grafana/grafana/issues/68172
68408,Cloudwatch: Performance issue with dimension-keys,2023-05-12 17:21:32+00:00,2024-02-28 14:53:17+00:00,type/bug|datasource/cloudwatch,closed,https://github.com/grafana/grafana/issues/68408
83538,Parentheses around multi-value variables gone missing,2024-02-27 16:57:36+00:00,2024-02-28 14:59:07+00:00,type/bug|datasource/influxdb,closed,https://github.com/grafana/grafana/issues/83538
83472,Saving a Template redirects to Contact Points,2024-02-27 08:50:17+00:00,2024-02-28 15:32:57+00:00,type/bug,closed,https://github.com/grafana/grafana/issues/83472
69732,Select component doesn't update state when receiving a new value from outside the component,2023-06-07 16:13:13+00:00,2024-02-29 06:38:11+00:00,type/bug|area/frontend|area/grafana/ui,closed,https://github.com/grafana/grafana/issues/69732
78564,Canvas: Selected connection not appearing in inline editor,2023-11-22 22:24:46+00:00,2024-03-01 00:56:41+00:00,type/bug|area/panel/canvas,closed,https://github.com/grafana/grafana/issues/78564
43733,No user feedback if a message/contact point template fails to evaluate,2022-01-05 22:29:41+00:00,2024-03-01 01:47:56+00:00,type/bug|prio/critical|area/alerting|prio/support-subscription|area/backend|stale|good first issue|prio/customer-support,closed,https://github.com/grafana/grafana/issues/43733
43909,Cannot hide series when they have the same name,2022-01-11 15:10:55+00:00,2024-03-01 01:48:00+00:00,type/bug|area/frontend|stale|area/panel/timeseries,closed,https://github.com/grafana/grafana/issues/43909
44416,Prometheus: Query editor's exemplar button in dashboard can be out of sync with query.exemplar,2022-01-25 10:50:12+00:00,2024-03-01 01:48:08+00:00,type/bug|datasource/prometheus|area/provisioning|stale,closed,https://github.com/grafana/grafana/issues/44416
83734,CloudWatch: New ConfigEditor doesn't have Custom Namespace field,2024-02-29 20:59:06+00:00,2024-03-01 15:56:46+00:00,type/bug|effort/none|datasource/cloudwatch|internal,closed,https://github.com/grafana/grafana/issues/83734
64088,string data not aligned with numeric data when processing data links in time series panel with multiple series,2023-03-02 23:28:17+00:00,2024-03-04 08:38:17+00:00,type/bug|stale|area/panel/timeseries,closed,https://github.com/grafana/grafana/issues/64088
83717,InfluxDB: Builder-generated SQL identifiers should be double-quoted,2024-02-29 18:09:45+00:00,2024-03-05 10:22:34+00:00,type/bug|datasource/influxdb,closed,https://github.com/grafana/grafana/issues/83717
79611,Auto-generate: Panel title / description update only partially,2023-12-17 01:12:02+00:00,2024-03-05 11:10:47+00:00,type/bug|area/dashgpt|area/generativeai,closed,https://github.com/grafana/grafana/issues/79611
76848,Auto-generate: Address maximum update depth exceeded warnings,2023-10-20 07:06:24+00:00,2024-03-05 11:40:09+00:00,type/bug|area/dashgpt|area/generativeai,closed,https://github.com/grafana/grafana/issues/76848
83344,Canvas: Datalink tooltip positioning glitch,2024-02-23 20:21:32+00:00,2024-03-05 23:23:12+00:00,type/bug|area/panel/canvas|internal,closed,https://github.com/grafana/grafana/issues/83344
51357,SQLStore: Non-transactional callbacks inside a ctx containing a transactional DB session cause row-level deadlock in sqlite,2022-06-23 23:38:22+00:00,2024-03-06 01:46:28+00:00,type/bug|area/backend|area/backend/db/sqlite|stale,closed,https://github.com/grafana/grafana/issues/51357
83912,Panel options does not have effect when changed in the panel,2024-03-05 14:23:19+00:00,2024-03-06 11:58:10+00:00,type/bug|team/grafana-dashboards,closed,https://github.com/grafana/grafana/issues/83912
83783,Dashboards: Scroll position not restored when leaving Edit Panel,2024-03-01 16:50:33+00:00,2024-03-06 13:57:12+00:00,type/bug|internal|team/grafana-dashboards,closed,https://github.com/grafana/grafana/issues/83783
83375,Refreshing the edit view causes the panel to not render properly,2024-02-26 10:20:07+00:00,2024-03-07 16:32:39+00:00,type/bug|area/scenes|internal|team/grafana-dashboards,closed,https://github.com/grafana/grafana/issues/83375
76752,Explore: URLs with data source names lose PromQL,2023-10-18 11:45:03+00:00,2024-03-11 11:28:30+00:00,type/bug|area/explore,closed,https://github.com/grafana/grafana/issues/76752
53049,CloudWatch: Variable editor and Metrics query builder should display custom values,2022-08-01 14:31:04+00:00,2024-03-11 13:27:00+00:00,type/bug|effort/none|datasource/cloudwatch|mob-friendly,closed,https://github.com/grafana/grafana/issues/53049
79024,Tempo explore repeatedly executes streaming queries every 10 minutes,2023-12-04 14:53:32+00:00,2024-03-11 13:58:21+00:00,type/bug|area/explore|area/tracing|datasource/tempo|internal,closed,https://github.com/grafana/grafana/issues/79024
56827,Redirect after login doesn't work for Explore,2022-10-12 20:22:34+00:00,2024-03-11 14:23:23+00:00,type/bug|area/explore|area/frontend/login,closed,https://github.com/grafana/grafana/issues/56827
84182,Heatmap: Metric labels are not rendered in Data Links when a unit is selected   ,2024-03-11 13:12:29+00:00,2024-03-11 14:37:54+00:00,type/bug|area/panel/heatmap,closed,https://github.com/grafana/grafana/issues/84182
84047,Product Area: 10.4.0 - prometheus metrics browser displays traceback,2024-03-07 03:36:15+00:00,2024-03-12 11:13:30+00:00,type/bug|datasource/prometheus,closed,https://github.com/grafana/grafana/issues/84047
82137,Exiting edit mode after save restores initial dashboard state,2024-02-08 08:56:17+00:00,2024-03-12 12:54:49+00:00,type/bug|area/scenes,closed,https://github.com/grafana/grafana/issues/82137
84174,Exiting edit mode after succesfully adding panel does not show newly added panel,2024-03-11 11:47:58+00:00,2024-03-12 12:54:49+00:00,type/bug|area/scenes|internal|team/grafana-dashboards,closed,https://github.com/grafana/grafana/issues/84174
83827,Adding another viz after a repeated panel throws same key error in dashboard,2024-03-04 12:40:40+00:00,2024-03-12 13:49:37+00:00,type/bug|area/dashboard|area/scenes|team/grafana-dashboards,closed,https://github.com/grafana/grafana/issues/83827
83345,Canvas: Datalink not formatting dashboard time range correctly,2024-02-23 20:27:45+00:00,2024-03-12 19:37:51+00:00,type/bug|area/panel/canvas|internal,closed,https://github.com/grafana/grafana/issues/83345
84229,Cloudwatch: Unable to see external id for new cloudwatch datasources using grafana assume role,2024-03-11 20:12:21+00:00,2024-03-12 20:30:55+00:00,type/bug|effort/none|datasource/cloudwatch|internal,closed,https://github.com/grafana/grafana/issues/84229
64714,Docs - prometheus query editor broken images,2023-03-13 18:22:05+00:00,2024-03-13 09:20:53+00:00,type/bug|stale|internal,closed,https://github.com/grafana/grafana/issues/64714
76945,Grafana/ui Cascader component: Make the Cascader label accessible to screen readers,2023-10-23 08:47:48+00:00,2024-03-13 12:01:26+00:00,type/bug|type/accessibility|internal,closed,https://github.com/grafana/grafana/issues/76945
83624,Changing variable query options datasource breaks app,2024-02-28 16:48:59+00:00,2024-03-13 13:41:05+00:00,type/bug|area/dashboard/templating|area/frontend|no-changelog|area/scenes|internal|team/grafana-dashboards,closed,https://github.com/grafana/grafana/issues/83624
83690,"After restoring a version and trying to go to edit mode, the button does not work",2024-02-29 13:23:45+00:00,2024-03-13 16:24:27+00:00,type/bug|area/dashboard|area/scenes|team/grafana-dashboards,closed,https://github.com/grafana/grafana/issues/83690
65816,postgres: tls-mode `verify-ca` does not work correctly (behaves like `verify-full`),2023-04-03 11:47:08+00:00,2024-03-14 08:18:37+00:00,type/bug|datasource/postgres,closed,https://github.com/grafana/grafana/issues/65816
80415,"Dashboards: No ""Unsaved changes"" dialog when clicking on explore from a new dashboard",2024-01-12 09:09:01+00:00,2024-03-14 10:39:10+00:00,type/bug|area/dashboard|internal|team/grafana-dashboards,closed,https://github.com/grafana/grafana/issues/80415
53151,Alerting: Provisioning rule API should validate rule namespace,2022-08-02 14:45:59+00:00,2024-03-14 13:58:27+00:00,type/bug|effort/small|area/alerting|prio/medium|area/backend|internal,closed,https://github.com/grafana/grafana/issues/53151
84296,"Telegram ""Message Thread ID"" is required by UI",2024-03-12 14:40:39+00:00,2024-03-15 14:49:06+00:00,type/bug|area/alerting|area/frontend,closed,https://github.com/grafana/grafana/issues/84296
74849,Variables: Multi-select DataSource variables are inconsistently displayed in the Data source picker,2023-09-13 14:58:36+00:00,2024-03-18 09:30:29+00:00,type/bug|area/dashboard/templating|prio/customer-support|internal|team/grafana-dashboards,closed,https://github.com/grafana/grafana/issues/74849
83613,Navigating between variable edit with back/forward breaks logic,2024-02-28 15:39:47+00:00,2024-03-18 12:02:14+00:00,type/bug|area/dashboard/templating|area/frontend|no-changelog|area/scenes|internal|team/grafana-dashboards,closed,https://github.com/grafana/grafana/issues/83613
84054,Dashboards: Elasticsearch legends not shown with 10.4.0,2024-03-07 09:33:29+00:00,2024-03-18 17:03:10+00:00,type/bug|datasource/elasticsearch,closed,https://github.com/grafana/grafana/issues/84054
83968,Elastic Datasource: query groups are no longer converted to labels,2024-03-06 12:39:55+00:00,2024-03-18 17:03:11+00:00,type/bug|datasource/elasticsearch,closed,https://github.com/grafana/grafana/issues/83968
84679,Alerting: External alertmanager incorrectly parses basic auth that needs escaping,2024-03-18 16:31:12+00:00,2024-03-18 17:04:59+00:00,type/bug|area/alerting|internal,closed,https://github.com/grafana/grafana/issues/84679
79833,CloudWatch: No static label for alarm metric,2023-12-22 12:03:20+00:00,2024-03-18 21:31:01+00:00,type/bug|effort/small|datasource/cloudwatch,closed,https://github.com/grafana/grafana/issues/79833
65380,"Grafana sends expired id token in X-Id-Token header to datasource when using ""Forward OAuth Identity""",2023-03-27 15:13:23+00:00,2024-03-19 09:01:13+00:00,type/bug|area/auth/oauth|triage/needs-confirmation,closed,https://github.com/grafana/grafana/issues/65380
84466,Public Dashboards: Fix email sharing component when scenes is enabled,2024-03-14 13:06:35+00:00,2024-03-20 15:00:20+00:00,type/bug|area/public-dashboards,closed,https://github.com/grafana/grafana/issues/84466
81840,Can't delete a rule if rules later in the group fails validation,2024-02-03 00:45:12+00:00,2024-03-20 17:10:41+00:00,type/bug|area/alerting|internal,closed,https://github.com/grafana/grafana/issues/81840
81750,Google Cloud Monitoring: Unable to group by/filter by user metadata labels,2024-02-01 23:53:31+00:00,2024-03-21 09:18:40+00:00,type/bug|effort/none|datasource/googlecloudmonitoring|area/query-editor,closed,https://github.com/grafana/grafana/issues/81750
84288,Alerting: PromQL expression matchers are not supported,2024-03-12 13:52:57+00:00,2024-03-21 13:11:19+00:00,type/bug|area/alerting|area/frontend|internal,closed,https://github.com/grafana/grafana/issues/84288
84937,Tooltip looses its values,2024-03-21 17:02:35+00:00,2024-03-21 17:37:55+00:00,type/bug|area/tooltip,closed,https://github.com/grafana/grafana/issues/84937
81517,InfluxDB: Wrong query generated when using templateVariable with equal operator on influxql visual query builder,2024-01-29 20:50:09+00:00,2024-03-21 19:42:55+00:00,type/bug|effort/small|datasource/influxdb|prio/low|good first issue,closed,https://github.com/grafana/grafana/issues/81517
84717,Scenes: Dashboard toolbar not overflowing correctly,2024-03-19 10:33:51+00:00,2024-03-22 11:05:26+00:00,type/bug|area/dashboard|area/scenes|team/grafana-dashboards,closed,https://github.com/grafana/grafana/issues/84717
84929,InfluxDB: Query tags are not correctly interpolated when using single-value variables,2024-03-21 16:03:55+00:00,2024-03-22 15:14:12+00:00,type/bug|datasource/influxdb,closed,https://github.com/grafana/grafana/issues/84929
84606,Canvas: Cant add vertices to existing connection,2024-03-15 17:00:01+00:00,2024-03-22 23:54:11+00:00,type/bug|area/panel/canvas,closed,https://github.com/grafana/grafana/issues/84606
56506,Error loading Alertmanager config: data key not found,2022-10-06 20:11:42+00:00,2024-03-25 01:47:18+00:00,type/bug|area/alerting|area/backend|stale,closed,https://github.com/grafana/grafana/issues/56506
71217,Dashboard: panel context menu doesn't hide,2023-07-07 15:03:11+00:00,2024-03-25 09:11:20+00:00,type/bug|area/dashboard|team/grafana-dashboards|prio/future,closed,https://github.com/grafana/grafana/issues/71217
80304,Correlations: Permissions issues around Explore Editor,2024-01-10 16:35:32+00:00,2024-03-25 12:33:25+00:00,type/bug|prio/medium|needs investigation|area/explore|area/correlations,closed,https://github.com/grafana/grafana/issues/80304
80183,"Dashboards: No ""Leave Site?"" confirmation, when changes to query was made",2024-01-09 05:34:27+00:00,2024-03-25 13:16:58+00:00,type/bug|area/dashboard|area/editor|team/grafana-dashboards,closed,https://github.com/grafana/grafana/issues/80183
80523,Variable is displayed inconsistently in the title and content of a Text panel,2024-01-15 06:10:33+00:00,2024-03-25 19:19:37+00:00,type/bug|area/dashboard/templating|area/dashboard|needs refinement|team/grafana-dashboards,closed,https://github.com/grafana/grafana/issues/80523
85081,Add Reporting tab in scenes ShareModal,2024-03-25 14:38:39+00:00,2024-03-25 19:36:57+00:00,type/bug|area/frontend|area/scenes|team/grafana-sharing,closed,https://github.com/grafana/grafana/issues/85081
61815,Routing in v9.3.2 is not triggering a proper Settings page render,2023-01-19 20:59:44+00:00,2024-03-26 01:46:51+00:00,type/bug|stale,closed,https://github.com/grafana/grafana/issues/61815
62447,Timeseries ContextMenu is not fully showed when close to viewport bottom,2023-01-30 09:46:40+00:00,2024-03-26 01:47:03+00:00,type/bug|area/dashboard/data-links|stale|area/panel/timeseries,closed,https://github.com/grafana/grafana/issues/62447
63266,[Grafana Explore] Executing a query using `SHIFT+ENTER` can send you to another data source view,2023-02-10 15:17:44+00:00,2024-03-26 01:47:12+00:00,type/bug|prio/medium|stale,closed,https://github.com/grafana/grafana/issues/63266
84818,Annotations are not shown in the panel edit unless refreshed,2024-03-20 13:39:16+00:00,2024-03-26 13:01:36+00:00,type/bug|area/scenes|internal,closed,https://github.com/grafana/grafana/issues/84818
81883,Searching panel options throws a runtime error,2024-02-05 13:01:00+00:00,2024-03-26 14:55:56+00:00,type/bug|area/scenes|team/grafana-dashboards,closed,https://github.com/grafana/grafana/issues/81883
63607,Remove/Reset scheduler metrics for an org if it does not have any alert rules,2023-02-23 08:53:06+00:00,2024-03-27 01:47:21+00:00,type/bug|area/alerting|prio/low|stale|effort/medium,closed,https://github.com/grafana/grafana/issues/63607
69285,Template Variables: long values on ad hoc filters interfering with UI,2023-05-30 20:40:15+00:00,2024-03-27 15:12:00+00:00,type/bug|area/dashboard/templating|area/dashboard|team/grafana-dashboards|prio/future,closed,https://github.com/grafana/grafana/issues/69285
85252,durationMs is not always sent in the trace response,2024-03-26 12:00:08+00:00,2024-03-28 09:47:50+00:00,type/bug|area/frontend|area/datasource/frontend|datasource/tempo|no-backport|no-changelog,closed,https://github.com/grafana/grafana/issues/85252
84542,Select: When virtualised is true the items get's wrong top position ,2024-03-15 08:43:22+00:00,2024-03-28 14:19:50+00:00,type/bug|area/grafana/ui|internal,closed,https://github.com/grafana/grafana/issues/84542
85080,Constant variables shows in the dashboard after creation,2024-03-25 13:56:24+00:00,2024-03-28 14:29:49+00:00,type/bug|area/dashboard/templating|area/dashboard|team/grafana-dashboards,closed,https://github.com/grafana/grafana/issues/85080
84194,Removing a panel within a row results in broken layout,2024-03-11 14:51:50+00:00,2024-03-28 14:45:34+00:00,type/bug|area/scenes|internal|team/grafana-dashboards,closed,https://github.com/grafana/grafana/issues/84194
84564,Permissions tab should not appear if user does not have permission to edit those,2024-03-15 12:01:54+00:00,2024-03-28 15:40:40+00:00,type/bug|area/dashboard|team/grafana-dashboards,closed,https://github.com/grafana/grafana/issues/84564
80877,Dashboard settings: Settings views are accessble if the dasboard is non-editable.,2024-01-19 11:12:53+00:00,2024-03-28 15:40:40+00:00,type/bug|area/scenes|team/grafana-dashboards,closed,https://github.com/grafana/grafana/issues/80877
84871,Canvas: SVG elements transparent option glitch,2024-03-21 00:27:05+00:00,2024-03-28 22:27:00+00:00,type/bug|area/panel/canvas|internal,closed,https://github.com/grafana/grafana/issues/84871
84869,Canvas: Element background glitch when switching from rectangle to svg based element,2024-03-20 23:31:53+00:00,2024-03-29 06:10:45+00:00,type/bug|area/panel/canvas|internal,closed,https://github.com/grafana/grafana/issues/84869
85405,Adding to an empty dashboard is not possible after panel removal,2024-03-29 14:53:20+00:00,2024-03-30 17:34:28+00:00,type/bug|area/scenes|internal|team/grafana-dashboards,closed,https://github.com/grafana/grafana/issues/85405
84570,Adding library panel from an empty state doesn't work,2024-03-15 12:11:26+00:00,2024-03-30 17:34:28+00:00,type/bug|area/frontend/library-panels|area/scenes|team/grafana-dashboards|area/dashboard/edit,closed,https://github.com/grafana/grafana/issues/84570
84569,Discarding changes to an empty dashboard has no effect - changes are still visible.,2024-03-15 12:09:51+00:00,2024-03-30 17:34:28+00:00,type/bug|area/dashboard|area/scenes|team/grafana-dashboards|area/dashboard/edit,closed,https://github.com/grafana/grafana/issues/84569
64112,Error when using when using Expressions on TestdataDB raw frames scenario,2023-03-03 09:22:28+00:00,2024-04-02 01:48:14+00:00,type/bug|stale|area/expressions|internal,closed,https://github.com/grafana/grafana/issues/64112
84199,Dashboard can be saved with add-library-panel panel,2024-03-11 15:21:49+00:00,2024-04-02 10:34:16+00:00,type/bug|type/works-as-intended|area/scenes|team/grafana-dashboards,closed,https://github.com/grafana/grafana/issues/84199
84212,Newly duplicated panel cannot be edited,2024-03-11 16:48:38+00:00,2024-04-02 10:50:33+00:00,type/bug|area/scenes|internal|team/grafana-dashboards,closed,https://github.com/grafana/grafana/issues/84212
84563,Changes warning is not triggered when navigating away from the dashboard,2024-03-15 11:59:11+00:00,2024-04-02 10:53:47+00:00,type/bug|area/dashboard|team/grafana-dashboards|area/dashboard/edit,closed,https://github.com/grafana/grafana/issues/84563
84843,Canvas: New SVG elements don't support background image position,2024-03-20 16:20:15+00:00,2024-04-02 16:04:38+00:00,type/bug|area/panel/canvas|internal,closed,https://github.com/grafana/grafana/issues/84843
85139,Explore to dashboard: Does not work with scenes based architecture,2024-03-26 08:59:41+00:00,2024-04-03 10:06:39+00:00,type/bug|area/scenes|internal|team/grafana-dashboards,closed,https://github.com/grafana/grafana/issues/85139
84577,Creating a new dashboard and quickly (< 1s) pressing the add visualization button makes an unsaved changes dialog appear,2024-03-15 12:25:20+00:00,2024-04-03 14:39:03+00:00,type/bug|area/dashboard|area/scenes|team/grafana-dashboards,closed,https://github.com/grafana/grafana/issues/84577
85457,Two annotation queries with the same name works in old arch but not in scenes,2024-04-02 10:46:00+00:00,2024-04-04 09:45:25+00:00,type/bug|area/scenes|internal|team/grafana-dashboards,closed,https://github.com/grafana/grafana/issues/85457
84985,"Updating alert rule group with a duplicate value returns 5xx error, should be 4xx",2024-03-22 11:21:24+00:00,2024-04-04 10:25:16+00:00,type/bug|area/alerting|area/backend|internal,closed,https://github.com/grafana/grafana/issues/84985
81121,"Dashboards: Prometheus Query throws 500 when ""step"" has trailing space",2024-01-23 20:35:16+00:00,2024-04-04 11:14:51+00:00,type/bug|prio/medium|datasource/prometheus|good first issue,closed,https://github.com/grafana/grafana/issues/81121
84576,External panel crashes,2024-03-15 12:24:12+00:00,2024-04-04 13:45:28+00:00,type/bug|area/dashboard|area/dashboard/import|area/scenes|team/grafana-dashboards,closed,https://github.com/grafana/grafana/issues/84576
83154,ValidateRuleGroupInterval fires on exported/imported rule group that seemed valid,2024-02-21 10:54:26+00:00,2024-04-04 15:24:19+00:00,type/bug|area/alerting,closed,https://github.com/grafana/grafana/issues/83154
84848,Canvas: The border of the SVG element clipped outside the wrapper,2024-03-20 16:29:48+00:00,2024-04-04 18:08:25+00:00,type/bug|area/panel/canvas|internal,closed,https://github.com/grafana/grafana/issues/84848
83916,Drag and dropping a row inside another row throws error,2024-03-05 15:22:53+00:00,2024-04-05 09:19:28+00:00,type/bug|area/dashboard|area/scenes|team/grafana-dashboards,closed,https://github.com/grafana/grafana/issues/83916
85124,Add PDF tab,2024-03-25 21:04:29+00:00,2024-04-05 14:29:02+00:00,type/bug|area/frontend|area/scenes|team/grafana-sharing,closed,https://github.com/grafana/grafana/issues/85124
84575,Dashboard data source: Sometimes the selected panel data is not loaded,2024-03-15 12:22:36+00:00,2024-04-05 14:47:34+00:00,type/bug|area/dashboard|area/scenes|team/grafana-dashboards|area/dashboards/panel,closed,https://github.com/grafana/grafana/issues/84575
85076,No auto refresh option,2024-03-25 13:06:54+00:00,2024-04-05 15:31:42+00:00,type/bug|area/dashboard|internal|team/grafana-dashboards,closed,https://github.com/grafana/grafana/issues/85076
81465,Filter-by-values: Exclude-null doesn't get initialised properly,2024-01-29 11:10:33+00:00,2024-04-05 17:24:58+00:00,type/bug|area/transformations|internal|area/dataviz,closed,https://github.com/grafana/grafana/issues/81465
52388,New/updated provisioned dashboard alerts are not used once migrated to unified alerting,2022-07-18 09:51:58+00:00,2024-04-05 17:40:48+00:00,type/bug|prio/high|area/alerting,closed,https://github.com/grafana/grafana/issues/52388
49763,XY chart crashes when there is one data point,2022-05-27 23:54:05+00:00,2024-04-07 01:48:09+00:00,type/bug|stale|area/panel/xychart,closed,https://github.com/grafana/grafana/issues/49763
85023,PDF and Reporting tab not added in ShareModal,2024-03-22 20:39:30+00:00,2024-04-08 07:28:25+00:00,type/bug|area/dashboard|area/frontend|area/scenes|team/grafana-dashboards,closed,https://github.com/grafana/grafana/issues/85023
84562,Changing dashboard folder in dashboard settings does not trigger change detection,2024-03-15 11:56:33+00:00,2024-04-08 10:06:51+00:00,type/bug|area/dashboard|area/dashboard/folders|area/scenes|team/grafana-dashboards,closed,https://github.com/grafana/grafana/issues/84562
84302,Changes in panel edit are not subject of change detection unless panel edit is exited,2024-03-12 15:16:57+00:00,2024-04-09 15:48:12+00:00,type/bug|area/scenes|internal|team/grafana-dashboards,closed,https://github.com/grafana/grafana/issues/84302
84568,Changes made in panel edit mode are not subject of change detection unless navigating back to a dashboard.,2024-03-15 12:08:42+00:00,2024-04-09 15:53:11+00:00,type/bug|area/scenes|team/grafana-dashboards|area/dashboards/panel,closed,https://github.com/grafana/grafana/issues/84568
84573,Dashboard datasource: modififying source panel doesn't have an effect,2024-03-15 12:19:59+00:00,2024-04-09 17:59:39+00:00,type/bug|area/dashboard|area/scenes|team/grafana-dashboards,closed,https://github.com/grafana/grafana/issues/84573
85783,Template variables don't show up in the JSON when exporting externally,2024-04-09 09:14:44+00:00,2024-04-09 18:39:32+00:00,type/bug|area/dashboard|area/data/export|area/scenes|team/grafana-dashboards,closed,https://github.com/grafana/grafana/issues/85783
82622,Alerting template for telegram is broken after upgrade to 10.0,2024-02-15 15:38:59+00:00,2024-04-10 09:17:19+00:00,type/bug|area/alerting|migrated-discussions,closed,https://github.com/grafana/grafana/issues/82622
84567,Removing a panel from a row duplicates row actions,2024-03-15 12:06:08+00:00,2024-04-10 10:13:20+00:00,type/bug|area/scenes|area/dashboard/rows|team/grafana-dashboards,closed,https://github.com/grafana/grafana/issues/84567
83307,"Image Renderer: Panel image wrongly generated when ""Fill opacity"" is bigger than 0",2024-02-23 13:14:00+00:00,2024-04-10 12:41:31+00:00,type/bug|area/image-rendering|team/grafana-sharing,closed,https://github.com/grafana/grafana/issues/83307
85820,Explore: Crash if re-instantiate while query history pane is up,2024-04-09 18:03:09+00:00,2024-04-10 13:21:32+00:00,type/bug|area/explore,closed,https://github.com/grafana/grafana/issues/85820
84830,Panel menu not visible when panel has no title,2024-03-20 15:18:11+00:00,2024-04-10 17:39:45+00:00,type/bug|area/dashboard|area/scenes|area/panel-chrome|team/grafana-dashboards|area/dashboards/panel,closed,https://github.com/grafana/grafana/issues/84830
84155,Repeated panels do not work as expected within a row,2024-03-11 09:26:41+00:00,2024-04-11 06:02:44+00:00,type/bug|area/dashboard|area/scenes|internal|team/grafana-dashboards,closed,https://github.com/grafana/grafana/issues/84155
83908,Row repeated panels do not update their grid position,2024-03-05 13:52:57+00:00,2024-04-11 06:41:35+00:00,type/bug|area/dashboard|area/scenes|internal|team/grafana-dashboards,closed,https://github.com/grafana/grafana/issues/83908
80842,Dashboards: auto refresh not loaded correctly,2024-01-18 20:32:10+00:00,2024-04-11 09:31:48+00:00,type/bug|area/dashboard|team/grafana-dashboards,closed,https://github.com/grafana/grafana/issues/80842
84959,Canvas: Rotation control can be hidden behind dimensions,2024-03-21 21:54:21+00:00,2024-04-11 20:36:34+00:00,type/bug|area/panel/canvas|internal,closed,https://github.com/grafana/grafana/issues/84959
83471,Saving a Template redirects to Contact Points,2024-02-27 08:49:56+00:00,2024-04-12 08:13:30+00:00,type/bug|area/alerting|area/frontend|internal,closed,https://github.com/grafana/grafana/issues/83471
84958,Canvas: When changing element type with a rotated element moveable control box glitches,2024-03-21 21:51:35+00:00,2024-04-12 21:35:37+00:00,type/bug|area/panel/canvas|internal,closed,https://github.com/grafana/grafana/issues/84958
62336,Folders: Admin user of a folder can't see Team permissions,2023-01-27 15:05:56+00:00,2024-04-14 02:03:57+00:00,type/bug|area/dashboard/folders|stale,closed,https://github.com/grafana/grafana/issues/62336
54499,Geomap: Panel's Go back button focused,2022-08-30 20:57:04+00:00,2024-04-15 02:49:48+00:00,type/bug|stale|area/panel/geomap,closed,https://github.com/grafana/grafana/issues/54499
85925,Empty dashboard screen when navigating between dashboards,2024-04-11 09:59:20+00:00,2024-04-15 07:18:04+00:00,type/bug|area/dashboard|area/scenes|internal|team/grafana-dashboards,closed,https://github.com/grafana/grafana/issues/85925
86039,Dashboard with repeated panels and repeated rows crashes when deleting the row,2024-04-12 11:25:18+00:00,2024-04-15 07:43:39+00:00,type/bug|internal|team/grafana-dashboards,closed,https://github.com/grafana/grafana/issues/86039
59293,[Dashboard - Settings ] Dashboards: Cannot change folder and save. No changes detected.,2022-11-24 12:43:40+00:00,2024-04-15 09:11:35+00:00,type/bug|area/dashboard|team/grafana-dashboards|prio/future,closed,https://github.com/grafana/grafana/issues/59293
86082,"Server: ""grafana server"" command is double-registered",2024-04-12 23:54:04+00:00,2024-04-15 12:21:04+00:00,type/bug,closed,https://github.com/grafana/grafana/issues/86082
82276,Prometheus: Timeseries step changes in different views,2024-02-09 20:12:02+00:00,2024-04-15 15:40:18+00:00,type/bug|prio/low|datasource/prometheus|team/grafana-dashboards,closed,https://github.com/grafana/grafana/issues/82276
85924,Incorrect empty row repeat order,2024-04-11 09:54:15+00:00,2024-04-16 01:10:25+00:00,type/bug|area/templating/repeating|area/scenes|internal|team/grafana-dashboards,closed,https://github.com/grafana/grafana/issues/85924
84578,Issue with Angular panel,2024-03-15 12:27:57+00:00,2024-04-16 01:13:43+00:00,type/bug|area/scenes|team/grafana-dashboards|area/dashboards/panel,closed,https://github.com/grafana/grafana/issues/84578
84566,Bug: Public dashboard tag is missing in the nav bar when a dashboard has been shared as a public dashboard,2024-03-15 12:05:19+00:00,2024-04-16 08:04:27+00:00,type/bug|area/public-dashboards|area/scenes|team/grafana-dashboards,closed,https://github.com/grafana/grafana/issues/84566
86153,Dashboard name validation is executed too eagerly,2024-04-15 14:02:18+00:00,2024-04-16 12:46:27+00:00,type/bug|area/scenes|team/grafana-dashboards,closed,https://github.com/grafana/grafana/issues/86153
86005,Alerting: Creating simplified route with `...` GroupBy label prevents further AM config saves,2024-04-11 23:28:57+00:00,2024-04-16 16:14:40+00:00,type/bug|area/alerting|internal,closed,https://github.com/grafana/grafana/issues/86005
77260,DashboardScene: Legacy panel migrations are not executed,2023-10-27 08:43:24+00:00,2024-04-17 06:05:24+00:00,type/bug|area/scenes|internal|team/grafana-dashboards,closed,https://github.com/grafana/grafana/issues/77260
86296,Dashboard Migration: ${__all_variables} not updating their value in panels,2024-04-16 11:38:29+00:00,2024-04-17 07:24:11+00:00,type/bug|area/dashboard/templating|area/frontend|team/grafana-dashboards,closed,https://github.com/grafana/grafana/issues/86296
86158,Error in console when selecting a library panel from widgets that are repeated by rows,2024-04-15 14:22:53+00:00,2024-04-17 08:19:52+00:00,type/bug|area/dashboard|area/scenes|internal|team/grafana-dashboards,closed,https://github.com/grafana/grafana/issues/86158
85859,Filter by values (remove zeros) not working,2024-04-10 11:46:22+00:00,2024-04-17 14:07:24+00:00,type/bug|area/transformations|internal,closed,https://github.com/grafana/grafana/issues/85859
85850,Monaco Editor: cmd+f within the component looks for content inside it,2024-04-10 09:48:22+00:00,2024-04-17 14:38:44+00:00,type/bug|datasource/loki,closed,https://github.com/grafana/grafana/issues/85850
85031,Canvas: Connection bug when anchors line up perfectly,2024-03-23 00:02:35+00:00,2024-04-17 17:18:19+00:00,type/bug|area/panel/canvas,closed,https://github.com/grafana/grafana/issues/85031
85295,Canvas: Unexpected behavior when moving elements with connections vertices,2024-03-27 16:21:04+00:00,2024-04-17 17:19:36+00:00,type/bug|area/panel/canvas|internal,closed,https://github.com/grafana/grafana/issues/85295
85689,Expressions: erroneous sorting when mixing metrics and numeric expressions,2024-04-05 22:03:29+00:00,2024-04-17 20:03:34+00:00,type/bug|area/expressions|internal,closed,https://github.com/grafana/grafana/issues/85689
82214,Viz: The loading bar causes text to shift (become blurry),2024-02-08 23:26:51+00:00,2024-04-17 21:06:43+00:00,type/bug|area/panel/bargauge|area/panel/stat|team/grafana-dashboards,closed,https://github.com/grafana/grafana/issues/82214
86457,Tooltip: Heatmap mode all has wrong names,2024-04-17 18:01:24+00:00,2024-04-17 21:24:15+00:00,type/bug|area/panel/heatmap|area/tooltip|bug-bash,closed,https://github.com/grafana/grafana/issues/86457
86167,Dashboard sometimes crashes on save in panel edit,2024-04-15 14:34:36+00:00,2024-04-18 06:46:26+00:00,type/bug|internal|team/grafana-dashboards,closed,https://github.com/grafana/grafana/issues/86167
86380,Influxdb: Error using regex expression in measurement with integer value template variable,2024-04-16 17:23:17+00:00,2024-04-18 09:21:42+00:00,type/bug|datasource/influxdb,closed,https://github.com/grafana/grafana/issues/86380
81632,"QueryVariableEditor: When we have nested variables, the Preview Values show the query string, but not the result",2024-01-31 12:29:41+00:00,2024-04-18 10:02:17+00:00,type/bug|area/dashboard/templating|area/scenes|internal|team/grafana-dashboards,closed,https://github.com/grafana/grafana/issues/81632
84981,CLI: segmentation violation when using update/upgrade without ID,2024-03-22 10:38:26+00:00,2024-04-18 13:46:06+00:00,type/bug|area/plugins|area/grafana-cli,closed,https://github.com/grafana/grafana/issues/84981
86208,Influxdb: Repeater not working in Editor Mode,2024-04-15 16:58:06+00:00,2024-04-18 23:14:31+00:00,type/bug|datasource/influxdb,closed,https://github.com/grafana/grafana/issues/86208
64968,Legacy Alerting: Failed to save `annotation` and/or `alert` when data exceeds supported column values,2023-03-17 15:05:05+00:00,2024-04-19 01:47:37+00:00,type/bug|prio/medium|stale|area/alerting-legacy|effort/medium,closed,https://github.com/grafana/grafana/issues/64968
84727,Dashboard - [Migration] Variable Settings: Wrong interval option added,2024-03-19 12:20:16+00:00,2024-04-19 11:04:02+00:00,type/bug|area/frontend|team/grafana-dashboards,closed,https://github.com/grafana/grafana/issues/84727
75280,Cloud Monitoring Query Editor: Unable to add custom label manually,2023-09-22 10:42:40+00:00,2024-04-19 19:56:13+00:00,type/bug|effort/small|datasource/googlecloudmonitoring,closed,https://github.com/grafana/grafana/issues/75280
54126,Filter fields with null values in exported dashboard model,2022-08-24 00:44:04+00:00,2024-04-21 01:48:23+00:00,type/bug|area/frontend|stale,closed,https://github.com/grafana/grafana/issues/54126
85027,XYChart2: Strip common parts from series labels in tooltips with partitioned datasets,2024-03-22 23:39:55+00:00,2024-04-23 03:24:41+00:00,type/bug|area/panel/xychart|area/tooltip|internal,closed,https://github.com/grafana/grafana/issues/85027
86435,Default value in textbox variable loads incorrectly,2024-04-17 12:27:17+00:00,2024-04-23 04:52:27+00:00,type/bug|area/dashboard/templating|area/scenes|internal|team/grafana-dashboards,closed,https://github.com/grafana/grafana/issues/86435
86554,Scenes: Missing connection points in Canvas,2024-04-18 22:28:23+00:00,2024-04-23 06:33:06+00:00,type/bug|area/panel/canvas|area/scenes|internal|team/grafana-dashboards,closed,https://github.com/grafana/grafana/issues/86554
84807,Dashboard - extensions menu split into sub menus when using scenes,2024-03-20 11:49:59+00:00,2024-04-23 11:59:55+00:00,type/bug|area/dashboard|area/scenes|internal,closed,https://github.com/grafana/grafana/issues/84807
84633,Frontend sandbox: Worker postMessage failing in specific scenarios,2024-03-18 09:10:20+00:00,2024-04-23 12:08:36+00:00,type/bug|internal|area/plugins/sandbox,closed,https://github.com/grafana/grafana/issues/84633
86555,Scenes: Can't select connections in Canvas,2024-04-18 22:36:28+00:00,2024-04-23 13:25:17+00:00,type/bug|area/panel/canvas|area/scenes|internal|team/grafana-dashboards,closed,https://github.com/grafana/grafana/issues/86555
86556,Scenes: Missing options in Canvas,2024-04-18 22:44:38+00:00,2024-04-23 13:25:18+00:00,type/bug|area/panel/canvas|area/scenes|internal|team/grafana-dashboards,closed,https://github.com/grafana/grafana/issues/86556
86557,Scenes: Can't add new element in Canvas,2024-04-18 22:52:20+00:00,2024-04-23 13:25:18+00:00,type/bug|area/scenes|internal|team/grafana-dashboards,closed,https://github.com/grafana/grafana/issues/86557
86559,Scenes: Panel options missing in Geomap,2024-04-18 23:08:28+00:00,2024-04-23 13:25:19+00:00,type/bug|area/panel/geomap|area/scenes|internal|team/grafana-dashboards,closed,https://github.com/grafana/grafana/issues/86559
86558,Scenes: Can't open the inline editor in Canvas,2024-04-18 22:57:41+00:00,2024-04-23 13:25:19+00:00,type/bug|area/panel/canvas|area/scenes|internal|team/grafana-dashboards,closed,https://github.com/grafana/grafana/issues/86558
86769,DateTimePicker: Time picker looks disabled when using light theme,2024-04-23 12:10:41+00:00,2024-04-23 13:50:44+00:00,type/bug|timepicker|internal,closed,https://github.com/grafana/grafana/issues/86769
86210,Canvas: Connection curve tangency for first segment,2024-04-15 17:08:21+00:00,2024-04-23 14:54:43+00:00,type/bug|area/panel/canvas,closed,https://github.com/grafana/grafana/issues/86210
85582,Logs View: Show Context button shows No Results,2024-04-04 11:28:56+00:00,2024-04-24 08:00:40+00:00,type/bug|datasource/loki|area/panel/logs|area/logs|internal,closed,https://github.com/grafana/grafana/issues/85582
86500,Migration [Panel Edit] Missing Query Editor when datasource is not found,2024-04-18 10:06:01+00:00,2024-04-24 08:21:02+00:00,type/bug|area/frontend|team/grafana-dashboards,closed,https://github.com/grafana/grafana/issues/86500
84632,Frontend Sandbox: Public dashboard not loading,2024-03-18 09:07:53+00:00,2024-04-24 10:05:22+00:00,type/bug|internal|area/plugins/sandbox,closed,https://github.com/grafana/grafana/issues/84632
85020,Table: Prevent showing full size images on hover,2024-03-22 19:07:17+00:00,2024-04-24 16:32:02+00:00,type/bug|area/panel/table,closed,https://github.com/grafana/grafana/issues/85020
77597,Canvas: Page crashing after deleting a target element,2023-11-02 20:47:30+00:00,2024-04-24 18:57:20+00:00,type/bug|type/regression|area/panel/canvas,closed,https://github.com/grafana/grafana/issues/77597
86948,Task: Fix share link tracking in scenes,2024-04-25 18:02:29+00:00,2024-04-25 18:38:14+00:00,type/bug|team/grafana-sharing,closed,https://github.com/grafana/grafana/issues/86948
65034,Small Stat with two queries overlaps title,2023-03-20 10:24:15+00:00,2024-04-26 01:47:48+00:00,type/bug|stale|area/panel/stat,closed,https://github.com/grafana/grafana/issues/65034
86949,Task: Remove pubdash tab in ShareModal when share panel,2024-04-25 18:03:40+00:00,2024-04-26 14:34:56+00:00,type/bug|team/grafana-sharing,closed,https://github.com/grafana/grafana/issues/86949
84565,"Sometimes, trying to change a visualization in panel edit, shows an empty list.",2024-03-15 12:04:07+00:00,2024-04-26 17:44:19+00:00,type/bug|team/grafana-dashboards|area/dashboards/panel,closed,https://github.com/grafana/grafana/issues/84565
45433,tooltip display is flakey,2022-02-16 03:50:39+00:00,2024-04-27 01:47:13+00:00,type/bug|area/editor|stale|area/panel/timeseries,closed,https://github.com/grafana/grafana/issues/45433
55670,9.1.6 warn - rule declares one or many reserved labels. Those rules labels will be ignored,2022-09-23 11:10:09+00:00,2024-04-28 01:48:40+00:00,type/bug|effort/small|prio/high|area/alerting|stale,closed,https://github.com/grafana/grafana/issues/55670
86943,DashboardScene: Migration - `min-interval` settings is not persisted between saves anymore.,2024-04-25 16:34:52+00:00,2024-04-29 07:41:45+00:00,type/bug|area/frontend|internal|team/grafana-dashboards,closed,https://github.com/grafana/grafana/issues/86943
86966,DashboardScene: Runtime error `Could not find SceneQueryRunner for panel` in a specific dashboard,2024-04-26 08:52:06+00:00,2024-04-29 07:49:48+00:00,type/bug|area/frontend|team/grafana-dashboards,closed,https://github.com/grafana/grafana/issues/86966
86437,Not Sure: Incorrect variable format in dashboard links,2024-04-17 12:37:22+00:00,2024-04-29 08:28:42+00:00,type/bug|area/scenes|internal|team/grafana-dashboards,closed,https://github.com/grafana/grafana/issues/86437
86420,DashboardScene: Migration - Relative time range override does not work in panel edit ,2024-04-17 09:27:56+00:00,2024-04-29 08:53:59+00:00,type/bug|area/dashboard|area/scenes|internal|team/grafana-dashboards,closed,https://github.com/grafana/grafana/issues/86420
86305,DateTimePicker: Doesn't update correctly when custom `timeZoneResolver` is set,2024-04-16 12:11:18+00:00,2024-04-29 09:46:46+00:00,type/bug|timepicker|internal,closed,https://github.com/grafana/grafana/issues/86305
86964,Explore: Incorrect copy URL label,2024-04-26 08:43:56+00:00,2024-04-29 12:33:01+00:00,type/bug|area/explore,closed,https://github.com/grafana/grafana/issues/86964
86933,Canvas: Connection tangency hyperbolic bug,2024-04-25 15:04:53+00:00,2024-04-29 16:16:03+00:00,type/bug|area/panel/canvas,closed,https://github.com/grafana/grafana/issues/86933
87064,Alerting: Simplified Routing HCL export uses incorrect field name,2024-04-29 15:42:35+00:00,2024-04-29 17:13:30+00:00,type/bug|area/alerting|area/backend|internal|kata:simplify-alert-rule-routing,closed,https://github.com/grafana/grafana/issues/87064
85382,Tooltip: Heatmap histogram not highlighting last series (off by one),2024-03-28 17:29:13+00:00,2024-04-29 21:02:40+00:00,type/bug|area/panel/heatmap|area/tooltip|internal,closed,https://github.com/grafana/grafana/issues/85382
87134,Selecting XY Chart when adding visualisation breaks the app,2024-04-30 14:00:56+00:00,2024-05-01 09:17:49+00:00,type/bug|area/frontend|area/scenes|internal|team/grafana-dashboards,closed,https://github.com/grafana/grafana/issues/87134
86988,Dashboard data source: Library panel is incorrectly shown in the query editor,2024-04-26 12:32:49+00:00,2024-05-01 12:30:55+00:00,type/bug|area/scenes|team/grafana-dashboards,closed,https://github.com/grafana/grafana/issues/86988
85033,XYChart2: Mapped size field does not show up in the tooltip,2024-03-23 00:20:34+00:00,2024-05-01 14:55:13+00:00,type/bug|area/panel/xychart|area/tooltip|internal,closed,https://github.com/grafana/grafana/issues/85033
85029,XYChart2: Point size control does not reflect save model until modified,2024-03-22 23:46:52+00:00,2024-05-01 18:19:56+00:00,type/bug|area/panel/xychart|internal,closed,https://github.com/grafana/grafana/issues/85029
86774,Annotations in Annotation List doesn't change timeline,2024-04-23 13:21:48+00:00,2024-05-02 08:30:20+00:00,type/bug|effort/medium|internal,closed,https://github.com/grafana/grafana/issues/86774
87133,Last element (XY Charts) is hidden in Visualisations scroll container,2024-04-30 13:58:28+00:00,2024-05-02 12:07:14+00:00,type/bug|area/frontend|area/scenes|internal|team/grafana-dashboards,closed,https://github.com/grafana/grafana/issues/87133
87135,Can select current panelInEdit as dashboard panel datasource,2024-04-30 14:04:02+00:00,2024-05-02 12:10:08+00:00,type/bug|area/frontend|area/scenes|internal|team/grafana-dashboards,closed,https://github.com/grafana/grafana/issues/87135
86547,Cloudwatch: Unable to retrieve data on dimension values with an apostrophe in the query builder,2024-04-18 17:57:26+00:00,2024-05-02 13:15:13+00:00,type/bug|effort/small|datasource/cloudwatch|good first issue|internal,closed,https://github.com/grafana/grafana/issues/86547
87051,DashboardScene: Panel edit with variable with many values make panel options invisible / impossible to resize,2024-04-29 13:43:39+00:00,2024-05-02 15:23:30+00:00,type/bug|area/dashboard|internal,closed,https://github.com/grafana/grafana/issues/87051
85829,Prometheus: Query builder's Metric select is placing options below the viewport,2024-04-09 20:23:38+00:00,2024-05-02 20:06:42+00:00,type/bug|datasource/prometheus|internal,closed,https://github.com/grafana/grafana/issues/85829
54494,"Alert List doesn't have ""Normal"" state from Prometheus Datasources",2022-08-30 18:43:20+00:00,2024-05-03 01:48:32+00:00,type/bug|area/panel/alertlist|area/frontend|stale,closed,https://github.com/grafana/grafana/issues/54494
57588,Alert payload and payload passed via provisioning API are different.,2022-10-25 08:57:52+00:00,2024-05-03 01:48:38+00:00,type/bug|area/alerting|area/provisioning|stale,closed,https://github.com/grafana/grafana/issues/57588
66691,Plugins: Imported datasource dashboards gets name instead of UID under datasource uid,2023-04-17 15:41:59+00:00,2024-05-03 08:02:16+00:00,type/bug|area/plugins|area/datasource,closed,https://github.com/grafana/grafana/issues/66691
87171,Dashboard Scene: Panel inside a row is not detecting changes in Panel Edit mode,2024-05-01 12:19:26+00:00,2024-05-03 09:50:11+00:00,type/bug|internal|team/grafana-dashboards,closed,https://github.com/grafana/grafana/issues/87171
87169,Dashboard Scene: Read-Only dashboards don't work as expected,2024-05-01 11:51:31+00:00,2024-05-03 15:33:50+00:00,type/bug|team/grafana-dashboards,closed,https://github.com/grafana/grafana/issues/87169
85299,Canvas: Connections appear disconnected from the source element when moving,2024-03-27 17:03:05+00:00,2024-05-03 21:17:06+00:00,type/bug|area/panel/canvas|internal,closed,https://github.com/grafana/grafana/issues/85299
85034,XYChart2: Some legend options don't work,2024-03-23 00:31:05+00:00,2024-05-03 22:06:06+00:00,type/bug|area/panel/xychart|internal|area/legend,closed,https://github.com/grafana/grafana/issues/85034
85036,XYChart2: Removing last / only remaining series in the editor does not clear form,2024-03-23 00:41:59+00:00,2024-05-03 22:21:47+00:00,type/bug|area/panel/xychart|internal,closed,https://github.com/grafana/grafana/issues/85036
87359,Canvas: Background colors not working for some elements,2024-05-03 22:51:47+00:00,2024-05-03 23:47:31+00:00,type/bug|area/panel/canvas,closed,https://github.com/grafana/grafana/issues/87359
65933,Devenv: make devenv fails with some blocks when using Docker Compose 2,2023-04-04 14:45:25+00:00,2024-05-05 01:49:15+00:00,type/bug|area/devenv|stale,closed,https://github.com/grafana/grafana/issues/65933
66099,Frontend logging endpoints are registered as a middleware,2023-04-06 08:59:46+00:00,2024-05-06 01:48:26+00:00,type/bug|area/backend/api|stale|internal,closed,https://github.com/grafana/grafana/issues/66099
87229,Dashboard Scenes: Unexpected width for panels set to repeat,2024-05-02 12:15:31+00:00,2024-05-06 06:56:16+00:00,type/bug|area/scenes|internal|team/grafana-dashboards,closed,https://github.com/grafana/grafana/issues/87229
87184,Explore: Node Graph + logs crashes node graph,2024-05-01 15:21:08+00:00,2024-05-06 12:13:10+00:00,type/bug|area/explore|area/panel/node-graph,closed,https://github.com/grafana/grafana/issues/87184
55842,Grafana can't handle time_intervals on root level Alertmanager data source config,2022-09-27 14:50:14+00:00,2024-05-06 15:03:34+00:00,type/bug|area/alerting|area/frontend,closed,https://github.com/grafana/grafana/issues/55842
70635,Frontend: Select/AsyncSelect component allowCustomValue has incorrect copy when not the only option,2023-06-23 18:32:10+00:00,2024-05-06 16:07:05+00:00,type/bug|effort/small|prio/medium|datasource/prometheus|needs investigation|area/frontend|area/ux,closed,https://github.com/grafana/grafana/issues/70635
79737,Dashboards: Exporting panels with the get help interface turns NaN into NULL,2023-12-20 08:46:58+00:00,2024-05-07 06:50:12+00:00,type/bug,closed,https://github.com/grafana/grafana/issues/79737
86963,DashboardScene: Migration - wrong breadcrumb in `viewPanel` when going from `{...}> {dashboard} > View panel > Edit panel`,2024-04-26 08:40:30+00:00,2024-05-07 12:02:53+00:00,type/bug|area/frontend|internal|team/grafana-dashboards,closed,https://github.com/grafana/grafana/issues/86963
87455,DashboardScene: switching to table view is broken in panel edit,2024-05-07 15:40:40+00:00,2024-05-07 15:44:55+00:00,type/bug|area/scenes|internal|team/grafana-dashboards,closed,https://github.com/grafana/grafana/issues/87455
64193,Alertmanager include image not working,2023-03-05 13:58:43+00:00,2024-05-08 09:48:13+00:00,type/bug|needs more info|area/alerting,closed,https://github.com/grafana/grafana/issues/64193
57278,"v9.3: Grafana alert-edit: ""Preview alerts"" button is missing",2022-10-19 13:05:11+00:00,2024-05-08 09:50:05+00:00,type/bug|area/alerting,closed,https://github.com/grafana/grafana/issues/57278
87361,Transformations: Outer Join (tabular) is not joining consistent with SQL-style Outer Join,2024-05-03 22:57:01+00:00,2024-05-09 17:01:00+00:00,type/bug|area/frontend|area/transformations|no-backport|no-changelog|area/dataviz,closed,https://github.com/grafana/grafana/issues/87361
71846,Prometheus: Autocomplete bug in code builder,2023-07-18 13:26:51+00:00,2024-05-10 10:26:53+00:00,type/bug|effort/small|help wanted|prio/low|datasource/prometheus|area/frontend,closed,https://github.com/grafana/grafana/issues/71846
74560,Prometheus: White spaces tricks the autocomplete system.,2023-09-07 16:30:47+00:00,2024-05-10 10:30:33+00:00,type/bug|prio/medium|datasource/prometheus|internal,closed,https://github.com/grafana/grafana/issues/74560
82154,Dashboards: Query template variable breaks when there's no results in the last 7-8 hours,2024-02-08 12:28:29+00:00,2024-05-10 13:09:14+00:00,type/bug|needs investigation|datasource/loki,closed,https://github.com/grafana/grafana/issues/82154
83844,Data source: Changing Loki server URL does not change TLS serverName,2024-03-04 15:39:54+00:00,2024-05-10 13:15:02+00:00,type/bug|needs investigation|datasource/loki,closed,https://github.com/grafana/grafana/issues/83844
82044,Alert Rule: Search by Label results in an error in browser webconsole,2024-02-07 08:12:33+00:00,2024-05-10 13:42:25+00:00,type/bug|area/alerting|area/frontend|triage/needs-confirmation,closed,https://github.com/grafana/grafana/issues/82044
74561,Loki Autocomplete: White spaces tricks the autocomplete system.,2023-09-07 16:35:35+00:00,2024-05-10 17:06:28+00:00,type/bug|datasource/loki|internal,closed,https://github.com/grafana/grafana/issues/74561
85521,newVizTooltips: barchart tooltip regression,2024-04-03 10:52:13+00:00,2024-05-10 17:58:55+00:00,type/bug|area/panel/barchart|type/regression|area/tooltip,closed,https://github.com/grafana/grafana/issues/85521
85035,XYChart2: Mapped size and color fields should use global/shared ranges,2024-03-23 00:39:09+00:00,2024-05-10 23:59:04+00:00,type/bug|area/panel/xychart|internal,closed,https://github.com/grafana/grafana/issues/85035
76433,"Alerting: ""Not found"" error when trying to edit/view alert rule from Grafana",2023-10-12 12:04:50+00:00,2024-05-13 08:48:15+00:00,type/bug|area/alerting,closed,https://github.com/grafana/grafana/issues/76433
84795,"Alias by does not resolve tags with spaces in names correctly, i.e. [[tag_My Tag]] is broken (upgrade 9 -> 10)",2024-03-20 08:54:24+00:00,2024-05-14 07:53:19+00:00,type/bug|effort/small|datasource/influxdb|prio/medium,closed,https://github.com/grafana/grafana/issues/84795
87536,Dashboard Scene: major bugs in row repeats feature,2024-05-09 07:38:18+00:00,2024-05-14 10:39:11+00:00,type/bug|team/grafana-dashboards,closed,https://github.com/grafana/grafana/issues/87536
87495,DashboardScene: Panel menu crop with `hoverHeader` in panel view/edit/duplicate/add scenarios,2024-05-08 09:25:49+00:00,2024-05-14 14:51:00+00:00,type/bug|area/frontend|area/scenes|internal|team/grafana-dashboards,closed,https://github.com/grafana/grafana/issues/87495
79791,Tempo Service Graph bad_data error when span has regex in name,2023-12-21 11:30:09+00:00,2024-05-14 14:57:36+00:00,type/bug|prio/medium|datasource/tempo,closed,https://github.com/grafana/grafana/issues/79791
62725,[Tempo] TraceQL span results don't highlight if span id is prefixed with 0s,2023-02-01 19:37:33+00:00,2024-05-15 11:49:54+00:00,type/bug|needs investigation|stale|datasource/tempo|area/panel/traceview,closed,https://github.com/grafana/grafana/issues/62725
87911,Bug: Public dashboard not updated when access token changes,2024-05-15 12:50:38+00:00,2024-05-15 13:20:01+00:00,type/bug|area/public-dashboards|team/grafana-sharing,closed,https://github.com/grafana/grafana/issues/87911
82682,Variables: Constant variables should not become part of URL query parameters,2024-02-15 17:29:29+00:00,2024-05-15 13:41:50+00:00,type/bug|area/dashboard/templating|team/grafana-dashboards,closed,https://github.com/grafana/grafana/issues/82682
87446,Dashboards: Canvas panel inline-edit enabled for read-only dashboards,2024-05-07 13:41:03+00:00,2024-05-16 00:17:51+00:00,type/bug|area/panel/canvas|area/dataviz,closed,https://github.com/grafana/grafana/issues/87446
86981,Alerting: Silence preview only updates when you add additional label matchers,2024-04-26 11:44:12+00:00,2024-05-16 08:34:08+00:00,type/bug|area/alerting|beginner friendly|area/frontend|🍐-programming|internal,closed,https://github.com/grafana/grafana/issues/86981
79463,Easticsearch: remove running queries on-change,2023-12-13 14:52:13+00:00,2024-05-16 16:09:51+00:00,type/bug|datasource/elasticsearch,closed,https://github.com/grafana/grafana/issues/79463
87856,Azure: User-auth configuration property unspecified leading to failure,2024-05-14 18:19:32+00:00,2024-05-16 16:50:03+00:00,type/bug|effort/small|datasource/azure|internal,closed,https://github.com/grafana/grafana/issues/87856
82741,Allow user to choose between Pagerduty global and Pagerduty EU endpoint,2024-02-15 18:56:19+00:00,2024-05-17 14:54:54+00:00,type/bug|area/alerting|area/alerting/notifications|good first issue,closed,https://github.com/grafana/grafana/issues/82741
87547,Dashboard save: Saving incomplete field override config results in unnecessary save diff,2024-05-09 11:35:52+00:00,2024-05-20 07:48:08+00:00,type/bug|internal|team/grafana-dashboards,closed,https://github.com/grafana/grafana/issues/87547
69401,Saga: Show tooltip on Button even if disabled,2023-06-01 15:52:00+00:00,2024-05-20 09:39:54+00:00,type/bug|effort/medium,closed,https://github.com/grafana/grafana/issues/69401
69659,Search: navigation bar search very slow for non-admins,2023-06-06 16:25:02+00:00,2024-05-20 17:42:25+00:00,type/bug|area/search|type/performance|needs investigation,closed,https://github.com/grafana/grafana/issues/69659
87608,Tempo trace query is recursively shifting the time on every new trace search,2024-05-10 04:40:35+00:00,2024-05-21 11:12:28+00:00,type/bug|needs investigation|area/explore|area/tracing|datasource/tempo,closed,https://github.com/grafana/grafana/issues/87608
66292,"Minor Bug - ""Data sources have a new home!"" message in versions older than Grafana 9.5.0, and broken URL",2023-04-11 14:29:30+00:00,2024-05-22 01:48:51+00:00,type/bug|area/datasource|stale|internal,closed,https://github.com/grafana/grafana/issues/66292
85238,Alert-List: Link to dashboard/panel doesnt work with different root_:,2024-03-27 10:15:51+00:00,2024-05-22 09:28:40+00:00,type/bug|area/alerting|needs investigation|triage/needs-confirmation,closed,https://github.com/grafana/grafana/issues/85238
86659,Dashboard: Screen reader is not narrating ‘No results found for your query’ information for ‘Search for dashboards & folders’ edit.,2024-04-22 08:57:05+00:00,2024-05-22 12:15:57+00:00,type/bug|type/accessibility|effort/medium|wcag/4.1.3,closed,https://github.com/grafana/grafana/issues/86659
86464,Export: Missing JSON when Export dashboard for sharing externally w Scenes,2024-04-17 20:29:45+00:00,2024-05-22 16:36:02+00:00,type/bug|prio/low|area/scenes|team/grafana-sharing,closed,https://github.com/grafana/grafana/issues/86464
86705,Snapshots: Prevent creation of snapshot of nonexistent dashboard,2024-04-22 15:27:32+00:00,2024-05-23 19:17:56+00:00,type/bug|prio/low|area/dashboard/snapshot|team/grafana-sharing,closed,https://github.com/grafana/grafana/issues/86705
63834,Bug: Library Panels - JSON Model breaks on panels with large or improperly escaped models,2023-02-28 09:11:32+00:00,2024-05-24 01:48:43+00:00,type/bug|stale|area/frontend/library-panels,closed,https://github.com/grafana/grafana/issues/63834
67162,TypeError when changing metric format to Heatmap,2023-04-24 21:27:41+00:00,2024-05-24 01:48:52+00:00,type/bug|stale|internal,closed,https://github.com/grafana/grafana/issues/67162
83263,"Alerting: reordering ""grouped"" alert rules removes alerts filtered via search",2024-02-22 17:25:04+00:00,2024-05-24 11:49:54+00:00,type/bug|area/alerting|area/frontend,closed,https://github.com/grafana/grafana/issues/83263
65298,Canvas: Instances not being updated,2023-03-23 19:39:38+00:00,2024-05-25 01:48:27+00:00,type/bug|stale|area/panel/canvas,closed,https://github.com/grafana/grafana/issues/65298
74262,"Logs: ""wrap lines"" should also unwrap multi-line loglines",2023-09-01 09:20:48+00:00,2024-05-28 08:59:12+00:00,type/bug|area/frontend|area/logs|internal,closed,https://github.com/grafana/grafana/issues/74262
47005,Inconsistent keyboard behaviour when interacting with panel,2022-03-29 09:37:45+00:00,2024-05-29 07:11:25+00:00,type/bug|area/dashboard|type/accessibility|area/panel/infrastructure|wcag/2.1.1|team/grafana-dashboards|prio/future,closed,https://github.com/grafana/grafana/issues/47005
88391,refreshing the page (or directly navigating to a URL which includes a variable) the variable selector no longer shows the current selection,2024-05-28 15:56:59+00:00,2024-05-29 09:54:41+00:00,type/bug|area/scenes|internal|team/grafana-dashboards,closed,https://github.com/grafana/grafana/issues/88391
87924,DashGPT: Use single prompt to generate title and descriptions,2024-05-15 15:02:59+00:00,2024-05-30 08:46:06+00:00,type/bug|internal|team/grafana-dashboards|area/dashgpt|area/generativeai,closed,https://github.com/grafana/grafana/issues/87924
88494,CodeEditor: Recent changes interfere with container styles,2024-05-30 11:37:13+00:00,2024-05-30 17:34:02+00:00,type/bug|area/grafana/ui|internal,closed,https://github.com/grafana/grafana/issues/88494
79829,Cloudwatch: Cannot Query for DB_PERF_INSIGHTS counter metrics,2023-12-22 10:52:37+00:00,2024-05-31 18:36:39+00:00,type/bug|datasource/cloudwatch|effort/medium,closed,https://github.com/grafana/grafana/issues/79829
67640,"CloudWatch: acceptable statistics regex in metrics stat editor sometimes too strict, sometimes not strict enough",2023-05-02 09:38:13+00:00,2024-06-01 01:51:49+00:00,type/bug|datasource/cloudwatch|stale,closed,https://github.com/grafana/grafana/issues/67640
67641,`options` and `current` parameters are not calculated on Dashboard import ,2023-05-02 09:45:04+00:00,2024-06-01 01:51:50+00:00,type/bug|area/dashboard/templating|stale,closed,https://github.com/grafana/grafana/issues/67641
48565,Stat panel streaming isn't drawing the sparkline,2022-04-30 13:39:30+00:00,2024-06-02 01:51:26+00:00,type/bug|area/streaming|stale|area/panel/stat,closed,https://github.com/grafana/grafana/issues/48565
88359,Dashboard Scene: Library Panels are not linked to dashboards,2024-05-28 07:41:17+00:00,2024-06-03 08:02:42+00:00,type/bug|area/frontend|team/grafana-dashboards,closed,https://github.com/grafana/grafana/issues/88359
85730,Dashboard: Variables query hides fields with google sheets,2024-04-08 12:05:07+00:00,2024-06-03 11:58:31+00:00,type/bug|area/dashboard/templating|team/grafana-dashboards|datasource/googlesheets,closed,https://github.com/grafana/grafana/issues/85730
88482,Data source provisioning/creation failures,2024-05-30 09:39:11+00:00,2024-06-03 13:19:54+00:00,type/bug|internal,closed,https://github.com/grafana/grafana/issues/88482
65769,"Telegram contract point integration does not accept ""<"" character in label value",2023-04-03 07:48:42+00:00,2024-06-04 01:49:38+00:00,type/bug|area/alerting/notifications|stale,closed,https://github.com/grafana/grafana/issues/65769
67923,Security: Document CSRF options in defaults.ini,2023-05-05 14:56:15+00:00,2024-06-04 01:49:45+00:00,type/bug|area/security|area/backend/security|area/backend/api|stale|internal,closed,https://github.com/grafana/grafana/issues/67923
67942,Drag n Drop: can't see uploaded file using new datasource picker because its selecting the wrong datasource,2023-05-05 19:02:31+00:00,2024-06-04 01:49:46+00:00,type/bug|stale|internal|area/dashboard/drag-n-drop,closed,https://github.com/grafana/grafana/issues/67942
67946,Drag n Drop: No error/warning when unsupported file type uploaded,2023-05-05 19:54:51+00:00,2024-06-04 01:49:48+00:00,type/bug|stale|internal|area/dashboard/drag-n-drop,closed,https://github.com/grafana/grafana/issues/67946
85079,Dashboards - Scenes - Settings - URL does not clean up when variable name is changed,2024-03-25 13:49:03+00:00,2024-06-04 09:46:43+00:00,type/bug|area/dashboard/templating|internal|team/grafana-dashboards,closed,https://github.com/grafana/grafana/issues/85079
88686,Alerting: Silences preview wildcard is incorrect,2024-06-04 12:15:29+00:00,2024-06-04 12:39:02+00:00,type/bug|area/alerting|area/frontend|internal,closed,https://github.com/grafana/grafana/issues/88686
81044,Query History: Incorrect time filtering,2024-01-23 10:20:01+00:00,2024-06-04 13:04:37+00:00,type/bug|effort/small|prio/medium|area/explore|onboarding,closed,https://github.com/grafana/grafana/issues/81044
88688,Dashboard Scene: Snapshot view is missing pieces to handle template variables #115,2024-06-04 12:31:11+00:00,2024-06-04 14:57:02+00:00,type/bug|area/frontend|team/grafana-dashboards,closed,https://github.com/grafana/grafana/issues/88688
86851,Plugin Proxy Routing: routes don't preserve trailing slash,2024-04-24 12:13:17+00:00,2024-06-05 11:36:16+00:00,type/bug|area/plugins|area/datasource/proxy,closed,https://github.com/grafana/grafana/issues/86851
76207,Loki: Metric kick start your query should be applied on top of your log query,2023-10-09 15:37:54+00:00,2024-06-06 09:47:19+00:00,type/bug|datasource/loki|internal|interview-generated,closed,https://github.com/grafana/grafana/issues/76207
88723,"Timepicker: Overflow of ""recently used"" time ranges",2024-06-04 18:23:53+00:00,2024-06-06 09:50:00+00:00,type/bug|timepicker,closed,https://github.com/grafana/grafana/issues/88723
88821,Dashboards: uPlot based panels render inconsistently,2024-06-06 08:29:39+00:00,2024-06-06 12:09:50+00:00,type/bug|area/dashboard|internal,closed,https://github.com/grafana/grafana/issues/88821
69409,Tooltip: The axis value doesn't work correctly in tooltip ,2023-06-01 17:25:15+00:00,2024-06-06 18:08:07+00:00,type/bug|area/tooltip|area/panel/trend,closed,https://github.com/grafana/grafana/issues/69409
67378,Shortcut toggle all panel legens doesn't work with timeseries,2023-04-27 10:52:51+00:00,2024-06-09 01:53:57+00:00,type/bug|stale|area/panel/timeseries|area/shortcuts,closed,https://github.com/grafana/grafana/issues/67378
67689,"Datagrid: Bug Bash - '+' column is being highlighted when hovering from previous colum to ""+"" column",2023-05-02 21:06:54+00:00,2024-06-09 01:53:59+00:00,type/bug|stale|area/panel/datagrid,closed,https://github.com/grafana/grafana/issues/67689
85697,Connections: Explore button on data sources page is visible even if explore function is disabled,2024-04-07 20:49:55+00:00,2024-06-10 12:27:18+00:00,type/bug|area/backend|area/explore|area/datasource,closed,https://github.com/grafana/grafana/issues/85697
82520,Correlations: Investigate a flaky integration test,2024-02-15 10:13:51+00:00,2024-06-10 13:14:40+00:00,type/bug|type/tech|prio/medium|type/debt|area/correlations,closed,https://github.com/grafana/grafana/issues/82520
86544,Cloudwatch: Label is missing when writing a search expression in code mode,2024-04-18 16:48:52+00:00,2024-06-10 16:00:53+00:00,type/bug|effort/none|datasource/cloudwatch|internal,closed,https://github.com/grafana/grafana/issues/86544
46806,utcOffsetSec is not consistently calculated when invoking /api/ds/query,2022-03-21 18:24:20+00:00,2024-06-11 01:50:51+00:00,type/bug|area/dashboard/timerange|stale,closed,https://github.com/grafana/grafana/issues/46806
68414,Canvas: MetricValue not properly displayed in dashboard view mode,2023-05-12 18:49:03+00:00,2024-06-11 01:51:02+00:00,type/bug|stale|area/panel/canvas,closed,https://github.com/grafana/grafana/issues/68414
88775,Search: Frontend still shows 'General' folder for dashboards that aren't in a folder,2024-06-05 13:00:58+00:00,2024-06-11 12:10:27+00:00,type/bug|area/manage-dashboards|internal,closed,https://github.com/grafana/grafana/issues/88775
76820,Alerting: Alert List Panel: setting the `Alert state filter` option to `Normal` doesn't return any results when using Prometheus data source,2023-10-19 14:19:32+00:00,2024-06-11 13:35:43+00:00,type/bug|area/panel/alertlist,closed,https://github.com/grafana/grafana/issues/76820
87568,Cloudwatch: Switching between `Metric Search` and `Metric Query` and Code/Builder mode can break labels. ,2024-05-09 16:08:59+00:00,2024-06-12 13:31:07+00:00,type/bug|effort/small|datasource/cloudwatch|internal,closed,https://github.com/grafana/grafana/issues/87568
80777,Some href links conflict with Grafana hosted on sub-path,2024-01-18 06:33:51+00:00,2024-06-12 16:22:01+00:00,type/bug|effort/large|area/dashboard/links,closed,https://github.com/grafana/grafana/issues/80777
89145,Scenes: Duplicate panel doesn't get the same size than the target panel,2024-06-13 07:31:41+00:00,2024-06-13 09:24:30+00:00,type/bug|area/scenes|internal|team/grafana-dashboards|area/dashboards/panel,closed,https://github.com/grafana/grafana/issues/89145
89164,PublicDashboards: Error message when deleting,2024-06-13 12:53:27+00:00,2024-06-13 13:39:36+00:00,type/bug|prio/medium|area/public-dashboards|internal,closed,https://github.com/grafana/grafana/issues/89164
63584,[Bug] Alerting: Malformed/garbled strings with Go functions in Slack webhook,2023-02-22 16:43:02+00:00,2024-06-14 01:50:20+00:00,type/bug|area/alerting|stale,closed,https://github.com/grafana/grafana/issues/63584
89203,alerting: notification policies: alert instances aren't routed properly if labels are templated,2024-06-14 09:17:45+00:00,2024-06-14 15:58:35+00:00,type/bug|area/alerting,closed,https://github.com/grafana/grafana/issues/89203
88906,Scenes: Dashboard toolbar doesn't hide in kiosk mode,2024-06-07 11:03:32+00:00,2024-06-17 15:58:49+00:00,type/bug|area/dashboard|area/scenes|internal|team/grafana-dashboards,closed,https://github.com/grafana/grafana/issues/88906
88683,Dashboards: A deleted dashboard cant be restored to the root folder,2024-06-04 12:01:50+00:00,2024-06-18 11:21:41+00:00,type/bug|team/grafana-sharing,closed,https://github.com/grafana/grafana/issues/88683
88983,Dashboards: InfluxDB Flux query dashboard variables fail since v11.1,2024-06-10 14:26:32+00:00,2024-06-19 06:23:22+00:00,type/bug|datasource/influxdb,closed,https://github.com/grafana/grafana/issues/88983
88008,InfluxDB: Query builder produces invalid SQL query when using wildcard column name,2024-05-16 21:33:31+00:00,2024-06-19 06:39:54+00:00,type/bug|datasource/influxdb|prio/medium|good first issue|internal,closed,https://github.com/grafana/grafana/issues/88008
89459,Leaving while in panel edit crashes dashboard,2024-06-20 10:32:09+00:00,2024-06-20 10:32:15+00:00,type/bug|internal|team/grafana-dashboards,closed,https://github.com/grafana/grafana/issues/89459
84360,XY Chart: Missing x dimension: Edit panel not working,2024-03-13 11:43:08+00:00,2024-06-20 16:50:49+00:00,type/bug|area/panel/xychart,closed,https://github.com/grafana/grafana/issues/84360
82786,Feature Request: XY Chart Time Series Units and Axis Scaling,2024-02-15 20:10:24+00:00,2024-06-20 17:00:27+00:00,type/bug|area/panel/xychart|migrated-discussions,closed,https://github.com/grafana/grafana/issues/82786
81836,XYChart: 'Single' vs. 'All' tooltip mode,2024-02-02 22:06:11+00:00,2024-06-20 18:09:50+00:00,type/bug|area/panel/xychart|area/tooltip,closed,https://github.com/grafana/grafana/issues/81836
89270,Scenes: Min/Max values are not detected when changing,2024-06-17 08:51:12+00:00,2024-06-21 09:07:36+00:00,type/bug|area/scenes|internal|team/grafana-dashboards|area/dashboards/panel,closed,https://github.com/grafana/grafana/issues/89270
89458,Editing a dashboard and then leaving it causes weird behaviour,2024-06-20 10:29:03+00:00,2024-06-21 10:18:54+00:00,type/bug|internal|team/grafana-dashboards,closed,https://github.com/grafana/grafana/issues/89458
68877,Preferences: Default timezone offset shows user preference,2023-05-23 10:07:08+00:00,2024-06-22 01:49:06+00:00,type/bug|stale|internal,closed,https://github.com/grafana/grafana/issues/68877
74666,"BrowseDashboards: When invalid delete warning is shown, delete button is not disabled",2023-09-11 12:36:08+00:00,2024-06-25 07:42:19+00:00,type/bug|area/manage-dashboards,closed,https://github.com/grafana/grafana/issues/74666
69182,Double-unification of `GrafanaPlugin` causes codegen to hang on certain composable kinds,2023-05-26 14:40:38+00:00,2024-06-26 01:50:25+00:00,type/bug|stale|area/kindsys|internal,closed,https://github.com/grafana/grafana/issues/69182
73369,Grafana 10 > Alerting > Add Silence > bad matcher format when label contains dot,2023-08-17 08:55:15+00:00,2024-06-26 11:06:34+00:00,type/bug|area/alerting/notifications,closed,https://github.com/grafana/grafana/issues/73369
64568,Cloudwatch: last minute of metrics missing on small time-ranges,2023-03-09 22:06:29+00:00,2024-06-27 15:10:29+00:00,type/bug|effort/small|datasource/cloudwatch,closed,https://github.com/grafana/grafana/issues/64568
89489,Table: Wrong header index,2024-06-20 15:05:21+00:00,2024-07-01 19:01:21+00:00,type/bug|area/panel/table,closed,https://github.com/grafana/grafana/issues/89489
88415,Alerting: Recovery Threshold with value `null` causes panic runtime error,2024-05-29 10:49:28+00:00,2024-07-03 15:27:17+00:00,type/bug|area/alerting|triage/needs-confirmation,closed,https://github.com/grafana/grafana/issues/88415
69532,Inspector: No data text is ill-padded in data view,2023-06-05 07:50:03+00:00,2024-07-05 01:51:10+00:00,type/bug|stale|internal,closed,https://github.com/grafana/grafana/issues/69532
90141,DashboardScenes: Panel paste button in toolbar has weird behaviour,2024-07-05 14:22:24+00:00,2024-07-05 14:58:56+00:00,type/bug|area/dashboard|internal|team/grafana-dashboards,closed,https://github.com/grafana/grafana/issues/90141
89960,Alerting: Grafana UI cannot save notification policies in old versions of Mimir due to double quoting,2024-07-02 16:54:16+00:00,2024-07-05 15:17:46+00:00,type/bug|effort/small|area/alerting|area/frontend|🍐-programming|internal,closed,https://github.com/grafana/grafana/issues/89960
88356,Inappropriate status code when trying to delete an alert contact point,2024-05-28 03:13:59+00:00,2024-07-05 17:06:38+00:00,type/bug|area/alerting,closed,https://github.com/grafana/grafana/issues/88356
52213,Explore: Loading query field takes too long and allows typing in it before it has loaded,2022-07-14 10:06:58+00:00,2024-07-08 17:43:56+00:00,type/bug|prio/medium|area/explore|area/frontend|stale,closed,https://github.com/grafana/grafana/issues/52213
65270,"Discord alerts via webhook fail, return HTTP/400",2023-03-23 13:43:39+00:00,2024-07-09 13:22:59+00:00,type/bug|area/alerting,closed,https://github.com/grafana/grafana/issues/65270
88990,Alerting: Rule group deleted when renaming with only case changes on MySQL,2024-06-10 15:37:33+00:00,2024-07-09 15:07:10+00:00,type/bug|area/alerting|area/backend|internal,closed,https://github.com/grafana/grafana/issues/88990
69849,Soft Max makes values on bar not visible,2023-06-09 12:24:04+00:00,2024-07-10 01:52:27+00:00,type/bug|stale|area/panel/barchart,closed,https://github.com/grafana/grafana/issues/69849
89530,Explore: Previous query is sometimes passed to query editor which causes flash of new-old-new query in editor,2024-06-21 09:09:10+00:00,2024-07-11 10:37:48+00:00,type/bug|prio/low|needs investigation|area/explore|internal,closed,https://github.com/grafana/grafana/issues/89530
67209,Multiple CSV/Spreadsheet files in the same panel does not work.,2023-04-25 13:18:11+00:00,2024-07-12 01:51:37+00:00,type/bug|stale|datasource/grafana,closed,https://github.com/grafana/grafana/issues/67209
87785,Grafana Image Renderer does not send messages to the specified telegram topic,2024-05-13 15:56:45+00:00,2024-07-12 14:04:09+00:00,type/bug|area/alerting|triage/needs-confirmation,closed,https://github.com/grafana/grafana/issues/87785
88017,Unified Alerting: contact-points/export/ returns EOF,2024-05-17 12:45:47+00:00,2024-07-12 15:42:23+00:00,type/bug|area/alerting|area/backend,closed,https://github.com/grafana/grafana/issues/88017
90374,Storybook: `favorite` and `grafana` icons are not shown,2024-07-12 15:11:18+00:00,2024-07-12 15:49:24+00:00,type/bug|area/storybook|needs research,closed,https://github.com/grafana/grafana/issues/90374
80996,Alerting: Alerts resolved while silenced do not send new notifications until repeat_interval,2024-01-22 14:53:25+00:00,2024-07-12 16:26:59+00:00,type/bug|area/alerting|area/alerting/notifications,closed,https://github.com/grafana/grafana/issues/80996
90000,Cloudwatch: Preconfigured dashboard query returns error when mode is Metric Search Code,2024-07-03 14:20:43+00:00,2024-07-12 18:24:10+00:00,type/bug|effort/small|datasource/cloudwatch|internal,closed,https://github.com/grafana/grafana/issues/90000
89647,Explore: Infinity datasource not populating URL from Query history,2024-06-24 21:38:38+00:00,2024-07-12 18:51:39+00:00,type/bug|prio/low|area/explore,closed,https://github.com/grafana/grafana/issues/89647
64548,Prometheus: stacked resource requests don't cancel ongoing request like queries do,2023-03-09 17:44:03+00:00,2024-07-13 01:51:32+00:00,type/bug|effort/small|prio/low|datasource/prometheus|needs investigation|stale|type/debt|internal|quality,closed,https://github.com/grafana/grafana/issues/64548
78106,Correlations: Incorrect step label,2023-11-14 11:50:15+00:00,2024-07-15 09:27:33+00:00,type/bug|prio/low|onboarding|good first issue|area/correlations,closed,https://github.com/grafana/grafana/issues/78106
59007,99% is not shown in pie reasonably,2022-11-21 03:22:38+00:00,2024-07-17 01:53:08+00:00,type/bug|stale|area/panel/piechart|area/dataviz,closed,https://github.com/grafana/grafana/issues/59007
67057,CentOS + 9.4.7: Upgrade causes issues with systemd process restart,2023-04-21 14:40:41+00:00,2024-07-17 01:53:21+00:00,type/bug|type/build-packaging|stale,closed,https://github.com/grafana/grafana/issues/67057
71061,Data Source Picker: subpath missing when served with subpath on configure a new datasource button,2023-07-05 07:57:44+00:00,2024-07-17 16:23:10+00:00,type/bug|area/plugins-catalog|needs refinement|team/grafana-dashboards|prio/planned,closed,https://github.com/grafana/grafana/issues/71061
89312,400 invalid object specification: type should not be an empty string,2024-06-17 17:38:49+00:00,2024-07-18 19:56:20+00:00,type/bug|area/alerting,closed,https://github.com/grafana/grafana/issues/89312
60937,Piechart proportion changes on resize,2023-01-04 03:33:13+00:00,2024-07-21 01:55:45+00:00,type/bug|stale|area/panel/piechart,closed,https://github.com/grafana/grafana/issues/60937
90652,Scenes in mobile: Variable dropdown are not scrollable,2024-07-19 11:46:34+00:00,2024-07-22 13:07:58+00:00,type/bug|area/mobile-support|area/scenes|internal|team/grafana-dashboards,closed,https://github.com/grafana/grafana/issues/90652
89836,Scenes: Thresholds doesn't work after creating a gauge panel,2024-06-27 13:06:19+00:00,2024-07-22 17:26:54+00:00,type/bug|area/dashboard|area/panel/edit|area/scenes|internal|team/grafana-dashboards,closed,https://github.com/grafana/grafana/issues/89836
90738,Scenes mobile: The sticky header must be disabled when the user access dashboard in mobile,2024-07-22 13:15:44+00:00,2024-07-23 09:28:17+00:00,type/bug|area/dashboard/templating|area/scenes|internal|team/grafana-dashboards,closed,https://github.com/grafana/grafana/issues/90738
89039,Explore: TimeSeriesPanel crashes after switching the time range,2024-06-11 12:09:02+00:00,2024-07-29 09:07:07+00:00,type/bug|prio/medium|needs investigation|area/explore,closed,https://github.com/grafana/grafana/issues/89039
90981,Pin Nav Items: Icon not accessible,2024-07-25 16:55:11+00:00,2024-07-29 09:31:27+00:00,type/bug|type/accessibility,closed,https://github.com/grafana/grafana/issues/90981
90924,"Prometheus Datasource, creating Dashboard Variable with Query Type: ""Label Values"" does not consider Label filters (V11.0)",2024-07-25 07:37:57+00:00,2024-07-30 09:06:43+00:00,type/bug|datasource/prometheus|area/configuration,closed,https://github.com/grafana/grafana/issues/90924
91144,DashboardScenes: Issue saving a height resized panel,2024-07-29 15:51:32+00:00,2024-07-30 11:41:09+00:00,type/bug|area/scenes|internal|team/grafana-dashboards,closed,https://github.com/grafana/grafana/issues/91144
88156,Explore: Jaeger Query Timestamps are not sent correctly,2024-05-22 05:24:01+00:00,2024-07-30 12:27:24+00:00,type/bug|datasource/jaeger,closed,https://github.com/grafana/grafana/issues/88156
90168,angulardetectorsprovider:  check_for_plugin_updates not respected,2024-07-08 04:31:46+00:00,2024-07-31 08:10:13+00:00,type/bug|area/plugins|area/plugins-catalog,closed,https://github.com/grafana/grafana/issues/90168
91196,Pin Nav Items: Saving Preferences clears Bookmarks,2024-07-30 12:59:59+00:00,2024-07-31 10:07:09+00:00,type/bug,closed,https://github.com/grafana/grafana/issues/91196
91120,Pin Nav Items: Cannot bookmark items without id,2024-07-29 10:17:30+00:00,2024-07-31 12:56:41+00:00,type/bug,closed,https://github.com/grafana/grafana/issues/91120
88722,Query History: Do not return results from API if user is in the viewer role,2024-06-04 17:34:05+00:00,2024-07-31 18:10:53+00:00,type/bug|prio/high,closed,https://github.com/grafana/grafana/issues/88722
91362,Prometheus: Query builder defines the group function incorrectly,2024-07-31 20:55:23+00:00,2024-08-01 13:58:13+00:00,type/bug|datasource/prometheus|area/datasource/frontend,closed,https://github.com/grafana/grafana/issues/91362
90927,RolePicker positioned incorrectly with `bodyScrolling`,2024-07-25 09:59:12+00:00,2024-08-02 09:29:52+00:00,type/bug|internal,closed,https://github.com/grafana/grafana/issues/90927
70946,Core: Back pressure mechanism when DB connections saturated,2023-06-30 09:05:26+00:00,2024-08-03 01:53:27+00:00,type/bug|stale|area/backend/db/sql|internal,closed,https://github.com/grafana/grafana/issues/70946
54872,Data links not always rendering variables,2022-09-07 21:08:23+00:00,2024-08-05 08:16:08+00:00,type/bug|area/dashboard/data-links|stale|team/grafana-dashboards|prio/future,closed,https://github.com/grafana/grafana/issues/54872
90633,Grafana CLI: `plugins install` command will download and install dependencies even if they already have been downloaded,2024-07-18 21:29:00+00:00,2024-08-06 08:21:42+00:00,type/bug|area/grafana-cli|area/docker|area/plugins-catalog|internal,closed,https://github.com/grafana/grafana/issues/90633
90930,BrowseDashboards empty page with `bodyScrolling` in Safari,2024-07-25 10:05:50+00:00,2024-08-06 08:51:33+00:00,type/bug|internal,closed,https://github.com/grafana/grafana/issues/90930
90929,Scenes Dashboard empty page with `bodyScrolling` in Safari,2024-07-25 10:04:05+00:00,2024-08-06 08:51:33+00:00,type/bug|internal,closed,https://github.com/grafana/grafana/issues/90929
65486,[Tempo] Explore search results disappear if the textbox is modified,2023-03-28 19:49:37+00:00,2024-08-07 01:54:37+00:00,type/bug|stale|area/tracing|datasource/tempo,closed,https://github.com/grafana/grafana/issues/65486
91592,Vizards: Time Range Bug,2024-08-06 16:37:32+00:00,2024-08-07 19:35:19+00:00,type/bug|internal|hackathon-2024-08-vizards,closed,https://github.com/grafana/grafana/issues/91592
70356,Dashboards: expressions break entire panels when one of the queries used does not return data,2023-06-20 01:15:02+00:00,2024-08-10 01:54:18+00:00,type/bug|prio/medium|needs investigation|stale|area/expressions,closed,https://github.com/grafana/grafana/issues/70356
71274,NestedFolders: Handle no permission to view folder,2023-07-10 10:49:49+00:00,2024-08-11 01:58:25+00:00,type/bug|stale|area/manage-dashboards,closed,https://github.com/grafana/grafana/issues/71274
46932,"Alert List shows Grafana alerts (unified alerting) with ""Normal"" status as INACTIVE",2022-03-24 15:09:29+00:00,2024-08-12 01:55:44+00:00,type/bug|area/alerting|prio/low|area/frontend|stale|good first issue,closed,https://github.com/grafana/grafana/issues/46932
90722,Navigation: Bookmarks page is not updated with new items until refresh,2024-07-22 10:42:23+00:00,2024-08-12 13:31:02+00:00,type/bug|area/navigation,closed,https://github.com/grafana/grafana/issues/90722
70139,Expressions referencing Cloudwatch Query returns NoData,2023-06-15 10:21:29+00:00,2024-08-12 19:57:55+00:00,type/bug|effort/none|datasource/cloudwatch|area/expressions,closed,https://github.com/grafana/grafana/issues/70139
84481,Alerting: Handle slashes in rules API endpoint,2024-03-14 15:14:21+00:00,2024-08-13 06:31:08+00:00,type/bug|area/alerting|area/backend|area/frontend|internal,closed,https://github.com/grafana/grafana/issues/84481
91553,Stat Panel: Percent Change value off by a multiple of 100,2024-08-05 20:44:03+00:00,2024-08-13 12:13:27+00:00,type/bug|area/panel/stat,closed,https://github.com/grafana/grafana/issues/91553
71691,Heatmap: Changes in bucket boundaries over time don't render correctly,2023-07-15 01:34:06+00:00,2024-08-15 02:40:45+00:00,type/bug|area/panel/heatmap|stale,closed,https://github.com/grafana/grafana/issues/71691
89653,XY Chart: It breaks when editing panel when my query is invalid,2024-06-25 08:12:35+00:00,2024-08-15 10:18:24+00:00,type/bug|area/panel/xychart,closed,https://github.com/grafana/grafana/issues/89653
91029,Pin Nav Items: Enterprise nav items are not displayed in the bookmarks section,2024-07-26 04:15:33+00:00,2024-08-15 12:35:22+00:00,type/bug,closed,https://github.com/grafana/grafana/issues/91029
89402,Tabs: Screen reader only announces 1 of 1,2024-06-19 12:33:16+00:00,2024-08-16 10:38:41+00:00,type/bug|type/accessibility,closed,https://github.com/grafana/grafana/issues/89402
89403,Tabs: Not navigable with arrow keys,2024-06-19 12:35:39+00:00,2024-08-16 10:39:16+00:00,type/bug|type/accessibility|effort/medium,closed,https://github.com/grafana/grafana/issues/89403
91950,New Select: Keyboard focus not on selected item on initial open,2024-08-15 12:07:02+00:00,2024-08-16 12:47:40+00:00,type/bug|area/frontend,closed,https://github.com/grafana/grafana/issues/91950
72766,no value alerts after update,2023-08-02 18:01:05+00:00,2024-08-19 07:57:30+00:00,type/bug|area/alerting|area/alerting/notifications|stale,closed,https://github.com/grafana/grafana/issues/72766
90176,Crash when adding ${__all_variables} in a text field,2024-07-08 10:54:29+00:00,2024-08-19 08:45:59+00:00,type/bug|area/panel/text,closed,https://github.com/grafana/grafana/issues/90176
90020,Delay in keyboard shortcuts ( v11.0 or newer only),2024-07-03 20:22:15+00:00,2024-08-19 10:06:38+00:00,type/bug|area/frontend,closed,https://github.com/grafana/grafana/issues/90020
91452,VizTooltip: Annotation tools off screen on cell phone,2024-08-02 00:10:45+00:00,2024-08-20 13:48:38+00:00,type/bug|area/tooltip,closed,https://github.com/grafana/grafana/issues/91452
90413,VizTooltip: off-screen on mobile (chrome-based) (since 11.1),2024-07-14 09:30:54+00:00,2024-08-20 13:48:38+00:00,type/bug|area/tooltip,closed,https://github.com/grafana/grafana/issues/90413
91740,VizTooltip: Positioning issues after updating to v11,2024-08-09 10:49:10+00:00,2024-08-20 13:48:39+00:00,type/bug|area/tooltip,closed,https://github.com/grafana/grafana/issues/91740
85654,Snapshots: Variables not/wrongly displayed when rendered with Scenes,2024-04-05 12:32:52+00:00,2024-08-20 15:05:13+00:00,type/bug|prio/high|area/dashboard/snapshot|area/scenes|team/grafana-dashboards|team/grafana-sharing,closed,https://github.com/grafana/grafana/issues/85654
79062,Issue Adding Users to an Organization as Grafana Admin in Grafana OSS 10.2.0,2023-12-05 10:41:21+00:00,2024-08-22 10:41:07+00:00,type/bug|area/admin/user,closed,https://github.com/grafana/grafana/issues/79062
66056,Implementation is not saved to Alertmanager datasource,2023-04-05 18:03:58+00:00,2024-08-24 01:53:15+00:00,type/bug|area/datasource/frontend|stale,closed,https://github.com/grafana/grafana/issues/66056
46581,Shared crosshair not working,2022-03-15 12:49:34+00:00,2024-08-25 00:02:30+00:00,type/bug|area/dashboard|area/panel/timeseries,closed,https://github.com/grafana/grafana/issues/46581
63413,Timeseries changes color in tooltip when there are no values between datapoints,2023-02-18 12:52:14+00:00,2024-08-25 00:25:38+00:00,type/bug|area/panel/timeseries|area/tooltip,closed,https://github.com/grafana/grafana/issues/63413
65643,Drag & Drop: date format is converted to string when present in file,2023-03-30 17:28:46+00:00,2024-08-25 01:58:55+00:00,type/bug|area/panel/table|stale,closed,https://github.com/grafana/grafana/issues/65643
61561,Recording rule for Loki uses different Loki datasource than the configured one.,2023-01-16 14:08:32+00:00,2024-08-28 01:56:28+00:00,type/bug|area/frontend|datasource/loki|stale,closed,https://github.com/grafana/grafana/issues/61561
91565,"Home Page: Clicking on ""Tutorial Complete Grafana Fundamentals"" does not do any action",2024-08-06 09:57:21+00:00,2024-08-29 09:22:51+00:00,type/bug|effort/small|area/frontend|needs research|internal,closed,https://github.com/grafana/grafana/issues/91565
91186,DashboardScenes: Repeated rows interaction with panels is confusing,2024-07-30 11:33:38+00:00,2024-08-30 13:50:23+00:00,type/bug|area/frontend|area/scenes|internal|team/grafana-dashboards,closed,https://github.com/grafana/grafana/issues/91186
70939,remotecache: Flakey test,2023-06-30 05:58:57+00:00,2024-09-01 02:05:52+00:00,type/bug|area/backend|stale|internal,closed,https://github.com/grafana/grafana/issues/70939
47040,Creating Annotations on an unnamed/unsaved Dashboard results in a broken Annotation,2022-03-30 06:18:13+00:00,2024-09-02 01:58:24+00:00,type/bug|area/annotations|prio/low|stale|area/panel/annotation-list|team/grafana-dashboards|prio/future,closed,https://github.com/grafana/grafana/issues/47040
47964,Repeat panels in collapsed rows cannot be linked directly to,2022-04-20 14:03:03+00:00,2024-09-02 01:58:25+00:00,type/bug|area/dashboard|prio/low|stale|area/templating/repeating|team/grafana-dashboards|prio/future,closed,https://github.com/grafana/grafana/issues/47964
50465,Datasource: show descriptive errors when response isn't JSON,2022-06-08 22:11:58+00:00,2024-09-02 01:58:26+00:00,type/bug|prio/low|area/datasource|stale|team/grafana-dashboards|prio/future,closed,https://github.com/grafana/grafana/issues/50465
51733,`${__to:date:Z}` variable date formatters does not return UTC,2022-07-05 09:56:19+00:00,2024-09-02 01:58:27+00:00,type/bug|type/docs|area/dashboard/templating|stale|team/grafana-dashboards|prio/future,closed,https://github.com/grafana/grafana/issues/51733
51770,Infinity for threshold results in malformed list state,2022-07-06 00:17:50+00:00,2024-09-02 01:58:29+00:00,type/bug|help wanted|prio/low|stale|area/panel/edit|team/grafana-dashboards|prio/future,closed,https://github.com/grafana/grafana/issues/51770
52745,Variables: Duplicated panel does not keep scopedVars,2022-07-25 16:27:15+00:00,2024-09-02 01:58:30+00:00,type/bug|area/dashboard/templating|stale|area/templating/repeating|team/grafana-dashboards|prio/future,closed,https://github.com/grafana/grafana/issues/52745
54783,Invalid initial state for custom variable picker,2022-09-06 13:41:08+00:00,2024-09-02 01:58:34+00:00,type/bug|area/dashboard/templating|area/dashboard|prio/low|area/frontend|stale|team/grafana-dashboards|prio/future,closed,https://github.com/grafana/grafana/issues/54783
55154,[ templating ] [ Query type ] text : value pairs dismissed with duplicate value,2022-09-14 09:27:47+00:00,2024-09-02 01:58:36+00:00,type/bug|area/dashboard/templating|prio/awaiting-more-evidence|stale|team/grafana-dashboards|prio/future,closed,https://github.com/grafana/grafana/issues/55154
58010,Panel: Query Inspector shows progress spinner indefinitely when frontend error occurs ,2022-11-01 18:09:44+00:00,2024-09-02 01:58:46+00:00,type/bug|type/ux|area/frontend|area/panel/data|stale|team/grafana-dashboards|prio/future,closed,https://github.com/grafana/grafana/issues/58010
58558,Templating: Referencing a panel in repeating row always uses data from first row panel,2022-11-10 08:30:42+00:00,2024-09-02 01:58:48+00:00,type/bug|stale|area/templating/repeating|team/grafana-dashboards|prio/future,closed,https://github.com/grafana/grafana/issues/58558
60093,PanelEdit: Default data source query editor is shown when data source is missing,2022-12-09 13:00:47+00:00,2024-09-02 01:58:52+00:00,type/bug|area/dashboard|stale|area/panel/edit|team/grafana-dashboards|prio/future,closed,https://github.com/grafana/grafana/issues/60093
67217,Dashboard: Discarding changes on a just saved panel discards just saved changes,2023-04-25 14:14:34+00:00,2024-09-02 01:59:07+00:00,type/bug|area/dashboard|area/frontend|stale|area/panel/edit|team/grafana-dashboards|prio/future,closed,https://github.com/grafana/grafana/issues/67217
68288,Dashboard: panel's tooltip is not responsive,2023-05-11 09:20:12+00:00,2024-09-02 01:59:09+00:00,type/bug|area/dashboard|area/frontend|stale|kata:incident-insights|kata:incident_ga|team/grafana-dashboards|prio/future,closed,https://github.com/grafana/grafana/issues/68288
70327,Report catch errors in the UI,2023-06-19 13:39:24+00:00,2024-09-02 01:59:15+00:00,type/bug|stale|internal|prio/planned,closed,https://github.com/grafana/grafana/issues/70327
72173,"Dashboards query editor: Query name smooshed in collapsed query row header when prom query is ""long""",2023-07-23 11:57:02+00:00,2024-09-02 01:59:23+00:00,type/bug|area/dashboard|stale|area/query-editor|team/grafana-dashboards|prio/future,closed,https://github.com/grafana/grafana/issues/72173
72859,Geomap: Network layer node and edges size field property not filtered to only numeric,2023-08-03 21:06:51+00:00,2024-09-02 01:59:26+00:00,type/bug|stale|area/panel/geomap|bug-bash,closed,https://github.com/grafana/grafana/issues/72859
91188,DashboardScenes: Editing the original panel in repeated panels breaks the query,2024-07-30 11:39:40+00:00,2024-09-02 09:05:15+00:00,type/bug|area/scenes|internal|team/grafana-dashboards,closed,https://github.com/grafana/grafana/issues/91188
54326,Unable to push embed graphs to Notion through Iframes.,2022-08-26 13:18:41+00:00,2024-09-03 01:56:24+00:00,type/bug|area/dashboard|stale|team/grafana-dashboards|prio/future,closed,https://github.com/grafana/grafana/issues/54326
54768,Data link takes wrong values with __data.fields,2022-09-06 11:33:44+00:00,2024-09-03 01:56:25+00:00,type/bug|area/dashboard/data-links|stale|team/grafana-dashboards|prio/future,closed,https://github.com/grafana/grafana/issues/54768
72856,Geomap: Network layer arrow styling glitch,2023-08-03 20:51:42+00:00,2024-09-03 01:56:37+00:00,type/bug|stale|area/panel/geomap|bug-bash,closed,https://github.com/grafana/grafana/issues/72856
72857,Geomap: Network layer legend only supports node data and not edges data,2023-08-03 20:57:24+00:00,2024-09-03 01:56:39+00:00,type/bug|stale|area/panel/geomap|bug-bash,closed,https://github.com/grafana/grafana/issues/72857
72858,Geomap: Debug panel spacing from measure tools is off,2023-08-03 21:02:23+00:00,2024-09-03 01:56:40+00:00,type/bug|stale|area/panel/geomap|bug-bash,closed,https://github.com/grafana/grafana/issues/72858
57179,Dashboard Schema: Cannot open a dashboard created through the API with a small schemaVersion (before v9),2022-10-18 12:45:20+00:00,2024-09-04 01:57:13+00:00,type/bug|area/dashboard|prio/medium|stale|area/dashboard/schemas|team/grafana-dashboards|prio/future,closed,https://github.com/grafana/grafana/issues/57179
72392,"Alerting: when specifying template message for an email contact point, the panel's screenshot is no longer sent in the email's body.",2023-07-26 15:38:12+00:00,2024-09-04 01:57:24+00:00,type/bug|area/alerting|stale,closed,https://github.com/grafana/grafana/issues/72392
91948,Crowdin PRs become stuck on subsequent pushes,2024-08-15 10:42:37+00:00,2024-09-04 15:20:02+00:00,type/bug|area/internationalization|effort/medium|internal,closed,https://github.com/grafana/grafana/issues/91948
92614,SMTP flaky test,2024-08-28 17:42:17+00:00,2024-09-04 20:25:45+00:00,type/bug,closed,https://github.com/grafana/grafana/issues/92614
50767,API: Unexpected status code when creating folder with provided UID and reserved name,2022-06-14 10:48:28+00:00,2024-09-05 01:57:32+00:00,type/bug|prio/medium|area/backend/api|stale,closed,https://github.com/grafana/grafana/issues/50767
90669,Cloudwatch Bug: Issue with Labels in Alerting causes Duplicate Results,2024-07-19 14:16:16+00:00,2024-09-05 21:18:53+00:00,type/bug|effort/small|datasource/cloudwatch|internal,closed,https://github.com/grafana/grafana/issues/90669
90625,Cloudwatch: Issue using ANOMALY_DETECTION_BAND,2024-07-18 18:12:29+00:00,2024-09-06 13:23:07+00:00,type/bug|effort/small|datasource/cloudwatch|internal,closed,https://github.com/grafana/grafana/issues/90625
82206,Tempo: Streaming does not work when visiting a direct link,2024-02-08 20:23:29+00:00,2024-09-09 13:18:28+00:00,type/bug|area/explore|area/tracing|datasource/tempo|internal,closed,https://github.com/grafana/grafana/issues/82206
93061,use metric as color hash in timeseries data,2024-09-07 00:12:34+00:00,2024-09-09 17:58:23+00:00,type/bug|area/panel/common,closed,https://github.com/grafana/grafana/issues/93061
73202,Alerting: Max batch size for Alert State History's Loki push requests,2023-08-11 14:31:31+00:00,2024-09-11 01:57:50+00:00,type/bug|stale|internal,closed,https://github.com/grafana/grafana/issues/73202
92411,Explore metrics: Bookmarks is still overflowing on homepage,2024-08-26 15:38:11+00:00,2024-09-11 13:17:43+00:00,type/bug|internal|area/exploremetrics,closed,https://github.com/grafana/grafana/issues/92411
89205,"""New"" menu showing up for stack viewers under dashboard browser",2024-06-14 09:30:21+00:00,2024-09-11 15:40:09+00:00,type/bug,closed,https://github.com/grafana/grafana/issues/89205
90135,Alerting: Creating a new Silence requires page reload,2024-07-05 12:51:15+00:00,2024-09-12 11:22:05+00:00,type/bug|area/alerting|area/frontend|internal|type/haiku,closed,https://github.com/grafana/grafana/issues/90135
64041,Logs pagination: Older logs button stops to work if start and end timestamp are the same,2023-03-02 15:38:52+00:00,2024-09-13 01:58:28+00:00,type/bug|area/explore|stale|area/logs|blocked|interview-generated,closed,https://github.com/grafana/grafana/issues/64041
59351,Dashboard list is not showing on small screen,2022-11-27 08:09:22+00:00,2024-09-13 09:44:25+00:00,type/bug|area/dashboard|area/mobile-support,closed,https://github.com/grafana/grafana/issues/59351
72854,Geomap: Network layer disable tooltip support for time being,2023-08-03 20:37:57+00:00,2024-09-14 01:57:30+00:00,type/bug|stale|area/panel/geomap|bug-bash,closed,https://github.com/grafana/grafana/issues/72854
93398,Alerting: Deprecated error on image upload to slack,2024-09-17 12:05:11+00:00,2024-09-17 12:13:30+00:00,type/bug|area/alerting|area/image-rendering|automated-triage,closed,https://github.com/grafana/grafana/issues/93398
93348,Alerting: provisioning API contact point update does not rename simplified routing,2024-09-13 16:23:37+00:00,2024-09-17 16:07:32+00:00,type/bug|area/alerting|area/backend|area/provisioning|internal,closed,https://github.com/grafana/grafana/issues/93348
61368,Import overwrites dashboard permissions without warning,2023-01-12 12:45:23+00:00,2024-09-18 01:58:03+00:00,type/bug|area/dashboard/import|stale,closed,https://github.com/grafana/grafana/issues/61368
73126,Alerting: 'View as List' no longer shows correct alert counts since v10.0.3,2023-08-09 19:09:27+00:00,2024-09-18 01:58:13+00:00,type/bug|area/alerting|area/backend|area/frontend|stale,closed,https://github.com/grafana/grafana/issues/73126
73210,HTML escaping error on telegram notifications,2023-08-12 07:42:28+00:00,2024-09-18 01:58:15+00:00,type/bug|area/alerting|needs investigation|stale,closed,https://github.com/grafana/grafana/issues/73210
77592,"Grafana board says ""day"" instead of ""days"" when value > 1",2023-11-02 19:18:37+00:00,2024-09-18 09:00:43+00:00,type/bug|area/panel/table|area/units|area/field/overrides|area/dataviz|team/grafana-dashboards|area/dashboards/panel,closed,https://github.com/grafana/grafana/issues/77592
72431,Explore: Long span/resource name labels in TraceQL search are not handled properly in UI,2023-07-27 07:58:43+00:00,2024-09-20 01:59:47+00:00,type/bug|type/ux|prio/low|area/explore|stale|triage/needs-confirmation,closed,https://github.com/grafana/grafana/issues/72431
93530,Dashboards: Panels titles overlap on small screens,2024-09-20 11:39:11+00:00,2024-09-20 11:55:23+00:00,type/bug|area/dashboard|type/ux|automated-triage,closed,https://github.com/grafana/grafana/issues/93530
88837,Plugin Management Pages: Forced login does not work when anonymous access is enabled,2024-06-06 12:02:57+00:00,2024-09-20 13:35:59+00:00,type/bug|area/plugins-catalog,closed,https://github.com/grafana/grafana/issues/88837
73445,Canvas: Inline editor breaks when notification banner is present,2023-08-17 21:59:06+00:00,2024-09-21 01:58:31+00:00,type/bug|stale|area/panel/canvas,closed,https://github.com/grafana/grafana/issues/73445
91907,Logs: Forward direction search does not return oldest results for > 1d query range,2024-08-14 15:15:55+00:00,2024-09-23 09:22:08+00:00,type/bug|area/logs|internal,closed,https://github.com/grafana/grafana/issues/91907
92414,Explore metrics: Row vs. Grid option states don't persist when adding a label,2024-08-26 15:40:31+00:00,2024-09-23 15:38:02+00:00,type/bug|internal|area/exploremetrics,closed,https://github.com/grafana/grafana/issues/92414
92636,Login page 'Failed to fetch' on offline environment,2024-08-29 04:33:43+00:00,2024-09-24 03:17:17+00:00,type/bug|area/auth|needs investigation|area/frontend/login|automated-triage,closed,https://github.com/grafana/grafana/issues/92636
93252,DashboardScenes: Issue with going to panel edit through a link,2024-09-12 08:18:28+00:00,2024-09-24 10:23:02+00:00,type/bug|area/scenes|internal|team/grafana-dashboards,closed,https://github.com/grafana/grafana/issues/93252
93653,ServiceGraph module is not being loaded and thus no metrics tempo_service_graph_* are being generated..,2024-09-24 09:54:52+00:00,2024-09-24 11:13:59+00:00,type/bug|datasource/tempo|automated-triage,closed,https://github.com/grafana/grafana/issues/93653
93510,Anonymous users can see the Administration tab in the sidebar,2024-09-19 22:38:25+00:00,2024-09-24 13:11:55+00:00,type/bug|area/security|area/auth|area/navigation|automated-triage,closed,https://github.com/grafana/grafana/issues/93510
92883,Alerting: Deprecated error on image upload to slack,2024-09-03 16:02:25+00:00,2024-09-24 13:13:03+00:00,type/bug|area/alerting|area/image-rendering|automated-triage,closed,https://github.com/grafana/grafana/issues/92883
93435,Traces: The trace view crashes when a span contains a null-valued attribute and using the Span Filters Find,2024-09-18 13:48:37+00:00,2024-09-24 13:47:23+00:00,type/bug|needs investigation|area/explore|area/panel/traceview|automated-triage,closed,https://github.com/grafana/grafana/issues/93435
93518,Correlations: Correlations are accessible by Viewer,2024-09-20 07:22:54+00:00,2024-09-24 14:02:03+00:00,type/bug|area/security|automated-triage,closed,https://github.com/grafana/grafana/issues/93518
92154,Azure Monitor Metrics Resource Selector duplicates resources,2024-08-20 17:38:55+00:00,2024-09-24 17:45:09+00:00,type/bug|effort/small|prio/high|datasource/azure,closed,https://github.com/grafana/grafana/issues/92154
93667,Custom panel plugin: Grafana do not catch throwed error,2024-09-24 13:14:44+00:00,2024-09-25 09:21:58+00:00,type/bug|area/plugins|type/regression|automated-triage,closed,https://github.com/grafana/grafana/issues/93667
93564,"Grafana 11.1, 11.2: Navigation path change after starring a dashboard hinders access to other dashboards",2024-09-22 10:16:55+00:00,2024-09-25 09:49:52+00:00,type/bug|prio/medium|area/navigation|type/regression|automated-triage,closed,https://github.com/grafana/grafana/issues/93564
62870,Messages in old alerting are not re-written on migration,2023-02-03 13:47:45+00:00,2024-09-25 11:44:59+00:00,type/bug|area/alerting|internal,closed,https://github.com/grafana/grafana/issues/62870
65999,Invalid JSON field template_files resets templates,2023-04-05 10:12:19+00:00,2024-09-25 11:46:00+00:00,type/bug|effort/small|area/alerting|internal,closed,https://github.com/grafana/grafana/issues/65999
66630,__expr__ is being added as a label for DatasourceNoData alerts,2023-04-15 09:22:05+00:00,2024-09-25 11:47:07+00:00,type/bug|area/alerting|needs investigation|internal,closed,https://github.com/grafana/grafana/issues/66630
93413,Explore Metrics: Homepage graph does not match detailed graph,2024-09-18 02:18:13+00:00,2024-09-25 15:53:28+00:00,type/bug|area/exploremetrics,closed,https://github.com/grafana/grafana/issues/93413
93240,"xychart: ""Color Field"" and ""Size Field"" sometimes do not work depending on the order of the series",2024-09-11 18:47:54+00:00,2024-09-25 19:47:22+00:00,type/bug|area/panel/xychart|automated-triage,closed,https://github.com/grafana/grafana/issues/93240
93459,tooltip: overly large in 11.1.5,2024-09-18 22:41:10+00:00,2024-09-26 01:47:05+00:00,type/bug|type/regression|area/tooltip|automated-triage,closed,https://github.com/grafana/grafana/issues/93459
93251,DashboardScenes: Issue with dashboard refresh being automatically set to `5s` in some cases,2024-09-12 08:15:12+00:00,2024-09-26 05:43:18+00:00,type/bug|area/scenes|internal|team/grafana-dashboards,closed,https://github.com/grafana/grafana/issues/93251
93388,Navigation: Unauthorized error shows up when anonymous access the menu,2024-09-17 09:34:40+00:00,2024-09-26 15:47:58+00:00,type/bug|area/frontend|area/navigation,closed,https://github.com/grafana/grafana/issues/93388
73918,Exceptions in panel migration handlers are silently ignored,2023-08-28 12:01:29+00:00,2024-09-27 02:01:36+00:00,type/bug|area/dashboard|stale|internal,closed,https://github.com/grafana/grafana/issues/73918
90335,"Tempo Data Source: default ""Trace to logs on trace ID"" cfg broken with the new  Loki OTel logs format",2024-07-11 15:15:32+00:00,2024-09-27 16:11:10+00:00,type/bug|datasource/loki|internal|opentelemetry,closed,https://github.com/grafana/grafana/issues/90335
89570,Time Series Panel: Log10 scaling breaks somewhere around 1e-14,2024-06-21 16:18:21+00:00,2024-09-28 04:11:07+00:00,type/bug|area/panel/timeseries,closed,https://github.com/grafana/grafana/issues/89570
92719,Time Series Y-Axis auto-scaling breaks for small values,2024-08-30 07:16:39+00:00,2024-09-28 04:11:07+00:00,type/bug|area/panel/timeseries,closed,https://github.com/grafana/grafana/issues/92719
93372,Query Transformation: Crashes when 'Config from query results' -> 'Fields with Values' is selected,2024-09-16 20:00:52+00:00,2024-09-28 14:04:41+00:00,type/bug|area/transformations|automated-triage,closed,https://github.com/grafana/grafana/issues/93372
93732,Grafana: panic: duplicate metrics collector registration attempted,2024-09-25 11:20:47+00:00,2024-09-28 17:09:19+00:00,type/bug|area/alerting|datasource/prometheus|automated-triage,closed,https://github.com/grafana/grafana/issues/93732
73982,DOMException: Failed to execute 'removeChild' on 'Node' in Grafana v.9.4.3 on Microsoft Edge,2023-08-29 08:07:38+00:00,2024-09-30 02:03:35+00:00,type/bug|stale|area/panel/state-timeline,closed,https://github.com/grafana/grafana/issues/73982
45370,Not able to silence alerts in folder with editor permission,2022-02-14 23:04:45+00:00,2024-09-30 08:20:54+00:00,type/bug|area/alerting,closed,https://github.com/grafana/grafana/issues/45370
93964,[11.2] Deps: grafana-plugin-sdk-go is vulnerable to critical CVE-2024-8986,2024-09-29 13:45:40+00:00,2024-09-30 08:46:32+00:00,type/bug|area/plugins|area/security|automated-triage,closed,https://github.com/grafana/grafana/issues/93964
92707,Alerting: Panic after failing to create an Alertmanager for an org (duplicate metrics collector registration attempted),2024-08-29 18:29:37+00:00,2024-09-30 16:50:36+00:00,type/bug|area/alerting,closed,https://github.com/grafana/grafana/issues/92707
93943,Panels: Different data appearing based on whether `Time From` parameter is present or not,2024-09-27 19:13:54+00:00,2024-09-30 21:16:44+00:00,type/bug|area/dashboard|area/panel/timeseries|automated-triage,closed,https://github.com/grafana/grafana/issues/93943
74281,Timeseries: tooltip formatted as {name=s1} on refreshing,2023-09-01 15:22:03+00:00,2024-10-01 02:07:21+00:00,type/bug|stale|area/panel/timeseries|area/tooltip,closed,https://github.com/grafana/grafana/issues/74281
93664,Explore profiles: Cant edit selected label values,2024-09-24 12:55:52+00:00,2024-10-01 12:00:17+00:00,type/bug|type/ux|area/explore|automated-triage,closed,https://github.com/grafana/grafana/issues/93664
74848,Permissions: grafanaBootData.user.permissions lists folders:write for Viewer with edit on one folder,2023-09-13 14:41:08+00:00,2024-10-01 13:22:18+00:00,type/bug|stale|internal,closed,https://github.com/grafana/grafana/issues/74848
94079,Dashboards: No data in dashboard but in explorer,2024-10-01 13:28:13+00:00,2024-10-02 06:03:37+00:00,type/bug|datasource/influxdb|area/explore|automated-triage,closed,https://github.com/grafana/grafana/issues/94079
92747,CloudWatch Metrics for AWS IoT SiteWise has wrong / old metrics,2024-08-30 11:38:46+00:00,2024-10-02 18:22:43+00:00,type/bug|effort/small|datasource/cloudwatch|good first issue|automated-triage,closed,https://github.com/grafana/grafana/issues/92747
68395,plugins: grafanaDependency changes on install,2023-05-12 15:57:36+00:00,2024-10-03 09:19:07+00:00,type/bug|area/plugins|area/plugins-catalog,closed,https://github.com/grafana/grafana/issues/68395
93469,Dashboard variables disappear on time range change (Loki),2024-09-19 09:27:40+00:00,2024-10-03 11:20:02+00:00,type/bug|area/dashboard/templating|area/dashboard|datasource/loki|area/panel/logs|type/regression|automated-triage,closed,https://github.com/grafana/grafana/issues/93469
93337,"Alerting: changing evaluation group for alert rule is broken (v11.1+) - changes groups, not alert rules",2024-09-13 15:07:27+00:00,2024-10-03 15:35:49+00:00,type/bug|area/alerting|automated-triage,closed,https://github.com/grafana/grafana/issues/93337
93755,auth.anonymous.device_limit does not actually limit the amount of devices that can access,2024-09-25 16:53:11+00:00,2024-10-04 13:20:56+00:00,type/bug|area/auth|area/admin/user|automated-triage,closed,https://github.com/grafana/grafana/issues/93755
92307,Values from one label showing up in another,2024-08-22 14:40:53+00:00,2024-10-04 19:54:14+00:00,type/bug,closed,https://github.com/grafana/grafana/issues/92307
73856,Alerting: Evict alert history over time,2023-08-25 16:30:11+00:00,2024-10-04 21:31:23+00:00,type/bug|area/alerting|prio/low|area/backend|good first issue|internal,closed,https://github.com/grafana/grafana/issues/73856
73801,How to avoid retriggering firing unified alert again during helm upgrade,2023-08-25 07:50:33+00:00,2024-10-05 02:00:37+00:00,type/bug|area/alerting/notifications|stale|triage/needs-confirmation,closed,https://github.com/grafana/grafana/issues/73801
74278,[UI Performance] The notification policies page is too slow and sluggish in rendering the policies.,2023-09-01 14:21:49+00:00,2024-10-06 02:05:10+00:00,type/bug|area/alerting|area/frontend|stale,closed,https://github.com/grafana/grafana/issues/74278
94303,Dashboard Scene: Adhoc Filters Not Retained When Navigating from Data Links,2024-10-07 08:55:46+00:00,2024-10-07 10:40:01+00:00,type/bug|area/dashboard/data-links|area/scenes,closed,https://github.com/grafana/grafana/issues/94303
94212,Core: Title does not fill width,2024-10-03 13:30:54+00:00,2024-10-07 13:41:20+00:00,type/bug|area/scenes|automated-triage|area/dashboard/scenes,closed,https://github.com/grafana/grafana/issues/94212
93151,PanelChrome: Sub menu items not expanding on mobile devices,2024-09-10 08:20:02+00:00,2024-10-07 14:22:19+00:00,type/bug|area/frontend|internal,closed,https://github.com/grafana/grafana/issues/93151
94156,Provisioning Tempo Datasource with uid fails,2024-10-02 14:55:34+00:00,2024-10-07 21:19:59+00:00,type/bug|area/provisioning|datasource/tempo|type/regression|automated-triage,closed,https://github.com/grafana/grafana/issues/94156
94368,Explore: Time ranges coupled,2024-10-08 06:00:22+00:00,2024-10-08 11:12:33+00:00,type/bug|area/explore|timepicker|dogfooding|internal,closed,https://github.com/grafana/grafana/issues/94368
91510,Explore metrics label breakdown cells are all using the same labels/values,2024-08-02 20:06:45+00:00,2024-10-08 13:15:10+00:00,type/bug|needs research|internal|area/exploremetrics,closed,https://github.com/grafana/grafana/issues/91510
92349,Alerting: user can select a query itself as alert condition,2024-08-23 08:15:44+00:00,2024-10-09 09:49:30+00:00,type/bug|area/alerting|automated-triage,closed,https://github.com/grafana/grafana/issues/92349
92277,Slack Notifications: Missing orgId param in title url,2024-08-22 10:10:11+00:00,2024-10-09 10:01:42+00:00,type/bug|area/alerting|automated-triage,closed,https://github.com/grafana/grafana/issues/92277
92415,Explore metrics: Sticky header padding changes on scroll,2024-08-26 15:41:17+00:00,2024-10-09 14:05:45+00:00,type/bug|internal|area/exploremetrics,closed,https://github.com/grafana/grafana/issues/92415
73233,Tempo: Variable interpolation doesn't work with numbers,2023-08-14 12:49:57+00:00,2024-10-09 17:23:56+00:00,type/bug|prio/low|datasource/tempo|internal,closed,https://github.com/grafana/grafana/issues/73233
94250,Alerting: Cloudwatch data source with Code editor doesn't work for new alert style,2024-10-04 12:56:05+00:00,2024-10-10 08:40:20+00:00,type/bug|area/alerting|datasource/cloudwatch|automated-triage,closed,https://github.com/grafana/grafana/issues/94250
92787,Generic Oauth: Authorization code flow with PKCE doesn't work in Grafana 11.1,2024-08-30 22:42:25+00:00,2024-10-12 00:08:52+00:00,type/bug|area/auth|area/auth/oauth|type/regression|automated-triage,closed,https://github.com/grafana/grafana/issues/92787
73907,"When I use Stat charts and set the value of min to exceed max through the inputNumber step method, it will trigger a page crash",2023-08-28 09:59:13+00:00,2024-10-13 02:05:00+00:00,type/bug|stale|area/panel/stat,closed,https://github.com/grafana/grafana/issues/73907
57748,Legend for Prometheus queries and transformations issue,2022-10-27 12:40:23+00:00,2024-10-14 02:02:40+00:00,type/bug|needs investigation|stale|area/transformations,closed,https://github.com/grafana/grafana/issues/57748
93458,"Dashboards: Heatmap: Wrong time interpertation, offset by one aggregate interval",2024-09-18 22:24:05+00:00,2024-10-14 06:15:50+00:00,type/bug|area/panel/heatmap|automated-triage,closed,https://github.com/grafana/grafana/issues/93458
94641,Can be closed,2024-10-11 16:58:59+00:00,2024-10-14 07:33:28+00:00,type/bug|datasource/mysql|area/public-dashboards|area/dashboards/panel|automated-triage,closed,https://github.com/grafana/grafana/issues/94641
94783,TestLegacyToUnifiedStorage_DataSyncer runs against Mode1 twice,2024-10-15 20:58:36+00:00,2024-10-16 04:43:02+00:00,type/bug|area/backend|automated-triage,closed,https://github.com/grafana/grafana/issues/94783
94589,Backend: compile main branch go code fail,2024-10-11 09:11:09+00:00,2024-10-16 07:41:41+00:00,type/bug|area/backend|type/regression|automated-triage,closed,https://github.com/grafana/grafana/issues/94589
94486,Logs: downloaded logs use different timezones,2024-10-09 15:00:04+00:00,2024-10-16 10:29:30+00:00,type/bug|prio/high,closed,https://github.com/grafana/grafana/issues/94486
94296,User search API : Fail to find user when using email addresses,2024-10-07 04:24:07+00:00,2024-10-16 10:29:30+00:00,type/bug|area/admin/user|area/backend/api|type/regression|automated-triage,closed,https://github.com/grafana/grafana/issues/94296
90805,DashboardScene: Some options in Gauge panel do not rerender panel,2024-07-23 06:57:41+00:00,2024-10-16 15:15:15+00:00,type/bug|area/scenes|internal|team/grafana-dashboards,closed,https://github.com/grafana/grafana/issues/90805
90472,"When a data source variable doesn't exist and it is assigned to a panel, the menu doesn't work",2024-07-16 13:25:04+00:00,2024-10-16 15:18:43+00:00,type/bug|area/scenes|internal|team/grafana-dashboards,closed,https://github.com/grafana/grafana/issues/90472
90274,"""Discard panel changes"" should discards also the already saved changes",2024-07-10 13:48:10+00:00,2024-10-16 15:20:49+00:00,type/bug|area/panel/edit|area/scenes|internal|team/grafana-dashboards,closed,https://github.com/grafana/grafana/issues/90274
90260,DashboardScene: saving dashboard in one window triggers dashboard save in another window,2024-07-10 08:57:52+00:00,2024-10-16 15:26:02+00:00,type/bug|area/dashboard|area/scenes|internal|team/grafana-dashboards,closed,https://github.com/grafana/grafana/issues/90260
94798,Data Source : MSSQL Data source broken since last main update,2024-10-16 08:40:59+00:00,2024-10-17 12:57:28+00:00,type/bug|area/plugins|type/regression,closed,https://github.com/grafana/grafana/issues/94798
94298,Alerting: Alert stuck in alerting state,2024-10-07 06:23:45+00:00,2024-10-17 15:44:20+00:00,type/bug|area/alerting|automated-triage,closed,https://github.com/grafana/grafana/issues/94298
94580,"create Silence alert rule: bad matcher format: \""alertname\""=\",2024-10-11 03:25:10+00:00,2024-10-17 16:14:40+00:00,type/bug|area/alerting|area/frontend|datasource/alertmanager|automated-triage,closed,https://github.com/grafana/grafana/issues/94580
94639,Alerting: Namespace is not validated in all cases in provisioning API,2024-10-11 15:49:27+00:00,2024-10-18 15:21:27+00:00,type/bug|area/alerting|area/backend|internal,closed,https://github.com/grafana/grafana/issues/94639
88310,"Cloudwatch logs: ""show context"" doesn't handle region as a variable correctly",2024-05-24 17:54:07+00:00,2024-10-18 15:31:06+00:00,type/bug|effort/small|datasource/cloudwatch,closed,https://github.com/grafana/grafana/issues/88310
94645,Data source: pruning doesn't work,2024-10-11 19:25:34+00:00,2024-10-21 13:26:14+00:00,type/bug|area/provisioning|automated-triage,closed,https://github.com/grafana/grafana/issues/94645
82257,Task: Public dashboard settings opening form the list is not showing the tab in the modal,2024-02-09 13:54:58+00:00,2024-10-21 18:04:42+00:00,type/bug|prio/low|area/public-dashboards|internal,closed,https://github.com/grafana/grafana/issues/82257
94616,Bar charts: x axis ticks display Null value,2024-10-11 12:41:24+00:00,2024-10-21 19:29:52+00:00,type/bug|area/panel/barchart|automated-triage,closed,https://github.com/grafana/grafana/issues/94616
94938,Org: need input to choose org.,2024-10-18 03:56:25+00:00,2024-10-22 09:14:54+00:00,type/bug|area/admin/user|automated-triage,closed,https://github.com/grafana/grafana/issues/94938
94721,Azure Monitor: Support fallback namespace list,2024-10-15 11:30:16+00:00,2024-10-22 12:24:55+00:00,type/bug|effort/small|datasource/azure|internal,closed,https://github.com/grafana/grafana/issues/94721
94665,"the unit 'packets/sec' is not correctly display, when the value less than 1",2024-10-14 03:40:45+00:00,2024-10-23 03:05:14+00:00,type/bug|datasource/prometheus|area/panel/stat|automated-triage,closed,https://github.com/grafana/grafana/issues/94665
92268,"Prometheus server failed to restart with error dial tcp 127.0.0.1:9090: connect: connection refused""",2024-08-22 07:16:07+00:00,2024-10-23 06:16:03+00:00,type/bug|automated-triage,closed,https://github.com/grafana/grafana/issues/92268
95219,Grafana fails to start after upgrade to v10.4.11,2024-10-23 06:11:52+00:00,2024-10-23 09:08:10+00:00,type/bug|area/backend/db/mysql|area/backend/db/migration|automated-triage,closed,https://github.com/grafana/grafana/issues/95219
94932,Invite signup page: Missing organization name,2024-10-17 20:43:43+00:00,2024-10-23 13:49:28+00:00,type/bug|type/ux|area/admin/user|area/frontend/login|automated-triage,closed,https://github.com/grafana/grafana/issues/94932
95268,"After upgrading to 11.3.0, ""direct link rended image"" generate an error and a tiemout before handling the image",2024-10-23 15:03:02+00:00,2024-10-24 10:02:28+00:00,type/bug|type/performance|area/image-rendering|automated-triage,closed,https://github.com/grafana/grafana/issues/95268
94320,Silences: Unable to preview matched alerts when creating a new silence on AMP Alertmanager,2024-10-07 11:44:46+00:00,2024-10-24 13:12:10+00:00,type/bug|area/alerting|area/frontend|type/regression|datasource/alertmanager|automated-triage,closed,https://github.com/grafana/grafana/issues/94320
91358,Azure Monitor: Log Panel visualization freezes browser tab,2024-07-31 20:01:38+00:00,2024-10-24 13:32:10+00:00,type/bug|prio/high|datasource/azure|effort/medium,closed,https://github.com/grafana/grafana/issues/91358
94476,New folder button in alert rules opens 2 modal dialogs.,2024-10-09 13:32:30+00:00,2024-10-24 14:12:53+00:00,type/bug|area/alerting|area/frontend|automated-triage,closed,https://github.com/grafana/grafana/issues/94476
95017,Avoid special characters in the release version,2024-10-21 01:40:57+00:00,2024-10-25 07:12:53+00:00,type/bug|type/build-packaging|area/backend|automated-triage,closed,https://github.com/grafana/grafana/issues/95017
94222,Dashboards: Geomap tooltip location breaks when scrolled down on dashboard,2024-10-03 15:19:17+00:00,2024-10-25 10:44:57+00:00,type/bug|type/ux|area/panel/geomap|area/tooltip|automated-triage,closed,https://github.com/grafana/grafana/issues/94222
95346,Checksum of OSS Linux standalone binaries doesn't match,2024-10-24 12:59:27+00:00,2024-10-25 12:04:44+00:00,type/bug|type/build-packaging|area/backend|automated-triage,closed,https://github.com/grafana/grafana/issues/95346
95438,State Timeline - Inconsistent Color Formatting,2024-10-25 21:24:19+00:00,2024-10-25 21:31:27+00:00,type/bug|datasource/prometheus|area/panel/state-timeline|automated-triage,closed,https://github.com/grafana/grafana/issues/95438
72334,Loki Query Builder: No warning about losing parts of the query with a constant query,2023-07-26 09:22:21+00:00,2024-10-27 02:05:13+00:00,type/bug|datasource/loki|stale,closed,https://github.com/grafana/grafana/issues/72334
75122,Loki Query Builder: No UI option for `bool` operator in loki query builder for nested binary comparison operations,2023-09-19 17:43:12+00:00,2024-10-28 02:04:06+00:00,type/bug|area/frontend|datasource/loki|stale|area/query-editor,closed,https://github.com/grafana/grafana/issues/75122
95465,"Logging: incorrect after 11.1.0 - error ""Could not sanitize RequestURI"" due ""err == nil""",2024-10-28 07:43:42+00:00,2024-10-28 14:34:09+00:00,type/bug|area/backend/api|type/regression|automated-triage,closed,https://github.com/grafana/grafana/issues/95465
93289,Product Area: Short description of bug,2024-09-12 17:12:10+00:00,2024-10-29 14:51:55+00:00,type/bug|area/backend|automated-triage,closed,https://github.com/grafana/grafana/issues/93289
94813,Prometheus: Cannot switch auth config away from Azure auth,2024-10-16 14:37:40+00:00,2024-10-29 16:15:21+00:00,type/bug|internal,closed,https://github.com/grafana/grafana/issues/94813
95567,Combobox: Options menu can go off-screen at small viewport sizes,2024-10-29 16:35:49+00:00,2024-10-29 17:47:33+00:00,type/bug,closed,https://github.com/grafana/grafana/issues/95567
95323,"Grafana 11.2.2, 11.3.0 (container) log file with error every 20sec ?!",2024-10-24 09:40:22+00:00,2024-10-30 08:17:04+00:00,type/bug|area/plugins|area/explore|area/logs|automated-triage,closed,https://github.com/grafana/grafana/issues/95323
78563,Dashboards: Repeating library panels duplicate unexpectedly when saved inside a closed row,2023-11-22 22:04:11+00:00,2024-10-30 09:57:36+00:00,type/bug|area/dashboard|area/templating/repeating|area/frontend/library-panels|team/grafana-dashboards,closed,https://github.com/grafana/grafana/issues/78563
95560,"Dashboards: Missing default panel types (text, dashboard list) when creating a new panel",2024-10-29 15:41:27+00:00,2024-10-30 13:33:16+00:00,type/bug|area/dashboards/panel|automated-triage,closed,https://github.com/grafana/grafana/issues/95560
95537,Dashboard: repeating panel cannot be resized,2024-10-29 09:00:57+00:00,2024-10-30 14:14:03+00:00,type/bug|type/regression|automated-triage|area/panel/repeat,closed,https://github.com/grafana/grafana/issues/95537
95403,"Data source: Google Cloud Monitoring Internal Server Error ""invalid memory address or nil pointer dereference""",2024-10-25 12:27:13+00:00,2024-10-30 15:28:55+00:00,type/bug|effort/small|datasource/googlecloudmonitoring|type/regression|automated-triage,closed,https://github.com/grafana/grafana/issues/95403
92686,Panel/Text: CSS code not working anymore with version 11.2,2024-08-29 14:48:19+00:00,2024-10-31 11:42:08+00:00,type/bug|area/panel/text|type/regression,closed,https://github.com/grafana/grafana/issues/92686
89540,Dashboard Scene: Add Missing Overrides Tab to Panel Edit,2024-06-21 11:12:57+00:00,2024-10-31 13:58:54+00:00,type/bug|prio/high|area/frontend|area/scenes|team/grafana-dashboards,closed,https://github.com/grafana/grafana/issues/89540
95675,Refresh not working in embed code,2024-10-31 16:30:55+00:00,2024-10-31 17:44:13+00:00,type/bug|area/dashboard/links|type/regression|automated-triage,closed,https://github.com/grafana/grafana/issues/95675
95532,Label filter doesn't work in Query Variable,2024-10-29 07:58:17+00:00,2024-11-02 12:23:40+00:00,type/bug|datasource/prometheus|type/regression|automated-triage|area/dashboard/variable,closed,https://github.com/grafana/grafana/issues/95532
76013,Users can access to the edit alert page directly using a provisioned UID in the edit url.,2023-10-05 09:00:48+00:00,2024-11-04 02:03:20+00:00,type/bug|area/alerting|area/provisioning|area/frontend|stale|internal,closed,https://github.com/grafana/grafana/issues/76013
95513,"Dashboard: Color can not be set to ""From threshold"" in library panel",2024-10-28 16:39:29+00:00,2024-11-04 10:11:37+00:00,type/bug|area/frontend/library-panels|type/regression|automated-triage|area/library-panel,closed,https://github.com/grafana/grafana/issues/95513
95757,MSSQL: Provisioning not working ( Login failed.),2024-11-02 16:29:34+00:00,2024-11-05 09:56:56+00:00,type/bug|datasource/mssql|automated-triage|area/provisioning/datasources,closed,https://github.com/grafana/grafana/issues/95757
92634,Regression: Unauthorized error when anonymous auth is enabled,2024-08-29 04:09:58+00:00,2024-11-05 10:23:09+00:00,type/bug|area/auth|internal,closed,https://github.com/grafana/grafana/issues/92634
95762,This problem occurs when I want to install offline in Windows system,2024-11-03 07:28:01+00:00,2024-11-05 10:41:50+00:00,type/bug|area/plugins|automated-triage,closed,https://github.com/grafana/grafana/issues/95762
93088,Generic Oauth:  Not behaving as documented w.r.t. missing emails,2024-09-09 08:55:37+00:00,2024-11-05 11:25:02+00:00,type/bug|type/docs|area/auth|area/auth/oauth|automated-triage,closed,https://github.com/grafana/grafana/issues/93088
95377,Title bar does not hide in Grafana v11.3.0 (d9455ff),2024-10-25 05:23:05+00:00,2024-11-05 15:40:45+00:00,type/bug|area/panel/edit|type/regression|area/scenes|team/grafana-dashboards|automated-triage,closed,https://github.com/grafana/grafana/issues/95377
95355,Auth: Failing to authenticate requests,2024-10-24 14:14:27+00:00,2024-11-06 08:47:33+00:00,type/bug|area/auth|area/auth/oauth|automated-triage,closed,https://github.com/grafana/grafana/issues/95355
93375,Teams: Team creation is taking placing in user active org,2024-09-16 20:42:03+00:00,2024-11-06 13:41:05+00:00,type/bug|area/auth|area/backend/api|area/backend|automated-triage,closed,https://github.com/grafana/grafana/issues/93375
93455,Anonymous users in grafana make a request to /api/user/preferences that http 401's,2024-09-18 20:52:36+00:00,2024-11-06 14:44:03+00:00,type/bug|area/auth|area/backend/api|automated-triage,closed,https://github.com/grafana/grafana/issues/93455
95616,Dashboards: dashboard annotations data source always returns all data,2024-10-30 15:26:03+00:00,2024-11-06 15:03:07+00:00,type/bug|type/regression|team/grafana-dashboards|automated-triage|area/dashboard/settings|area/dashboard/annotations,closed,https://github.com/grafana/grafana/issues/95616
93381,Dashborads: Text panel - Markdown ${some_constant_variable} crashes when var is not a url parameter,2024-09-17 07:52:44+00:00,2024-11-06 16:56:09+00:00,type/bug|area/frontend|area/panel/stat|area/panel/edit|team/grafana-dashboards|automated-triage,closed,https://github.com/grafana/grafana/issues/93381
96001,Dashboards: Neo4j plugin error when sending query,2024-11-07 01:04:26+00:00,2024-11-07 10:51:19+00:00,type/bug|area/plugins|team/grafana-dashboards|area/dashboards/panel|automated-triage,closed,https://github.com/grafana/grafana/issues/96001
95447,Some visualization panels are unavailable in version 11.3,2024-10-27 07:28:07+00:00,2024-11-07 13:48:52+00:00,type/bug|area/panel/xychart|area/panel/flame-graph|area/panel/trend|automated-triage,closed,https://github.com/grafana/grafana/issues/95447
95904,Upgrade to 11.3.0 - DB Migration Failing,2024-11-05 17:50:49+00:00,2024-11-07 13:51:08+00:00,type/bug|area/backend/db/migration|area/auth/serviceaccount|automated-triage,closed,https://github.com/grafana/grafana/issues/95904
96027,Dashboards: Template Variables show $__all instead of All,2024-11-07 12:48:14+00:00,2024-11-08 09:42:17+00:00,type/bug|type/regression|team/grafana-dashboards|automated-triage|area/dashboard/variable,closed,https://github.com/grafana/grafana/issues/96027
91727,DashboardScene: variable label is empty when label is not populated (does not fallback to variable name),2024-08-09 07:38:27+00:00,2024-11-08 15:15:15+00:00,type/bug|effort/small|area/dashboard/templating|area/dashboard|prio/low|area/scenes|team/grafana-dashboards,closed,https://github.com/grafana/grafana/issues/91727
73534,Threshold Line has wrong orientation when Bar Chart is horizontal,2023-08-21 06:03:56+00:00,2024-11-08 16:43:25+00:00,type/bug|area/panel/barchart,closed,https://github.com/grafana/grafana/issues/73534
95832,Grafana image rendering is broken?,2024-11-05 11:18:11+00:00,2024-11-08 20:42:51+00:00,type/bug|area/image-rendering|automated-triage,closed,https://github.com/grafana/grafana/issues/95832
50934,Preferences: /api/preferences/set-home-dash overrides other preferences,2022-06-16 10:12:12+00:00,2024-11-09 01:58:16+00:00,type/bug|effort/small|area/backend/user|prio/low|stale|good first issue,closed,https://github.com/grafana/grafana/issues/50934
61190,Canvas: Moving frame issue,2023-01-09 18:02:46+00:00,2024-11-10 02:03:11+00:00,type/bug|area/frontend|stale|area/panel/canvas,closed,https://github.com/grafana/grafana/issues/61190
71054,Geomap: GeoJSON style rule doesn't work with variable,2023-07-04 18:53:23+00:00,2024-11-10 02:03:21+00:00,type/bug|stale|area/panel/geomap|triage/needs-confirmation,closed,https://github.com/grafana/grafana/issues/71054
83088,Data Sources with a slash in the UID can be created through the API but cannot be interacted with in the UI,2024-02-20 10:49:37+00:00,2024-11-11 09:31:44+00:00,type/bug|area/datasource/frontend,closed,https://github.com/grafana/grafana/issues/83088
96094,New Select: Dropdown doesn't use `borderRadius` from the theme,2024-11-08 12:32:55+00:00,2024-11-11 12:27:55+00:00,type/bug|area/grafana/ui,closed,https://github.com/grafana/grafana/issues/96094
90681,Public Dashboard: Relative time on panel doesn't work when time picker is disabled,2024-07-19 16:05:37+00:00,2024-11-12 08:21:14+00:00,type/bug|area/public-dashboards|team/grafana-sharing,closed,https://github.com/grafana/grafana/issues/90681
96040,Alerting: crashes on old alerts,2024-11-07 15:29:52+00:00,2024-11-12 10:35:03+00:00,type/bug|area/alerting|area/frontend|automated-triage,closed,https://github.com/grafana/grafana/issues/96040
96143,Combobox: Scroll indicators appear then fade out immediately for small menus that don't scroll,2024-11-08 17:08:12+00:00,2024-11-12 13:15:23+00:00,type/bug|area/grafana/ui,closed,https://github.com/grafana/grafana/issues/96143
94651,Annotations: Be clear about what annotations cannot be deleted,2024-10-11 22:28:33+00:00,2024-11-12 13:38:35+00:00,type/bug|needs more info|team/grafana-dashboards|automated-triage|area/dashboard/annotations,closed,https://github.com/grafana/grafana/issues/94651
86887,Snapshot: Snapshot still exists after dashboard is deleted,2024-04-24 17:41:08+00:00,2024-11-12 15:41:37+00:00,type/bug|area/dashboard/snapshot|team/grafana-sharing,closed,https://github.com/grafana/grafana/issues/86887
94169,"Loki: lokiLogsDataplane annotations referencing ""Time""",2024-10-02 18:05:15+00:00,2024-11-12 18:44:08+00:00,type/bug|datasource/loki|automated-triage|area/dashboard/annotations,closed,https://github.com/grafana/grafana/issues/94169
93068,Table Export to CSV: Export more than 500 rows,2024-09-08 14:04:51+00:00,2024-11-12 18:57:20+00:00,type/bug|area/panel/table|area/data/export|datasource/opensearch|automated-triage,closed,https://github.com/grafana/grafana/issues/93068
96288,Data sources: Unable to add a Loki data source in Grafana v11.3.0,2024-11-12 12:36:14+00:00,2024-11-13 09:22:03+00:00,type/bug|needs investigation|datasource/loki|type/regression|automated-triage|area/provisioning/datasources,closed,https://github.com/grafana/grafana/issues/96288
96375,Product Area: Short description of bug,2024-11-13 10:49:41+00:00,2024-11-13 21:22:20+00:00,type/bug|area/backend|automated-triage,closed,https://github.com/grafana/grafana/issues/96375
95980,New Select: Can't click some parts around the caret,2024-11-06 17:23:17+00:00,2024-11-14 14:24:27+00:00,type/bug|area/grafana/ui,closed,https://github.com/grafana/grafana/issues/95980
96189,Fix CVE-2024-51744 - github.com/golang-jwt/jwt/v4 - grafana,2024-11-10 16:46:54+00:00,2024-11-14 16:13:59+00:00,type/bug|area/security|automated-triage,closed,https://github.com/grafana/grafana/issues/96189
93018,"Authentication: when using auth_proxy and ldap, any user can login.",2024-09-06 01:59:53+00:00,2024-11-14 16:32:44+00:00,type/bug|area/auth|area/auth/ldap|automated-triage,closed,https://github.com/grafana/grafana/issues/93018
95542,"Alerting: ""Could not set default permissions"" receiver_uid="""" error=""pq: value too long for type character varying(40)""",2024-10-29 10:03:07+00:00,2024-11-14 18:03:39+00:00,type/bug|area/alerting|area/backend/db/postgres|type/regression|automated-triage,closed,https://github.com/grafana/grafana/issues/95542
96233,"Alerting: Can't save, after an edit, new notification template on the same name",2024-11-11 15:33:18+00:00,2024-11-15 21:21:31+00:00,type/bug|area/alerting|type/regression|automated-triage,closed,https://github.com/grafana/grafana/issues/96233
75804,Label values metric selector slow UX,2023-10-02 10:26:06+00:00,2024-11-16 02:03:59+00:00,type/bug|area/dashboard/templating|datasource/prometheus|stale|internal,closed,https://github.com/grafana/grafana/issues/75804
96595,Time Picker is not hidden if kiosk=1 parameter is used in URL in Grafana v11.2.2 (c47b921ef4),2024-11-16 11:19:12+00:00,2024-11-18 08:49:57+00:00,type/bug|type/regression|team/grafana-dashboards|automated-triage|area/dashboard/kiosk,closed,https://github.com/grafana/grafana/issues/96595
96209,Combobox: Menu expands under topnav,2024-11-11 10:37:52+00:00,2024-11-18 11:00:25+00:00,type/bug|area/frontend,closed,https://github.com/grafana/grafana/issues/96209
96529,Grafana 11.3: Grafana has failed to load its application files,2024-11-15 09:57:19+00:00,2024-11-18 14:38:41+00:00,type/bug|area/backend|area/configuration|type/regression|automated-triage,closed,https://github.com/grafana/grafana/issues/96529
96269,Explore Metrics: Duplicate subpath for generated explore link,2024-11-12 10:17:02+00:00,2024-11-18 16:57:53+00:00,type/bug|needs investigation|area/explore|area/exploremetrics|automated-triage,closed,https://github.com/grafana/grafana/issues/96269
96349,Prometheus: Code Mode autocomplete performance can be slow,2024-11-12 18:57:24+00:00,2024-11-18 17:12:26+00:00,type/bug|datasource/prometheus|internal,closed,https://github.com/grafana/grafana/issues/96349
63429,"mysql: TLS without certificates (no client-cert, no server-cert-verify) is not possible",2023-02-20 08:56:17+00:00,2024-11-19 09:46:25+00:00,type/bug|datasource/mysql|area/datasource|area/configuration,closed,https://github.com/grafana/grafana/issues/63429
93838,Alerting: no visibility on folder structure when assigning alert to a folder,2024-09-26 14:53:03+00:00,2024-11-19 10:41:32+00:00,type/bug|type/ux|area/alerting|area/dashboard/folders|area/frontend|team/grafana-dashboards|automated-triage,closed,https://github.com/grafana/grafana/issues/93838
96346,Combobox: autosize width for selected item is too narrow and clips label,2024-11-12 17:47:10+00:00,2024-11-19 14:53:47+00:00,type/bug|area/grafana/ui|internal,closed,https://github.com/grafana/grafana/issues/96346
94075,"Correlations: Handle loki dataplane log lines, even if different field is used",2024-10-01 12:57:18+00:00,2024-11-19 15:06:17+00:00,type/bug|area/explore|datasource/loki|automated-triage,closed,https://github.com/grafana/grafana/issues/94075
91870,"Transformations: Threshold from ""Config from query results"" overrides base value",2024-08-14 07:40:37+00:00,2024-11-19 19:43:51+00:00,type/bug|area/transformations,closed,https://github.com/grafana/grafana/issues/91870
74974,Grafana 9.5.9 / alert rule panic runtime error: index out of range [0] with length 0 - occurs when no data is returned by the query,2023-09-17 18:08:47+00:00,2024-11-20 02:04:18+00:00,type/bug|area/alerting|stale,closed,https://github.com/grafana/grafana/issues/74974
96596,OrgSelection : Unlcear which org is currently selected,2024-11-16 14:24:37+00:00,2024-11-21 13:20:23+00:00,type/bug|area/admin/user|automated-triage,closed,https://github.com/grafana/grafana/issues/96596
96519,DashBoards: Span detail of Tempo  is not display normally when Span name is too long.,2024-11-15 08:06:56+00:00,2024-11-21 13:57:44+00:00,type/bug|area/explore|datasource/tempo|automated-triage,closed,https://github.com/grafana/grafana/issues/96519
96602,Elasticsearch Data source Plugin error after provisioning ,2024-11-06 15:56:43+00:00,2024-11-22 15:33:44+00:00,type/bug|datasource/elasticsearch|automated-triage|area/provisioning/datasources,closed,https://github.com/grafana/grafana/issues/96602
96572,Rule Group Configuration: query_offset field not found,2024-11-15 15:54:34+00:00,2024-11-22 16:39:39+00:00,type/bug|area/alerting|area/backend/api|automated-triage,closed,https://github.com/grafana/grafana/issues/96572
76901,DataViz: Layout type applied only after page reload,2023-10-20 16:16:16+00:00,2024-11-23 02:02:58+00:00,type/bug|stale|area/panel/geomap|area/dataviz,closed,https://github.com/grafana/grafana/issues/76901
77036,"Alerting: Interfaces shows ""2 rules"" when there is rule with a NoData alert",2023-10-24 11:16:21+00:00,2024-11-23 02:03:00+00:00,type/bug|area/alerting|area/backend|area/frontend|stale|internal,closed,https://github.com/grafana/grafana/issues/77036
77201,Tracing explore: exporting trace JSON is missing resource attributes,2023-10-26 11:03:59+00:00,2024-11-25 02:06:57+00:00,type/bug|prio/medium|stale|internal,closed,https://github.com/grafana/grafana/issues/77201
93697,Elasticsearch datasource 400 Bad Request,2024-09-24 17:17:36+00:00,2024-11-25 08:39:28+00:00,type/bug|datasource/elasticsearch|automated-triage,closed,https://github.com/grafana/grafana/issues/93697
92371,Grafana Loki Explore: Query always reports unexpected IDENTIFIER,2024-08-23 15:35:45+00:00,2024-11-25 14:13:58+00:00,type/bug|area/explore|datasource/loki|automated-triage,closed,https://github.com/grafana/grafana/issues/92371
95928,I Cannot Access Dashboards with Service Accounts and Headless Browsers,2024-11-06 07:32:17+00:00,2024-11-25 17:37:15+00:00,type/bug|area/image-rendering|area/auth/serviceaccount|automated-triage,closed,https://github.com/grafana/grafana/issues/95928
96115,Combobox: Menu scrolls down one item after initial open,2024-11-08 14:05:09+00:00,2024-11-26 11:42:43+00:00,type/bug|area/grafana/ui,closed,https://github.com/grafana/grafana/issues/96115
96020,"Grafana explorer - Fail fast when processing logs with extremely long lines (more than 100,000 characters)",2024-11-07 11:20:21+00:00,2024-11-26 15:45:46+00:00,type/bug|type/performance|area/explore|datasource/loki|automated-triage,closed,https://github.com/grafana/grafana/issues/96020
96790,Plugin provisionning: Failed to download plugin archive,2024-11-20 18:26:14+00:00,2024-11-27 07:45:56+00:00,type/bug|area/plugins|area/provisioning|automated-triage,closed,https://github.com/grafana/grafana/issues/96790
92718,Google OAuth2: always prompts user for permission,2024-08-30 07:03:18+00:00,2024-11-27 11:06:46+00:00,type/bug|area/auth|area/auth/oauth|automated-triage,closed,https://github.com/grafana/grafana/issues/92718
95732,Dashboards: Refresh button reserving space for text at mobile sizes,2024-11-01 13:15:45+00:00,2024-11-27 12:50:45+00:00,type/bug|area/dashboard|area/frontend|area/scenes|team/grafana-dashboards,closed,https://github.com/grafana/grafana/issues/95732
79485,Tooltip: Issue with double click,2023-12-13 22:39:19+00:00,2024-11-27 17:33:53+00:00,type/bug|area/panel/timeseries|area/tooltip|area/panel/candlestick,closed,https://github.com/grafana/grafana/issues/79485
97044,KQL Azure Data Explorer queries broken in 11.3.1,2024-11-26 14:17:08+00:00,2024-11-28 08:07:27+00:00,type/bug|effort/none|datasource/azure|type/regression|team/grafana-dashboards|area/dashboards/panel|automated-triage,closed,https://github.com/grafana/grafana/issues/97044
96193,Alerting: The alert rules are not displayed when the 'Alert rules' page is opened with State view query parameter,2024-11-11 04:13:30+00:00,2024-11-28 10:26:25+00:00,type/bug|area/alerting|area/frontend|type/regression|automated-triage,closed,https://github.com/grafana/grafana/issues/96193
94649,"[alerting]: Image capture in alert is having an annoying error ""Endpoint only available for users""",2024-10-11 21:49:20+00:00,2024-11-28 16:44:13+00:00,type/bug|area/alerting|area/image-rendering|type/regression|automated-triage,closed,https://github.com/grafana/grafana/issues/94649
97203,Variable: Null value result in crash,2024-11-29 15:21:36+00:00,2024-12-01 20:10:50+00:00,type/bug|team/grafana-dashboards|area/dashboards/panel|automated-triage|area/dashboard/variable,closed,https://github.com/grafana/grafana/issues/97203
97074,"Grafana upgrade to v11.2.0, v11.3.0 or v11.3.1, plugins page show ""Not found"" Error",2024-11-27 03:31:59+00:00,2024-12-02 01:30:22+00:00,type/bug|type/regression|automated-triage,closed,https://github.com/grafana/grafana/issues/97074
96140,NULL variable replacement,2024-11-08 16:52:18+00:00,2024-12-03 05:19:24+00:00,type/bug|datasource/postgres|type/regression|automated-triage,closed,https://github.com/grafana/grafana/issues/96140
58313,"Cannot assign folder to new alert rule (not always, at least)",2022-11-07 10:41:45+00:00,2024-12-03 18:47:12+00:00,type/bug|area/alerting|area/dashboard/folders|needs investigation|prio/unscheduled,closed,https://github.com/grafana/grafana/issues/58313
96980,Opensearch Datasource: downstream error - plugin unavailable,2024-11-25 12:32:35+00:00,2024-12-04 10:50:34+00:00,type/bug|area/plugins|type/performance|area/backend/api|datasource/opensearch|automated-triage,closed,https://github.com/grafana/grafana/issues/96980
92574,Loki: Panels with 'step' field in JSON target break after upgrade from v9 to v10/v11,2024-08-28 10:37:03+00:00,2024-12-04 15:35:53+00:00,type/bug|datasource/loki|area/panel/logs|type/regression|automated-triage,closed,https://github.com/grafana/grafana/issues/92574
96953,"Bug,  sql syntax error when replace quotes for SqlDataSource",2024-11-23 06:30:04+00:00,2024-12-05 07:43:16+00:00,type/bug|datasource/mysql|automated-triage|area/dashboard/variable,closed,https://github.com/grafana/grafana/issues/96953
96809,"Alerting: grafana-server crashed reporting ""fatal error: concurrent map iteration and map write""",2024-11-20 23:04:22+00:00,2024-12-05 22:59:24+00:00,type/bug|area/alerting|area/backend/api|area/backend|automated-triage,closed,https://github.com/grafana/grafana/issues/96809
47215,Alerting: Alerts are firing have no value after grafana restarts,2022-04-01 17:36:37+00:00,2024-12-06 02:07:26+00:00,type/bug|area/alerting|effort/none|stale|internal,closed,https://github.com/grafana/grafana/issues/47215
48294,Multiple Annotations per rule when running Unified Alerting in High Availability (HA) mode.,2022-04-26 16:09:11+00:00,2024-12-06 02:07:28+00:00,type/bug|area/alerting|prio/medium|effort/large|stale|internal,closed,https://github.com/grafana/grafana/issues/48294
48581,`/api/alertmanager/grafana/api/v2/status` should return the right cluster status,2022-05-02 13:16:02+00:00,2024-12-06 02:07:31+00:00,type/bug|effort/small|area/alerting|prio/medium|stale|internal,closed,https://github.com/grafana/grafana/issues/48581
55202,Alerting: Alert rules with an invalid folder_uid do not appear in the rules list panel,2022-09-14 21:36:39+00:00,2024-12-06 02:07:44+00:00,type/bug|area/alerting|area/backend|area/frontend|stale|internal,closed,https://github.com/grafana/grafana/issues/55202
56752,Alerting: Rule gets stuck in inactive state after reload,2022-10-11 19:43:36+00:00,2024-12-06 02:07:48+00:00,type/bug|effort/small|area/alerting|prio/medium|area/backend|stale|internal,closed,https://github.com/grafana/grafana/issues/56752
59698,"Library panel created from deprecated panels are disabled, can't be added to a new dashboard",2022-12-02 10:30:15+00:00,2024-12-06 02:07:52+00:00,type/bug|stale|area/frontend/library-panels|team/grafana-dashboards|prio/future,closed,https://github.com/grafana/grafana/issues/59698
59936,"Alerting: External Alertmanagers ""Send alerts to"" no default selected",2022-12-07 09:19:27+00:00,2024-12-06 02:07:54+00:00,type/bug|area/alerting|prio/medium|stale|internal,closed,https://github.com/grafana/grafana/issues/59936
60053,Split alert_configuration table in half,2022-12-08 19:48:23+00:00,2024-12-06 02:07:55+00:00,type/bug|area/alerting|stale|type/debt|internal,closed,https://github.com/grafana/grafana/issues/60053
60320,Flaky test: Test_subscribeToFolderChanges in pkg/services/ngalert,2022-12-14 13:55:22+00:00,2024-12-06 02:07:59+00:00,type/bug|area/alerting|stale|internal,closed,https://github.com/grafana/grafana/issues/60320
62084,Alerting: user can update/create templates with the same 'define'.,2023-01-25 10:21:13+00:00,2024-12-06 02:08:01+00:00,type/bug|area/alerting|stale|internal,closed,https://github.com/grafana/grafana/issues/62084
66384,Datasource Test button reports Mimir/Cortex for vanilla Prometheus,2023-04-12 14:12:37+00:00,2024-12-06 02:08:21+00:00,type/bug|area/alerting|area/frontend|stale|internal,closed,https://github.com/grafana/grafana/issues/66384
69511,Alerting: Grafana Alerting should validate and reject rule UIDs which are empty,2023-06-03 00:31:30+00:00,2024-12-06 02:08:26+00:00,type/bug|area/alerting|stale|internal,closed,https://github.com/grafana/grafana/issues/69511
69513,Alerting: Orphaned rules that don't comply with new restrictions around folders are uneditable,2023-06-03 00:44:15+00:00,2024-12-06 02:08:27+00:00,type/bug|area/alerting|stale|internal,closed,https://github.com/grafana/grafana/issues/69513
94071,Build a Docker image: yarn install --immutable failing,2024-10-01 11:54:29+00:00,2024-12-06 18:04:15+00:00,type/bug|type/build-packaging|automated-triage,closed,https://github.com/grafana/grafana/issues/94071
97451,Compile error with the newest main,2024-12-05 02:43:11+00:00,2024-12-06 18:05:11+00:00,type/bug|type/build-packaging|area/playlist|automated-triage,closed,https://github.com/grafana/grafana/issues/97451
66058,"Some Contact Points show ""no attempts"" even though alerts were delivered",2023-04-05 18:36:44+00:00,2024-12-07 02:06:36+00:00,type/bug|area/alerting|stale|internal,closed,https://github.com/grafana/grafana/issues/66058
92949,Grafana: Grafana 11.2.0 systemd unit  cannot be enabled in Enterprise Linux 9 variants by default,2024-09-04 16:46:38+00:00,2024-12-07 16:05:08+00:00,type/bug|type/build-packaging|area/backend|area/configuration|automated-triage,closed,https://github.com/grafana/grafana/issues/92949
77898,Transformation: Prevent overriding field conversion in convert field type transform,2023-11-08 22:06:49+00:00,2024-12-09 02:09:54+00:00,type/bug|stale|area/transformations|internal,closed,https://github.com/grafana/grafana/issues/77898
77956,Alerting: External Alertmanager configurations with ambiguous true/false values can't be modified through Grafana UI,2023-11-09 17:25:15+00:00,2024-12-09 02:09:58+00:00,type/bug|area/alerting|stale|internal,closed,https://github.com/grafana/grafana/issues/77956
97618,"Explore: ""line contains"" field in logs search cannot be emptied once a value is set under latest Grafana Cloud version",2024-12-09 07:34:14+00:00,2024-12-10 11:11:20+00:00,type/bug|area/explore|datasource/loki|type/regression|automated-triage,closed,https://github.com/grafana/grafana/issues/97618
62791,modal doesn't close when changing page,2023-02-02 14:50:53+00:00,2024-12-10 13:27:52+00:00,type/bug|area/frontend|area/grafana/ui|area/storybook,closed,https://github.com/grafana/grafana/issues/62791
97634,Panel: can't change legend show,2024-12-09 11:23:11+00:00,2024-12-10 14:13:13+00:00,type/bug|datasource/prometheus|area/panel/edit|type/regression|area/legend|team/grafana-dashboards|automated-triage,closed,https://github.com/grafana/grafana/issues/97634
95558,Importing JSON dashboard with libraryPanels failed,2024-10-29 14:52:45+00:00,2024-12-10 14:30:33+00:00,type/bug|area/dashboard/import|area/frontend/library-panels|team/grafana-dashboards|automated-triage,closed,https://github.com/grafana/grafana/issues/95558
50823,Make field names lower case in the alerting provisioning docs,2022-06-14 18:21:53+00:00,2024-12-11 02:07:45+00:00,type/bug|effort/small|area/alerting|prio/low|stale|internal,closed,https://github.com/grafana/grafana/issues/50823
77124,Stats chart disappeared due to size of stat panel,2023-10-25 10:31:23+00:00,2024-12-11 02:08:03+00:00,type/bug|stale|area/panel/stat,closed,https://github.com/grafana/grafana/issues/77124
96547,"Dashboard: ""last 24h view"" is constantly flickering",2024-11-15 12:57:45+00:00,2024-12-12 09:22:51+00:00,type/bug|area/dashboard/timerange|type/regression|team/grafana-dashboards|automated-triage,closed,https://github.com/grafana/grafana/issues/96547
97821,Fix CVE-2024-45337 - golang.org/x/crypto - grafana,2024-12-12 08:27:02+00:00,2024-12-12 13:21:48+00:00,type/bug|area/security|area/backend|automated-triage,closed,https://github.com/grafana/grafana/issues/97821
79196,Explore / Logs: scroll to top breaking top button area position,2023-12-07 02:36:51+00:00,2024-12-12 14:05:26+00:00,type/bug|prio/low|area/explore,closed,https://github.com/grafana/grafana/issues/79196
97185,Datasource: Double env expansion when parsing the datasource file,2024-11-29 09:53:18+00:00,2024-12-12 14:05:48+00:00,type/bug|automated-triage|area/provisioning/datasources,closed,https://github.com/grafana/grafana/issues/97185
96676,Problems with Jaeger all-in-one datasource,2024-11-19 13:22:15+00:00,2024-12-12 17:25:55+00:00,type/bug|datasource/jaeger|area/panel/traceview|automated-triage,closed,https://github.com/grafana/grafana/issues/96676
97501,Heatmap: Incorrect visualization with frequently repeating values,2024-12-05 18:54:05+00:00,2024-12-12 21:14:06+00:00,type/bug|area/panel/heatmap|automated-triage,closed,https://github.com/grafana/grafana/issues/97501
96934,Alerting: graphite maxDataPoints seems to be hardcoded to 500,2024-11-22 18:23:38+00:00,2024-12-12 23:26:45+00:00,type/bug|effort/small|datasource/graphite|area/alerting|automated-triage,closed,https://github.com/grafana/grafana/issues/96934
97897,id_token_hint missing on logout URL when oauth token has expired,2024-12-13 03:34:41+00:00,2024-12-13 04:03:09+00:00,type/bug|area/auth/oauth|automated-triage,closed,https://github.com/grafana/grafana/issues/97897
94312,"Dashboards: ""Export for sharing"" sometimes leaves original data source UID in place",2024-10-07 10:18:50+00:00,2024-12-13 10:11:26+00:00,type/bug|area/data/export|team/grafana-sharing|automated-triage,closed,https://github.com/grafana/grafana/issues/94312
97157,Explore Logs: `Logs` nav section not hidden when plugin is disabled,2024-11-28 12:41:31+00:00,2024-12-16 13:51:05+00:00,type/bug|area/logs|internal,closed,https://github.com/grafana/grafana/issues/97157
94224,Image Renderer: Fix Chromium issue,2024-10-03 15:42:23+00:00,2024-12-17 11:35:27+00:00,type/bug,closed,https://github.com/grafana/grafana/issues/94224
96262,Port number 3000 added to URL when switching organization and connection time-out error,2024-11-12 09:50:12+00:00,2024-12-17 14:20:19+00:00,type/bug|area/configuration|type/regression|automated-triage,closed,https://github.com/grafana/grafana/issues/96262
97712,OrganizationSwitcher: Incorrect URL on selection,2024-12-10 02:32:58+00:00,2024-12-17 14:21:04+00:00,type/bug|area/admin/user|automated-triage,closed,https://github.com/grafana/grafana/issues/97712
98101,Variable query: Data source variable support is not working,2024-12-17 12:34:06+00:00,2024-12-17 15:31:30+00:00,type/bug|internal|team/grafana-dashboards,closed,https://github.com/grafana/grafana/issues/98101
76292,Panel: Zero year timepicker causes timeseries plugin to crash,2023-10-10 17:21:43+00:00,2024-12-18 02:04:33+00:00,type/bug|stale|area/panel/timeseries|timepicker,closed,https://github.com/grafana/grafana/issues/76292
97093,Public Dashboards:  Datasource-checking for grafana-postgresql-datasource fails,2024-11-27 10:18:04+00:00,2024-12-18 12:54:27+00:00,type/bug|datasource/postgres|type/regression|area/public-dashboards|automated-triage,closed,https://github.com/grafana/grafana/issues/97093
97715,Plugin: Can't update Infinity Plugin on Grafana Cloud,2024-12-10 07:12:13+00:00,2024-12-18 16:25:37+00:00,type/bug|area/plugins|automated-triage,closed,https://github.com/grafana/grafana/issues/97715
98195,"Authentication: frequently logout, auth_token same as prev_auth_token since HA is deployed",2024-12-18 14:34:16+00:00,2024-12-18 19:56:40+00:00,type/bug|area/auth|automated-triage,closed,https://github.com/grafana/grafana/issues/98195
96063,Prometheus: Handling of special characters in variables and label values,2024-11-07 20:49:36+00:00,2024-12-18 21:31:09+00:00,type/bug|datasource/prometheus|internal|grafana/prometheus-library,closed,https://github.com/grafana/grafana/issues/96063
64732,Alerting: Notification Errors API doesn't work on HA,2023-03-14 11:18:15+00:00,2024-12-19 02:05:09+00:00,type/bug|area/alerting|stale|internal,closed,https://github.com/grafana/grafana/issues/64732
96104,Stat panel: Title bar shown despite empty if query options use relative time,2024-11-08 13:19:58+00:00,2024-12-20 12:25:41+00:00,type/bug|area/panel/stat|type/regression|automated-triage,closed,https://github.com/grafana/grafana/issues/96104
64418,Library panel list no longer applies filter by folder after deleting library panel while filter is sill active,2023-03-08 14:38:45+00:00,2024-12-21 02:00:02+00:00,type/bug|area/dashboard|stale|area/frontend/library-panels|team/grafana-dashboards|prio/future,closed,https://github.com/grafana/grafana/issues/64418
66666,Panel link not working in collapsed row with repeated panels,2023-04-17 12:29:30+00:00,2024-12-22 02:05:36+00:00,type/bug|area/dashboard|stale|os/windows|team/grafana-dashboards|prio/future,closed,https://github.com/grafana/grafana/issues/66666
76596,Add variable interpolation when creating alert rule from panel,2023-10-16 06:08:15+00:00,2024-12-22 02:05:44+00:00,type/bug|area/alerting|area/frontend|stale|good first issue,closed,https://github.com/grafana/grafana/issues/76596
77097,tempo is not showing traces when using data links for valid traces,2023-10-24 21:47:06+00:00,2024-12-22 02:05:46+00:00,type/bug|prio/medium|stale|datasource/tempo,closed,https://github.com/grafana/grafana/issues/77097
92762,Explore Metrics with empty graphs due to $__rate_interval,2024-08-30 13:59:39+00:00,2024-12-23 22:04:40+00:00,type/bug|datasource/prometheus|area/explore|area/exploremetrics|automated-triage,closed,https://github.com/grafana/grafana/issues/92762
98072,ExploreMetrics: Style issues when exploring a metric from a dashboard panel extension,2024-12-16 22:24:47+00:00,2024-12-25 06:29:08+00:00,type/bug|internal|area/exploremetrics,closed,https://github.com/grafana/grafana/issues/98072
98346,Panel: Legend click doesn't work,2024-12-22 12:31:52+00:00,2024-12-26 11:44:09+00:00,type/bug|type/regression|area/legend|automated-triage,closed,https://github.com/grafana/grafana/issues/98346
70729,"Dashboards: Using `Repeat for`, the value of row is not set in the PromQL of the first row panel",2023-06-27 07:11:29+00:00,2024-12-28 01:59:32+00:00,type/bug|area/dashboard|datasource/prometheus|stale|area/templating/repeating|team/grafana-dashboards|prio/future,closed,https://github.com/grafana/grafana/issues/70729
46299,"MixedDatasource, one non-defined datasource disables showing available data from others",2022-03-07 15:43:02+00:00,2024-12-29 02:06:17+00:00,type/bug|area/datasource|area/panel/data|stale|team/grafana-dashboards|prio/future,closed,https://github.com/grafana/grafana/issues/46299
96451,Not able to send test email,2024-11-14 11:56:55+00:00,2024-12-30 14:18:16+00:00,type/bug|area/alerting|area/configuration|automated-triage,closed,https://github.com/grafana/grafana/issues/96451
78175,User UI misaligned table cells and tooltip icons,2023-11-15 10:48:35+00:00,2024-12-31 02:00:49+00:00,type/bug|area/auth/oauth|area/frontend|stale|triage/needs-confirmation,closed,https://github.com/grafana/grafana/issues/78175
78900,Alerting: Insights page showing the wrong datasource,2023-11-30 12:33:40+00:00,2024-12-31 02:00:53+00:00,type/bug|area/alerting|stale,closed,https://github.com/grafana/grafana/issues/78900
83806,"After upgrading from 10.0.3 to 10.3.3, dashboard variables are not compatible with Chinese search matching",2024-03-04 01:57:31+00:00,2024-12-31 12:57:03+00:00,type/bug|team/grafana-dashboards,closed,https://github.com/grafana/grafana/issues/83806
95335,Alerting: Fail to query history state events from a Loki-backed instance,2024-10-24 11:04:02+00:00,2025-01-02 08:04:46+00:00,type/bug|area/alerting|datasource/loki|automated-triage,closed,https://github.com/grafana/grafana/issues/95335
98364,[v11.3.2]  Dashboard search results do not match expectations,2024-12-24 13:30:25+00:00,2025-01-02 09:29:03+00:00,type/bug|area/search|type/regression|team/grafana-dashboards|automated-triage,closed,https://github.com/grafana/grafana/issues/98364
93961,Public Dashboards: Latest version of Grafana + JSON API plugin,2024-09-29 06:04:31+00:00,2025-01-02 13:14:20+00:00,type/bug|needs more info|type/regression|area/public-dashboards|datasource/json|automated-triage,closed,https://github.com/grafana/grafana/issues/93961
97881,Dashboards:  Numerical ascending sort of query variable values is broken,2024-12-12 17:08:26+00:00,2025-01-02 15:45:04+00:00,type/bug|type/regression|automated-triage|area/dashboard/variable,closed,https://github.com/grafana/grafana/issues/97881
98447,Grafana: state timeline shows `invalid date`,2025-01-02 14:05:32+00:00,2025-01-02 22:42:39+00:00,type/bug|area/panel/state-timeline|area/panel/status-history|automated-triage,closed,https://github.com/grafana/grafana/issues/98447
78836,Flakey Backend Plugins Integration Test,2023-11-29 17:47:35+00:00,2025-01-04 02:00:01+00:00,type/bug|area/plugins/app|stale|internal,closed,https://github.com/grafana/grafana/issues/78836
67082,Tempo Search editor doesn't return results when searching for multiple non-string attribute values,2023-04-23 21:13:13+00:00,2025-01-06 12:08:17+00:00,type/bug|datasource/tempo|internal,closed,https://github.com/grafana/grafana/issues/67082
98468,XYChart: Legend is missing labels if y field is renamed,2025-01-03 01:18:01+00:00,2025-01-06 12:45:26+00:00,type/bug|area/panel/xychart|internal,closed,https://github.com/grafana/grafana/issues/98468
95433,"Error: no role with name ""fixed:teams:reader""",2024-10-25 17:29:30+00:00,2025-01-06 15:17:10+00:00,type/bug|automated-triage,closed,https://github.com/grafana/grafana/issues/95433
98131,"Line order is reversed after fetching, so line limit applied to end of time range instead of beginning",2024-12-17 17:50:14+00:00,2025-01-06 17:16:31+00:00,type/bug|area/explore|datasource/loki|automated-triage,closed,https://github.com/grafana/grafana/issues/98131
98357,Authentication: Failed to exchange code to token... read: connection reset by peer Error while auth using azuread,2024-12-23 21:20:23+00:00,2025-01-06 19:53:56+00:00,type/bug|area/auth/oauth|area/frontend/login|type/regression|automated-triage,closed,https://github.com/grafana/grafana/issues/98357
98532,Time Picker: Fiscal Year start month closes when you select a new option,2025-01-06 15:38:58+00:00,2025-01-07 13:43:47+00:00,type/bug|area/frontend|timepicker,closed,https://github.com/grafana/grafana/issues/98532
98197,Datasource: Double encoding of URLs when using data proxy,2024-12-18 14:56:32+00:00,2025-01-07 15:27:40+00:00,type/bug|area/plugins|automated-triage,closed,https://github.com/grafana/grafana/issues/98197
71006,Alerting: File provisioning rule export endpoints should escape $variables,2023-06-30 22:30:50+00:00,2025-01-07 22:09:28+00:00,type/bug|area/alerting|area/backend|area/provisioning|internal,closed,https://github.com/grafana/grafana/issues/71006
73349,Alerting: Alert Duration Wrapping in Alert List,2023-08-16 20:11:24+00:00,2025-01-08 02:01:22+00:00,type/bug|effort/small|area/alerting|area/frontend|stale,closed,https://github.com/grafana/grafana/issues/73349
98483,"Dashboards & Library Panels: ""Panel Links"" not working/visible on ""Librarý Panels"", Normal Panels are OK",2025-01-03 14:33:11+00:00,2025-01-08 17:14:20+00:00,type/bug|area/dashboard/links|area/frontend/library-panels|type/regression|team/grafana-dashboards|automated-triage,closed,https://github.com/grafana/grafana/issues/98483
70484,All text after $ is removed from labels from provisioned alerts,2023-06-22 05:31:53+00:00,2025-01-08 18:43:59+00:00,type/bug|area/alerting|area/provisioning,closed,https://github.com/grafana/grafana/issues/70484
95759,"When exporting alerts, variables in labels are removed.",2024-11-02 19:41:04+00:00,2025-01-08 18:45:37+00:00,type/bug|area/alerting|area/data/export|automated-triage,closed,https://github.com/grafana/grafana/issues/95759
67342,"""Phantom"" variables from JavaScript prototype methods break queries",2023-04-27 02:08:11+00:00,2025-01-09 02:15:23+00:00,type/bug|area/dashboard/templating|stale|team/grafana-dashboards|prio/planned,closed,https://github.com/grafana/grafana/issues/67342
98431,Panel: panel type change from geomap to canvas result in crash,2025-01-01 01:39:23+00:00,2025-01-09 02:41:54+00:00,type/bug|area/panel/geomap|area/panel/canvas|automated-triage,closed,https://github.com/grafana/grafana/issues/98431
98005,Variables: auto add empty string variable,2024-12-16 09:15:11+00:00,2025-01-09 04:39:28+00:00,type/bug|automated-triage|area/dashboard/variable,closed,https://github.com/grafana/grafana/issues/98005
98373,Timeseries visualisation: difference in dataframes structure in one vs many timeseries,2024-12-25 09:06:20+00:00,2025-01-09 09:27:47+00:00,type/bug|area/dashboard/data-links|area/transformations|area/panel/timeseries|team/grafana-dashboards|automated-triage,closed,https://github.com/grafana/grafana/issues/98373
68734,Elasticsearch: In Explore we add unnecessary `date_histogram` aggregation when requesting logs,2023-05-18 20:32:10+00:00,2025-01-10 14:27:38+00:00,type/bug|datasource/elasticsearch,closed,https://github.com/grafana/grafana/issues/68734
97960,Grafana UI: Cannot use BarGauge from Grafana UI in custom plugin,2024-12-13 16:38:32+00:00,2025-01-13 08:21:19+00:00,type/bug|area/plugins|area/panel/bargauge|automated-triage,closed,https://github.com/grafana/grafana/issues/97960
98873,Product Area: Short description of bug,2025-01-13 11:00:39+00:00,2025-01-13 12:54:21+00:00,type/bug|area/backend/api|type/build-packaging|area/backend|automated-triage,closed,https://github.com/grafana/grafana/issues/98873
98063,"Navigation bar: v11.4 nav bar highlights ""Dashboards"" rather than specific dashboard.",2024-12-16 18:50:19+00:00,2025-01-13 15:51:16+00:00,type/bug|area/navigation|type/regression|automated-triage,closed,https://github.com/grafana/grafana/issues/98063
60335,"Search: query.sort now insists on ""name_sort"" instead of null when nothing is selected",2022-12-14 15:11:39+00:00,2025-01-13 16:43:58+00:00,type/bug|area/search|area/frontend|bot/no new info|type/regression|team/grafana-dashboards,closed,https://github.com/grafana/grafana/issues/60335
97768,Table: Sorting - Fix direction reset and multi-sort,2024-12-10 19:45:12+00:00,2025-01-13 17:57:32+00:00,type/bug|area/panel/table,closed,https://github.com/grafana/grafana/issues/97768
98831,Panel Inspect: Dashboard log downloads do not substitute variables,2025-01-10 16:59:03+00:00,2025-01-14 08:35:56+00:00,type/bug|area/data/export|automated-triage|area/dashboard/variable,closed,https://github.com/grafana/grafana/issues/98831
98975,Opensearch Datasource with OAuth forward fails to connect 401 after upgrading from 11.2.5 to 11.4.0,2025-01-14 16:17:21+00:00,2025-01-14 16:51:36+00:00,type/bug|area/auth/oauth|type/regression|datasource/opensearch|automated-triage,closed,https://github.com/grafana/grafana/issues/98975
67334,Alerting: Renaming contact point with multiple integrations via provisioning breaks Alertmanager configuration,2023-04-26 21:45:29+00:00,2025-01-14 21:35:48+00:00,type/bug|effort/small|prio/high|area/alerting|area/alerting/notifications|internal,closed,https://github.com/grafana/grafana/issues/67334
98140,Dashboard Legend: Median value not populating,2024-12-17 19:28:25+00:00,2025-01-14 21:38:36+00:00,type/bug|area/legend|automated-triage,closed,https://github.com/grafana/grafana/issues/98140
79588,Frontend Platform: auto complete shifted away from field,2023-12-15 16:57:17+00:00,2025-01-15 01:59:42+00:00,type/bug|area/frontend|stale,closed,https://github.com/grafana/grafana/issues/79588
98736,Orgs: Org deletion does not fully clean things up,2025-01-09 15:20:38+00:00,2025-01-15 14:13:57+00:00,type/bug|area/backend/api,closed,https://github.com/grafana/grafana/issues/98736
97404,Grafana: v11.3.0+security-01 Link to dashbords doesn't work if I'm not logged in to Grafana in the target organization.,2024-12-04 14:03:47+00:00,2025-01-16 08:54:36+00:00,type/bug|area/security|area/dashboard/links|type/regression|team/grafana-dashboards|automated-triage,closed,https://github.com/grafana/grafana/issues/97404
97697,Documentation feedback: /docs/sources/datasources/elasticsearch/configure-elasticsearch-data-source.md,2024-12-09 18:50:34+00:00,2025-01-16 12:40:03+00:00,type/bug|type/docs|datasource/elasticsearch|area/provisioning|automated-triage,closed,https://github.com/grafana/grafana/issues/97697
96951,"Transformations: Filters only display original query results, but not previous transformations",2024-11-23 00:43:02+00:00,2025-01-16 14:45:24+00:00,type/bug|area/transformations|internal|team/grafana-dashboards,closed,https://github.com/grafana/grafana/issues/96951
98453,Grafana fails to open login page when served from subpath v11.4,2025-01-02 15:50:14+00:00,2025-01-16 15:38:19+00:00,type/bug|needs more info|area/configuration|area/frontend/login|type/regression|automated-triage,closed,https://github.com/grafana/grafana/issues/98453
79100,Time series: y-axis labels includes noValue string when decimals = 0,2023-12-05 17:43:41+00:00,2025-01-16 21:25:11+00:00,type/bug|area/panel/timeseries|internal,closed,https://github.com/grafana/grafana/issues/79100
91034,Dashboard: Template variable - Prometheus label values doesn't work in dashboard variable,2024-07-26 09:00:54+00:00,2025-01-17 14:13:32+00:00,type/bug|datasource/prometheus|area/configuration,closed,https://github.com/grafana/grafana/issues/91034
90226,"With v11.0.0, variables field not working in Grafana dashboards",2024-07-09 13:12:54+00:00,2025-01-17 14:14:29+00:00,type/bug|datasource/prometheus|area/configuration,closed,https://github.com/grafana/grafana/issues/90226
88875,Grafana Label Values: not matching metrics and label filters,2024-06-06 19:51:43+00:00,2025-01-17 14:14:59+00:00,type/bug|area/dashboard/templating|needs more info|datasource/prometheus|area/configuration,closed,https://github.com/grafana/grafana/issues/88875
91074,Prometheus: Label values variable query not returning correct set umbrella issue,2024-07-26 16:24:59+00:00,2025-01-17 14:15:12+00:00,type/bug|datasource/prometheus|area/configuration,closed,https://github.com/grafana/grafana/issues/91074
79639,Docs feedback: /docs/sources/administration/provisioning/index.md,2023-12-18 13:35:25+00:00,2025-01-18 01:57:43+00:00,type/bug|type/docs|stale,closed,https://github.com/grafana/grafana/issues/79639
79756,Examplars: stars displayed outside of the panel,2023-12-20 14:35:33+00:00,2025-01-19 02:03:29+00:00,type/bug|stale,closed,https://github.com/grafana/grafana/issues/79756
79779,DashboardScene: Home dashboard may be fetched incorrectly if a dashboard with`home-dashboard` uid has been created,2023-12-21 09:00:54+00:00,2025-01-20 02:00:56+00:00,type/bug|stale|area/scenes|team/grafana-dashboards,closed,https://github.com/grafana/grafana/issues/79779
98099,Dashboards: timeEnd is not consistently interpreted for custom annotations MySQL query,2024-12-17 12:26:49+00:00,2025-01-20 10:04:44+00:00,type/bug|area/backend/db/mysql|team/grafana-dashboards|automated-triage|area/dashboard/annotations,closed,https://github.com/grafana/grafana/issues/98099
93972,Dashboards: Variable query doesn't support Prometheus `or` operation,2024-09-30 07:35:46+00:00,2025-01-20 16:09:33+00:00,type/bug|area/dashboard/templating|needs more info|datasource/prometheus|automated-triage,closed,https://github.com/grafana/grafana/issues/93972
99031,Alerting:  message not sent on slack,2025-01-15 17:03:27+00:00,2025-01-21 08:26:07+00:00,type/bug|area/alerting|automated-triage,closed,https://github.com/grafana/grafana/issues/99031
99297,GUI: Login hint alert,2025-01-21 06:28:05+00:00,2025-01-21 09:19:02+00:00,type/bug|area/configuration|area/frontend/login|automated-triage,closed,https://github.com/grafana/grafana/issues/99297
98847,Library Panel: Name not work,2025-01-12 12:19:42+00:00,2025-01-21 10:32:55+00:00,type/bug|area/frontend/library-panels|team/grafana-dashboards|automated-triage|area/library-panel,closed,https://github.com/grafana/grafana/issues/98847
99146,Flaky test: Loki Query Editor - Autocomplete features should work as expected.,2025-01-17 09:21:18+00:00,2025-01-21 13:39:35+00:00,type/bug|type/e2e|internal,closed,https://github.com/grafana/grafana/issues/99146
99115,Alerting: RBAC users without global silence permissions cannot use default SilenceURL,2025-01-16 19:22:30+00:00,2025-01-21 23:11:23+00:00,type/bug|area/alerting|area/backend|internal,closed,https://github.com/grafana/grafana/issues/99115
79842,"Library Panels: Variables page reports ""unreferenced variables"" despite the library panel using the variable",2023-12-22 19:53:15+00:00,2025-01-22 02:01:38+00:00,type/bug|stale|area/frontend/library-panels|internal,closed,https://github.com/grafana/grafana/issues/79842
99158,Elasticsearch Data Source: Histogram Interval Parsed as Int - Should be Float,2025-01-17 09:58:26+00:00,2025-01-22 11:51:26+00:00,type/bug|effort/small|datasource/elasticsearch|area/panel/heatmap|automated-triage,closed,https://github.com/grafana/grafana/issues/99158
79776,Panels: Description is not full when panel is too close to right side of screen,2023-12-21 07:06:06+00:00,2025-01-22 13:57:43+00:00,type/bug|stale|area/dashboards/panel,closed,https://github.com/grafana/grafana/issues/79776
67330,Alerting: Alertmanager configuration allows two receivers with the same name,2023-04-26 21:20:30+00:00,2025-01-22 15:51:07+00:00,type/bug|prio/high|area/alerting|area/alerting/notifications|effort/medium|internal,closed,https://github.com/grafana/grafana/issues/67330
89117,alerting : notification policies > can't disable grouping if other labels are present,2024-06-12 13:14:09+00:00,2025-01-22 16:22:20+00:00,type/bug|area/alerting|area/frontend,closed,https://github.com/grafana/grafana/issues/89117
81801,Transformations: `groupBy` not handling null values properly,2024-02-02 14:35:08+00:00,2025-01-22 16:37:23+00:00,type/bug|area/frontend|area/transformations|internal,closed,https://github.com/grafana/grafana/issues/81801
98353,Docs: Incorrect chmod command for LetsEncrypt HTTPS integration,2024-12-23 07:29:09+00:00,2025-01-23 09:46:33+00:00,type/bug|type/docs|area/configuration|automated-triage,closed,https://github.com/grafana/grafana/issues/98353
49465,Repeated rows are open/colapsed on refresh,2022-05-24 07:51:05+00:00,2025-01-23 11:50:26+00:00,type/bug|area/templating/repeating|mob-friendly|team/grafana-dashboards|prio/future,closed,https://github.com/grafana/grafana/issues/49465
99198,Alerting: Alertmanager datasource is mistaken as prometheus,2025-01-17 15:23:41+00:00,2025-01-23 16:17:39+00:00,type/bug|area/alerting|datasource/alertmanager|automated-triage,closed,https://github.com/grafana/grafana/issues/99198
97720,State Timeline Panel: Annotation overlays aren't displayed properly,2024-12-10 09:58:24+00:00,2025-01-23 20:20:42+00:00,type/bug|type/regression|area/panel/state-timeline|team/grafana-dashboards|automated-triage|area/dashboard/annotations,closed,https://github.com/grafana/grafana/issues/97720
98739,Public Dashboards: Data is not deleted alongside folder deletions,2025-01-09 15:31:40+00:00,2025-01-23 20:24:00+00:00,type/bug|area/public-dashboards|team/grafana-sharing,closed,https://github.com/grafana/grafana/issues/98739
80264,Dashboard Variables: Metrics regex filter for Label Names query of Prometheus data source doesn't work,2024-01-10 00:47:18+00:00,2025-01-25 13:11:55+00:00,type/bug|prio/medium|datasource/prometheus,closed,https://github.com/grafana/grafana/issues/80264
64685,"Getting ""consider calculating rate"" warning when writing promql with histogram_quantile",2023-03-13 13:04:23+00:00,2025-01-26 17:08:45+00:00,type/bug|prio/low|effort/large|datasource/prometheus,closed,https://github.com/grafana/grafana/issues/64685
79889,Tempo: New lines aren't properly handled in label selectors,2023-12-28 14:51:20+00:00,2025-01-27 02:01:26+00:00,type/bug|prio/medium|stale|datasource/tempo,closed,https://github.com/grafana/grafana/issues/79889
99021,Dashboards: ad-hoc filter for a numeric field causes a page error,2025-01-15 15:05:17+00:00,2025-01-27 19:15:24+00:00,type/bug|effort/small|type/regression|datasource/opensearch|team/grafana-dashboards|automated-triage|area/dashboard/scenes,closed,https://github.com/grafana/grafana/issues/99021
98807,Security: Content Security Policy (CSP) for worker-src missing,2025-01-10 13:01:52+00:00,2025-01-28 13:32:58+00:00,type/bug|area/security|team/grafana-dashboards|area/dashboard/edit|automated-triage,closed,https://github.com/grafana/grafana/issues/98807
95937,Alerting: changing evaluation group for alert rule is broken (v11.1+) - groups modified instead of rules,2024-11-06 09:15:27+00:00,2025-01-28 13:49:48+00:00,type/bug|area/alerting|area/frontend|type/regression|automated-triage,closed,https://github.com/grafana/grafana/issues/95937
99240,VizTooltip: Tooltip displayed off-screen on iOS,2025-01-20 10:52:37+00:00,2025-01-28 14:00:18+00:00,type/bug|type/browser-compatibility|area/tooltip|automated-triage,closed,https://github.com/grafana/grafana/issues/99240
63866,`--Dashboard--` DS not available within `--Mixed` DS,2023-02-28 14:10:19+00:00,2025-01-28 15:32:52+00:00,type/bug|area/datasource|area/panel/data|team/grafana-dashboards|prio/future,closed,https://github.com/grafana/grafana/issues/63866
93189,"Dashboards Data Source Select: Mixed Data Source Allows you to select ""Dashboard"" as an option when it shouldn't",2024-09-10 19:56:27+00:00,2025-01-28 18:14:05+00:00,type/bug|internal|team/grafana-dashboards,closed,https://github.com/grafana/grafana/issues/93189
81306,Plugin Development: InternalDataLink does not carry over time range from dashboard panel to explore,2024-01-25 19:51:30+00:00,2025-01-28 18:37:21+00:00,type/bug|type/tech|prio/medium|needs investigation,closed,https://github.com/grafana/grafana/issues/81306
98434,[PENTEST FINDINGS] Remove the hard-coded TLS ciphers in http.go,2025-01-02 05:22:46+00:00,2025-01-28 19:57:55+00:00,type/bug|area/security|area/backend/api|automated-triage,closed,https://github.com/grafana/grafana/issues/98434
99541,Can't use annotation query for loki datasource in garafana,2025-01-26 16:47:08+00:00,2025-01-29 12:14:37+00:00,type/bug|area/annotations|area/panel/timeseries|team/grafana-dashboards|automated-triage,closed,https://github.com/grafana/grafana/issues/99541
89226,Bar Gauge: Vertical scroll bar obscures value,2024-06-14 13:33:19+00:00,2025-01-29 19:02:57+00:00,type/bug|area/panel/bargauge|triage/needs-confirmation,closed,https://github.com/grafana/grafana/issues/89226
96897,Scrollbar overlaps numbers on Bar Gauge,2024-11-22 10:07:43+00:00,2025-01-29 19:02:58+00:00,type/bug|area/panel/bargauge|type/regression|area/dashboards/panel|automated-triage,closed,https://github.com/grafana/grafana/issues/96897
98374,Data sources: PostgreSQL $__timeFilter() doesn't work with functions inside,2024-12-25 18:32:42+00:00,2025-01-29 22:01:16+00:00,type/bug|datasource/postgres|automated-triage,closed,https://github.com/grafana/grafana/issues/98374
99628,Failed to load rules state from Mimir when Mimir datasource has multiple values of X-Scope-OrgID header,2025-01-28 08:35:10+00:00,2025-01-29 23:28:29+00:00,type/bug|area/alerting|automated-triage,closed,https://github.com/grafana/grafana/issues/99628
99349,Websockets: Requests fail silently when message size is greater than 64KB,2025-01-22 01:13:03+00:00,2025-01-30 10:24:30+00:00,type/bug|area/live|internal,closed,https://github.com/grafana/grafana/issues/99349
58757,MSSQL: Query-builder cannot handle hyphens in database names OR alternate schemas,2022-11-15 15:01:07+00:00,2025-01-30 20:36:46+00:00,type/bug|prio/high|datasource/mssql|effort/medium,closed,https://github.com/grafana/grafana/issues/58757
91101,Explore: Incorrect time range used when searching metrics,2024-07-27 14:55:39+00:00,2025-01-31 09:39:23+00:00,type/bug|prio/low|datasource/prometheus|area/explore,closed,https://github.com/grafana/grafana/issues/91101
99538,Prometheus: Always getting expand rules warning even though the rule is unique,2025-01-25 20:46:42+00:00,2025-01-31 10:46:40+00:00,type/bug|datasource/prometheus|internal,closed,https://github.com/grafana/grafana/issues/99538
99726,Footer Not Hidden on Login Page in Grafana 11.5.0,2025-01-29 04:56:43+00:00,2025-01-31 14:00:25+00:00,type/bug|area/configuration|area/frontend/login|automated-triage,closed,https://github.com/grafana/grafana/issues/99726
79945,Explore: Graph should not process frames while data is loading,2024-01-02 17:23:31+00:00,2025-02-01 02:02:55+00:00,type/bug|prio/low|area/explore|stale,closed,https://github.com/grafana/grafana/issues/79945
72837,Timeseries Plugin has an issue: QueryData method in backend plugin not triggered on Apply button click (first time),2023-08-03 15:47:56+00:00,2025-02-02 02:02:08+00:00,type/bug|stale|area/panel/timeseries,closed,https://github.com/grafana/grafana/issues/72837
79950,The Dashboard Get help feature i.e. Randomize Data does not randomize integer values,2024-01-02 21:33:10+00:00,2025-02-03 02:00:36+00:00,type/bug|area/dashboard|stale|area/dashboards/panel,closed,https://github.com/grafana/grafana/issues/79950
79951,The Dashboard Get help feature i.e. Randomize Data does not randomize the Panel field names,2024-01-02 21:38:28+00:00,2025-02-03 02:00:37+00:00,type/bug|area/dashboard|stale|area/dashboards/panel,closed,https://github.com/grafana/grafana/issues/79951
99860,Query Editor (Code): 11.5: Cursor and Selection positions are off,2025-01-31 07:33:01+00:00,2025-02-03 13:31:22+00:00,type/bug|area/grafana/ui|type/regression|automated-triage,closed,https://github.com/grafana/grafana/issues/99860
92984,Grafana: SMTP - EOF - error on helm chart 8.2.1 / app 11.1.0 or higher ...,2024-09-05 14:23:20+00:00,2025-02-04 09:29:25+00:00,type/bug|area/alerting|area/alerting/notifications|area/backend|area/configuration|type/regression|automated-triage,closed,https://github.com/grafana/grafana/issues/92984
99354,Playlist: can't come back to playlist view,2025-01-22 08:13:45+00:00,2025-02-04 10:44:55+00:00,type/bug|area/playlist|automated-triage,closed,https://github.com/grafana/grafana/issues/99354
97838,"""Shorten URL"" broken since 11.3.0",2024-12-12 12:21:56+00:00,2025-02-04 13:00:56+00:00,type/bug|area/backend/db|prio/support-subscription|area/backend|type/regression|prio/customer-support,closed,https://github.com/grafana/grafana/issues/97838
77319,TraceQL Autocomplete exits when typing . if there is no closing },2023-10-27 19:56:36+00:00,2025-02-05 02:01:13+00:00,type/bug|area/explore|stale|area/tracing|datasource/tempo|internal,closed,https://github.com/grafana/grafana/issues/77319
79311,Organisations: new organisations can not be viewed/edited/deleted by admin user,2023-12-11 13:01:08+00:00,2025-02-05 02:01:19+00:00,type/bug|area/admin/user|stale,closed,https://github.com/grafana/grafana/issues/79311
75268,Alerting: Alert List Panel: The scroll slider does not work,2023-09-22 08:46:55+00:00,2025-02-05 12:13:02+00:00,type/bug|area/alerting|area/frontend,closed,https://github.com/grafana/grafana/issues/75268
99640,"Grafana Live: erratic behaviour, dropped data, screen not refreshing",2025-01-28 11:08:47+00:00,2025-02-06 13:15:45+00:00,type/bug|area/backend/db/postgres|area/streaming|automated-triage,closed,https://github.com/grafana/grafana/issues/99640
96651,Azure Monitor: Current-user auth errors when viewing subscriptions and resources,2024-11-19 00:52:34+00:00,2025-02-06 14:25:42+00:00,type/bug|area/auth|datasource/azure|effort/medium|automated-triage,closed,https://github.com/grafana/grafana/issues/96651
65767,alert rule editable permission is not working as expected,2023-04-03 06:39:00+00:00,2025-02-06 15:44:29+00:00,type/bug|area/alerting|area/dashboard/folders|stale,closed,https://github.com/grafana/grafana/issues/65767
100137,Fix Slider input field width regression,2025-02-05 17:25:10+00:00,2025-02-06 16:14:39+00:00,type/bug|area/grafana/ui,closed,https://github.com/grafana/grafana/issues/100137
69172,Alerting UI: Existing Label values fails to pre-populate when accessing the alert rule via a panel,2023-05-26 13:56:30+00:00,2025-02-06 16:27:00+00:00,type/bug|effort/small|area/alerting|prio/medium|area/frontend,closed,https://github.com/grafana/grafana/issues/69172
69777,Alerting: Reloading page after clicking clone alert rule raises an error,2023-06-08 10:27:08+00:00,2025-02-06 16:33:58+00:00,type/bug|area/alerting|area/frontend|stale|internal,closed,https://github.com/grafana/grafana/issues/69777
96677,"Auth: Okta breaks in 11.3, works in 11.2",2024-11-19 13:31:15+00:00,2025-02-06 18:44:45+00:00,type/bug|area/auth/oauth|type/regression|automated-triage,closed,https://github.com/grafana/grafana/issues/96677
100217,Go 1.23: Additional key exchange mechanism X25519Kyber768Draft00 causes AWS Network Firewall to drop packets,2025-02-06 16:19:11+00:00,2025-02-06 18:45:31+00:00,type/bug|area/security|automated-triage,closed,https://github.com/grafana/grafana/issues/100217
100283,Alerting: channel_not_found error on image upload to slack,2025-02-07 15:06:22+00:00,2025-02-07 15:26:06+00:00,type/bug|area/alerting|area/image-rendering|automated-triage,closed,https://github.com/grafana/grafana/issues/100283
99870,Product Area: Short description of bug,2025-01-31 09:53:27+00:00,2025-02-07 15:27:52+00:00,type/bug|datasource/influxdb|automated-triage|area/provisioning/datasources,closed,https://github.com/grafana/grafana/issues/99870
100104,Navigating away after saving a new dashboard warns about pending changes,2025-02-05 09:03:18+00:00,2025-02-07 17:47:08+00:00,type/bug|area/dashboard|internal|team/grafana-dashboards,closed,https://github.com/grafana/grafana/issues/100104
57060,Series Override color picker does not work (Old graph panel),2022-10-17 08:34:05+00:00,2025-02-10 02:01:21+00:00,type/bug|area/panel/graph|stale|area/field/overrides|area/dataviz,closed,https://github.com/grafana/grafana/issues/57060
80268,Geomap: Geojson Style rules plus bug,2024-01-10 08:56:48+00:00,2025-02-10 02:01:56+00:00,type/bug|stale|area/panel/geomap,closed,https://github.com/grafana/grafana/issues/80268
100324,"Unable to Install Unsigned Plugin ""haohanyang-mongodb-datasource"" on grafana/otel-lgtm",2025-02-08 23:39:27+00:00,2025-02-10 09:55:56+00:00,type/bug|area/plugins|area/configuration|automated-triage,closed,https://github.com/grafana/grafana/issues/100324
100321,Log sort by time is mixed up if time is same.,2025-02-08 14:32:09+00:00,2025-02-10 11:09:48+00:00,type/bug|area/panel/logs|automated-triage,closed,https://github.com/grafana/grafana/issues/100321
99976,Google BigQuery : `ns_binding_aborted` when use datalink and variables and scenes=true,2025-02-03 14:21:26+00:00,2025-02-10 11:16:22+00:00,type/bug|area/dashboard/data-links|type/regression|datasource/bigquery|team/grafana-dashboards|automated-triage|area/dashboard/variable,closed,https://github.com/grafana/grafana/issues/99976
98283,Alerting: Provisioning API fails with 500 response when trying to batch-create rules in a group with client-provided rule UIDs,2024-12-19 17:10:45+00:00,2025-02-10 15:28:35+00:00,type/bug|area/alerting|internal,closed,https://github.com/grafana/grafana/issues/98283
98223,ExploreMetrics: Errors when using One Of and Not One Of operators in label filters,2024-12-18 20:00:47+00:00,2025-02-10 17:30:01+00:00,type/bug|internal|area/exploremetrics,closed,https://github.com/grafana/grafana/issues/98223
96740,Alerting: Azure Monitor - Failed to build evaluator for queries and expressions: unable to find dependent node 'A',2024-11-20 09:24:03+00:00,2025-02-10 18:16:47+00:00,type/bug|effort/small|area/alerting|datasource/azure|automated-triage,closed,https://github.com/grafana/grafana/issues/96740
95114,"Dashboards: Group By Size ""No Limit"" with limit 500",2024-10-22 03:18:05+00:00,2025-02-10 18:27:48+00:00,type/bug|datasource/elasticsearch|automated-triage,closed,https://github.com/grafana/grafana/issues/95114
98347,Dashboards: Public dashboard is not auto-updating if time range picker is disabled,2024-12-22 15:00:09+00:00,2025-02-10 20:52:29+00:00,type/bug|area/dashboard/timerange|area/public-dashboards|team/grafana-dashboards|automated-triage,closed,https://github.com/grafana/grafana/issues/98347
99418,Monaco Editor: Background color doesn't change when switching themes,2025-01-23 09:30:31+00:00,2025-02-11 07:52:01+00:00,type/bug|area/editor|automated-triage,closed,https://github.com/grafana/grafana/issues/99418
99801,alexanderzobnin-zabbix-app: gpx_zabbix-datasource_linux_amd64: no such file or directory,2025-01-30 11:19:42+00:00,2025-02-11 10:31:18+00:00,type/bug|needs more info|area/plugins|datasource/zabbix|automated-triage,closed,https://github.com/grafana/grafana/issues/99801
100388,PostgreSQL: module.js not being cached,2025-02-10 21:00:31+00:00,2025-02-11 11:08:20+00:00,type/bug|type/performance|automated-triage,closed,https://github.com/grafana/grafana/issues/100388
100439,Auth: Organization mapping doesn't accept organization names,2025-02-11 14:58:20+00:00,2025-02-11 15:21:59+00:00,type/bug|area/auth|area/auth/oauth|automated-triage,closed,https://github.com/grafana/grafana/issues/100439
99574,Cloudwatch Datasource: Localstack CloudWatch Start Query Error with Grafana,2025-01-27 15:24:09+00:00,2025-02-11 19:26:48+00:00,type/bug|datasource/cloudwatch|datasource/cloudwatch logs|automated-triage,closed,https://github.com/grafana/grafana/issues/99574
80488,Table: Resizing table with quick mouse movement detaches mouse from resizing anchor,2024-01-12 20:15:05+00:00,2025-02-12 02:01:32+00:00,type/bug|area/panel/table|stale|no-backport|no-changelog|internal,closed,https://github.com/grafana/grafana/issues/80488
99841,NestedFolders: Picker displays stale data when re-opened,2025-01-30 19:23:32+00:00,2025-02-12 06:16:02+00:00,type/bug|effort/small|prio/medium|pr/external,closed,https://github.com/grafana/grafana/issues/99841
100166,Traces: No data found in response,2025-02-06 06:03:05+00:00,2025-02-12 08:05:11+00:00,type/bug|datasource/tempo|area/panel/traceview|automated-triage,closed,https://github.com/grafana/grafana/issues/100166
98781,Grafana custom panel plugin: UI Library's CSS is being overridden by Grafana starting from version 11.2.0,2025-01-10 05:23:15+00:00,2025-02-12 10:13:35+00:00,type/bug|area/plugins|type/regression|automated-triage,closed,https://github.com/grafana/grafana/issues/98781
98564,ExploreMetrics: Regex metacharacters in label values are improperly escaped in filters,2025-01-06 22:12:49+00:00,2025-02-12 16:29:49+00:00,type/bug|internal|area/exploremetrics,closed,https://github.com/grafana/grafana/issues/98564
97785,Scripted Dashboard Link Broken,2024-12-11 12:00:32+00:00,2025-02-13 14:46:23+00:00,type/bug|area/dashboard/links|type/regression|team/grafana-dashboards|automated-triage,closed,https://github.com/grafana/grafana/issues/97785
100630,ServiceAccounts: Search does not work in SA picker,2025-02-13 15:32:58+00:00,2025-02-13 16:02:53+00:00,type/bug|area/frontend|area/auth/serviceaccount,closed,https://github.com/grafana/grafana/issues/100630
100246,Alerting: alert not triggered,2025-02-07 07:58:24+00:00,2025-02-13 16:28:50+00:00,type/bug|area/alerting|automated-triage,closed,https://github.com/grafana/grafana/issues/100246
53832,Exemplars: different panels use different overlay widgets,2022-08-17 13:30:48+00:00,2025-02-14 02:00:42+00:00,type/bug|area/panel/heatmap|stale,closed,https://github.com/grafana/grafana/issues/53832
77937,Quoted values sent form data links as traceQL query doesn't work as expected,2023-11-09 14:22:59+00:00,2025-02-14 02:01:09+00:00,type/bug|area/explore|stale|area/tracing|datasource/tempo,closed,https://github.com/grafana/grafana/issues/77937
100594,"Grafana OSS server log: table ""derived"" does not exist",2025-02-13 12:01:13+00:00,2025-02-14 09:48:32+00:00,type/bug|area/backend/db|area/backend/db/mysql|area/backend/db/migration|automated-triage,closed,https://github.com/grafana/grafana/issues/100594
99499,Alerting: Creating alert rule is possible when alerting is disabled,2025-01-24 11:49:26+00:00,2025-02-14 11:38:34+00:00,type/bug|area/alerting|automated-triage,closed,https://github.com/grafana/grafana/issues/99499
100723,fix nil pointer exception in `influxql.go`,2025-02-14 12:55:36+00:00,2025-02-14 13:25:27+00:00,type/bug|datasource/influxdb,closed,https://github.com/grafana/grafana/issues/100723
45249,BarChart x tick label rotation causes clipping of top y tick label,2022-02-10 15:58:02+00:00,2025-02-15 01:59:33+00:00,type/bug|stale|area/panel/barchart,closed,https://github.com/grafana/grafana/issues/45249
62384,Bug: Fix public dashboard insight query,2022-10-03 19:00:51+00:00,2025-02-15 01:59:47+00:00,type/bug|stale|area/public-dashboards,closed,https://github.com/grafana/grafana/issues/62384
61441,Canvas: Connections do not follow display order,2023-01-13 01:34:12+00:00,2025-02-15 01:59:51+00:00,type/bug|stale|area/panel/canvas,closed,https://github.com/grafana/grafana/issues/61441
63585,Alerting: Use default queries when clearing/adding queries,2023-02-22 16:58:39+00:00,2025-02-15 01:59:52+00:00,type/bug|area/alerting|area/frontend|stale|internal,closed,https://github.com/grafana/grafana/issues/63585
63796,Alerting: Templating in panels does not work when creating alerts using suggested values,2023-02-27 13:07:16+00:00,2025-02-15 01:59:53+00:00,type/bug|area/alerting|area/frontend|stale|internal,closed,https://github.com/grafana/grafana/issues/63796
64953,Alerting: View Rule should be covered by unit/e2e tests ,2023-03-17 11:54:21+00:00,2025-02-15 01:59:54+00:00,type/bug|area/alerting|area/frontend|stale|type/e2e|internal,closed,https://github.com/grafana/grafana/issues/64953
66626,Annotations: Can't toggle annotations with the same name,2023-04-15 03:52:41+00:00,2025-02-15 01:59:56+00:00,type/bug|area/annotations|stale|area/panel/timeseries,closed,https://github.com/grafana/grafana/issues/66626
67790,Bar Chart: Labels are chopped and overlap when resizing the panel,2023-05-03 22:00:51+00:00,2025-02-15 01:59:58+00:00,type/bug|stale|area/panel/barchart,closed,https://github.com/grafana/grafana/issues/67790
67940,Canvas: Changing element type is inconsistent,2023-05-05 18:41:08+00:00,2025-02-15 01:59:59+00:00,type/bug|stale|area/panel/canvas,closed,https://github.com/grafana/grafana/issues/67940
68211,Annotation Tags: 101st tag in alphabetical order is not displayed in drop-down menu any more,2023-05-10 11:00:40+00:00,2025-02-15 02:00:00+00:00,type/bug|area/dashboard|area/annotations|stale|team/grafana-dashboards|prio/planned,closed,https://github.com/grafana/grafana/issues/68211
68277,"""Config from Query"" disables config overrides",2023-05-11 03:52:52+00:00,2025-02-15 02:00:02+00:00,type/bug|effort/small|help wanted|stale|area/transformations|good first issue|team/grafana-dashboards|prio/future,closed,https://github.com/grafana/grafana/issues/68277
68551,Annotations: color issues with different annotation queries,2023-05-16 14:06:15+00:00,2025-02-15 02:00:04+00:00,type/bug|area/dashboard|area/annotations|stale|team/grafana-dashboards|prio/future,closed,https://github.com/grafana/grafana/issues/68551
69421,AdHoc filters: Editing Adhoc filters removes text value,2023-06-01 22:34:16+00:00,2025-02-15 02:00:06+00:00,type/bug|area/dashboard|stale|internal|team/grafana-dashboards,closed,https://github.com/grafana/grafana/issues/69421
69510,Alerting: Alert rules whose folder does not exist are effectively invisible in the ruler API,2023-06-03 00:24:14+00:00,2025-02-15 02:00:07+00:00,type/bug|area/alerting|stale|internal,closed,https://github.com/grafana/grafana/issues/69510
71237,Annotations: Unable to hover/delete annotation overlapping time region,2023-07-07 18:34:04+00:00,2025-02-15 02:00:10+00:00,type/bug|area/annotations|stale|area/panel/timeseries,closed,https://github.com/grafana/grafana/issues/71237
73274,Bar Gauge: Shades of a Colour alternating when colours are set to the same value,2023-08-15 10:24:22+00:00,2025-02-15 02:00:12+00:00,type/bug|type/ux|area/panel/bargauge|stale,closed,https://github.com/grafana/grafana/issues/73274
73611,Bug: Show pagination in a panel based on filter results,2023-08-22 12:39:27+00:00,2025-02-15 02:00:14+00:00,type/bug|area/panel/table|stale|internal,closed,https://github.com/grafana/grafana/issues/73611
74044,"Alerting: Alert detail page returns ""not found"" when alert rule is reconciling",2023-08-29 16:06:17+00:00,2025-02-15 02:00:16+00:00,type/bug|area/alerting|area/frontend|stale|internal,closed,https://github.com/grafana/grafana/issues/74044
74338,Add support linking existing panels to non-Grafana managed alert rules.,2023-09-04 15:13:59+00:00,2025-02-15 02:00:17+00:00,type/bug|area/alerting|area/frontend|stale|internal,closed,https://github.com/grafana/grafana/issues/74338
74517,BarChart: Highlight full area on hover does not work in light theme ,2023-09-07 09:38:24+00:00,2025-02-15 02:00:18+00:00,type/bug|stale|area/panel/barchart,closed,https://github.com/grafana/grafana/issues/74517
75083,Alerting: Weird behaviour after clicking duplicate action in alert rule.,2023-09-19 10:56:20+00:00,2025-02-15 02:00:20+00:00,type/bug|area/alerting|area/frontend|stale|internal,closed,https://github.com/grafana/grafana/issues/75083
76645,Canvas: Button API Default text settings not updated for existing panels,2023-10-16 16:30:38+00:00,2025-02-15 02:00:23+00:00,type/bug|stale|area/panel/canvas|bug-bash,closed,https://github.com/grafana/grafana/issues/76645
79153,Access Control: Should take access control into consideration for populating plugins/apps in frontendsettings/bootdata,2023-12-06 16:41:58+00:00,2025-02-15 02:00:27+00:00,type/bug|area/plugins|stale|internal,closed,https://github.com/grafana/grafana/issues/79153
80299,Correlations: Save prompt appearing with no changes,2024-01-10 16:18:00+00:00,2025-02-15 02:00:38+00:00,type/bug|prio/medium|area/explore|stale|area/correlations,closed,https://github.com/grafana/grafana/issues/80299
80630,Dashboards: Query inspector escapes the panel name,2024-01-16 15:03:20+00:00,2025-02-15 02:00:43+00:00,type/bug|stale|area/dashboards/panel,closed,https://github.com/grafana/grafana/issues/80630
100794,Dashboard: Panels' titles visible only on hover,2025-02-16 18:11:55+00:00,2025-02-16 18:42:54+00:00,type/bug|type/ux|area/frontend/library-panels|team/grafana-dashboards|area/dashboards/panel|automated-triage,closed,https://github.com/grafana/grafana/issues/100794
75124,Geomap: SVG preview not working for URLs,2023-09-19 18:37:04+00:00,2025-02-17 02:02:59+00:00,type/bug|area/frontend|stale|area/panel/geomap,closed,https://github.com/grafana/grafana/issues/75124
69138,Stat panel Graph mode error,2023-05-26 09:42:36+00:00,2025-02-17 04:13:59+00:00,type/bug|area/panel/stat|triage/needs-confirmation,closed,https://github.com/grafana/grafana/issues/69138
66642,Some labels cannot be searched in alert list view,2023-04-16 19:36:05+00:00,2025-02-17 10:24:12+00:00,type/bug|area/alerting|area/frontend|internal,closed,https://github.com/grafana/grafana/issues/66642
95577,[CloudWatch Datasource] Can't access AWS resources with service account auth (OIDC) in EKS,2024-10-29 20:08:29+00:00,2025-02-17 11:02:42+00:00,type/bug|datasource/cloudwatch|area/auth/serviceaccount|automated-triage,closed,https://github.com/grafana/grafana/issues/95577
94184,nil pointer in cloudwatch dashboard,2024-10-03 08:07:28+00:00,2025-02-17 11:24:00+00:00,type/bug|effort/none|datasource/cloudwatch|automated-triage|area/dashboard/variable,closed,https://github.com/grafana/grafana/issues/94184
95788,Compatibility Issue with Elasticsearch Dashboards on Grafana 8.5.27 vs. Grafana 11.2.0,2024-11-04 15:10:02+00:00,2025-02-17 11:24:38+00:00,type/bug|datasource/elasticsearch|type/regression|automated-triage,closed,https://github.com/grafana/grafana/issues/95788
73685,Grafana External Alert Manager: Does not respect tlsSkipVerify flag,2023-08-23 13:28:34+00:00,2025-02-17 11:43:21+00:00,type/bug|area/alerting|area/configuration,closed,https://github.com/grafana/grafana/issues/73685
99824,"Transformations: Interpolate variables in ""rename fields"" transformation",2025-01-30 16:11:03+00:00,2025-02-17 12:07:12+00:00,type/bug|area/transformations|area/dataviz,closed,https://github.com/grafana/grafana/issues/99824
99627,Datasource: Tempo datasource repeat-by-row templating not working,2025-01-28 08:02:11+00:00,2025-02-17 14:17:41+00:00,type/bug|area/dashboard/templating|datasource/tempo|automated-triage|area/panel/repeat,closed,https://github.com/grafana/grafana/issues/99627
94292,Heap overflow when building grafana frontend from source,2024-10-05 20:02:26+00:00,2025-02-18 14:03:13+00:00,type/bug|type/build-packaging|area/frontend/library-panels|team/grafana-dashboards|automated-triage,closed,https://github.com/grafana/grafana/issues/94292
80834,Logs Panel: Short links don't scroll far enough on items at end of list,2024-01-18 17:39:18+00:00,2025-02-19 02:01:39+00:00,type/bug|area/panel/logs|type/browser-compatibility|stale,closed,https://github.com/grafana/grafana/issues/80834
80890,Alerting: Support asynchronous internal Alertmanager bootstrapping,2024-01-19 13:45:52+00:00,2025-02-19 02:01:40+00:00,type/bug|area/alerting|area/frontend|stale|internal,closed,https://github.com/grafana/grafana/issues/80890
100871,Dashboards:  Dashboard variables -> Query variable -> Query options Label filters not working on v11.5.1,2025-02-18 12:15:37+00:00,2025-02-19 05:26:35+00:00,type/bug|datasource/prometheus|type/regression|automated-triage|area/dashboard/variable,closed,https://github.com/grafana/grafana/issues/100871
97793,API: Dashboard uid or slug required,2024-12-11 14:34:43+00:00,2025-02-19 19:57:02+00:00,type/bug|area/backend/api|type/regression|automated-triage,closed,https://github.com/grafana/grafana/issues/97793
70257,Alerting: Grafana UI doesn't use ?limit_alerts when searching for rules,2023-06-16 16:05:37+00:00,2025-02-20 02:01:34+00:00,type/bug|area/alerting|area/frontend|stale|internal,closed,https://github.com/grafana/grafana/issues/70257
97840,Tooling: 'make update-workspace' seemingly doesn't update all submodules,2024-12-12 12:52:51+00:00,2025-02-20 08:17:15+00:00,type/bug|good first issue|internal,closed,https://github.com/grafana/grafana/issues/97840
101110,no data in `下游Embedding Server可用性` in Uni Predict Server,2025-02-21 03:51:35+00:00,2025-02-21 03:55:55+00:00,type/bug|area/backend|automated-triage,closed,https://github.com/grafana/grafana/issues/101110
97445,Ensure Grafana supports Prometheus 3.0.1 and OpenTelemetry data,2024-12-04 22:22:47+00:00,2025-02-21 10:33:59+00:00,type/bug|datasource/prometheus|automated-triage,closed,https://github.com/grafana/grafana/issues/97445
99654,Grafana: Query Advisor is disabled even when conditions are fulfilled,2025-01-28 12:53:51+00:00,2025-02-21 13:52:59+00:00,type/bug|datasource/prometheus|area/explore|area/generativeai|automated-triage,closed,https://github.com/grafana/grafana/issues/99654
101148,"AzureAD login fails with ""OAuth2 Authorization code was already redeemed""",2025-02-21 14:33:23+00:00,2025-02-21 15:09:48+00:00,type/bug|area/auth/oauth|automated-triage,closed,https://github.com/grafana/grafana/issues/101148
91943,Alerting: AWS SNS integration message is broken,2024-08-15 08:17:11+00:00,2025-02-21 20:22:31+00:00,type/bug|needs more info|area/alerting|needs research,closed,https://github.com/grafana/grafana/issues/91943
72649,Tempo: Service graph filters can include multiple values for same tag,2023-07-31 21:32:32+00:00,2025-02-23 02:05:29+00:00,type/bug|type/ux|prio/low|stale|datasource/tempo,closed,https://github.com/grafana/grafana/issues/72649
77698,MultiSelect: Cannot remove values in opened state ,2023-11-06 10:51:43+00:00,2025-02-23 02:05:36+00:00,type/bug|area/grafana/ui|stale,closed,https://github.com/grafana/grafana/issues/77698
100798,Dashboard Editor: Cursor randomly jumping to the end of the line,2025-02-17 08:38:33+00:00,2025-02-24 10:33:01+00:00,type/bug|datasource/prometheus|area/editor|team/grafana-dashboards|area/dashboard/edit|automated-triage,closed,https://github.com/grafana/grafana/issues/100798
99719,Histogram Panels: Inconsistent tooltip format with multiple queries,2025-01-28 22:40:23+00:00,2025-02-24 13:45:34+00:00,type/bug|area/panel/histogram|area/tooltip|automated-triage,closed,https://github.com/grafana/grafana/issues/99719
100326,Dashboards: Interval Auto Variable does not stick,2025-02-09 04:46:08+00:00,2025-02-25 04:53:53+00:00,type/bug|automated-triage|area/dashboard/variable,closed,https://github.com/grafana/grafana/issues/100326
100359,Set correct OpenTSDB datasource version support,2025-02-10 13:53:30+00:00,2025-02-25 15:18:42+00:00,type/bug|type/docs|datasource/opentsdb|area/configuration|effort/medium|automated-triage,closed,https://github.com/grafana/grafana/issues/100359
94150,"Grafana 11.2 returns ""[sse.dependencyError] did not execute expression [D] due to a failure to of the dependent expression or query [A]""",2024-10-02 13:21:41+00:00,2025-02-25 15:18:53+00:00,type/bug|datasource/opentsdb|area/expressions|type/regression|effort/medium|automated-triage,closed,https://github.com/grafana/grafana/issues/94150
101308,Folder-level RBAC is enforced in non-Enterprise deployments,2025-02-25 17:07:19+00:00,2025-02-26 07:23:36+00:00,type/bug|area/dashboard/folders|type/regression|team/grafana-dashboards|automated-triage,closed,https://github.com/grafana/grafana/issues/101308
100429,"Trace View: 2 span links shown, while data only contains 1 span link",2025-02-11 13:52:18+00:00,2025-02-26 10:32:33+00:00,type/bug|needs investigation|area/panel/traceview|automated-triage,closed,https://github.com/grafana/grafana/issues/100429
101335,New AdHoc filter break possibility to filter multiple values from table,2025-02-26 07:37:22+00:00,2025-02-26 13:45:03+00:00,type/bug|datasource/elasticsearch|area/panel/table|type/regression|automated-triage,closed,https://github.com/grafana/grafana/issues/101335
101305,Alerting: Provisioning fails when setting pending period to 'None',2025-02-25 16:14:53+00:00,2025-02-27 16:18:29+00:00,type/bug|area/alerting|area/provisioning|automated-triage,closed,https://github.com/grafana/grafana/issues/101305
97804,Alerting: yaml for alerts that is exported through web UI is causing grafana to crash on startup,2024-12-11 16:29:44+00:00,2025-02-27 16:20:16+00:00,type/bug|area/alerting|automated-triage,closed,https://github.com/grafana/grafana/issues/97804
93200,Alerting: alert state for provisioned alerts is reset to `Normal (Updated)` on Grafana restart,2024-09-11 05:31:33+00:00,2025-02-27 17:09:45+00:00,type/bug|area/alerting|area/backend|area/provisioning,closed,https://github.com/grafana/grafana/issues/93200
69350,Canvas: Arrows disappear of other panels when exit edit mode in canvas,2023-05-31 22:10:09+00:00,2025-02-28 02:03:23+00:00,type/bug|stale|area/panel/canvas,closed,https://github.com/grafana/grafana/issues/69350
70346,Grafana/UI: IconButton does not seem to have correct intrinsic sizing,2023-06-19 17:14:58+00:00,2025-02-28 02:03:25+00:00,type/bug|area/grafana/ui|stale|internal,closed,https://github.com/grafana/grafana/issues/70346
101448,Grafana Alerting: Alert not evaluated?,2025-02-28 09:08:20+00:00,2025-02-28 12:00:29+00:00,type/bug|area/alerting|datasource/prometheus|automated-triage,closed,https://github.com/grafana/grafana/issues/101448
81567,units of time smaller than the one chosen are not used on axis,2024-01-30 13:13:27+00:00,2025-03-01 02:07:33+00:00,type/bug|area/units|stale|area/panel/timeseries|area/dataviz,closed,https://github.com/grafana/grafana/issues/81567
81697,Explore: Logs cursor not synced in Split View,2024-02-01 11:22:14+00:00,2025-03-04 02:04:32+00:00,type/bug|prio/medium|area/explore|stale,closed,https://github.com/grafana/grafana/issues/81697
81699,Explore: Restore cursor sync in Explore's graph,2024-02-01 11:26:38+00:00,2025-03-04 02:04:33+00:00,type/bug|prio/medium|area/explore|stale,closed,https://github.com/grafana/grafana/issues/81699
49000,geomap visualization ignores geohash-field-name setting,2022-05-16 09:41:18+00:00,2025-03-05 02:03:34+00:00,type/bug|stale|area/panel/geomap,closed,https://github.com/grafana/grafana/issues/49000
101593,Transformations - Variables interpolate in UI,2025-03-05 00:15:47+00:00,2025-03-05 02:06:26+00:00,type/bug|area/transformations|internal|area/dashboard/variable,closed,https://github.com/grafana/grafana/issues/101593
101605,First letter in every word being duplicated in the Query Editor,2025-03-05 09:45:33+00:00,2025-03-05 15:56:04+00:00,type/bug|area/editor|automated-triage,closed,https://github.com/grafana/grafana/issues/101605
99774,Grafana 11.5.0 can't connect to external MySQL database after upgrade from 11.3.1 version,2025-01-29 17:56:11+00:00,2025-03-05 22:33:11+00:00,type/bug|area/backend|area/backend/db/mysql|area/backend/db/migration|type/regression|automated-triage,closed,https://github.com/grafana/grafana/issues/99774
75319,I can create annotations on play.grafana.org as anonymous viewer,2023-09-22 18:59:17+00:00,2025-03-06 11:00:51+00:00,type/bug|area/auth,closed,https://github.com/grafana/grafana/issues/75319
101493,grafana cli: loosing plugins on update,2025-03-02 23:15:48+00:00,2025-03-06 14:59:33+00:00,type/bug|area/plugins|area/admin/user|automated-triage,closed,https://github.com/grafana/grafana/issues/101493
75738,Dashboard not updating repeated panels after changing options,2023-09-29 11:49:50+00:00,2025-03-07 02:04:39+00:00,type/bug|area/dashboard|stale|area/templating/repeating|internal|team/grafana-dashboards,closed,https://github.com/grafana/grafana/issues/75738
78169,panel: candlestick does not honour connect null values never,2023-11-15 08:23:40+00:00,2025-03-10 01:53:17+00:00,type/bug|stale|area/panel/candlestick|triage/needs-confirmation,closed,https://github.com/grafana/grafana/issues/78169
97984,Grafana Play: Many of my old play.grafana.org dashboards are broken,2024-12-13 23:49:02+00:00,2025-03-10 14:27:58+00:00,type/bug|automated-triage,closed,https://github.com/grafana/grafana/issues/97984
101421,Dashboard & datasource plugin: Cannot add new scopedVar from datasource plugin anymore,2025-02-27 14:45:35+00:00,2025-03-10 14:44:58+00:00,type/bug|area/plugins|type/regression|automated-triage|area/dashboard/variable,closed,https://github.com/grafana/grafana/issues/101421
100477,Dashboards: panel breaks with unexpected error where it was working on 11 Feb 2025,2025-02-12 01:55:43+00:00,2025-03-10 15:04:09+00:00,type/bug|area/templating/repeating|type/regression|team/grafana-dashboards|area/dashboards/panel|automated-triage|area/panel/repeat,closed,https://github.com/grafana/grafana/issues/100477
100274,Use of ${__dashboard} in datalink throws error in console when Dashboard Title has space ` `  or `_`,2025-02-07 13:35:49+00:00,2025-03-10 15:14:15+00:00,type/bug|area/dashboard/data-links|type/regression|team/grafana-dashboards|automated-triage|area/dashboard/scenes,closed,https://github.com/grafana/grafana/issues/100274
97759,Kiosk mode is broken since 11.3.0,2024-12-10 17:11:17+00:00,2025-03-10 16:30:17+00:00,type/bug|type/regression|team/grafana-dashboards|automated-triage|area/dashboard/kiosk,closed,https://github.com/grafana/grafana/issues/97759
99752,Dashboards: Export to PDF does not show up on OSS,2025-01-29 13:56:26+00:00,2025-03-10 20:07:01+00:00,type/bug|area/dashboard/links|area/data/export|automated-triage,closed,https://github.com/grafana/grafana/issues/99752
97557,Dashboards: Grafana v11.3.0 panel links no longer update variable value when changed. Always link the intial value unless dashboard is refreshed,2024-12-06 13:30:44+00:00,2025-03-11 09:59:17+00:00,type/bug|area/dashboard/links|type/regression|team/grafana-dashboards|automated-triage,closed,https://github.com/grafana/grafana/issues/97557
98351,Panel Edit: Edit Panel-B causes Panel-A to get changed also,2024-12-23 06:59:29+00:00,2025-03-11 11:07:37+00:00,type/bug|team/grafana-dashboards|area/dashboard/edit|automated-triage,closed,https://github.com/grafana/grafana/issues/98351
101759,Table: Colored Background Cells Overlap Row Dividers in Table Panel broken a table view (Since 11.1.0),2025-03-07 07:27:56+00:00,2025-03-12 13:21:16+00:00,type/bug|area/panel/table|area/frontend/library-panels|type/regression|team/grafana-dashboards|automated-triage,closed,https://github.com/grafana/grafana/issues/101759
99052,Repeated variable value is not rendered correctly in Mysql datasource queries,2025-01-16 01:41:30+00:00,2025-03-12 14:50:47+00:00,type/bug|area/backend/db/mysql|type/regression|team/grafana-dashboards|automated-triage|area/dashboard/variable|area/dashboard/scenes,closed,https://github.com/grafana/grafana/issues/99052
100599,URL broken when switching orgs via link,2025-02-13 12:57:36+00:00,2025-03-13 09:42:13+00:00,type/bug|area/navigation|area/dashboard/links|type/regression|team/grafana-dashboards|automated-triage,closed,https://github.com/grafana/grafana/issues/100599
93528,"Dashboards: Side menu opens at first entry, even in TV mode",2024-09-20 11:35:41+00:00,2025-03-13 11:26:49+00:00,type/bug|type/regression,closed,https://github.com/grafana/grafana/issues/93528
101719,Grafana alerts fail to connect to multiple datasources at the same time,2025-03-06 15:54:29+00:00,2025-03-13 16:49:28+00:00,type/bug|area/alerting|datasource/prometheus|automated-triage,closed,https://github.com/grafana/grafana/issues/101719
101797,Dashboards: Bad url redirect when viewing dashboards in a different org,2025-03-07 14:37:45+00:00,2025-03-14 10:26:19+00:00,type/bug|area/navigation|type/regression|automated-triage,closed,https://github.com/grafana/grafana/issues/101797
86136,Cloudwatch: Regions missing before save,2024-04-15 13:14:59+00:00,2025-03-14 14:54:23+00:00,type/bug|datasource/cloudwatch,closed,https://github.com/grafana/grafana/issues/86136
102053,Dashboards list does not honor `sort=viewed-recently-desc` in url,2025-03-12 16:52:50+00:00,2025-03-14 17:49:19+00:00,type/bug|dogfooding|internal,closed,https://github.com/grafana/grafana/issues/102053
82341,Transformations: Organize fields by name field options can become stale,2024-02-13 07:01:06+00:00,2025-03-15 02:03:30+00:00,type/bug|stale|area/transformations|internal,closed,https://github.com/grafana/grafana/issues/82341
49515,range annotations no longer works,2022-05-24 15:38:13+00:00,2025-03-16 02:08:47+00:00,type/bug|area/annotations|stale|area/panel/timeseries,closed,https://github.com/grafana/grafana/issues/49515
81197,Data Trails: Performance Issues on Metrics Select Page,2024-01-24 19:20:46+00:00,2025-03-16 02:09:25+00:00,type/bug|stale|area/exploremetrics,closed,https://github.com/grafana/grafana/issues/81197
101635,InfluxDB: adhoc filters not handled for raw queries,2025-03-05 17:08:28+00:00,2025-03-17 16:07:34+00:00,type/bug|datasource/influxdb,closed,https://github.com/grafana/grafana/issues/101635
102324,Transforms: Add field from calculation doesn't create new field,2025-03-17 21:10:15+00:00,2025-03-18 00:39:49+00:00,type/bug|datasource/influxdb|area/transformations|type/regression|automated-triage,closed,https://github.com/grafana/grafana/issues/102324
102315,"GET /api/teams/search returns ALL teams, not just the ones from the user",2025-03-17 18:22:57+00:00,2025-03-18 09:23:09+00:00,type/bug|area/admin/user|area/backend/api|automated-triage,closed,https://github.com/grafana/grafana/issues/102315
96916,Cloudwatch plugin: Numeric fields returned by CW Logs query are displayed in scientific notation,2024-11-22 12:53:41+00:00,2025-03-18 13:19:00+00:00,type/bug|effort/small|datasource/cloudwatch logs|area/legend|automated-triage,closed,https://github.com/grafana/grafana/issues/96916
97252,"UI components: Color Picker Input, color popover not working if open via input",2024-12-02 13:31:43+00:00,2025-03-18 15:56:34+00:00,type/bug|effort/small|prio/medium|area/frontend|area/editor|area/storybook|area/panel/edit|team/grafana-dashboards|automated-triage,closed,https://github.com/grafana/grafana/issues/97252
95209,Timerange control (via URL) broken in 11.3.1 when using exp. config setting [date_formats].use_browser_locale = true,2024-10-22 20:32:27+00:00,2025-03-18 18:46:24+00:00,type/bug|area/dashboard/timerange|type/regression|team/grafana-dashboards|automated-triage,closed,https://github.com/grafana/grafana/issues/95209
82507,Query variables do not resolve when changing time range,2024-02-15 08:28:50+00:00,2025-03-19 02:06:16+00:00,type/bug|area/dashboard|stale|internal|team/grafana-dashboards,closed,https://github.com/grafana/grafana/issues/82507
96741,panel title is inserted even if they are empty (for the stat visualization),2024-11-20 09:24:25+00:00,2025-03-19 10:37:30+00:00,type/bug|area/panel/stat|type/regression|automated-triage,closed,https://github.com/grafana/grafana/issues/96741
102317,"Grafana display returned data from query in ""wide"" format without refid",2025-03-17 19:09:03+00:00,2025-03-19 12:28:29+00:00,type/bug|area/transformations|datasource/zabbix|automated-triage,closed,https://github.com/grafana/grafana/issues/102317
95790,Dashboards: Wrong auto migration from Graph panel (with Bars enabled) to Time Series panel,2024-11-04 15:45:05+00:00,2025-03-19 12:30:51+00:00,type/bug|area/panel/graph|area/panel/timeseries|area/panel/barchart|automated-triage,closed,https://github.com/grafana/grafana/issues/95790
99988,Prometheus: $__rate_interval as value for min step of incremental query is broken,2025-02-03 16:05:55+00:00,2025-03-19 12:53:23+00:00,type/bug|datasource/prometheus|bot/no new info|area/panel/timeseries|type/regression|automated-triage,closed,https://github.com/grafana/grafana/issues/99988
102428,"Combobox: ""Maximum call stack size exceeded"" error when there is a long list of options",2025-03-19 09:57:56+00:00,2025-03-19 13:43:01+00:00,type/bug|internal,closed,https://github.com/grafana/grafana/issues/102428
84071,"Dashboards: With new dashboard, prompt to save dashboard missing",2024-03-07 13:23:53+00:00,2025-03-19 13:53:04+00:00,type/bug|area/dashboard|stale|team/grafana-dashboards,closed,https://github.com/grafana/grafana/issues/84071
102313,"After successful login via GENERIC_OAUTH, I am redirected to the root page rather then the dashboard",2025-03-17 18:16:16+00:00,2025-03-19 14:33:35+00:00,type/bug|area/auth/oauth|area/frontend/login|automated-triage,closed,https://github.com/grafana/grafana/issues/102313
101267,Login: Redirect to main page instead of called one after going through OAuth2 login process,2025-02-25 08:10:22+00:00,2025-03-19 14:36:21+00:00,type/bug|area/auth/oauth|area/frontend/login|type/regression|automated-triage,closed,https://github.com/grafana/grafana/issues/101267
102422,Bug: RBAC API 403 for datasources:drilldown Action Permission,2025-03-19 08:10:39+00:00,2025-03-20 04:13:22+00:00,type/bug|area/backend/api|automated-triage,closed,https://github.com/grafana/grafana/issues/102422
97439,Grafana-Docker: introduction/PR of ResourceIndex + Bleve causing unsolvable vulnerability CVE-2022-31022 - blevesearch/bleve/v2,2024-12-04 20:29:42+00:00,2025-03-20 10:19:59+00:00,type/bug|area/security|area/backend|automated-triage,closed,https://github.com/grafana/grafana/issues/97439
102078,Frontend Core Panel Migrations - `table` panel migration issue,2025-03-13 04:26:12+00:00,2025-03-20 13:43:33+00:00,type/bug|area/panel/table|internal|area/dataviz,closed,https://github.com/grafana/grafana/issues/102078
101793,Prometheus: Time range change should be reflected in variable calls,2025-03-07 14:12:38+00:00,2025-03-21 09:08:24+00:00,type/bug|prio/high|datasource/prometheus|effort/x-large|internal,closed,https://github.com/grafana/grafana/issues/101793
102432,Plugins: public_key_retrieval_disabled doesn't fully disable public key retrieval,2025-03-19 10:14:03+00:00,2025-03-21 12:35:45+00:00,type/bug|area/plugins|automated-triage,closed,https://github.com/grafana/grafana/issues/102432
101344,Combobox: Options truncate when on the right side of the page,2025-02-26 11:10:23+00:00,2025-03-21 13:28:54+00:00,type/bug|effort/small|prio/low|area/grafana/ui|onboarding,closed,https://github.com/grafana/grafana/issues/101344
102459,Grafana: Migration from sqlite 3 to postgreSQL 16.2.0,2025-03-19 14:13:21+00:00,2025-03-21 13:51:51+00:00,type/bug|area/backend/db/sqlite|area/backend/db/postgres|area/backend/db/migration|automated-triage,closed,https://github.com/grafana/grafana/issues/102459
99972,DataLinks menu doesn't appear in the right place on a Trace panel,2025-02-03 14:03:05+00:00,2025-03-24 10:47:58+00:00,type/bug|needs more info|type/ux|area/dashboard/data-links|type/regression|team/grafana-dashboards|automated-triage,closed,https://github.com/grafana/grafana/issues/99972
101371,Ad hoc filters not working with Tempo,2025-02-25 15:41:06+00:00,2025-03-24 12:56:53+00:00,type/bug|area/dashboard|area/panel/table|area/tracing|datasource/tempo,closed,https://github.com/grafana/grafana/issues/101371
96899,Dashboard variables with InfluxDB queries no longer return values,2024-11-22 10:10:10+00:00,2025-03-24 18:39:01+00:00,type/bug|datasource/influxdb|type/regression|automated-triage|area/dashboard/variable,closed,https://github.com/grafana/grafana/issues/96899
102743,Bar gauge value outside display aria,2025-03-24 19:11:28+00:00,2025-03-24 21:38:51+00:00,type/bug|area/panel/bargauge|type/regression|automated-triage,closed,https://github.com/grafana/grafana/issues/102743
102037,SQL Expressions: Time Series Multi Responses not Converting Correctly,2025-03-12 15:11:55+00:00,2025-03-25 16:35:47+00:00,type/bug|internal|area/expressions/sql,closed,https://github.com/grafana/grafana/issues/102037
102507,Product Area: Filter can not work and Page Error,2025-03-20 02:51:40+00:00,2025-03-26 02:39:10+00:00,type/bug|datasource/elasticsearch|team/grafana-dashboards|automated-triage|area/dashboard/scenes,closed,https://github.com/grafana/grafana/issues/102507
102480,Dashboards: OrgID redirection duplicates URL path,2025-03-19 16:42:04+00:00,2025-03-26 09:38:57+00:00,type/bug|area/dashboard/links|team/grafana-dashboards|automated-triage,closed,https://github.com/grafana/grafana/issues/102480
102742,Dashboards: Metric label containing double-quotes causes error,2025-03-24 19:04:50+00:00,2025-03-26 16:58:33+00:00,type/bug|datasource/prometheus|area/panel/table|automated-triage|area/dashboard/variable,closed,https://github.com/grafana/grafana/issues/102742
102215,Combobox: Doesn't work properly when mixing grouped and ungrouped options,2025-03-14 15:38:42+00:00,2025-03-26 19:43:37+00:00,type/bug|area/grafana/ui|onboarding|internal,closed,https://github.com/grafana/grafana/issues/102215
59719,"Panel edit: Cannot find ""Logarithmic"" via options search",2022-12-02 13:58:07+00:00,2025-03-27 02:06:03+00:00,type/bug|area/ux|stale|area/panel/edit,closed,https://github.com/grafana/grafana/issues/59719
61010,Overlapping annotations with endTime does not show full annotation span,2023-01-04 22:56:35+00:00,2025-03-27 09:12:20+00:00,type/bug|area/annotations|team/grafana-dashboards,closed,https://github.com/grafana/grafana/issues/61010
101516,Dashboard URL path duplication when accessing Grafana behind Nginx (404 Not Found),2025-03-03 14:02:32+00:00,2025-03-27 12:49:16+00:00,type/bug|area/backend|area/configuration|type/regression|automated-triage,closed,https://github.com/grafana/grafana/issues/101516
102678,Navigation: Bookmarks are not working correctly under subpath,2025-03-24 06:41:43+00:00,2025-03-27 14:00:18+00:00,type/bug|area/navigation|automated-triage,closed,https://github.com/grafana/grafana/issues/102678
90556,"Error ""r.join is not a function"" on query builder mode reload",2024-07-17 19:02:11+00:00,2025-03-27 14:57:00+00:00,type/bug|datasource/mysql|datasource/postgres,closed,https://github.com/grafana/grafana/issues/90556
102889,DatasourceNoData Alert Keeps Sending Notifications to Telegram in Grafana v11.6.0 and v11.5.3,2025-03-26 12:57:22+00:00,2025-03-27 19:24:28+00:00,type/bug|area/alerting|automated-triage,closed,https://github.com/grafana/grafana/issues/102889
80131,NestedFolders: API reports sharedwithme psuedo-folder has parent of sharedwithme,2024-01-08 11:16:43+00:00,2025-03-29 02:05:36+00:00,type/bug|prio/low|stale|internal,closed,https://github.com/grafana/grafana/issues/80131
83473,Override grouping default value inconsistency,2024-02-27 08:52:17+00:00,2025-03-29 02:06:00+00:00,type/bug|area/alerting|area/frontend|stale|internal,closed,https://github.com/grafana/grafana/issues/83473
83537,XYChart: TestData using Logs causes a crash,2024-02-27 16:55:44+00:00,2025-03-29 02:06:03+00:00,type/bug|stale|area/panel/xychart|area/dataviz,closed,https://github.com/grafana/grafana/issues/83537
62379,"Task: when admin adds Admin or Edit permission to a user for a dashboard, public dashboard permission is not added/set",2022-10-21 19:58:05+00:00,2025-03-30 02:11:07+00:00,type/bug|stale|area/public-dashboards|team/grafana-sharing,closed,https://github.com/grafana/grafana/issues/62379
74627,Cloudwatch Logs: Using variable as a datasource breaks the log groups configuration when the variable value changes,2023-09-08 21:10:09+00:00,2025-03-30 02:11:49+00:00,type/bug|stale|datasource/cloudwatch logs,closed,https://github.com/grafana/grafana/issues/74627
75471,Arithmetic (and potentially other) operators can trigger errors,2023-09-26 16:32:20+00:00,2025-03-30 02:11:53+00:00,type/bug|prio/low|stale|internal,closed,https://github.com/grafana/grafana/issues/75471
75751,Correlations: Ensure correlation is attached to data from right datasource in mixed scenario,2023-09-29 14:02:17+00:00,2025-03-30 02:11:54+00:00,type/bug|prio/medium|area/explore|stale|area/correlations,closed,https://github.com/grafana/grafana/issues/75751
63791,Grafana parser does not accept environment variable in quotes that are not used as strings,2023-02-27 11:35:34+00:00,2025-03-31 02:10:16+00:00,type/bug|area/backend/config|area/docker|stale,closed,https://github.com/grafana/grafana/issues/63791
67789,Query builder: cloudwatch query builder does not generate code,2023-05-03 21:22:10+00:00,2025-03-31 02:10:24+00:00,type/bug|area/frontend|area/datasource/frontend|area/ux|stale|area/query-editor,closed,https://github.com/grafana/grafana/issues/67789
82903,Data Link: variable to=${__value.time} doesn't work correct in Grafana 10.3,2024-02-16 14:30:33+00:00,2025-03-31 02:11:02+00:00,type/bug|needs investigation|area/dashboard/data-links|stale|team/grafana-dashboards,closed,https://github.com/grafana/grafana/issues/82903
82906,Dashboards: Time-range dependent variables in dashboard URL not updated there on time range update,2024-02-16 14:56:48+00:00,2025-03-31 02:11:03+00:00,type/bug|area/dashboard|needs investigation|stale|team/grafana-dashboards,closed,https://github.com/grafana/grafana/issues/82906
101468,"Login: Default ""Update Your Password"" screen is unclickable",2025-02-28 15:14:48+00:00,2025-03-31 10:00:07+00:00,type/bug|area/frontend/login,closed,https://github.com/grafana/grafana/issues/101468
102811,SQL Expressions: Panic with basic aggregation,2025-03-25 16:36:55+00:00,2025-03-31 11:28:21+00:00,type/bug|internal|area/expressions/sql,closed,https://github.com/grafana/grafana/issues/102811
103081,Dashboards: dashboard logs panel 'show context error with  no more logs available',2025-03-31 08:20:22+00:00,2025-03-31 14:26:00+00:00,type/bug|area/panel/logs|team/grafana-dashboards|area/dashboards/panel|automated-triage,closed,https://github.com/grafana/grafana/issues/103081
97051,DataSource Provisioning: prune setting does not work as expected on Kubernetes,2024-11-26 15:17:44+00:00,2025-03-31 14:52:13+00:00,type/bug|datasource/prometheus|automated-triage|area/provisioning/datasources,closed,https://github.com/grafana/grafana/issues/97051
89127,Cloudwatch: Difficulties using PDC and Grafana Assume Role feature together,2024-06-12 16:17:18+00:00,2025-03-31 15:02:23+00:00,type/bug|datasource/cloudwatch|internal,closed,https://github.com/grafana/grafana/issues/89127
102483,Product Area: Could not find plugin definition for data source,2025-03-19 17:22:22+00:00,2025-03-31 15:12:33+00:00,type/bug|area/plugins|automated-triage,closed,https://github.com/grafana/grafana/issues/102483
102059,"Prometheus: Wrong ""Frame Type"" with Format As Table",2025-03-12 18:21:24+00:00,2025-03-31 16:43:45+00:00,type/bug|datasource/prometheus|area/dataplane|internal|area/expressions/sql,closed,https://github.com/grafana/grafana/issues/102059
63740,Rename Duration / Start time labels to prevent collision between traces and spans,2023-02-24 13:46:52+00:00,2025-04-01 02:13:56+00:00,type/bug|prio/medium|stale|area/tracing|datasource/tempo,closed,https://github.com/grafana/grafana/issues/63740
63987,TimeSeries: timeSeriesLong frames don't toggle properly via legend,2023-03-01 23:34:18+00:00,2025-04-01 02:13:58+00:00,type/bug|stale|area/panel/timeseries|area/legend,closed,https://github.com/grafana/grafana/issues/63987
80139,Datasource plugin: CircularDataFrame makes graphs not show up in query editor,2024-01-08 12:20:07+00:00,2025-04-01 02:14:11+00:00,type/bug|stale|area/panel/timeseries,closed,https://github.com/grafana/grafana/issues/80139
99417,NestedFolderPicker: Shared with me folder duplicates,2025-01-23 09:25:37+00:00,2025-04-01 12:13:01+00:00,type/bug|help wanted|needs investigation|area/frontend|onboarding|internal,closed,https://github.com/grafana/grafana/issues/99417
100545,Tempo: Streaming queries do not work if TLS is enabled and basic auth is not,2025-02-12 18:17:30+00:00,2025-04-01 12:41:27+00:00,type/bug|area/backend/api|area/backend|area/streaming|datasource/tempo|automated-triage,closed,https://github.com/grafana/grafana/issues/100545
103078,Product Area: Short description of bug,2025-03-31 06:48:42+00:00,2025-04-01 21:24:57+00:00,type/bug|type/ux|area/frontend/library-panels|team/grafana-dashboards|automated-triage|area/dashboard/scenes,closed,https://github.com/grafana/grafana/issues/103078
83675,Tracing: When trace to profiles is available the logs icon is missing,2024-02-29 11:07:11+00:00,2025-04-02 02:08:07+00:00,type/bug|stale|datasource/tempo|internal,closed,https://github.com/grafana/grafana/issues/83675
83686,Stat: Label and percentage indicator overflow panel in Graph mode: None,2024-02-29 12:24:29+00:00,2025-04-02 02:08:09+00:00,type/bug|stale|area/panel/stat,closed,https://github.com/grafana/grafana/issues/83686
83777,Alerting: Error copying templates with spaces in their name,2024-03-01 16:20:02+00:00,2025-04-02 02:08:14+00:00,type/bug|area/alerting|stale|internal,closed,https://github.com/grafana/grafana/issues/83777
102114,Loki internal __aggregated_metric__ is not hidden,2025-03-13 14:16:22+00:00,2025-04-02 09:01:50+00:00,type/bug|area/explore|datasource/loki|automated-triage,closed,https://github.com/grafana/grafana/issues/102114
103225,Unable to sort Y axis in heatmap,2025-04-01 18:03:29+00:00,2025-04-02 09:49:37+00:00,type/bug|area/panel/heatmap|automated-triage,closed,https://github.com/grafana/grafana/issues/103225
79785,Api: Lookup by nameOrEmail does not return correct isDissabled value,2023-12-21 10:27:42+00:00,2025-04-02 11:38:12+00:00,type/bug|area/admin/user,closed,https://github.com/grafana/grafana/issues/79785
101507,Query Library: Error when using template variable for data source,2025-03-03 10:02:04+00:00,2025-04-02 14:25:06+00:00,type/bug|internal,closed,https://github.com/grafana/grafana/issues/101507
103295,Dashboard provisioning: Parent folder does not get created during repository generation,2025-04-02 16:07:38+00:00,2025-04-03 11:50:43+00:00,type/bug|area/provisioning,closed,https://github.com/grafana/grafana/issues/103295
100103,plugin installation & 'get version' timeout (TLS Handshake Failure),2025-02-05 08:24:48+00:00,2025-04-03 12:58:16+00:00,type/bug|area/plugins|automated-triage,closed,https://github.com/grafana/grafana/issues/100103
102964,Navigating to Home from a v2 dashboard throws runtime error,2025-03-27 09:12:41+00:00,2025-04-03 13:24:21+00:00,type/bug|area/dashboard|area/dashboard/schemas|internal|team/grafana-dashboards,closed,https://github.com/grafana/grafana/issues/102964
102895,V2 stateless queries: Query kind is incorrectly applied when creating stateless v2 json,2025-03-26 13:53:33+00:00,2025-04-03 15:19:41+00:00,type/bug|area/dashboard|internal|team/grafana-dashboards,closed,https://github.com/grafana/grafana/issues/102895
103245,Generic OIDC fails with 'Too many redirects' after Nginx patch,2025-04-02 01:14:41+00:00,2025-04-03 16:31:38+00:00,type/bug|area/auth/oauth|automated-triage,closed,https://github.com/grafana/grafana/issues/103245
103287,TableNG: Issues with custom/hidden fields,2025-04-02 14:34:20+00:00,2025-04-03 21:54:11+00:00,type/bug|area/panel/table,closed,https://github.com/grafana/grafana/issues/103287
76651,Auto-generate: Panel title / description generation state becomes stale,2023-10-16 19:23:07+00:00,2025-04-04 02:06:38+00:00,type/bug|stale|bug-bash|area/dashgpt|area/generativeai,closed,https://github.com/grafana/grafana/issues/76651
102882,PanelEdit: PanelDataErrorView CTAs do not work in scenes,2025-03-26 11:47:40+00:00,2025-04-04 12:12:53+00:00,type/bug|area/scenes|dogfooding|internal|team/grafana-dashboards|area/dashboard/scenes,closed,https://github.com/grafana/grafana/issues/102882
99675,Color picker: Custom color tab resize places mouse outside of hover area,2025-01-28 15:14:06+00:00,2025-04-04 14:19:10+00:00,type/bug|effort/small|prio/medium|internal|area/product-design,closed,https://github.com/grafana/grafana/issues/99675
103510,Explore: Query Inspector does not show any content,2025-04-07 08:16:06+00:00,2025-04-07 09:12:24+00:00,type/bug|area/explore,closed,https://github.com/grafana/grafana/issues/103510
102111,Cisco webex teams contact point is not working,2025-03-13 13:44:20+00:00,2025-04-07 13:54:02+00:00,type/bug|area/alerting|automated-triage,closed,https://github.com/grafana/grafana/issues/102111
102840,TableNG: Bug Bash,2025-03-25 20:58:07+00:00,2025-04-07 15:53:17+00:00,bug-bash,closed,https://github.com/grafana/grafana/issues/102840
103264,UnifiedDashboardScenePageStateManager broke dashboard reload on params change feature in v1,2025-04-02 09:44:03+00:00,2025-04-08 10:23:17+00:00,type/bug|area/dashboard|internal|team/grafana-dashboards,closed,https://github.com/grafana/grafana/issues/103264
84042,"Dashboards: Visiting /dashboards itself causes ""Page error""",2024-03-06 23:05:12+00:00,2025-04-08 15:48:38+00:00,type/bug|area/dashboard|team/grafana-dashboards,closed,https://github.com/grafana/grafana/issues/84042
103167,the configuration file passed through the YAML file does not take effect.,2025-04-01 07:36:41+00:00,2025-04-09 07:10:19+00:00,type/bug|area/provisioning|datasource/tempo|automated-triage,closed,https://github.com/grafana/grafana/issues/103167
92270,PostgreSQL Datasource: connection to the database is lost,2024-08-22 08:28:55+00:00,2025-04-09 08:23:32+00:00,type/bug|datasource/postgres|area/provisioning|area/explore|automated-triage,closed,https://github.com/grafana/grafana/issues/92270
103637,Workload identity: `failed to retrieve Azure access token` on first call,2025-04-08 16:48:20+00:00,2025-04-09 10:50:50+00:00,type/bug|area/auth|area/explore|automated-triage|area/provisioning/datasources,closed,https://github.com/grafana/grafana/issues/103637
103695,Datasources: tempo plugin failed,2025-04-09 10:52:40+00:00,2025-04-09 12:41:05+00:00,type/bug|area/plugins|datasource/tempo|automated-triage,closed,https://github.com/grafana/grafana/issues/103695
99946,Dashboard: vertical space keeps shrinking with new releases,2025-02-02 20:34:18+00:00,2025-04-09 12:51:24+00:00,type/bug|type/ux|area/dashboard/rows|team/grafana-dashboards|automated-triage,closed,https://github.com/grafana/grafana/issues/99946
102718,Security scan finds known vulnerabilities in Grafana Grafana v11.5.2 (598e0338d5),2025-03-24 14:43:21+00:00,2025-04-09 13:13:34+00:00,type/bug|area/security|automated-triage,closed,https://github.com/grafana/grafana/issues/102718
102967,"NaN value not replaced by 0 by using all the options (value mapping, Transform)",2025-03-27 09:34:17+00:00,2025-04-09 16:26:15+00:00,type/bug|area/transformations|area/expressions|automated-triage,closed,https://github.com/grafana/grafana/issues/102967
103672,Table visualization: Re-draw panel without need,2025-04-09 07:55:48+00:00,2025-04-10 09:21:41+00:00,type/bug|type/ux|area/panel/table|team/grafana-dashboards|automated-triage|area/dashboard/settings,closed,https://github.com/grafana/grafana/issues/103672
103675,Dashboards and folder links: Links don't work when there is a browser session in another org,2025-04-09 08:00:43+00:00,2025-04-10 11:31:29+00:00,type/bug|area/dashboard/folders|area/dashboard/links|triage/needs-confirmation|team/grafana-dashboards|automated-triage,closed,https://github.com/grafana/grafana/issues/103675
103538,"Logs panel: wrapped lines overflow the container, adjusting automatically on scroll",2025-04-07 13:39:15+00:00,2025-04-10 14:30:15+00:00,type/bug|prio/high,closed,https://github.com/grafana/grafana/issues/103538
103569,"Alerting: When receiving a request with the status set to “resolved” via webhook, there is no data in the “annotations” field",2025-04-08 03:22:33+00:00,2025-04-10 15:11:29+00:00,type/bug|area/alerting|area/alerting-legacy|automated-triage,closed,https://github.com/grafana/grafana/issues/103569
103597,Alering: Unable to delete file provisioned alert rules,2025-04-08 11:17:56+00:00,2025-04-10 15:15:27+00:00,type/bug|area/alerting|area/provisioning|automated-triage,closed,https://github.com/grafana/grafana/issues/103597
103306,Alerting: No support for alertmanger 0.28,2025-04-02 17:35:00+00:00,2025-04-10 15:19:14+00:00,type/bug|area/alerting|datasource/alertmanager|automated-triage,closed,https://github.com/grafana/grafana/issues/103306
102141,Bar chart : data not showing for a specific month,2025-03-13 16:45:40+00:00,2025-04-10 15:25:16+00:00,type/bug|area/backend/db/postgres|area/panel/barchart|automated-triage,closed,https://github.com/grafana/grafana/issues/102141
103575,Trace View: Correlations button link for external correlations opens in Grafana,2025-04-08 08:01:47+00:00,2025-04-10 19:07:51+00:00,type/bug|prio/high|area/panel/traceview,closed,https://github.com/grafana/grafana/issues/103575
103432,Geomap visualization does not show the basemap and the layers,2025-04-04 05:15:14+00:00,2025-04-11 02:33:33+00:00,type/bug|type/regression|area/panel/geomap|automated-triage,closed,https://github.com/grafana/grafana/issues/103432
103567,"login: when oauth_auto_login=true, oauth redirect loses original url path and query params and redirects to home",2025-04-08 02:30:43+00:00,2025-04-11 08:56:27+00:00,type/bug|area/auth/oauth|area/frontend/login|type/regression|automated-triage,closed,https://github.com/grafana/grafana/issues/103567
96976,Error when querying Loki Logs in Grafana UI,2024-11-25 11:11:04+00:00,2025-04-11 10:58:16+00:00,type/bug|needs more info|area/explore|datasource/loki|automated-triage,closed,https://github.com/grafana/grafana/issues/96976
102130,/user/auth-tokens/rotate: redirectTo is validated incorrectly,2025-03-13 16:02:11+00:00,2025-04-11 13:10:03+00:00,type/bug|area/auth|area/backend/api|type/regression|automated-triage,closed,https://github.com/grafana/grafana/issues/102130
103859,Combobox: Extra custom values are persisted to the options list with async,2025-04-11 09:29:32+00:00,2025-04-11 15:27:39+00:00,type/bug|internal,closed,https://github.com/grafana/grafana/issues/103859
102969,V2 stateless queries: Panel with mixed queries does not work,2025-03-27 09:53:04+00:00,2025-04-11 16:30:52+00:00,type/bug|area/dashboard|area/dashboard/schemas|internal,closed,https://github.com/grafana/grafana/issues/102969
82932,Make it clear that the dashboard and panel are not used by a datasource managed alert in form,2024-02-16 18:04:57+00:00,2025-04-13 02:18:48+00:00,type/bug|area/alerting|stale|migrated-discussions,closed,https://github.com/grafana/grafana/issues/82932
70218,Dashboards: Bar Chart Panel thinks X and Y axes should be labelled the same when X datatype is integer,2023-06-16 06:06:18+00:00,2025-04-14 02:10:16+00:00,type/bug|stale|area/panel/barchart,closed,https://github.com/grafana/grafana/issues/70218
97072,Grafana UI: Card-component: div cannot appear as a descendant of p,2024-11-26 22:08:08+00:00,2025-04-14 09:11:27+00:00,type/bug|area/grafana/ui|team/grafana-dashboards|automated-triage,closed,https://github.com/grafana/grafana/issues/97072
103992,Dashboards: Action buttons are not visible for latest release [Grafana v11.6.0 (d2fdff9ee4)],2025-04-14 14:52:55+00:00,2025-04-14 15:08:30+00:00,type/bug|area/panel/table|area/dashboard/data-links|area/field/overrides|team/grafana-dashboards|automated-triage,closed,https://github.com/grafana/grafana/issues/103992
97893,Legend->Values->Delta computes incorrect number,2024-12-13 00:27:44+00:00,2025-04-14 17:42:07+00:00,type/bug|area/panel/timeseries|area/legend|automated-triage,closed,https://github.com/grafana/grafana/issues/97893
103865,Logs Panel: Label name min width in details view is broken,2025-04-11 11:10:25+00:00,2025-04-15 09:07:15+00:00,type/bug|area/panel/logs|automated-triage,closed,https://github.com/grafana/grafana/issues/103865
103974,Config: oauth_allow_insecure_email_lookup not synching from grafana.ini,2025-04-14 11:56:03+00:00,2025-04-16 14:48:29+00:00,type/bug|area/auth/oauth|area/configuration|automated-triage,closed,https://github.com/grafana/grafana/issues/103974
104113,Grafana: 11.6 Won't Start in Kubernetes,2025-04-16 14:40:37+00:00,2025-04-16 15:20:25+00:00,type/bug|area/configuration|type/regression|automated-triage,closed,https://github.com/grafana/grafana/issues/104113
84252,Scenes: Changes to panel used as source for other panels using dashboard datasource aren't reflected when returning to dashboard,2024-03-12 10:36:53+00:00,2025-04-17 02:08:51+00:00,type/bug|area/dashboard|area/frontend|stale|area/scenes|team/grafana-dashboards,closed,https://github.com/grafana/grafana/issues/84252
84386,Stat: Percent change incorrect when previous datapoint is invalid,2024-03-13 15:35:13+00:00,2025-04-17 02:08:58+00:00,type/bug|stale|area/panel/stat|internal,closed,https://github.com/grafana/grafana/issues/84386
84513,"Canvas: Selected Element options editor for Icon has ""image size"" options overflowing container",2024-03-14 18:38:16+00:00,2025-04-17 02:09:02+00:00,type/bug|area/frontend|stale|area/panel/canvas|internal,closed,https://github.com/grafana/grafana/issues/84513
103312,Custom Datasource Does Not Refresh On Dashboard Variable Changes in Grafana 11+,2025-04-02 19:06:17+00:00,2025-04-17 05:11:30+00:00,type/bug|area/dashboard/templating|needs more info|area/plugins|type/regression|team/grafana-dashboards|automated-triage|area/dashboard/variable,closed,https://github.com/grafana/grafana/issues/103312
103279,Azure Monitor Datasource Fails to load After Grafana Upgrade 10.x.x to 11.x.x with Custom Ingress in Rancher Monitoring,2025-04-02 13:13:57+00:00,2025-04-17 12:13:51+00:00,type/bug|datasource/azure|type/regression|automated-triage|area/provisioning/datasources,closed,https://github.com/grafana/grafana/issues/103279
95054,Dashboards: Text panel doesn't render markdown checkboxes correctly,2024-10-21 12:50:54+00:00,2025-04-17 16:56:10+00:00,type/bug|effort/small|prio/low|area/frontend|area/panel/text,closed,https://github.com/grafana/grafana/issues/95054
55139,"Alerting: Notifier settings do not accept """" as equivalent to nil/missing, allowing creation of dead notifiers",2022-09-13 21:38:43+00:00,2025-04-18 14:57:30+00:00,type/bug|area/alerting|prio/medium|effort/none|area/backend|internal,closed,https://github.com/grafana/grafana/issues/55139
84957,Canvas: Connection anchors are not aligned for rotated elements,2024-03-21 21:49:15+00:00,2025-04-21 02:12:45+00:00,type/bug|stale|area/panel/canvas|internal,closed,https://github.com/grafana/grafana/issues/84957
101116,Grafana: Variables. Search can't match Russian language in Grafana v11.5.1,2025-02-21 07:58:47+00:00,2025-04-21 08:17:22+00:00,type/bug|area/search|area/internationalization|type/regression|team/grafana-dashboards|automated-triage,closed,https://github.com/grafana/grafana/issues/101116
102797,Internationalisation: Trans inside certain components silently fails,2025-03-25 14:31:44+00:00,2025-04-22 10:53:45+00:00,type/bug|prio/medium|area/internationalization|effort/medium|internal,closed,https://github.com/grafana/grafana/issues/102797
103658,Tempo: Copying the trace ID of an imported trace only copies the rightmost 16 characters,2025-04-08 23:24:52+00:00,2025-04-22 13:37:42+00:00,type/bug|datasource/tempo|automated-triage|datagrid,closed,https://github.com/grafana/grafana/issues/103658
85051,Dashboards: Copying a repeated panel is confusing,2024-03-24 23:01:01+00:00,2025-04-23 01:42:40+00:00,type/bug|area/dashboard|stale|area/dashboard/rows|team/grafana-dashboards|area/dashboards/panel,closed,https://github.com/grafana/grafana/issues/85051
84956,Canvas: Support all constraints for rotated elements,2024-03-21 21:46:12+00:00,2025-04-23 02:09:55+00:00,type/bug|stale|area/panel/canvas|internal,closed,https://github.com/grafana/grafana/issues/84956
85025,XYChart2: Color field mapping not implemented / crashes,2024-03-22 23:35:24+00:00,2025-04-23 02:09:57+00:00,type/bug|stale|area/panel/xychart|internal,closed,https://github.com/grafana/grafana/issues/85025
85032,XYChart2: Choose better series name for single dataset,2024-03-23 00:16:56+00:00,2025-04-23 02:10:01+00:00,type/bug|stale|area/panel/xychart|area/tooltip|internal|area/legend,closed,https://github.com/grafana/grafana/issues/85032
104172,Dashboards: (Scenes) Row - no refresh on template variable change,2025-04-17 13:02:51+00:00,2025-04-23 08:11:47+00:00,type/bug|area/scenes|internal|team/grafana-dashboards|area/dashboard/scenes,closed,https://github.com/grafana/grafana/issues/104172
100849,Existed dashboard disappear randomly in search or list page,2025-02-17 21:00:44+00:00,2025-04-23 08:48:33+00:00,type/bug|area/search|area/backend/db|bot/no new info|team/grafana-dashboards|can't reproduce|automated-triage,closed,https://github.com/grafana/grafana/issues/100849
90427,Tempo: Error when escaping quotes in traceql editor,2024-07-15 08:54:44+00:00,2025-04-23 14:36:00+00:00,type/bug|datasource/tempo,closed,https://github.com/grafana/grafana/issues/90427
103213,Dashboard Path in UI: Path does not updated for starred dashboards in UI after moving,2025-04-01 16:30:04+00:00,2025-04-24 11:06:46+00:00,type/bug|needs more info|area/navigation|can't reproduce|automated-triage,closed,https://github.com/grafana/grafana/issues/103213
100040,AdhocFilters: getTagValues not filtering the result when promQLScope FF enabled,2025-02-04 10:45:09+00:00,2025-04-24 12:10:43+00:00,type/bug|datasource/prometheus|needs investigation|internal|area/scopes,closed,https://github.com/grafana/grafana/issues/100040
103524,Dashboards: Changing of absolute time in a dashboard does not work,2025-04-07 11:44:57+00:00,2025-04-24 13:27:53+00:00,type/bug|area/dashboard/timerange|team/grafana-dashboards|automated-triage,closed,https://github.com/grafana/grafana/issues/103524
62884,"Select: the width of the component changes when it's opened, causing a layout shift",2023-02-03 15:13:58+00:00,2025-04-24 16:36:13+00:00,type/bug|area/grafana/ui,closed,https://github.com/grafana/grafana/issues/62884
71119,Dashboards: Dashboard changed dialog appears in viewer mode,2023-07-06 11:59:49+00:00,2025-04-25 02:09:50+00:00,type/bug|area/dashboard|stale|needs refinement|team/grafana-dashboards,closed,https://github.com/grafana/grafana/issues/71119
85092,Canvas: Custom color picker for element inaccessible in some configurations,2024-03-25 15:52:08+00:00,2025-04-25 02:10:51+00:00,type/bug|stale|area/panel/canvas|internal,closed,https://github.com/grafana/grafana/issues/85092
104514,Dashboard provisioning: fails with a Requester was not found in the context,2025-04-25 09:07:25+00:00,2025-04-25 22:03:00+00:00,type/bug|area/provisioning|internal|area/backend/app-platform,closed,https://github.com/grafana/grafana/issues/104514
80993,Dashboards: Regression: `${__series.name}` in data links was broken in v10.x,2024-01-22 14:43:06+00:00,2025-04-26 02:06:39+00:00,type/bug|area/panel/graph|area/dashboard/templating|stale|team/grafana-dashboards,closed,https://github.com/grafana/grafana/issues/80993
85166,Visualizations: Histogram bucket offset not changing x-axis values,2024-03-26 13:29:42+00:00,2025-04-27 02:13:45+00:00,type/bug|stale|area/panel/histogram|area/dataviz,closed,https://github.com/grafana/grafana/issues/85166
104592,"Snapshots with ""Timeseries"" panels in Grafana 10 are not ""active""",2025-04-26 13:17:32+00:00,2025-04-28 08:23:25+00:00,type/bug|area/dashboard/snapshot|area/panel/timeseries|automated-triage,closed,https://github.com/grafana/grafana/issues/104592
103349,Sring conversion,2025-04-03 10:37:05+00:00,2025-04-28 11:05:24+00:00,type/bug|needs more info|area/image-rendering|automated-triage,closed,https://github.com/grafana/grafana/issues/103349
85392,Histogram: Histogram line width overflows uplot boundaries,2024-03-28 20:59:39+00:00,2025-04-30 02:10:26+00:00,type/bug|stale|area/panel/histogram|internal|area/dataviz,closed,https://github.com/grafana/grafana/issues/85392
104591,State timeline connect time range incorrect,2025-04-26 05:04:25+00:00,2025-04-30 02:56:28+00:00,type/bug|area/panel/state-timeline|automated-triage,closed,https://github.com/grafana/grafana/issues/104591
104371,Kiosk mode button hidden under 991px,2025-04-23 05:49:13+00:00,2025-04-30 07:43:26+00:00,type/bug|automated-triage|area/dashboard/kiosk,closed,https://github.com/grafana/grafana/issues/104371
104240,Dashboards: Repetitive y-axis tick labels,2025-04-21 18:44:29+00:00,2025-04-30 08:07:22+00:00,type/bug|area/panel/timeseries|area/dashboards/panel|automated-triage,closed,https://github.com/grafana/grafana/issues/104240
104026,Dashboards: Template variable in Trino query replaced with static value after saving,2025-04-15 10:57:10+00:00,2025-04-30 08:26:47+00:00,type/bug|area/dashboard/templating|area/dashboard/edit|automated-triage,closed,https://github.com/grafana/grafana/issues/104026
104755,Frontend build failed,2025-04-30 03:16:41+00:00,2025-05-01 12:33:45+00:00,type/bug|type/build-packaging|area/frontend/library-panels|automated-triage,closed,https://github.com/grafana/grafana/issues/104755
98572,Building: Wrong version when building the latests tags,2025-01-07 09:15:50+00:00,2025-05-01 13:20:51+00:00,type/bug|type/build-packaging|area/backend|area/configuration|automated-triage,closed,https://github.com/grafana/grafana/issues/98572
104596,"Alerting: Grafana tries to send webhooks with ""h2://"" instead of ""https://""",2025-04-27 15:52:14+00:00,2025-05-01 15:16:50+00:00,type/bug|area/alerting|automated-triage,closed,https://github.com/grafana/grafana/issues/104596
83738,Stat panel: Text is clipped with font size auto,2024-02-29 23:48:00+00:00,2025-05-02 02:10:49+00:00,type/bug|stale|area/panel/stat,closed,https://github.com/grafana/grafana/issues/83738
87202,BarChart: Threshold display does not support horizontal orientation,2024-05-01 21:05:08+00:00,2025-05-02 02:21:29+00:00,type/bug|stale|area/panel/barchart|internal,closed,https://github.com/grafana/grafana/issues/87202
101498,Variable Search Functionality Does Not Support Chinese Characters,2025-03-03 07:08:55+00:00,2025-05-02 09:12:51+00:00,type/bug|type/accessibility|area/internationalization|automated-triage|area/dashboard/variable,closed,https://github.com/grafana/grafana/issues/101498
101186,frontend:  i can't install!!!!,2025-02-24 03:38:16+00:00,2025-05-02 09:13:55+00:00,type/bug|area/frontend/library-panels|automated-triage,closed,https://github.com/grafana/grafana/issues/101186
103136,[Dashboard]: Custom All value is not working as expected,2025-03-31 17:06:56+00:00,2025-05-02 09:21:12+00:00,type/bug|area/dashboard/templating|type/regression|team/grafana-dashboards|automated-triage|area/dashboard/variable,closed,https://github.com/grafana/grafana/issues/103136
101681,Video.js HLS Streaming,2025-03-06 10:55:20+00:00,2025-05-02 09:27:59+00:00,type/bug|area/streaming|type/regression|automated-triage|area/dashboard/tv,closed,https://github.com/grafana/grafana/issues/101681
99727,Dashboard: HTTP Requests,2025-01-29 06:43:06+00:00,2025-05-02 09:34:04+00:00,type/bug|automated-triage|area/dashboard/settings,closed,https://github.com/grafana/grafana/issues/99727
99552,Dashboard variables: Cyrillic search does not work,2025-01-27 09:56:30+00:00,2025-05-02 09:38:53+00:00,type/bug|area/dashboard|area/internationalization|type/regression|automated-triage|area/dashboard/variable,closed,https://github.com/grafana/grafana/issues/99552
104852,Transformations: Binary operation as first one messes with all others,2025-05-02 10:07:34+00:00,2025-05-02 22:40:27+00:00,type/bug|area/transformations|type/regression,closed,https://github.com/grafana/grafana/issues/104852
79202,Table visualization: sort order of column,2023-12-07 04:46:21+00:00,2025-05-03 02:08:32+00:00,type/bug|area/panel/table|stale,closed,https://github.com/grafana/grafana/issues/79202
85497,XYChart2: Manual mode migration improvements,2024-04-02 20:28:12+00:00,2025-05-03 02:09:10+00:00,type/bug|stale|area/panel/xychart|internal,closed,https://github.com/grafana/grafana/issues/85497
80001,Explore: Query exceptions are not handled gracefully,2024-01-03 20:52:36+00:00,2025-05-04 02:15:28+00:00,type/bug|prio/medium|area/explore|stale|area/query-editor,closed,https://github.com/grafana/grafana/issues/80001
84960,Canvas: Improve resizing UX for rotated elements,2024-03-21 22:18:36+00:00,2025-05-04 02:15:49+00:00,type/bug|stale|area/panel/canvas|internal,closed,https://github.com/grafana/grafana/issues/84960
79461,Config: Empty values in `custom.ini` are replaced with values from `defaults.ini`,2023-12-13 14:34:32+00:00,2025-05-05 02:12:59+00:00,type/bug|area/backend|stale|internal,closed,https://github.com/grafana/grafana/issues/79461
79838,Expressions: Cannot use an expression when the Cloudwatch queries include a variable,2023-12-22 16:48:49+00:00,2025-05-05 09:25:13+00:00,type/bug|effort/small|datasource/cloudwatch,closed,https://github.com/grafana/grafana/issues/79838
101936,Alerting: DatasourceError / DatasourceNoData unreliable behaviour with labelling,2025-03-11 12:36:39+00:00,2025-05-05 13:27:54+00:00,type/bug|area/alerting|automated-triage,closed,https://github.com/grafana/grafana/issues/101936
102886,DashboardDatasource: Flickering issue when using TestData DS in scenes,2025-03-26 12:45:29+00:00,2025-05-05 17:20:33+00:00,type/bug|area/scenes|dogfooding|internal|team/grafana-dashboards|area/dashboard/scenes,closed,https://github.com/grafana/grafana/issues/102886
73901,Geomap: Initial View not saving layer selection correctly ,2023-08-28 09:44:44+00:00,2025-05-05 19:12:30+00:00,type/bug|area/panel/geomap,closed,https://github.com/grafana/grafana/issues/73901
104104,TableNG: Pagination breaks data links,2025-04-16 13:42:09+00:00,2025-05-05 19:16:06+00:00,type/bug|area/panel/table|internal,closed,https://github.com/grafana/grafana/issues/104104
81529,Transformations: `renameByRegex` calculating new field names in unexpected ways,2024-01-30 00:16:30+00:00,2025-05-06 02:11:09+00:00,type/bug|area/frontend|stale|area/transformations|area/dataviz,closed,https://github.com/grafana/grafana/issues/81529
104137,"Cannot change settings for testdata ""Simulation"" type - json: Unmarshal(non-pointer sims.waveformConfig)",2025-04-16 20:31:29+00:00,2025-05-06 05:29:08+00:00,type/bug|datasource/testdatadb|internal,closed,https://github.com/grafana/grafana/issues/104137
91102,Query Builder: Metric list doesn't update when time range changes,2024-07-27 15:52:40+00:00,2025-05-06 09:34:37+00:00,type/bug|area/dashboard|datasource/prometheus|triage/needs-confirmation|team/grafana-dashboards,closed,https://github.com/grafana/grafana/issues/91102
105022,"Logs Table: Logs query returns data, but Table is not visible",2025-05-06 15:24:58+00:00,2025-05-06 17:42:34+00:00,type/bug|area/logs|backport v12.0.x,closed,https://github.com/grafana/grafana/issues/105022
85679,Canvas: Connection vector field driven radius not being applied,2024-04-05 18:57:16+00:00,2025-05-07 02:11:47+00:00,type/bug|stale|area/panel/canvas|internal|bug-bash,closed,https://github.com/grafana/grafana/issues/85679
100396,Dashboards: cannot create annotation from dashboard UI,2025-02-11 04:42:23+00:00,2025-05-08 01:05:37+00:00,type/bug|needs more info|team/grafana-dashboards|automated-triage|area/dashboard/annotations,closed,https://github.com/grafana/grafana/issues/100396
103185,Dashboards:  OpenNMS datasource not rendering,2025-04-01 12:54:24+00:00,2025-05-08 10:52:24+00:00,type/bug|type/regression|team/grafana-dashboards|area/dashboards/panel|automated-triage,closed,https://github.com/grafana/grafana/issues/103185
104688,"TimeZoneDescription: `Asia/Singapore` incorrectly shows ""Antarctica"" instead of ""Singapore"" or ""Malaysia""",2025-04-29 14:11:55+00:00,2025-05-08 13:16:20+00:00,type/bug|area/frontend|internal,closed,https://github.com/grafana/grafana/issues/104688
102855,Bug: Data Source LBAC Rules User Interface Showstopper,2025-03-26 07:49:32+00:00,2025-05-08 13:23:51+00:00,type/bug|good first issue|automated-triage,closed,https://github.com/grafana/grafana/issues/102855
102926,Table Panel: Overrides Overlap Each Other,2025-03-26 16:52:56+00:00,2025-05-08 15:10:43+00:00,type/bug|type/ux|area/panel/table|area/field/overrides|automated-triage,closed,https://github.com/grafana/grafana/issues/102926
80084,Transform data: Organize fields by name duplicate columns,2024-01-05 14:37:00+00:00,2025-05-09 02:11:18+00:00,type/bug|datasource/influxdb|stale|area/transformations,closed,https://github.com/grafana/grafana/issues/80084
85755,Stat Panel: Title text overflowing area in multi-stat panel,2024-04-08 16:47:13+00:00,2025-05-09 02:11:54+00:00,type/bug|area/frontend|stale|area/panel/stat|no-backport|no-changelog|area/dataviz,closed,https://github.com/grafana/grafana/issues/85755
101299,Mimir alertmanager datasource: cannot configure alertmanager via Grafana UI,2025-02-25 14:59:28+00:00,2025-05-09 09:30:25+00:00,type/bug|area/alerting|area/auth/oauth|type/regression|datasource/alertmanager|automated-triage,closed,https://github.com/grafana/grafana/issues/101299
55237,Make sure requests are not instrumented as the `unknown` handler,2022-09-15 11:52:25+00:00,2025-05-10 02:07:56+00:00,type/bug|area/instrumentation|area/backend|stale,closed,https://github.com/grafana/grafana/issues/55237
83443,Dashboards: Relative link to dashboard causes incorrect 404,2024-02-26 20:20:02+00:00,2025-05-10 02:08:17+00:00,type/bug|area/dashboard|stale|team/grafana-dashboards,closed,https://github.com/grafana/grafana/issues/83443
102763,Logs: Log Context labels are not automatically selected anymore,2025-03-25 09:19:53+00:00,2025-05-12 13:38:21+00:00,type/bug|needs more info|datasource/loki|area/panel/logs|type/regression|automated-triage,closed,https://github.com/grafana/grafana/issues/102763
104056,Dashboards: Repeated row panel generation in dashboards produces invalid panel IDs (not integers).,2025-04-15 15:37:28+00:00,2025-05-12 14:34:02+00:00,type/bug|area/dashboard/templating|type/regression|area/dashboard/rows|automated-triage,closed,https://github.com/grafana/grafana/issues/104056
105248,Elasticsearch plugin: No additional fields for elasticsearch cross cluster queries,2025-05-12 10:36:30+00:00,2025-05-12 16:43:48+00:00,type/bug|area/plugins|datasource/elasticsearch|automated-triage,closed,https://github.com/grafana/grafana/issues/105248
104948,Frontend: Build crashes with ERR_MODULE_NOT_FOUND,2025-05-05 15:06:49+00:00,2025-05-13 07:54:15+00:00,type/bug|area/plugins|type/build-packaging|area/backend|area/configuration|automated-triage,closed,https://github.com/grafana/grafana/issues/104948
83648,Heatmap: TypeError: Cannot read properties of undefined (reading 'values') when no results come back from query,2024-02-29 00:00:12+00:00,2025-05-14 02:11:31+00:00,type/bug|area/panel/heatmap|stale|good first issue,closed,https://github.com/grafana/grafana/issues/83648
105129,"Dashboard with v2 schema wont save, though kubernetesDashboard is enabled",2025-05-08 15:11:38+00:00,2025-05-14 18:53:51+00:00,type/bug|area/configuration|automated-triage|area/dashboard/settings,closed,https://github.com/grafana/grafana/issues/105129
105432,"All Configuration Data Lost After Upgrading Self-Hosted Grafana from 11.6 to 12.0 (Users, Dashboards, Data Sources, etc.)",2025-05-15 03:57:03+00:00,2025-05-15 04:03:55+00:00,type/bug|area/backend/db/migration|automated-triage,closed,https://github.com/grafana/grafana/issues/105432
104459,Bug: terraform-provider-grafana_v3.18.3 plugin crashed,2025-04-24 12:19:10+00:00,2025-05-15 07:12:28+00:00,type/bug|area/auth|automated-triage,closed,https://github.com/grafana/grafana/issues/104459
105048,Table: Nested tables does not render when I expand rows after scrolling down,2025-05-07 05:10:01+00:00,2025-05-15 15:50:56+00:00,type/bug|area/panel/table|automated-triage,closed,https://github.com/grafana/grafana/issues/105048
101696,Dashboards: Panel Shows No Data After Upgrading to Grafana 11 with Mixed Datasource,2025-03-06 12:37:50+00:00,2025-05-16 10:08:26+00:00,type/bug|datasource/graphite|type/regression|team/grafana-dashboards|area/dashboards/panel|automated-triage,closed,https://github.com/grafana/grafana/issues/101696
105566,Bar Gauge Panel: Scrolling bar is covering the numbers when there are many entries,2025-05-16 17:53:08+00:00,2025-05-16 17:58:58+00:00,type/bug|type/ux|area/panel/bargauge|automated-triage,closed,https://github.com/grafana/grafana/issues/105566
85851,Geomap: Shared crosshair low FPS,2024-04-10 10:09:26+00:00,2025-05-17 02:10:31+00:00,type/bug|area/frontend|stale|area/panel/geomap|internal,closed,https://github.com/grafana/grafana/issues/85851
86378,Canvas: connection anchors stays on the same place on resize,2024-04-16 16:33:30+00:00,2025-05-17 02:10:33+00:00,type/bug|stale|area/panel/canvas|internal|area/dataviz,closed,https://github.com/grafana/grafana/issues/86378
50896,Creating external snapshots fail when too much data OR data is lost ,2022-06-15 16:22:20+00:00,2025-05-18 02:15:08+00:00,type/bug|area/dashboard/snapshot|stale|prio/future|team/grafana-sharing,closed,https://github.com/grafana/grafana/issues/50896
85037,Canvas: Infinite panning zoom breaks when holding down control key,2024-03-23 01:13:06+00:00,2025-05-19 02:14:53+00:00,type/bug|stale|area/panel/canvas|internal,closed,https://github.com/grafana/grafana/issues/85037
104608,grafana-server: grafana container restart with code 0,2025-04-28 09:31:58+00:00,2025-05-19 07:47:34+00:00,type/bug|area/backend|datasource/pyroscope|automated-triage,closed,https://github.com/grafana/grafana/issues/104608
105560,Alerting: Error when creating a new alert UNIQUE constraint failed,2025-05-16 15:14:22+00:00,2025-05-19 12:05:51+00:00,type/bug|area/alerting|area/backend/db/sqlite|automated-triage,closed,https://github.com/grafana/grafana/issues/105560
103883,Legal: Geomap: CARTO attribution is incorrect,2025-04-11 12:57:50+00:00,2025-05-19 16:28:16+00:00,type/bug|area/panel/geomap|automated-triage,closed,https://github.com/grafana/grafana/issues/103883
92628,Regression: $__interval in panel title,2024-08-28 21:48:48+00:00,2025-05-19 20:22:01+00:00,type/bug|datasource/influxdb|area/dashboard|effort/none|area/panel/timeseries|type/regression|automated-triage,closed,https://github.com/grafana/grafana/issues/92628
94278,Dashboards: Original datasources not being preserved when changing to Mixed Datasources,2024-10-04 16:41:06+00:00,2025-05-19 20:24:58+00:00,type/bug|datasource/influxdb|effort/none|datasource/postgres|area/dashboards/panel|automated-triage,closed,https://github.com/grafana/grafana/issues/94278
105660,Bug: Cloud Logs Exporter Plugin Can Not Be Removed,2025-05-20 09:53:11+00:00,2025-05-20 14:00:22+00:00,type/bug|area/plugins|datasource/azure|automated-triage,closed,https://github.com/grafana/grafana/issues/105660
104990,Google Cloud Monitoring Data source:  Kubernetes metrics from GKE are not visible in grafana,2025-05-06 09:21:19+00:00,2025-05-20 17:57:06+00:00,type/bug|effort/small|datasource/googlecloudmonitoring|automated-triage,closed,https://github.com/grafana/grafana/issues/104990
97993,Alerting: Grafana crash when we create log alert rule,2024-12-16 02:14:54+00:00,2025-05-20 18:07:07+00:00,type/bug|area/alerting|datasource/elasticsearch|automated-triage,closed,https://github.com/grafana/grafana/issues/97993
97797,Azure Monitor: nil frame in some situations causes panic,2024-12-11 14:44:38+00:00,2025-05-20 18:34:42+00:00,type/bug|effort/none|datasource/azure|internal,closed,https://github.com/grafana/grafana/issues/97797
105134,FolderPicker: Scroll jumps back to top,2025-05-08 15:57:20+00:00,2025-05-21 15:02:44+00:00,type/bug|type/regression|internal,closed,https://github.com/grafana/grafana/issues/105134
105770,FolderPicker: Picker spams erroring requests when scrolling,2025-05-21 18:19:31+00:00,2025-05-22 09:04:11+00:00,type/bug|internal,closed,https://github.com/grafana/grafana/issues/105770
101146,V2 Dashboards API: Provisioned dashboards can be saved,2025-02-21 14:08:50+00:00,2025-05-22 14:18:50+00:00,type/bug|area/dashboard|internal,closed,https://github.com/grafana/grafana/issues/101146
103826,Transformations: Add field from calculation default alias being interpolated,2025-04-10 19:03:21+00:00,2025-05-22 14:43:36+00:00,type/bug|area/transformations,closed,https://github.com/grafana/grafana/issues/103826
91206,Logs Panel: Permalink does not set correct scroll ofset,2024-07-30 14:28:16+00:00,2025-05-22 15:21:09+00:00,type/bug|area/logs|internal,closed,https://github.com/grafana/grafana/issues/91206
93495,Alerting: Unexpected alert trigger when no_data_state is set to KeepLast,2024-09-10 18:00:45+00:00,2025-05-22 15:30:31+00:00,type/bug|area/alerting|automated-triage,closed,https://github.com/grafana/grafana/issues/93495
93346,Alerting: setting Mimir (datasource managed) alerts do not work unless the Namespace and/or Groupname exist in Mimir Ruler,2024-09-13 15:52:54+00:00,2025-05-22 15:31:38+00:00,type/bug|area/alerting|automated-triage,closed,https://github.com/grafana/grafana/issues/93346
98480,Grafana Alerting: When I configure contact points got 404,2025-01-03 13:21:58+00:00,2025-05-22 15:44:32+00:00,type/bug|area/alerting|area/backend/api|automated-triage,closed,https://github.com/grafana/grafana/issues/98480
101201,Alerting: Refreshing the Alert rules page breaks State view,2025-02-24 09:44:27+00:00,2025-05-22 15:46:49+00:00,type/bug|area/alerting|type/regression|automated-triage,closed,https://github.com/grafana/grafana/issues/101201
101932,"Alerting: Viewing ""alert rules"" page leads to datasource authentication failed log message",2025-03-11 12:17:59+00:00,2025-05-22 16:56:30+00:00,type/bug|area/auth|area/alerting|datasource/prometheus|automated-triage,closed,https://github.com/grafana/grafana/issues/101932
85066,Grafana: folder admin can not edit alert evaluation group interval,2024-03-25 11:19:35+00:00,2025-05-23 02:12:01+00:00,type/bug|area/admin/user|stale,closed,https://github.com/grafana/grafana/issues/85066
100256,Grafana 11.5 does not (fully) honor `database.migration_locking = false`,2025-02-07 10:34:28+00:00,2025-05-23 12:11:23+00:00,type/bug|type/performance|area/backend/db|area/backend/db/mysql|area/backend/db/migration|type/regression|automated-triage,closed,https://github.com/grafana/grafana/issues/100256
105294,[@grafana/ui] Combobox ignores loading prop,2025-05-12 17:13:33+00:00,2025-05-23 18:29:29+00:00,type/bug|onboarding|good first issue|area/frontend/library-panels|automated-triage,closed,https://github.com/grafana/grafana/issues/105294
60061,"Explore: Prom, Split screen, Add to Dashboard => single query renders as two results",2022-12-08 21:52:03+00:00,2025-05-25 02:15:07+00:00,type/bug|area/explore|stale,closed,https://github.com/grafana/grafana/issues/60061
86819,Time Series: Logarithmic scale option crashing panel,2024-04-24 00:33:08+00:00,2025-05-25 02:15:50+00:00,type/bug|stale|area/panel/timeseries|internal,closed,https://github.com/grafana/grafana/issues/86819
70531,"Bug: When deleting last item of a specific page in public dashboard list, then empty list is returned",2023-06-22 15:29:18+00:00,2025-05-26 02:13:51+00:00,type/bug|stale|area/public-dashboards|prio/future|team/grafana-sharing,closed,https://github.com/grafana/grafana/issues/70531
78460,Public dashboards: warning alert appears when rendering,2023-11-21 12:05:28+00:00,2025-05-26 02:13:55+00:00,type/bug|stale|area/public-dashboards,closed,https://github.com/grafana/grafana/issues/78460
105655,Dashboard Schema V2: Manager not resetting when moving from v2 to v1,2025-05-20 08:17:34+00:00,2025-05-27 06:58:59+00:00,type/bug|area/dashboard/schemas|internal,closed,https://github.com/grafana/grafana/issues/105655
105465,Tables: Transposing a table ignores previous renames by regex,2025-05-15 11:46:18+00:00,2025-05-27 16:51:00+00:00,type/bug|area/transformations|automated-triage,closed,https://github.com/grafana/grafana/issues/105465
97249,Dashboard Variable menu: regex functionality is broken,2024-12-02 12:52:21+00:00,2025-05-27 17:42:16+00:00,type/bug|effort/small|datasource/azure|automated-triage|area/dashboard/variable,closed,https://github.com/grafana/grafana/issues/97249
102816,Azure Monitor : Basic Log Query stop working,2025-03-25 18:17:16+00:00,2025-05-27 17:44:00+00:00,type/bug|effort/none|datasource/azure|automated-triage,closed,https://github.com/grafana/grafana/issues/102816
102427,Datasources: Azure Monitor Datasource using workloadidentity helm configs do not auto complete fields,2025-03-19 09:41:07+00:00,2025-05-27 17:44:44+00:00,type/bug|datasource/azure|automated-triage,closed,https://github.com/grafana/grafana/issues/102427
103555,Status History: The status history graph is cutting off data,2025-04-07 17:48:59+00:00,2025-05-27 17:49:54+00:00,type/bug|area/panel/status-history|automated-triage,closed,https://github.com/grafana/grafana/issues/103555
106006,Product Area: getAvailableIcons is not a function in 12.1.0,2025-05-26 12:15:15+00:00,2025-05-28 08:51:31+00:00,type/bug|area/plugins|area/frontend/library-panels|type/regression|automated-triage,closed,https://github.com/grafana/grafana/issues/106006
75363,Dashboards: Adhoc Filters are not applied when configured with a Data Source variable,2023-09-25 11:05:52+00:00,2025-05-28 14:57:24+00:00,type/bug|area/dashboard|stale|internal|area/dashboard/variable,closed,https://github.com/grafana/grafana/issues/75363
103124,SQL Expressions: Conversion should operate on type first,2025-03-31 15:32:19+00:00,2025-05-28 16:00:39+00:00,type/bug|internal|area/expressions/sql,closed,https://github.com/grafana/grafana/issues/103124
103209,Table Panel: Text wrapping causes error when fields are missing,2025-04-01 15:29:36+00:00,2025-05-28 16:07:53+00:00,type/bug|area/panel/table|automated-triage,closed,https://github.com/grafana/grafana/issues/103209
104988,Orgs: Unable to delete Org thru API in v12,2025-05-06 08:57:05+00:00,2025-05-29 06:40:07+00:00,type/bug|area/backend/api|automated-triage,closed,https://github.com/grafana/grafana/issues/104988
106198,Dashboards: User is able to modify the provisioned dashboard content using Save option,2025-05-29 09:24:35+00:00,2025-05-29 09:30:04+00:00,type/bug|area/provisioning|automated-triage,closed,https://github.com/grafana/grafana/issues/106198
105571,Alerting: Resolved notifications incorrectly sent for firing alert with missing series,2025-05-16 20:44:56+00:00,2025-05-29 21:22:36+00:00,type/bug|area/alerting|automated-triage,closed,https://github.com/grafana/grafana/issues/105571
87203,BarChart: Stacked mode ignores bar width (always renders 100%),2024-05-01 21:09:25+00:00,2025-06-01 02:16:25+00:00,type/bug|stale|area/panel/barchart|internal,closed,https://github.com/grafana/grafana/issues/87203
99071,TimePicker: Does not update according to the time zone selected unless the page reloads,2025-01-16 12:30:38+00:00,2025-06-03 08:34:09+00:00,type/bug|prio/high|effort/medium|internal|team/grafana-dashboards,closed,https://github.com/grafana/grafana/issues/99071
105982,Authorization Bypass Vulnerability in Grafana,2025-05-24 10:39:18+00:00,2025-06-03 19:44:08+00:00,type/bug|area/security|area/auth|automated-triage,closed,https://github.com/grafana/grafana/issues/105982
105914,Dashboards: Auto-refresh menu appears behind navigation after scrolling down,2025-05-23 02:42:14+00:00,2025-06-04 14:05:16+00:00,type/bug|area/dashboard|internal,closed,https://github.com/grafana/grafana/issues/105914
106253,Versions list overflows due to lack of line wrapping for notes,2025-06-01 21:56:58+00:00,2025-06-05 13:41:45+00:00,type/bug|team/grafana-dashboards|area/dashboard/edit|automated-triage,closed,https://github.com/grafana/grafana/issues/106253
87515,Geomap: Support coordinates across multiple data frames,2024-05-08 15:52:28+00:00,2025-06-08 02:15:49+00:00,type/bug|stale|area/panel/geomap,closed,https://github.com/grafana/grafana/issues/87515
101551,Profiles: Runtime Error when viewing some Profile Types,2025-03-04 12:08:56+00:00,2025-06-09 10:14:50+00:00,type/bug|prio/medium|area/profiling|internal|datasource/pyroscope,closed,https://github.com/grafana/grafana/issues/101551
99181,"Grafana Loki Plugin: 404 Errors, Label Loading Failures, and Log Volume Not Loading During Log Queries",2025-01-17 12:13:08+00:00,2025-06-10 11:45:18+00:00,type/bug|datasource/loki|bot/no new info|type/regression|automated-triage,closed,https://github.com/grafana/grafana/issues/99181
83941,Grafana explore misses some of the label values for Loki datasource ,2024-03-05 23:01:14+00:00,2025-06-10 11:53:26+00:00,type/bug|needs investigation|datasource/loki|bot/no new info,closed,https://github.com/grafana/grafana/issues/83941
105733,Issue with Polystat Plugin in Grafana v3.92 – Skipping Plugin Load,2025-05-21 13:02:16+00:00,2025-06-11 12:53:09+00:00,type/bug|area/plugins|automated-triage,closed,https://github.com/grafana/grafana/issues/105733
106232,Pyroscope Flamegraph: Visualization fails with prototype property collision in dataTransform.ts,2025-05-30 07:15:22+00:00,2025-06-12 12:41:34+00:00,type/bug|area/panel/flame-graph|datasource/pyroscope|automated-triage,closed,https://github.com/grafana/grafana/issues/106232
92785,Table: Leaving window with mouse closes inspect cell drawer,2024-08-30 19:54:30+00:00,2025-06-12 13:31:50+00:00,type/bug|area/panel/table|internal,closed,https://github.com/grafana/grafana/issues/92785
105362,Adminstration: Unable to delete Organisation [v12.0.0],2025-05-14 07:07:39+00:00,2025-06-12 14:39:14+00:00,type/bug|area/admin/user|area/backend/api|type/regression|automated-triage,closed,https://github.com/grafana/grafana/issues/105362
105411,Explore: viewers_can_edit on version 12.0.0 still behaving as before deprecation,2025-05-14 15:14:38+00:00,2025-06-12 14:46:54+00:00,type/bug|area/admin/user|area/explore|area/configuration|type/regression|automated-triage,closed,https://github.com/grafana/grafana/issues/105411
106592,Upload Fail for alert rules through API with Postgres,2025-06-12 03:18:19+00:00,2025-06-12 15:17:29+00:00,type/bug|area/alerting|area/backend/api|area/backend/db/postgres|automated-triage,closed,https://github.com/grafana/grafana/issues/106592
92944,StateTimeline: Value mapping for Null + NaN is not working when the query returns Null,2024-09-04 16:14:04+00:00,2025-06-12 19:13:27+00:00,type/bug|area/panel/state-timeline|internal,closed,https://github.com/grafana/grafana/issues/92944
105413,State Timeline Data Continuously Disappearing from Dashboard; using InfluxDB_SODA,2025-05-14 15:26:41+00:00,2025-06-12 22:07:08+00:00,type/bug|area/panel/state-timeline|automated-triage,closed,https://github.com/grafana/grafana/issues/105413
84045,"Alerting: ""You have legacy alert rules in this dashboard"" warning still persist after migration",2024-03-06 23:40:46+00:00,2025-06-13 06:36:34+00:00,type/bug|area/alerting|needs investigation|stale|triage/needs-confirmation,closed,https://github.com/grafana/grafana/issues/84045
105146,smtp startTLS/MandatoryStartTLS broke after 10.4.5,2025-05-08 19:53:08+00:00,2025-06-13 16:04:40+00:00,type/bug|area/configuration|type/regression|automated-triage,closed,https://github.com/grafana/grafana/issues/105146
106769,Tempo: Trace View ticks labels are wrapped when using two units,2025-06-16 12:39:57+00:00,2025-06-17 08:52:08+00:00,type/bug|datasource/tempo,closed,https://github.com/grafana/grafana/issues/106769
106749,LLM App: package @grafana/llm does not support @grafana/data v12+,2025-06-16 07:15:56+00:00,2025-06-17 12:26:42+00:00,type/bug|area/plugins|automated-triage,closed,https://github.com/grafana/grafana/issues/106749
85910,Azure Monitor: {{resourcename}} is not capturing the resource name of virtual machines,2024-04-10 22:45:57+00:00,2025-06-17 15:16:03+00:00,type/bug|effort/small|prio/low|datasource/azure,closed,https://github.com/grafana/grafana/issues/85910
105582,Grafana drilldown failed to load,2025-05-17 09:18:30+00:00,2025-06-18 06:57:29+00:00,type/bug|automated-triage|area/metricsdrilldown,closed,https://github.com/grafana/grafana/issues/105582
102015,Tempo: Bug when escaping regex in TraceQL Search editor,2025-03-12 10:38:10+00:00,2025-06-18 11:21:47+00:00,type/bug|prio/high|internal,closed,https://github.com/grafana/grafana/issues/102015
106898,Grafana 12.0.1 Share Button: Shortened Link Copied to Clipboard Is Incorrect,2025-06-18 10:18:44+00:00,2025-06-18 13:26:51+00:00,type/bug|area/navigation|automated-triage,closed,https://github.com/grafana/grafana/issues/106898
105197,Azure Monitor: can't create an alert using Logs service,2025-05-09 18:36:41+00:00,2025-06-19 14:18:48+00:00,type/bug|effort/none|needs investigation|datasource/azure|automated-triage,closed,https://github.com/grafana/grafana/issues/105197
106987,RefreshPicker dropdown incorrectly positioning,2025-06-19 12:02:19+00:00,2025-06-20 09:19:15+00:00,type/bug|type/browser-compatibility|team/grafana-dashboards|automated-triage|area/dashboard/settings,closed,https://github.com/grafana/grafana/issues/106987
106576,Provisioning: ContactPoints: disableResolveMessage is broken when provided via contactpoints.yaml,2025-06-11 15:55:02+00:00,2025-06-20 12:54:09+00:00,type/bug|area/alerting|area/provisioning|good first issue|automated-triage,closed,https://github.com/grafana/grafana/issues/106576
106853,Transformations: Organize fields makes redundant series color,2025-06-17 18:42:25+00:00,2025-06-20 13:45:08+00:00,type/bug|area/transformations|internal,closed,https://github.com/grafana/grafana/issues/106853
106523,Dashboard: Default Time range can no longer set an absolute time range as default  ,2025-06-11 06:48:52+00:00,2025-06-20 15:07:14+00:00,type/bug|area/dashboard/timerange|type/regression|team/grafana-dashboards|automated-triage,closed,https://github.com/grafana/grafana/issues/106523
88324,"Users: After moving dashboards from the folder to the root, all permissions disappear (10.4.2)",2024-05-27 08:17:35+00:00,2025-06-20 16:24:59+00:00,type/bug,closed,https://github.com/grafana/grafana/issues/88324
106631,Transformations: Group By Matrix and Add field from calculation uses alias and not value,2025-06-12 14:00:20+00:00,2025-06-20 21:33:30+00:00,type/bug|area/transformations|team/grafana-datapro,closed,https://github.com/grafana/grafana/issues/106631
87795,Prometheus: Escape regex characters in label values,2024-05-14 09:34:07+00:00,2025-06-21 02:13:07+00:00,type/bug|prio/low|datasource/prometheus|stale|effort/medium,closed,https://github.com/grafana/grafana/issues/87795
107069,Resetting the admin password multiple times locks you out of Grafana,2025-06-21 16:51:40+00:00,2025-06-21 18:39:42+00:00,type/bug|area/security|area/admin/user|automated-triage,closed,https://github.com/grafana/grafana/issues/107069
84468,[OSS] some Hyperlinks not correct/working with root_url behind HAproxy (path),2024-03-14 13:13:49+00:00,2025-06-22 02:15:50+00:00,type/bug|area/alerting|needs investigation|area/frontend|stale|triage/needs-confirmation,closed,https://github.com/grafana/grafana/issues/84468
93069,XY PAnel chart does not allow Time as a field when upgrading beyond 10.4.7,2024-09-08 14:05:08+00:00,2025-06-23 23:13:30+00:00,type/bug|datasource/influxdb|area/panel/xychart|type/regression|automated-triage,closed,https://github.com/grafana/grafana/issues/93069
107079,The process of executing yarn start gets stuck and cannot access port 3000.,2025-06-23 09:53:44+00:00,2025-06-24 10:27:48+00:00,type/bug|area/backend|automated-triage,closed,https://github.com/grafana/grafana/issues/107079
106809,  Dashboards: dashboardNewLayouts - Multiple library panels added - only first one editable,2025-06-17 08:59:28+00:00,2025-06-24 12:15:46+00:00,type/bug|area/frontend/library-panels|team/grafana-dashboards|area/dashboard/edit|automated-triage|area/dashboard/variable,closed,https://github.com/grafana/grafana/issues/106809
106578,Cloudwatch: missing newer AWS regions,2025-06-11 16:35:15+00:00,2025-06-24 13:14:17+00:00,type/bug|effort/small|datasource/cloudwatch|automated-triage,closed,https://github.com/grafana/grafana/issues/106578
106362,500 Error on Grafana Login with Wrong Credentials over IPv6,2025-06-05 10:26:54+00:00,2025-06-24 14:11:47+00:00,type/bug|area/auth|automated-triage,closed,https://github.com/grafana/grafana/issues/106362
106970,Visualizations (state timeline): False values do not show up,2025-06-19 08:53:53+00:00,2025-06-24 16:07:15+00:00,type/bug|area/panel/state-timeline|automated-triage,closed,https://github.com/grafana/grafana/issues/106970
100249,State Timeline: Cannot get status end time for datalink,2025-02-07 09:26:36+00:00,2025-06-24 19:57:48+00:00,type/bug|area/dashboard/data-links|area/panel/state-timeline|team/grafana-dashboards|automated-triage,closed,https://github.com/grafana/grafana/issues/100249
107083,"GitSync: File Size > 1MB, DownloadContents recommended",2025-06-23 16:17:29+00:00,2025-06-25 10:37:07+00:00,type/bug|area/backend|area/backend/app-platform|automated-triage|area/gitsync,closed,https://github.com/grafana/grafana/issues/107083
107161,Dashboards: Log context does not respect order by in Logs Visualization,2025-06-25 02:22:52+00:00,2025-06-25 13:37:14+00:00,type/bug|area/dashboard/templating|area/panel/logs|team/grafana-dashboards|automated-triage,closed,https://github.com/grafana/grafana/issues/107161
107189,Prometheus: adhoc filter request returns error if `vector(0)` is present in panel query,2025-06-25 13:14:24+00:00,2025-06-26 00:16:09+00:00,type/bug|datasource/prometheus|automated-triage|area/dashboard/variable,closed,https://github.com/grafana/grafana/issues/107189
102676,"Dashboards: Duplicate ""Explore Trace Logs"" links in Azure Monitor Traces Visualization",2025-03-23 17:58:55+00:00,2025-06-26 13:10:22+00:00,type/bug|effort/small|prio/low|area/explore|datasource/azure|automated-triage,closed,https://github.com/grafana/grafana/issues/102676
106937,Datasource: AWS assume role not working from outside of AWS,2025-06-18 15:03:25+00:00,2025-06-27 09:26:27+00:00,type/bug|datasource/cloudwatch|area/auth/serviceaccount|automated-triage,closed,https://github.com/grafana/grafana/issues/106937
88004,"app/plugins/State Timeline - ""No value"" overdrive does not show in Panel when query returns with noValue",2024-05-16 19:28:48+00:00,2025-06-27 13:28:14+00:00,type/bug|area/panel/state-timeline,closed,https://github.com/grafana/grafana/issues/88004
107337,Grafana Labs Not Connecting to Prometheus,2025-06-27 17:14:04+00:00,2025-06-27 17:20:02+00:00,type/bug|datasource/prometheus|area/backend|automated-triage,closed,https://github.com/grafana/grafana/issues/107337
51923,Snapshots: Store ID for external snapshots,2022-07-07 15:49:32+00:00,2025-06-30 02:15:16+00:00,type/bug|area/dashboard/snapshot|prio/unscheduled|stale|team/grafana-sharing,closed,https://github.com/grafana/grafana/issues/51923
106252,"Dashboard, no Dynamic variables inside a panel or row with Prometheus",2025-06-01 18:44:53+00:00,2025-06-30 07:28:50+00:00,type/bug|needs investigation|team/grafana-dashboards|automated-triage|area/dashboard/variable|area/panel/repeat,closed,https://github.com/grafana/grafana/issues/106252
92792,Can't delete org as admin,2024-09-01 13:44:24+00:00,2025-06-30 11:58:39+00:00,type/bug|area/auth|area/admin/user|automated-triage,closed,https://github.com/grafana/grafana/issues/92792
106007,Prometheus: Support variables in label selectors on visual query builder,2025-05-26 12:29:12+00:00,2025-06-30 14:24:08+00:00,type/bug|datasource/prometheus|internal,closed,https://github.com/grafana/grafana/issues/106007
88227,User management: It's not possible changing users role from something to no basic role,2024-05-23 13:28:21+00:00,2025-06-30 14:35:18+00:00,type/bug,closed,https://github.com/grafana/grafana/issues/88227
103948,TableNG: Flickering when hovering near cell border in table,2025-04-11 21:27:47+00:00,2025-06-30 21:45:26+00:00,type/bug|area/panel/table|internal,closed,https://github.com/grafana/grafana/issues/103948
68393,Table: initialSortBy changes the sort on rerender,2023-05-12 15:37:24+00:00,2025-06-30 21:54:28+00:00,type/bug|area/panel/table,closed,https://github.com/grafana/grafana/issues/68393
107377,"Dashboard: Time series ignoring color Thresholds while ""From Thresholds (by value) set. Only uses base color.",2025-06-30 08:55:28+00:00,2025-07-01 04:04:53+00:00,type/bug|type/browser-compatibility|area/field/overrides|area/panel/timeseries|team/grafana-dashboards|automated-triage,closed,https://github.com/grafana/grafana/issues/107377
104057,Alerting: failed to store provisioning status: pq: there is no unique or exclusion constraint matching the ON CONFLICT specification,2025-04-15 15:39:43+00:00,2025-07-01 13:58:41+00:00,type/bug|area/alerting|area/backend/db/migration|type/regression|automated-triage,closed,https://github.com/grafana/grafana/issues/104057
89887,Prometheus & Loki query inputs: input theme doesn't change with the rest of the page (needs refresh after `c` `t`),2024-07-01 07:15:36+00:00,2025-07-02 06:32:14+00:00,type/bug|datasource/prometheus|area/ui/theme|stale|internal,closed,https://github.com/grafana/grafana/issues/89887
107462,Plugin : grafana-kowalski-app 404 not found,2025-07-01 12:43:16+00:00,2025-07-02 08:11:13+00:00,type/bug|area/plugins|automated-triage,closed,https://github.com/grafana/grafana/issues/107462
48141,Expressions: Cannot interpolate template variables,2022-04-22 19:22:17+00:00,2025-07-02 10:24:30+00:00,type/bug|datasource/influxdb|datasource/opentsdb|prio/low|effort/none,closed,https://github.com/grafana/grafana/issues/48141
107413,Graphite mutating date objects,2025-06-30 17:42:01+00:00,2025-07-02 14:11:34+00:00,type/bug|effort/small|datasource/graphite|internal,closed,https://github.com/grafana/grafana/issues/107413
107520,"Dashboards: MySQL Queries show ""An unexpected error happened TypeError"" after 12 Upgrade",2025-07-02 13:37:52+00:00,2025-07-02 15:21:56+00:00,type/bug|datasource/mysql|area/backend/db/mysql|type/regression|team/grafana-dashboards|area/dashboard/edit|automated-triage,closed,https://github.com/grafana/grafana/issues/107520
70241,ViewPanel showing blank graph in the panel without any data,2023-06-16 12:45:48+00:00,2025-07-03 02:14:55+00:00,type/bug|area/dashboard|stale|internal|team/grafana-dashboards|prio/future|can't reproduce,closed,https://github.com/grafana/grafana/issues/70241
103365,database: postgres' host name cannot be a google cloud SQL proxy string,2025-04-03 13:24:48+00:00,2025-07-03 07:40:17+00:00,type/bug|area/backend/db/postgres|automated-triage,closed,https://github.com/grafana/grafana/issues/103365
106686,generic_oauth: role_attribute_path does not lookup userinfo API,2025-06-13 03:07:57+00:00,2025-07-03 09:35:58+00:00,type/bug|area/auth/oauth|automated-triage,closed,https://github.com/grafana/grafana/issues/106686
107360,Generic_oauth user sync is not considering org_attribute_path and org_mapping configuration when user is signed up,2025-06-28 00:22:34+00:00,2025-07-03 09:48:37+00:00,type/bug|area/auth/oauth|type/regression|proposal: not pursuing|automated-triage,closed,https://github.com/grafana/grafana/issues/107360
104164,Grafana 11.6.0 Problem with displaying dashboard when I am not logged in target organization.,2025-04-17 11:21:49+00:00,2025-07-03 10:01:41+00:00,type/bug|area/auth|type/regression|automated-triage,closed,https://github.com/grafana/grafana/issues/104164
102471,Authetication OAuth + JWT - user sync failure if user is created with the JWT,2025-03-19 15:40:23+00:00,2025-07-03 10:09:08+00:00,type/bug|area/auth|area/auth/oauth|automated-triage,closed,https://github.com/grafana/grafana/issues/102471
98928,[BUG] OpenID: Global logout does not disconnect grafana dashboards,2025-01-14 08:55:46+00:00,2025-07-03 11:49:10+00:00,type/bug|area/auth|area/auth/oauth|automated-triage,closed,https://github.com/grafana/grafana/issues/98928
96505,Variables for InfluxDB not working,2024-11-14 20:24:51+00:00,2025-07-03 13:12:48+00:00,type/bug|effort/small|datasource/influxdb|type/regression|automated-triage|area/dashboard/variable,closed,https://github.com/grafana/grafana/issues/96505
96336,Variables: Indexing of array variable is broken,2024-11-12 16:19:23+00:00,2025-07-03 15:17:32+00:00,type/bug|type/regression|automated-triage|area/dashboard/variable,closed,https://github.com/grafana/grafana/issues/96336
98496,Wrong selection of query language for InfluxDB,2025-01-04 09:34:46+00:00,2025-07-03 15:59:22+00:00,type/bug|effort/small|datasource/influxdb|team/grafana-dashboards|area/dashboard/edit|automated-triage,closed,https://github.com/grafana/grafana/issues/98496
99960,Missing Data in Grafana Graphs Despite Continuous InfluxDB Collection and Temporary Network Loss,2025-02-03 11:13:03+00:00,2025-07-03 16:11:12+00:00,type/bug|datasource/influxdb|effort/none|team/grafana-dashboards|area/dashboards/panel|automated-triage,closed,https://github.com/grafana/grafana/issues/99960
105822,EKS Pod Identity feature for Grafana AMP Data Source,2025-05-22 10:14:48+00:00,2025-07-04 08:58:30+00:00,type/bug|datasource/prometheus|team/grafana-aws-datasources|automated-triage,closed,https://github.com/grafana/grafana/issues/105822
103532,Grafana & INfluxDB - variable error,2025-04-07 12:20:40+00:00,2025-07-04 09:41:21+00:00,type/bug|datasource/influxdb|effort/none|automated-triage|area/dashboard/variable,closed,https://github.com/grafana/grafana/issues/103532
107530,Loki: Using variable as step parameter causes issue with split queries,2025-07-02 15:33:51+00:00,2025-07-04 11:45:32+00:00,type/bug|datasource/loki|internal,closed,https://github.com/grafana/grafana/issues/107530
89705,Errors when switching between datasources,2024-06-25 16:17:25+00:00,2025-07-04 12:23:39+00:00,type/bug|datasource/elasticsearch|effort/none|area/explore|stale,closed,https://github.com/grafana/grafana/issues/89705
106011,Loki explore: Label browser not sorted after selection of a label,2025-05-26 13:08:02+00:00,2025-07-04 16:15:31+00:00,type/bug|area/explore|datasource/loki|automated-triage,closed,https://github.com/grafana/grafana/issues/106011
88691,Importing a repeated library panel does not show library panel related commands in panel menu,2024-06-04 12:44:00+00:00,2025-07-06 02:16:17+00:00,type/bug|stale|internal|team/grafana-dashboards,closed,https://github.com/grafana/grafana/issues/88691
107361,Config from query results: Multiple thresholds breaks graph,2025-06-28 15:21:11+00:00,2025-07-06 12:58:15+00:00,type/bug|area/transformations|area/panel/timeseries|automated-triage,closed,https://github.com/grafana/grafana/issues/107361
61259,Table Panel: Pagination Resets with browser refresh and data refresh,2023-01-11 09:08:22+00:00,2025-07-07 02:15:22+00:00,type/bug|area/panel/table|stale,closed,https://github.com/grafana/grafana/issues/61259
105667,Context.HTML - Error rendering template: error. You may need to build frontend assets,2025-05-20 11:58:46+00:00,2025-07-07 08:33:47+00:00,type/bug|type/build-packaging|area/backend|bot/no new info|area/frontend/login|type/regression|automated-triage,closed,https://github.com/grafana/grafana/issues/105667
105917,Dashboards: Old dashboard displays when deleting a dashboard and creating a new one with same uid,2025-05-23 06:11:58+00:00,2025-07-07 12:06:03+00:00,type/bug|area/dashboard/import|needs investigation|team/grafana-dashboards|automated-triage,closed,https://github.com/grafana/grafana/issues/105917
102413,Product Area: Short description of bug,2025-03-18 23:18:06+00:00,2025-07-07 13:51:21+00:00,type/bug|datasource/prometheus|bot/no new info|area/configuration|automated-triage,closed,https://github.com/grafana/grafana/issues/102413
101210,Grafana: some autocomplete puts cursor to end of line while typing,2025-02-24 12:10:41+00:00,2025-07-07 13:53:03+00:00,type/bug|datasource/prometheus|area/editor|bot/no new info|automated-triage,closed,https://github.com/grafana/grafana/issues/101210
107541,Drilldowns: Does not respect 'AutoUpdate False',2025-07-02 19:32:39+00:00,2025-07-07 14:24:44+00:00,type/bug|area/plugins|automated-triage|area/metricsdrilldown,closed,https://github.com/grafana/grafana/issues/107541
107494,Alert heart icon not displayed on dashboard when alert is configured on library panel,2025-07-02 06:29:36+00:00,2025-07-08 13:08:03+00:00,type/bug|area/alerting|area/frontend/library-panels|automated-triage,closed,https://github.com/grafana/grafana/issues/107494
102340,Transformation: Reduce not use the result from other transformation,2025-03-18 06:33:58+00:00,2025-07-08 18:37:56+00:00,type/bug|area/transformations|automated-triage,closed,https://github.com/grafana/grafana/issues/102340
88947,DataViz: Data link not retained when switching between visualizations that support and don't support them,2024-06-07 19:46:58+00:00,2025-07-09 02:15:33+00:00,type/bug|stale|area/dataviz,closed,https://github.com/grafana/grafana/issues/88947
103164,Nodegraph: Mapping Issue on Variable Change,2025-04-01 04:27:11+00:00,2025-07-09 08:53:33+00:00,type/bug|needs investigation|area/panel/node-graph|automated-triage|area/dashboard/variable,closed,https://github.com/grafana/grafana/issues/103164
97158,Frontend: ButtonCascader: Expandable entries don't show any arrow icon,2024-11-28 12:53:22+00:00,2025-07-09 10:24:23+00:00,type/bug|area/grafana/ui|automated-triage,closed,https://github.com/grafana/grafana/issues/97158
107804,Alert Rules: Conflicting titles despite different folders,2025-07-08 20:06:07+00:00,2025-07-09 11:40:17+00:00,type/bug|area/alerting|area/dashboard/folders|team/grafana-dashboards|automated-triage,closed,https://github.com/grafana/grafana/issues/107804
102940,Alerting: Azure Monitor data source not using fallback credentials for alert rule evaluation,2025-03-26 20:16:45+00:00,2025-07-09 16:26:51+00:00,type/bug|effort/small|area/alerting|datasource/azure|automated-triage,closed,https://github.com/grafana/grafana/issues/102940
95623,Template variable with forward slash breaks InfluxQL query,2024-10-30 16:48:55+00:00,2025-07-09 16:32:07+00:00,type/bug|datasource/influxdb|type/regression|automated-triage|area/dashboard/variable,closed,https://github.com/grafana/grafana/issues/95623
107007,Azure Monitor: Cannot use Resource Name variable as Resource,2025-06-19 18:53:34+00:00,2025-07-09 16:35:17+00:00,type/bug|effort/none|datasource/azure|automated-triage|area/dashboard/variable,closed,https://github.com/grafana/grafana/issues/107007
104181,MSSQL Syntax Highlighting Broken In 11.6.0,2025-04-17 20:16:33+00:00,2025-07-09 17:48:44+00:00,type/bug|effort/none|datasource/mssql|type/regression|automated-triage,closed,https://github.com/grafana/grafana/issues/104181
107743,"OpenTelemetry Prometheus Metrics Show ""No Data"" in Panels Due to ""Scrape Interval"" / ""Step"" Mismatch",2025-07-07 21:46:34+00:00,2025-07-10 16:50:15+00:00,type/bug|datasource/prometheus|opentelemetry,closed,https://github.com/grafana/grafana/issues/107743
106889,Link Sharing: Unable to copy links in Safari,2025-06-18 08:45:09+00:00,2025-07-10 16:59:43+00:00,type/bug|type/browser-compatibility|area/dashboard/links|team/grafana-sharing|automated-triage,closed,https://github.com/grafana/grafana/issues/106889
104957,InfluxDB: datatype `STRING_VIEW`  is unhandled,2025-05-05 17:35:15+00:00,2025-07-10 20:41:58+00:00,type/bug|datasource/influxdb|type/epic|automated-triage,closed,https://github.com/grafana/grafana/issues/104957
107148,Transformations: Filters disappear with datasource error,2025-06-24 18:11:59+00:00,2025-07-10 23:47:20+00:00,type/bug|area/transformations,closed,https://github.com/grafana/grafana/issues/107148
88978,Fix buggy api_plugins_test file,2024-06-10 12:09:39+00:00,2025-07-11 02:15:58+00:00,type/bug|stale|internal,closed,https://github.com/grafana/grafana/issues/88978
105308,"Dashboards: Variable search is case sensitive when using special characters like ""ä,ö,å""",2025-05-13 06:58:16+00:00,2025-07-11 13:49:22+00:00,type/bug|onboarding|area/internationalization|good first issue|automated-triage|area/dashboard/variable,closed,https://github.com/grafana/grafana/issues/105308
85772,Cannot open custom annotation html link in new tab,2024-04-08 23:24:29+00:00,2025-07-11 15:19:42+00:00,type/bug|area/dashboard|area/annotations,closed,https://github.com/grafana/grafana/issues/85772
108029,Public Dashboards: Incorrect Data Source is used,2025-07-11 14:12:02+00:00,2025-07-12 00:18:26+00:00,type/bug|datasource/mssql|area/public-dashboards|automated-triage,closed,https://github.com/grafana/grafana/issues/108029
108086,"Time Series shows ""data outside time range"", but also shows the data",2025-07-14 18:55:25+00:00,2025-07-14 19:53:19+00:00,type/bug|area/dashboard/templating|area/dashboard/timerange|area/panel/timeseries|team/grafana-dashboards|automated-triage,closed,https://github.com/grafana/grafana/issues/108086
60703,"Failed to save dashboard” error=“database table is locked: alert""",2022-12-22 15:42:10+00:00,2025-07-15 02:15:31+00:00,type/bug|area/backend|stale|area/backend/db/sql|triage/needs-confirmation,closed,https://github.com/grafana/grafana/issues/60703
65872,Bar stacking breaks when a value gets positve and negative values ,2023-04-03 18:22:44+00:00,2025-07-15 02:15:36+00:00,type/bug|area/frontend|stale|area/panel/timeseries|area/panel/barchart,closed,https://github.com/grafana/grafana/issues/65872
107506,Prometheus: `Invalid interval string` when `Min step` includes a macro,2025-07-02 10:04:36+00:00,2025-07-15 06:37:45+00:00,type/bug|datasource/prometheus|needs refinement,closed,https://github.com/grafana/grafana/issues/107506
75036,Explore Metrics: Raw Prometheus Container needs to not overwrite mixed datasource results for display,2023-09-18 18:09:29+00:00,2025-07-15 06:39:42+00:00,type/bug|help wanted|datasource/prometheus|area/explore,closed,https://github.com/grafana/grafana/issues/75036
108067,[Graphite]: Fix backend queries sharing time ranges,2025-07-14 14:19:04+00:00,2025-07-15 13:38:57+00:00,type/bug|effort/small|datasource/graphite|internal,closed,https://github.com/grafana/grafana/issues/108067
106496,Product Area: Cloudwatch Data Source uses incorrect metric names,2025-06-10 16:38:57+00:00,2025-07-15 14:57:07+00:00,type/bug|effort/small|datasource/cloudwatch|automated-triage,closed,https://github.com/grafana/grafana/issues/106496
108126,Plugin Extensions: Link path not recognised in Command Palette,2025-07-15 13:52:58+00:00,2025-07-17 06:03:40+00:00,type/bug|area/plugins|area/plugin-extensions,closed,https://github.com/grafana/grafana/issues/108126
108166,Alerting: Cloudwatch Logs queries not working,2025-07-16 08:22:59+00:00,2025-07-17 11:12:19+00:00,type/bug|area/alerting|datasource/cloudwatch logs|type/regression|automated-triage,closed,https://github.com/grafana/grafana/issues/108166
107734,Can't select user default timezone on dashboards,2025-07-07 17:41:41+00:00,2025-07-17 13:35:47+00:00,type/bug|internal,closed,https://github.com/grafana/grafana/issues/107734
100216,"Cloud Monitoring Templating: Unable to use ""user"" metadata in label_values()",2025-02-06 16:12:04+00:00,2025-07-17 15:19:47+00:00,type/bug|area/dashboard/templating|datasource/googlecloudmonitoring|team/grafana-dashboards|automated-triage,closed,https://github.com/grafana/grafana/issues/100216
65981,The ruler API is not visible on OpenAPI.,2023-04-05 07:32:33+00:00,2025-07-18 02:15:32+00:00,type/bug|area/backend/api|stale|effort/medium,closed,https://github.com/grafana/grafana/issues/65981
89279,Scenes: Support mixing a adhoc filter using ds variable and query not using ds variable or vice versa,2024-06-17 10:03:59+00:00,2025-07-18 02:16:07+00:00,type/bug|area/dashboard/templating|stale|area/scenes|internal|team/grafana-dashboards,closed,https://github.com/grafana/grafana/issues/89279
104076,"Alerting: CloudWatch Logs Alert Rule Query Error ""frame cannot uniquely be identified by its labels: has duplicate results with labels {}""",2025-04-15 22:04:03+00:00,2025-07-18 14:29:40+00:00,type/bug|effort/small|datasource/cloudwatch logs|automated-triage,closed,https://github.com/grafana/grafana/issues/104076
87287,Alert rules tab in sub folder page doesn't display alert rules,2024-05-03 05:33:39+00:00,2025-07-20 02:16:06+00:00,type/bug|area/alerting|area/dashboard/folders|area/frontend|stale,closed,https://github.com/grafana/grafana/issues/87287
106390,Tempo Datasource: Trace to logs V2 fails to filter by Span ID,2025-06-06 09:02:44+00:00,2025-07-21 12:52:32+00:00,type/bug|needs investigation|datasource/tempo|automated-triage,closed,https://github.com/grafana/grafana/issues/106390
107866,Issue with Polystat Plugin in Grafana v1.2.2 – Skipping Plugin Load,2025-07-09 09:29:18+00:00,2025-07-21 15:55:31+00:00,type/bug|area/plugins|type/regression|automated-triage,closed,https://github.com/grafana/grafana/issues/107866
103704,API Render : Specifying a width value in the url changes the values of the displayed panel,2025-04-09 12:14:01+00:00,2025-07-21 17:44:00+00:00,type/bug|needs more info|area/backend/api|area/image-rendering|can't reproduce|automated-triage,closed,https://github.com/grafana/grafana/issues/103704
101068,Documentation feedback: /docs/sources/administration/data-source-management/_index.md,2025-02-20 14:20:08+00:00,2025-07-21 17:47:06+00:00,type/bug|type/docs|area/backend/api|area/public-dashboards|automated-triage,closed,https://github.com/grafana/grafana/issues/101068
104667,Public Dashboards: Not able to view panels in public dashboard if saved as collapsed row,2025-04-29 05:17:47+00:00,2025-07-21 17:47:59+00:00,type/bug|needs more info|area/public-dashboards|area/dashboard/rows|automated-triage,closed,https://github.com/grafana/grafana/issues/104667
107651,MongoDB: Cannot reset password in credentials authentication,2025-07-04 19:22:19+00:00,2025-07-21 21:44:11+00:00,type/bug|prio/high|area/datasource|area/datasource/frontend|internal|datasource/enterprise|datasource/mongodb|origin/escalation,closed,https://github.com/grafana/grafana/issues/107651
101962,Panels: Expressions broken when multiplying small numbers by large numbers,2025-03-11 17:08:44+00:00,2025-07-22 13:51:30+00:00,type/bug|needs investigation|area/expressions|type/regression|team/grafana-dashboards|area/dashboards/panel|automated-triage|team/grafana-datapro,closed,https://github.com/grafana/grafana/issues/101962
94007,"Release: Latest tag on hub.docker.com is still version 11.2.0, not 11.2.1",2024-09-30 14:22:04+00:00,2025-07-22 15:45:51+00:00,type/bug|area/backend|area/configuration|automated-triage,closed,https://github.com/grafana/grafana/issues/94007
106555,Azure: Unable to switch time-range mode,2025-06-11 13:02:21+00:00,2025-07-22 15:47:54+00:00,type/bug|effort/small|prio/high|datasource/azure|internal,closed,https://github.com/grafana/grafana/issues/106555
104124,Grafana UI sends excessive API calls causing ERR_INSUFFICIENT_RESOURCES when referencing custom templates,2025-04-16 16:52:14+00:00,2025-07-22 18:23:38+00:00,type/bug|area/alerting|type/performance|area/frontend|automated-triage,closed,https://github.com/grafana/grafana/issues/104124
99527,Dashboard: ANSI escape codes (not Loki) are not honored,2025-01-24 21:05:57+00:00,2025-07-22 18:26:33+00:00,type/bug|area/explore|area/panel/logs|automated-triage,closed,https://github.com/grafana/grafana/issues/99527
101544,The long number displayed is wrong when elasticsearch as datasource in grafana.,2025-03-04 05:54:03+00:00,2025-07-22 22:26:40+00:00,type/bug|datasource/elasticsearch|area/frontend/library-panels|automated-triage,closed,https://github.com/grafana/grafana/issues/101544
76712,Geomap: Add Migration for Icon Alignment,2023-10-17 17:05:04+00:00,2025-07-23 02:15:33+00:00,type/bug|stale|area/panel/geomap|bug-bash,closed,https://github.com/grafana/grafana/issues/76712
93241,Creating a folder causes it to appears twice in the UI,2024-09-11 19:43:31+00:00,2025-07-23 10:52:20+00:00,type/bug|area/dashboard/folders|prio/awaiting-more-evidence|team/grafana-dashboards|can't reproduce|automated-triage,closed,https://github.com/grafana/grafana/issues/93241
98780,"Grafana with elastic search datasource ,stat panel issue",2025-01-10 04:06:43+00:00,2025-07-23 19:35:55+00:00,type/bug|datasource/elasticsearch|area/panel/stat|automated-triage,closed,https://github.com/grafana/grafana/issues/98780
107085,Transformations: Tooltip for Extract > regex broken,2025-06-23 18:28:44+00:00,2025-07-23 22:41:28+00:00,type/bug|area/transformations|internal,closed,https://github.com/grafana/grafana/issues/107085
105991,Default preferences: Home Dashboard not working,2025-05-26 05:55:35+00:00,2025-07-24 06:25:03+00:00,type/bug|area/navigation|type/regression|automated-triage,closed,https://github.com/grafana/grafana/issues/105991
101443,[Doc] Link in Get started with Explore page does not link to the right page,2025-02-28 00:03:32+00:00,2025-07-24 15:29:36+00:00,type/bug|type/docs|area/explore|automated-triage,closed,https://github.com/grafana/grafana/issues/101443
108600,Prometheus: When there is an empty label mather in recording rule expanding is not working,2025-07-24 13:58:30+00:00,2025-07-24 18:12:44+00:00,type/bug|datasource/prometheus|good first issue|internal,closed,https://github.com/grafana/grafana/issues/108600
89618,Alerting: Alert error is lost on restart,2024-06-24 12:09:32+00:00,2025-07-25 02:15:50+00:00,type/bug|area/alerting|area/backend|stale|internal,closed,https://github.com/grafana/grafana/issues/89618
107264,Cloud Migration: Errors uploading snapshots in an HA setup,2025-06-26 15:16:52+00:00,2025-07-25 14:41:22+00:00,type/bug|team/operator-experience|internal|area/cloudmigrations,closed,https://github.com/grafana/grafana/issues/107264
108125,Logs: Out of order logs in Table View due to Truncation,2025-07-15 13:44:49+00:00,2025-07-25 21:43:37+00:00,type/bug|area/panel/table|automated-triage,closed,https://github.com/grafana/grafana/issues/108125
89717,TimeSeries: `short` unit does not work with adaptive precision of y axis ticks,2024-06-25 18:35:52+00:00,2025-07-26 02:15:38+00:00,type/bug|stale|area/panel/timeseries|internal,closed,https://github.com/grafana/grafana/issues/89717
89782,Dashboard: nested query variable looses options when changing to new time range,2024-06-26 13:59:14+00:00,2025-07-27 02:16:43+00:00,type/bug|area/dashboard/templating|area/dashboard|prio/medium|stale|team/grafana-dashboards,closed,https://github.com/grafana/grafana/issues/89782
89793,Heatmap: No data results in error message,2024-06-26 16:07:04+00:00,2025-07-28 02:16:19+00:00,type/bug|area/panel/heatmap|stale,closed,https://github.com/grafana/grafana/issues/89793
108559,Plugins: TwinMaker not getting forwarded AWS settings,2025-07-23 21:24:38+00:00,2025-07-28 09:15:54+00:00,type/bug|effort/none|team/grafana-aws-datasources|automated-triage,closed,https://github.com/grafana/grafana/issues/108559
107600,Time picker: Absolute time zones do not honor time settings,2025-07-03 22:48:22+00:00,2025-07-28 13:08:36+00:00,type/bug|timepicker|internal,closed,https://github.com/grafana/grafana/issues/107600
107167,CSP(content security policy) header in grafana not applied correctly,2025-06-25 07:29:56+00:00,2025-07-28 15:46:24+00:00,type/bug|area/security|area/backend/api|type/browser-compatibility|bot/no new info|area/configuration|automated-triage,closed,https://github.com/grafana/grafana/issues/107167
104062,Cloudwatch Plugin: EMRServerless Job level metrics dimensions missing,2025-04-15 16:58:10+00:00,2025-07-28 16:12:49+00:00,type/bug|effort/small|datasource/cloudwatch|good first issue|automated-triage|area/dashboard/variable,closed,https://github.com/grafana/grafana/issues/104062
108804,TableNG: wrapHeaderText can miscalculate header height in marginal cases,2025-07-28 14:32:01+00:00,2025-07-28 21:03:57+00:00,type/bug|area/panel/table|internal,closed,https://github.com/grafana/grafana/issues/108804
106783,Alerting: adding an alert rule with long function breaks edit UI,2025-06-16 15:17:28+00:00,2025-07-29 10:16:34+00:00,type/bug|effort/small|datasource/graphite|prio/medium|internal,closed,https://github.com/grafana/grafana/issues/106783
97845,plugin catalog: issues version history page on smaller screens,2024-12-12 13:25:09+00:00,2025-07-30 09:44:45+00:00,type/bug|area/plugins-catalog|internal,closed,https://github.com/grafana/grafana/issues/97845
108527,Using multiple-value variable in canvas button post,2025-07-23 13:54:07+00:00,2025-07-30 13:47:49+00:00,type/bug|area/templating/repeating|area/panel/canvas|automated-triage,closed,https://github.com/grafana/grafana/issues/108527
108070,[InfluxDB]: Fix backend queries sharing time ranges,2025-07-14 14:19:08+00:00,2025-07-30 14:14:45+00:00,type/bug|datasource/influxdb|internal,closed,https://github.com/grafana/grafana/issues/108070
104372,"Docker image for ""11.6.0+security-01"" is not  valid image tag",2025-04-23 06:53:48+00:00,2025-07-31 14:40:44+00:00,type/bug|area/security|type/build-packaging|area/configuration|automated-triage,closed,https://github.com/grafana/grafana/issues/104372
88169,Alerting: Disable (...) is allowed to be saved on top of other parameters but API gives bad request data updating policies,2024-05-22 12:07:31+00:00,2025-07-31 15:43:51+00:00,type/bug|area/alerting|area/frontend|stale,closed,https://github.com/grafana/grafana/issues/88169
108651,"Bug Jaeger: Grafana v12.1.0 unsupported path requested: ""/api/traces""",2025-07-25 07:08:11+00:00,2025-08-01 12:56:32+00:00,type/bug|area/explore|datasource/jaeger|automated-triage,closed,https://github.com/grafana/grafana/issues/108651
96603,the Chinese translation of from-input is not proper,2024-11-18 07:44:56+00:00,2025-08-01 13:09:08+00:00,type/bug|area/internationalization|automated-triage,closed,https://github.com/grafana/grafana/issues/96603
89847,interval_ms interpolation fails with scenes and aws-timestream plugin,2024-06-27 14:38:12+00:00,2025-08-03 02:16:45+00:00,type/bug|area/dashboard|stale|internal|team/grafana-dashboards,closed,https://github.com/grafana/grafana/issues/89847
85448,Time range component: Using utc datetime is not respected after clicking Apply time range,2024-04-02 07:12:39+00:00,2025-08-04 02:16:27+00:00,type/bug|stale|timepicker|internal,closed,https://github.com/grafana/grafana/issues/85448
106183,"Ensure all ARIA attributes have valid values during action ""Add Visualization""",2025-05-28 20:13:13+00:00,2025-08-04 09:08:31+00:00,type/bug|effort/small|type/accessibility|automated-triage|aas,closed,https://github.com/grafana/grafana/issues/106183
105971,Transformation: transpose doesn't cope well with undefined values,2025-05-23 18:33:44+00:00,2025-08-04 12:53:28+00:00,type/bug|area/transformations|automated-triage,closed,https://github.com/grafana/grafana/issues/105971
108783,Tempo: TraceQL metrics instant query with streaming shows range-query results,2025-07-28 11:52:42+00:00,2025-08-04 15:09:14+00:00,type/bug|area/explore|datasource/tempo|internal,closed,https://github.com/grafana/grafana/issues/108783
109063,[Splunk] Text area in varible query editors view wonky with multi-line queries,2025-08-01 15:26:44+00:00,2025-08-05 09:23:39+00:00,type/bug|prio/low|datasource/splunk|internal|datasource/enterprise|origin/escalation,closed,https://github.com/grafana/grafana/issues/109063
109061,[Oracle] fix ORA-00932: inconsistent datatypes: expected NUMBER got INTERVAL DAY TO SECOND,2025-08-01 15:11:34+00:00,2025-08-05 09:33:40+00:00,type/bug|internal|datasource/enterprise|origin/escalation|datasource/oracle,closed,https://github.com/grafana/grafana/issues/109061
107943,[MongoDB] Applying multiple ad hoc filters at the same time doesn't work,2025-07-10 09:12:35+00:00,2025-08-06 12:16:56+00:00,type/bug|prio/medium|internal|datasource/enterprise|datasource/mongodb|origin/escalation,closed,https://github.com/grafana/grafana/issues/107943
109058,[AppDynamics] Variable interpolation replaces placeholders in query,2025-08-01 14:58:01+00:00,2025-08-06 12:18:11+00:00,type/bug|internal|datasource/enterprise|origin/escalation|datasource/appdynamics,closed,https://github.com/grafana/grafana/issues/109058
109222,Dashboards: Table cell with more than 1 data link is not highlighted as a clickable link,2025-08-06 06:02:29+00:00,2025-08-06 13:20:56+00:00,type/bug|area/panel/table|area/dashboard/data-links|type/regression|team/grafana-dashboards|automated-triage,closed,https://github.com/grafana/grafana/issues/109222
94821,Table: Negative numbers displayed with minus after digits when using data links,2024-10-16 15:24:16+00:00,2025-08-06 13:27:18+00:00,type/bug|area/panel/table|type/regression|automated-triage,closed,https://github.com/grafana/grafana/issues/94821
108952,Transformations: Filter disappears when refID for merge changes,2025-07-30 23:33:22+00:00,2025-08-06 13:52:36+00:00,type/bug|area/transformations|internal,closed,https://github.com/grafana/grafana/issues/108952
109138,Authentication: Cannot use brute force login protection by IP address for same user login attempts,2025-08-04 15:33:29+00:00,2025-08-06 14:08:51+00:00,type/bug|area/auth|automated-triage,closed,https://github.com/grafana/grafana/issues/109138
107700,Azure Monitor: Resource selector advanced fields stop evaluating after first variable,2025-07-07 14:09:46+00:00,2025-08-07 11:32:48+00:00,type/bug|effort/small|datasource/azure|automated-triage|area/dashboard/variable,closed,https://github.com/grafana/grafana/issues/107700
92234,Dashboards: Moving folder causes dashboard to lose permissions,2024-08-21 16:34:09+00:00,2025-08-07 14:10:30+00:00,type/bug|area/dashboard/folders|team/grafana-dashboards|automated-triage|area/access-control,closed,https://github.com/grafana/grafana/issues/92234
105092,"GitSync provisioning in v12: ""get client for kind: the server could not find the requested resource""",2025-05-08 09:05:07+00:00,2025-08-08 11:34:22+00:00,type/bug|area/provisioning|automated-triage,closed,https://github.com/grafana/grafana/issues/105092
106308,Dashboards Playlist stops after a few minutes,2025-06-04 07:44:44+00:00,2025-08-08 17:29:08+00:00,type/bug|area/playlist|type/regression|automated-triage,closed,https://github.com/grafana/grafana/issues/106308
89841,Table: Preview for Table in the Suggestions list for a dashboard visualisation is throwing an error,2024-06-27 13:49:05+00:00,2025-08-10 02:16:21+00:00,type/bug|area/panel/table|stale|area/dataviz,closed,https://github.com/grafana/grafana/issues/89841
90307,Geomap: Index in edit panel does not reflect marker color change,2024-07-10 21:08:48+00:00,2025-08-10 02:16:28+00:00,type/bug|stale|area/panel/geomap|area/dataviz,closed,https://github.com/grafana/grafana/issues/90307
109376,metrics in variables not working as expected,2025-08-08 07:22:52+00:00,2025-08-10 10:19:20+00:00,type/bug|type/regression|automated-triage|area/dashboard/variable,closed,https://github.com/grafana/grafana/issues/109376
62260,BarChart: Field still using space after override hide in Viz,2023-01-26 18:49:44+00:00,2025-08-11 02:15:40+00:00,type/bug|stale|area/panel/barchart|triage/needs-confirmation,closed,https://github.com/grafana/grafana/issues/62260
89265,Alerts: DataSource alerts keep going ~48h after resolution,2024-06-17 06:33:42+00:00,2025-08-11 06:13:47+00:00,type/bug|area/alerting|stale|triage/needs-confirmation,closed,https://github.com/grafana/grafana/issues/89265
108746,Failed to load dashboard Unknown layout element kind: GridLayoutRow - after Update 12.0.2 to 12.1.0 for new Layout Dashboards,2025-07-27 20:47:56+00:00,2025-08-11 10:49:39+00:00,type/bug|area/backend/db/migration|type/regression|area/dashboard/rows|team/grafana-dashboards|automated-triage,closed,https://github.com/grafana/grafana/issues/108746
106584,Cloudwatch data source: Cannot display both Cloudwatch metric and Cloudwatch log in the same panel,2025-06-11 20:13:44+00:00,2025-08-11 13:55:53+00:00,type/bug|datasource/cloudwatch|datasource/cloudwatch logs|type/regression|effort/medium|automated-triage,closed,https://github.com/grafana/grafana/issues/106584
105585,"When adding an influxdb data source to Grafana, select SQL query language and cannot use self-signed CA for verification",2025-05-17 16:08:43+00:00,2025-08-11 16:45:21+00:00,type/bug|datasource/influxdb|area/security|automated-triage,closed,https://github.com/grafana/grafana/issues/105585
109182,MultiComboBox: Unable to deselect items via checkbox,2025-08-05 10:23:28+00:00,2025-08-12 16:40:09+00:00,type/bug|internal,closed,https://github.com/grafana/grafana/issues/109182
109613,Azure: Logs query editor crashing,2025-08-13 15:17:18+00:00,2025-08-13 17:22:08+00:00,type/bug|effort/small|datasource/azure|internal,closed,https://github.com/grafana/grafana/issues/109613
102160,Multiple installations of the Grafana do not initialize empty postgres schemas on a shared logical database,2025-03-13 21:46:35+00:00,2025-08-14 08:45:32+00:00,type/bug|area/backend/db|area/backend|area/backend/db/postgres|automated-triage,closed,https://github.com/grafana/grafana/issues/102160
109378,Alert Rules: serve_from_sub_path not accounted for in at least one call,2025-08-08 07:45:50+00:00,2025-08-14 15:10:15+00:00,type/bug|area/alerting|area/frontend|area/configuration|type/regression|automated-triage,closed,https://github.com/grafana/grafana/issues/109378
103737,Alerting: double $$ when exporting alert rule with tags which contains go template,2025-04-09 16:38:36+00:00,2025-08-14 15:31:28+00:00,type/bug|area/alerting|type/regression|automated-triage,closed,https://github.com/grafana/grafana/issues/103737
109681,"Grafana binary: building grafana with commit tagged with v.12.1.1 and binary returns 12.1.0 for ""grafana --version""",2025-08-14 15:31:18+00:00,2025-08-14 16:27:51+00:00,type/bug|type/build-packaging|area/backend|automated-triage,closed,https://github.com/grafana/grafana/issues/109681
109635,Docker: latest tag does not point to latest version,2025-08-13 19:05:26+00:00,2025-08-14 16:29:43+00:00,type/bug|area/configuration|automated-triage,closed,https://github.com/grafana/grafana/issues/109635
109367,Alerting: Alert rule provisioning via files does not seem to apply keepFiringFor,2025-08-07 21:01:47+00:00,2025-08-14 20:19:45+00:00,type/bug|area/alerting|area/provisioning|automated-triage,closed,https://github.com/grafana/grafana/issues/109367
109649,promtail  failed to make Docker service discovery target manager: invalid json stage config: could not compile JMES expression: SyntaxError: Unknown char:,2025-08-14 07:59:00+00:00,2025-08-15 08:58:29+00:00,type/bug|datasource/loki|area/configuration|automated-triage,closed,https://github.com/grafana/grafana/issues/109649
107144,Canvas: test API call from Button element results in connection refused error,2025-06-24 17:22:01+00:00,2025-08-15 14:16:38+00:00,type/bug|area/backend/api|area/panel/canvas|automated-triage,closed,https://github.com/grafana/grafana/issues/107144
101290,Product Area: NoData still Alerts though default config is keeping previous state(Normal),2025-02-25 12:27:18+00:00,2025-08-15 18:01:39+00:00,type/bug|area/alerting|automated-triage,closed,https://github.com/grafana/grafana/issues/101290
109767,Docker image: Grafana 12.1.1 incorrectly built,2025-08-16 08:00:15+00:00,2025-08-17 21:54:02+00:00,type/bug|type/build-packaging|area/backend|area/configuration|automated-triage,closed,https://github.com/grafana/grafana/issues/109767
90544,Dashboards: Applying save transformation multiple times does not save the fields,2024-07-17 15:50:58+00:00,2025-08-18 02:16:29+00:00,type/bug|area/dashboard|stale|area/transformations,closed,https://github.com/grafana/grafana/issues/90544
90561,Alerting: resources with forward slashes are not accessible via provisioning API in Grafana Cloud,2024-07-17 19:33:13+00:00,2025-08-18 02:16:31+00:00,type/bug|area/alerting|stale|internal,closed,https://github.com/grafana/grafana/issues/90561
92033,Alerting: Secrets in nested fields are ignored,2024-08-16 19:21:40+00:00,2025-08-18 14:23:48+00:00,type/bug|internal,closed,https://github.com/grafana/grafana/issues/92033
109532,Numeric values overflowing area because of font-variant-numeric: tabular-nums;,2025-08-12 13:50:24+00:00,2025-08-19 10:00:06+00:00,type/bug|type/regression|automated-triage,closed,https://github.com/grafana/grafana/issues/109532
109716,Provisioning: secureJsonData passwords with $$ are corrupted by environment variable expansion,2025-08-15 01:11:57+00:00,2025-08-19 13:37:45+00:00,type/bug|datasource/prometheus|area/provisioning|automated-triage|area/provisioning/datasources,closed,https://github.com/grafana/grafana/issues/109716
109859,Dashboard List: Fix wrong query in links when variables are included,2025-08-19 12:43:55+00:00,2025-08-19 15:43:16+00:00,type/bug|area/panel/dashboard-list|internal,closed,https://github.com/grafana/grafana/issues/109859
109126,[Splunk] Properly expand IN operator with variables,2025-08-04 13:34:32+00:00,2025-08-19 20:14:46+00:00,type/bug|datasource/splunk|internal|datasource/enterprise|origin/escalation,closed,https://github.com/grafana/grafana/issues/109126
109842,"Docker image ""latest"" tag points to very old version",2025-08-19 09:24:25+00:00,2025-08-19 20:51:36+00:00,type/bug|area/configuration|automated-triage,closed,https://github.com/grafana/grafana/issues/109842
109875,apt.grafana.com 403 Response,2025-08-19 18:14:47+00:00,2025-08-19 21:22:34+00:00,type/bug|area/backend/api|automated-triage,closed,https://github.com/grafana/grafana/issues/109875
98996,Contribution Help: Built docker image fails to run in k8s,2025-01-15 06:38:22+00:00,2025-08-19 21:59:47+00:00,type/bug|area/playlist|area/backend|automated-triage,closed,https://github.com/grafana/grafana/issues/98996
109456,Image: Release Image rely on Grafana dependencies in a Nightly version,2025-08-11 10:43:54+00:00,2025-08-20 11:16:41+00:00,type/bug|area/security|type/build-packaging|area/configuration|automated-triage,closed,https://github.com/grafana/grafana/issues/109456
106405,Dashboards: `partition by values` breaks `series to table`,2025-06-06 15:02:09+00:00,2025-08-20 17:19:49+00:00,type/bug|area/panel/table|area/transformations|automated-triage,closed,https://github.com/grafana/grafana/issues/106405
109830,An unexpected error happened TypeError: Cannot read properties of null (reading 'manageAlerts') on path `alerting/list`,2025-08-18 21:01:13+00:00,2025-08-21 21:18:41+00:00,type/bug|area/alerting|area/backend/api|automated-triage,closed,https://github.com/grafana/grafana/issues/109830
110067,Transformations: Binary: limit on number of selections in first dropdown?,2025-08-22 21:03:56+00:00,2025-08-22 21:11:16+00:00,type/bug|area/transformations|automated-triage,closed,https://github.com/grafana/grafana/issues/110067
103435,elasticsearch adhoc filter does not work for numeric/long data in table,2025-04-04 06:32:49+00:00,2025-08-23 02:23:32+00:00,type/bug|datasource/elasticsearch|area/panel/table|type/regression|automated-triage,closed,https://github.com/grafana/grafana/issues/103435
96949,Dashboards: cutted on top / wrong start position on mobile devices,2024-11-22 21:41:25+00:00,2025-08-23 18:13:39+00:00,type/bug|type/browser-compatibility|area/frontend/library-panels|automated-triage|area/dashboard/kiosk,closed,https://github.com/grafana/grafana/issues/96949
90804,DashboardScene: Switching to Text panel while in table view maintains table view in panel edit,2024-07-23 06:53:02+00:00,2025-08-24 02:16:02+00:00,type/bug|stale|area/scenes|internal|team/grafana-dashboards,closed,https://github.com/grafana/grafana/issues/90804
89794,Dashboards: Variable Selection Behaviour Inconsistent Dependent on Role,2024-06-26 16:10:54+00:00,2025-08-25 02:13:16+00:00,type/bug|area/dashboard|stale|team/grafana-dashboards,closed,https://github.com/grafana/grafana/issues/89794
109805,[BUG]: HA Grafana pods running different plugin versions causing hash mismatch errors in browser,2025-08-13 08:15:56+00:00,2025-08-25 10:41:57+00:00,type/bug|area/plugins|area/configuration|automated-triage,closed,https://github.com/grafana/grafana/issues/109805
109889,CloudWatch Log Insights Data Source: Only one visualization using CloudWatch Insights on a dashboard using multiple CloudWatch Insights visualizations loads,2025-08-20 03:33:38+00:00,2025-08-25 15:10:37+00:00,type/bug|effort/small|area/dashboard/templating|datasource/cloudwatch logs|team/grafana-dashboards|automated-triage,closed,https://github.com/grafana/grafana/issues/109889
109386,Dashboard - Table Panel: Colored background apply to row incompatible with Colored Text,2025-08-08 11:23:02+00:00,2025-08-25 19:47:12+00:00,type/bug|area/panel/table|area/field/overrides|team/grafana-dashboards|area/dashboard/edit|automated-triage,closed,https://github.com/grafana/grafana/issues/109386
109499,Transformations: Group to matrix crashes with timeseries to table in some cases.,2025-08-11 23:39:56+00:00,2025-08-26 00:14:05+00:00,type/bug|area/transformations|internal,closed,https://github.com/grafana/grafana/issues/109499
90950,Transformations: Empty value conditions are impacting results,2024-07-25 14:45:04+00:00,2025-08-26 02:11:06+00:00,type/bug|stale|area/transformations|internal,closed,https://github.com/grafana/grafana/issues/90950
108732,"Dashboards:  ""Not found"" pop up message when Public Dashboards disabled - 12.1.0",2025-07-26 03:53:42+00:00,2025-08-26 10:58:48+00:00,type/bug|area/public-dashboards|automated-triage,closed,https://github.com/grafana/grafana/issues/108732
109652,SQL expression: configuration sql_expression_cell_output_limit doesn't works,2025-08-14 08:26:12+00:00,2025-08-26 13:45:04+00:00,type/bug|area/expressions|area/configuration|automated-triage,closed,https://github.com/grafana/grafana/issues/109652
89915,Table: Text Wrap introduces line breaks in the middle of a word,2024-07-01 14:11:04+00:00,2025-08-27 02:08:11+00:00,type/bug|area/panel/table|stale|triage/needs-confirmation,closed,https://github.com/grafana/grafana/issues/89915
90870,"Fix ""Failed to get settings"" when there is a misconfigured datasource",2024-07-23 21:52:44+00:00,2025-08-27 02:08:22+00:00,type/bug|area/backend|stale|internal,closed,https://github.com/grafana/grafana/issues/90870
91068,Scenes: Control variables circular dependencies on a dashboard ,2024-07-26 15:08:05+00:00,2025-08-27 02:08:28+00:00,type/bug|area/dashboard/templating|stale|area/scenes|internal|team/grafana-dashboards,closed,https://github.com/grafana/grafana/issues/91068
110177,GPG signature verification error,2025-08-26 15:36:10+00:00,2025-08-27 13:19:50+00:00,type/bug|area/security|automated-triage,closed,https://github.com/grafana/grafana/issues/110177
98296,Dashboard Variables: Current value saved even when variable throws an error,2024-12-19 22:49:30+00:00,2025-08-28 06:04:49+00:00,type/bug|area/dashboard|team/grafana-dashboards|automated-triage|area/dashboard/variable|area/dashboard/scenes,closed,https://github.com/grafana/grafana/issues/98296
109963,Dashboards: Option Sections and editors collapsed and recreates on every option change,2025-08-21 11:37:53+00:00,2025-08-28 12:02:01+00:00,type/bug|type/regression|team/grafana-dashboards|area/dashboards/panel|area/dashboard/edit|automated-triage,closed,https://github.com/grafana/grafana/issues/109963
110073,APT package repositories broken: Signature expired,2025-08-22 23:20:36+00:00,2025-08-28 14:40:12+00:00,type/bug|type/build-packaging|area/backend|automated-triage,closed,https://github.com/grafana/grafana/issues/110073
101203,Alerting: Link to Panel is generated wrong (superflouis /d/d path segment),2025-02-24 10:48:25+00:00,2025-08-28 15:27:43+00:00,type/bug|area/alerting|area/dashboard/links|team/grafana-dashboards|automated-triage,closed,https://github.com/grafana/grafana/issues/101203
102455,Kiosk mode is lost on refresh if not all variables included in url,2025-03-19 13:32:21+00:00,2025-08-29 06:41:35+00:00,type/bug|team/grafana-dashboards|automated-triage|area/dashboard/kiosk,closed,https://github.com/grafana/grafana/issues/102455
110234,Dashboard: HTTP Requests,2025-08-27 17:05:30+00:00,2025-08-29 08:26:38+00:00,type/bug|area/dashboard|automated-triage,closed,https://github.com/grafana/grafana/issues/110234
102839,X-axis minimum and maximum not set accurately for Trend panels with few values,2025-03-25 20:52:59+00:00,2025-08-29 14:47:16+00:00,type/bug|area/panel/trend|automated-triage,closed,https://github.com/grafana/grafana/issues/102839
107815,Cloud Monitoring: Unable to select Query Type in variable settings,2025-07-09 01:12:31+00:00,2025-08-29 20:00:45+00:00,type/bug|datasource/googlecloudmonitoring|type/regression|automated-triage|area/dashboard/variable,closed,https://github.com/grafana/grafana/issues/107815
55273,$__interval rounded to integer number of seconds in MySQL queries,2022-09-16 02:50:14+00:00,2025-08-30 02:02:53+00:00,type/bug|datasource/mysql|stale,closed,https://github.com/grafana/grafana/issues/55273
109772,Admin > Plugins and Data > Extensions: log view crashes on expanding line,2025-08-17 12:48:10+00:00,2025-08-30 09:03:12+00:00,type/bug|area/plugins|area/admin/user|automated-triage,closed,https://github.com/grafana/grafana/issues/109772
89330,zipkin datasource unexcepted graph result,2024-06-18 08:26:46+00:00,2025-08-31 02:12:14+00:00,type/bug|stale|datasource/zipkin,closed,https://github.com/grafana/grafana/issues/89330
90761,Panel changes not saved when adding a new panel with Scenes ,2024-07-22 16:33:18+00:00,2025-09-01 02:15:52+00:00,type/bug|stale|area/scenes|internal|team/grafana-dashboards|area/dashboard/edit,closed,https://github.com/grafana/grafana/issues/90761
103686,Histogram: Tooltip for wrong bucket shown in some cases,2025-04-09 09:44:50+00:00,2025-09-01 21:48:46+00:00,type/bug|help wanted|area/panel/histogram|internal,closed,https://github.com/grafana/grafana/issues/103686
108659,Repository GPG key expires 2025-08-23,2025-07-25 08:26:30+00:00,2025-09-02 10:49:18+00:00,type/bug|area/security|automated-triage,closed,https://github.com/grafana/grafana/issues/108659
109164,Dashboards: Annotations do not work unless enabled when the page loads,2025-08-05 03:23:22+00:00,2025-09-02 23:14:35+00:00,type/bug|needs more info|type/regression|team/grafana-dashboards|automated-triage|area/dashboard/annotations,closed,https://github.com/grafana/grafana/issues/109164
90903,Alerting: integration configuration with secret fields in different casing break Alertmanager configuration,2024-07-24 14:05:08+00:00,2025-09-03 02:03:09+00:00,type/bug|area/alerting|stale|internal,closed,https://github.com/grafana/grafana/issues/90903
109542,Dashboard: Can't edit panel on play.grafana.org,2025-08-12 15:03:55+00:00,2025-09-03 16:02:18+00:00,type/bug|team/grafana-dashboards|area/dashboard/edit|automated-triage|area/permissions,closed,https://github.com/grafana/grafana/issues/109542
108801,Canvas: Panel resize clears element selection,2025-07-28 14:20:27+00:00,2025-09-03 18:05:49+00:00,type/bug|area/panel/canvas|internal,closed,https://github.com/grafana/grafana/issues/108801
109787,Alerting: Too many ESTABLISHED tcp connection from Grafana to Alert Contact point,2025-08-18 10:32:32+00:00,2025-09-03 21:36:44+00:00,type/bug|area/alerting|automated-triage,closed,https://github.com/grafana/grafana/issues/109787
109434,Go Mod Tidy: run go mod tidy failed,2025-08-09 04:04:51+00:00,2025-09-04 04:46:00+00:00,type/bug|area/backend|automated-triage,closed,https://github.com/grafana/grafana/issues/109434
103356,Newly created v2 dashboard cannot be saved unless title is modified,2025-04-03 11:57:07+00:00,2025-09-04 19:07:58+00:00,type/bug|area/dashboard|area/schema|internal|team/grafana-dashboards,closed,https://github.com/grafana/grafana/issues/103356
99445,Dashboards: plugin version is not updated in the dashboard JSON model if the plugin has no migration handler,2025-01-23 12:58:26+00:00,2025-09-04 19:27:29+00:00,type/bug|area/plugins|team/grafana-dashboards|area/dashboard/edit|automated-triage,closed,https://github.com/grafana/grafana/issues/99445
98961,enabling scenes opens datalinks but does not update / show data,2025-01-14 13:49:49+00:00,2025-09-04 20:16:12+00:00,type/bug|needs more info|area/dashboard/data-links|type/regression|team/grafana-dashboards|automated-triage|area/dashboard/scenes,closed,https://github.com/grafana/grafana/issues/98961
105393,Subsequent dashboard saves fail,2025-05-14 12:28:21+00:00,2025-09-04 20:50:29+00:00,type/bug|team/grafana-dashboards|area/dashboard/edit|automated-triage,closed,https://github.com/grafana/grafana/issues/105393
109958,Dashboards: Annotation toggler doesn`t work as expected,2025-08-21 10:33:13+00:00,2025-09-04 20:52:06+00:00,type/bug|type/regression|team/grafana-dashboards|automated-triage|area/dashboard/annotations,closed,https://github.com/grafana/grafana/issues/109958
72848,Table Panel: Calculated Total showed in footer is incorrect,2023-08-03 19:34:03+00:00,2025-09-05 02:05:14+00:00,type/bug|area/panel/table|stale,closed,https://github.com/grafana/grafana/issues/72848
110509,Recently deleted list not updated after deleting a dashboard,2025-09-03 10:31:17+00:00,2025-09-05 10:03:14+00:00,type/bug|internal,closed,https://github.com/grafana/grafana/issues/110509
55450,DatasourcePicker: `-- Grafana --` always included in the list unless `alerting` or `tracing` are set to true,2022-09-20 10:01:30+00:00,2025-09-06 02:02:35+00:00,type/bug|area/datasource/frontend|stale|team/grafana-dashboards|prio/future,closed,https://github.com/grafana/grafana/issues/55450
91554,Correlations: Don't display data link with missing/uninterpolated variable in Query Inspector,2024-08-05 22:07:18+00:00,2025-09-07 02:09:48+00:00,type/bug|area/explore|stale|area/correlations,closed,https://github.com/grafana/grafana/issues/91554
91568,Alerting: State reported for the incorrect integration,2024-08-06 10:37:12+00:00,2025-09-07 02:09:50+00:00,type/bug|area/alerting|stale,closed,https://github.com/grafana/grafana/issues/91568
102393,PanelEdit: `&tab=transformations` does not work with Scenes,2025-03-18 18:24:27+00:00,2025-09-08 16:49:12+00:00,type/bug|area/scenes|dogfooding|internal|team/grafana-dashboards|area/dashboard/scenes,closed,https://github.com/grafana/grafana/issues/102393
108243,Alerting: history tab ends with 504 Service unavailable error,2025-07-17 14:34:02+00:00,2025-09-08 18:12:54+00:00,type/bug|area/alerting|automated-triage,closed,https://github.com/grafana/grafana/issues/108243
105179,"Dashboards: nextgen tables shows ""[object Object]"" when inspecting value",2025-05-09 13:47:51+00:00,2025-09-09 14:14:34+00:00,type/bug|area/panel/table|automated-triage,closed,https://github.com/grafana/grafana/issues/105179
110597,Grafana CLI: plugin is immutable and therefore cannot be uninstalled,2025-09-04 12:53:01+00:00,2025-09-09 14:33:07+00:00,type/bug|area/plugins|area/configuration|automated-triage,closed,https://github.com/grafana/grafana/issues/110597
105163,Dashboard table: Inspect value flicker and unable to click to open modal with all table column,2025-05-09 06:35:50+00:00,2025-09-09 14:47:12+00:00,type/bug|area/panel/table|type/regression|automated-triage,closed,https://github.com/grafana/grafana/issues/105163
101160,Table Gauge : Inconsistent calculation of in-cell gauge display,2025-02-21 16:16:23+00:00,2025-09-09 15:04:18+00:00,type/bug|area/panel/table|area/panel/gauge|area/transformations|automated-triage,closed,https://github.com/grafana/grafana/issues/101160
96988,"Snapshots: ""Page not found"" in breadcrumbs when not logged in",2024-11-25 15:16:35+00:00,2025-09-09 18:02:27+00:00,type/bug|area/dashboard/snapshot|team/grafana-dashboards,closed,https://github.com/grafana/grafana/issues/96988
59273,BarChart legend labels from wrong series,2022-11-24 09:54:43+00:00,2025-09-10 02:03:09+00:00,type/bug|stale|area/panel/barchart,closed,https://github.com/grafana/grafana/issues/59273
110668,Jira plugin improve the logic for checking the new jql endpoints,2025-09-05 09:58:41+00:00,2025-09-10 10:56:23+00:00,type/bug|internal|datasource/enterprise,closed,https://github.com/grafana/grafana/issues/110668
108071,[OpenTSDB]: Fix backend queries sharing time ranges,2025-07-14 14:19:11+00:00,2025-09-10 14:04:06+00:00,type/bug|datasource/opentsdb|internal,closed,https://github.com/grafana/grafana/issues/108071
103581,Playlist stops after a couple of minutes,2025-04-08 08:23:18+00:00,2025-09-10 19:14:09+00:00,type/bug|area/playlist|type/regression|automated-triage,closed,https://github.com/grafana/grafana/issues/103581
110200,NPM Packages: bring back canary npm publishing,2025-08-27 08:53:10+00:00,2025-09-11 09:03:21+00:00,type/bug|type/regression|internal,closed,https://github.com/grafana/grafana/issues/110200
109657,Alerting: UI shows different timespan than alert settings,2025-08-14 09:36:30+00:00,2025-09-11 10:48:07+00:00,type/bug|area/alerting|area/frontend|automated-triage,closed,https://github.com/grafana/grafana/issues/109657
95420,Filtering does not work in the endpoint /alertmanager/grafana/api/v2/alert,2024-10-25 14:43:31+00:00,2025-09-11 15:19:12+00:00,type/bug|area/alerting|area/backend/api|automated-triage,closed,https://github.com/grafana/grafana/issues/95420
96735,Grafana 10 > Alerting > Add Silence > bad matcher format,2024-11-20 07:59:29+00:00,2025-09-11 15:22:12+00:00,type/bug|area/alerting|datasource/alertmanager|automated-triage,closed,https://github.com/grafana/grafana/issues/96735
97319,Notification templates can't be modified,2024-12-03 03:40:37+00:00,2025-09-11 15:43:51+00:00,type/bug|area/alerting|automated-triage,closed,https://github.com/grafana/grafana/issues/97319
98399,Prometheus Alert State History Not Showing in Grafana,2024-12-30 09:50:46+00:00,2025-09-11 15:44:01+00:00,type/bug|area/alerting|datasource/prometheus|automated-triage,closed,https://github.com/grafana/grafana/issues/98399
110089,Flame Graph: Incorrect tooltip values,2025-08-25 08:34:25+00:00,2025-09-12 07:14:08+00:00,type/bug|internal,closed,https://github.com/grafana/grafana/issues/110089
106234,Wrong redirect with `serve_from_sub_path` and oauth.okta refresh token,2025-05-30 09:06:36+00:00,2025-09-12 15:15:17+00:00,type/bug|area/auth/oauth|area/configuration|automated-triage,closed,https://github.com/grafana/grafana/issues/106234
110977,Library Panels: `preferLibraryPanelTitle` FF not working correctly,2025-09-11 18:00:54+00:00,2025-09-12 17:54:13+00:00,type/bug|area/frontend/library-panels|internal,closed,https://github.com/grafana/grafana/issues/110977
103037,Clarify how widenRelativeTimeRanges works,2025-03-28 03:54:15+00:00,2025-09-15 09:54:02+00:00,type/bug|area/alerting|area/frontend|automated-triage,closed,https://github.com/grafana/grafana/issues/103037
84915,Repeating a row which contains repeated panels causes an error in the console,2024-03-21 13:46:49+00:00,2025-09-15 10:40:03+00:00,type/bug|internal|team/grafana-dashboards,closed,https://github.com/grafana/grafana/issues/84915
110038,CloudWatch: Dimension list for AWS/ElastiCache namespace is incomplete,2025-08-22 12:05:44+00:00,2025-09-15 19:34:31+00:00,type/bug|effort/small|datasource/cloudwatch|team/grafana-aws-datasources|automated-triage,closed,https://github.com/grafana/grafana/issues/110038
99266,Snapshot: Missing share button to download as file,2025-01-20 14:23:18+00:00,2025-09-16 14:54:30+00:00,type/bug|area/dashboard/snapshot|team/grafana-dashboards|automated-triage,closed,https://github.com/grafana/grafana/issues/99266
97739,"Panels: Importing libraryPanel, wrong model",2024-12-10 13:45:53+00:00,2025-09-16 15:01:41+00:00,type/bug|area/dashboard/import|area/frontend/library-panels|automated-triage|area/library-panel,closed,https://github.com/grafana/grafana/issues/97739
110997,Dashboards: Invisible graph in Firefox 142.0.1 Linux,2025-09-11 23:55:26+00:00,2025-09-16 15:40:42+00:00,type/bug|needs more info|type/browser-compatibility|team/grafana-dashboards|area/dashboards/panel|automated-triage,closed,https://github.com/grafana/grafana/issues/110997
65894,"""Filter for value"" then ""Filter out value"" broken on Explore, Table view, Prom DS",2023-04-04 09:25:26+00:00,2025-09-16 15:48:54+00:00,type/bug|effort/small|datasource/prometheus|area/datasource/frontend|good first issue,closed,https://github.com/grafana/grafana/issues/65894
111139,"OAuth: Login not functional for legacy users: ""Could not create user: user not found""",2025-09-15 20:14:08+00:00,2025-09-16 19:23:42+00:00,type/bug|area/auth/oauth|automated-triage,closed,https://github.com/grafana/grafana/issues/111139
98366,Tooltip: Incorrect positioning when page is scrolled,2024-12-24 14:40:16+00:00,2025-09-17 08:40:51+00:00,type/bug|prio/medium|effort/large|area/tooltip|automated-triage,closed,https://github.com/grafana/grafana/issues/98366
96187,Jaeger datasource query: variable expansion in Tags field doesn't work,2024-11-10 15:33:03+00:00,2025-09-17 12:41:10+00:00,type/bug|prio/high|datasource/jaeger|type/regression|automated-triage|area/dashboard/variable,closed,https://github.com/grafana/grafana/issues/96187
111252,New Logs Panel: Details not showing up,2025-09-17 13:46:23+00:00,2025-09-17 14:41:43+00:00,type/bug|area/logs|internal,closed,https://github.com/grafana/grafana/issues/111252
110564,[Honeycomb] When trying to view all values only 50 are shown,2025-09-03 21:35:36+00:00,2025-09-17 14:44:48+00:00,type/bug|prio/high|internal|datasource/enterprise|origin/escalation,closed,https://github.com/grafana/grafana/issues/110564
94453,Feat: Related Metrics search should be sticky,2024-10-09 07:31:23+00:00,2025-09-17 15:43:26+00:00,type/bug|type/ux|area/exploremetrics|automated-triage,closed,https://github.com/grafana/grafana/issues/94453
52432,Prometheus: Datasource variable causes stale label-browser-data.,2022-07-19 06:45:56+00:00,2025-09-17 15:44:44+00:00,type/bug|help wanted|prio/medium|datasource/prometheus|good first issue,closed,https://github.com/grafana/grafana/issues/52432
110574,TimeComparison: Table view bug,2025-09-04 05:29:50+00:00,2025-09-17 16:30:36+00:00,type/bug|internal,closed,https://github.com/grafana/grafana/issues/110574
77961,"Bug: Dashboard Imports - Variable datasources are lost on import when using ""Export for sharing externally""",2023-11-09 18:45:11+00:00,2025-09-17 18:55:05+00:00,type/bug|area/dashboard/templating|triage/needs-confirmation|team/grafana-dashboards|team/grafana-sharing,closed,https://github.com/grafana/grafana/issues/77961
111272,issues with dashboard tagging and provisioning,2025-09-17 18:16:36+00:00,2025-09-17 20:52:28+00:00,type/bug|area/provisioning|team/grafana-dashboards|automated-triage|area/dashboard/settings,closed,https://github.com/grafana/grafana/issues/111272
92385,Lack of 32bit ARMv6 and ARMv7 builds on official download page,2024-08-24 15:18:25+00:00,2025-09-18 15:23:19+00:00,type/bug|type/build-packaging|area/backend|stale|automated-triage,closed,https://github.com/grafana/grafana/issues/92385
110902,ShortURL: Error when service is not available,2025-09-10 17:46:17+00:00,2025-09-18 15:37:23+00:00,type/bug|internal|team/grafana-sharing,closed,https://github.com/grafana/grafana/issues/110902
68162,Alerting: Resolve notifications can be lost if Grafana is restarted before flush,2023-05-10 04:09:45+00:00,2025-09-20 02:02:07+00:00,type/bug|area/alerting|area/backend|stale|internal,closed,https://github.com/grafana/grafana/issues/68162
92081,"VizTooltip: During anchoring, new size does not cause reposition",2024-08-19 14:21:28+00:00,2025-09-20 02:03:02+00:00,type/bug|stale|area/tooltip|internal,closed,https://github.com/grafana/grafana/issues/92081
89879,Timeseries: Difference percent is off by factor 100,2024-06-28 18:35:18+00:00,2025-09-21 02:11:29+00:00,type/bug|stale|area/panel/timeseries|area/legend,closed,https://github.com/grafana/grafana/issues/89879
90791,Alerting: Alert Preview doesn't take into consideration no data rules,2024-07-22 19:25:57+00:00,2025-09-22 02:11:31+00:00,type/bug|area/alerting|area/backend|stale,closed,https://github.com/grafana/grafana/issues/90791
92383,Transformations: Add field from calculation -> Replace all fields not working with multiple frames,2024-08-24 01:56:42+00:00,2025-09-24 02:05:24+00:00,type/bug|stale|area/transformations|type/regression|internal,closed,https://github.com/grafana/grafana/issues/92383
111536,Github: Latest releases no longer tagged as latest,2025-09-24 09:47:46+00:00,2025-09-24 14:47:21+00:00,type/bug|area/backend/api|automated-triage,closed,https://github.com/grafana/grafana/issues/111536
106728,Grafana GO module: version is listed as `v0.0.0-[date]-[id]+dirty` for `github.com/grafana/grafana` in SBOM after go upgrade,2025-06-13 17:01:35+00:00,2025-09-24 19:23:44+00:00,type/bug|type/build-packaging|area/backend|automated-triage,closed,https://github.com/grafana/grafana/issues/106728
109102,Security Scan reports CVE's in grafana,2025-08-04 05:22:59+00:00,2025-09-24 21:01:35+00:00,type/bug|area/security|automated-triage,closed,https://github.com/grafana/grafana/issues/109102
110484,Release tags inconsistent in github,2025-09-02 21:09:38+00:00,2025-09-24 22:18:28+00:00,type/bug|area/backend/api|automated-triage,closed,https://github.com/grafana/grafana/issues/110484
111199,Navigation: Navtree items missing AppSubURL,2025-09-16 19:16:06+00:00,2025-09-25 16:26:07+00:00,type/bug|area/navigation|automated-triage,closed,https://github.com/grafana/grafana/issues/111199
98293,"Explore Metrics: In LabelBreakDown, view by is not respecting label selection",2024-12-19 20:56:53+00:00,2025-09-25 22:24:33+00:00,type/bug|area/exploremetrics,closed,https://github.com/grafana/grafana/issues/98293
109437,[REG 12.0.0 -> 12.1.0] Enterprise image has internal version 0.0.1,2025-08-10 08:18:50+00:00,2025-09-26 06:40:53+00:00,type/bug|area/configuration|type/regression|automated-triage,closed,https://github.com/grafana/grafana/issues/109437
110663,"Dashboard visual query editor mode, from 11.6.4, creates wrong regex value from multi-value variable",2025-09-05 09:09:05+00:00,2025-09-26 10:35:11+00:00,type/bug|datasource/influxdb|type/regression|automated-triage|area/dashboard/variable,closed,https://github.com/grafana/grafana/issues/110663
72778,Alerting: Values variables not displaying information properly,2023-08-02 21:19:57+00:00,2025-09-28 02:11:52+00:00,type/bug|effort/small|area/alerting|stale,closed,https://github.com/grafana/grafana/issues/72778
78905,Dashboard: Unexpected Behaviour with Multiple Query References in Grafana Expressions,2023-11-30 13:03:38+00:00,2025-09-28 02:12:02+00:00,type/bug|needs investigation|stale|area/expressions,closed,https://github.com/grafana/grafana/issues/78905
92623,Regression: Tooltip: Active tooltip displayed behind that of other panels,2024-08-28 20:03:50+00:00,2025-09-29 02:08:46+00:00,type/bug|stale|area/tooltip,closed,https://github.com/grafana/grafana/issues/92623
111738,Plugins: plugin with dependencies is not installed correctly,2025-09-29 12:40:55+00:00,2025-09-29 16:57:43+00:00,type/bug|area/plugins|area/configuration|type/regression|automated-triage,closed,https://github.com/grafana/grafana/issues/111738
111688,Table: Column filters disappear when switching filter mode,2025-09-26 17:13:27+00:00,2025-09-30 04:06:49+00:00,type/bug|area/panel/table|internal,closed,https://github.com/grafana/grafana/issues/111688
111516,"UI: Link to snapshot list is hardcoded, ignores sub path config",2025-09-23 22:51:38+00:00,2025-09-30 16:04:20+00:00,type/bug|area/dashboard/snapshot|area/configuration|area/frontend/login|automated-triage,closed,https://github.com/grafana/grafana/issues/111516
111836,docker: GF_PLUGINS_PREINSTALL_SYNC/GF_PLUGINS_PREINSTALL  can't install custom datasource from github,2025-09-30 16:21:00+00:00,2025-09-30 18:47:18+00:00,type/bug|area/plugins|area/configuration|automated-triage,closed,https://github.com/grafana/grafana/issues/111836
111590,Grafana 12.2.0: issue with table panels on mobile devices,2025-09-25 09:38:45+00:00,2025-09-30 20:33:13+00:00,type/bug|area/panel/table|type/browser-compatibility|no stalebot|type/regression|automated-triage,closed,https://github.com/grafana/grafana/issues/111590
70348,Grafana/UI: IconButton has right margin,2023-06-19 17:21:47+00:00,2025-10-01 02:12:28+00:00,type/bug|area/grafana/ui|stale|internal,closed,https://github.com/grafana/grafana/issues/70348
90868,Fallback Error Page is Blank,2024-07-23 20:59:43+00:00,2025-10-01 02:13:05+00:00,type/bug|effort/small|prio/low|stale|internal,closed,https://github.com/grafana/grafana/issues/90868
109579,Pyroscope: Data source logs in JSON instead of logfmt,2025-08-13 07:17:00+00:00,2025-10-01 07:35:10+00:00,type/bug|prio/medium|internal|datasource/pyroscope,closed,https://github.com/grafana/grafana/issues/109579
111529,Starring dashboards no longer works in 12.2.0,2025-09-24 08:37:54+00:00,2025-10-02 15:14:41+00:00,type/bug|area/dashboard/folders|type/regression|area/backend/app-platform|automated-triage,closed,https://github.com/grafana/grafana/issues/111529
111919,Dashboards: sort by time (1st column not working),2025-10-02 04:23:35+00:00,2025-10-02 17:55:38+00:00,type/bug|area/panel/table|automated-triage,closed,https://github.com/grafana/grafana/issues/111919
99886,Dashboards: Incorrect default Date formatting on date column for table visualisation,2025-01-31 12:24:57+00:00,2025-10-02 18:15:18+00:00,type/bug|area/panel/table|datasource/mysql|automated-triage,closed,https://github.com/grafana/grafana/issues/99886
94503,Table: Wrap text option issue,2024-10-09 18:07:11+00:00,2025-10-02 18:19:04+00:00,type/bug|area/panel/table|internal,closed,https://github.com/grafana/grafana/issues/94503
96553,Tables: Table refresh removes column filter selection,2024-11-15 14:21:08+00:00,2025-10-02 18:23:19+00:00,type/bug|area/panel/table|automated-triage,closed,https://github.com/grafana/grafana/issues/96553
100126,Disabling senes in grafana 11.5.1 breaks default_home_dashboard_path (blank homepage),2025-02-05 15:55:39+00:00,2025-10-02 18:38:05+00:00,type/bug|area/dashboard|area/navigation|area/configuration|type/regression|team/grafana-dashboards|automated-triage,closed,https://github.com/grafana/grafana/issues/100126
91155,Gauge panel not fully updated after changing theme,2024-07-29 20:18:06+00:00,2025-10-03 02:04:04+00:00,type/bug|area/frontend|area/panel/gauge|stale,closed,https://github.com/grafana/grafana/issues/91155
91273,Color Picker Disappears when picking custom color,2024-07-31 13:02:14+00:00,2025-10-03 02:04:08+00:00,type/bug|stale|team/grafana-dashboards,closed,https://github.com/grafana/grafana/issues/91273
92806,Dashboarding: Instant queries on table panels shown as range queries and update to range queries when query is changed,2024-09-02 11:56:42+00:00,2025-10-03 02:04:36+00:00,type/bug|area/panel/table|area/grafana/ui|stale|internal,closed,https://github.com/grafana/grafana/issues/92806
92994,Table: Right alignment shows units before value on Firefox,2024-09-05 15:41:36+00:00,2025-10-03 14:02:52+00:00,type/bug|area/panel/table|type/browser-compatibility|stale|automated-triage,closed,https://github.com/grafana/grafana/issues/92994
88322,Grafan v11 transparent color in table row background is black.,2024-05-26 19:55:59+00:00,2025-10-03 14:21:14+00:00,type/bug|area/panel/table,closed,https://github.com/grafana/grafana/issues/88322
93072,"Plus Sign (+) in Data Link Not URL-Encoded in Table Panel, Leading to Incorrect URL",2024-09-08 22:45:36+00:00,2025-10-03 14:24:21+00:00,type/bug|area/panel/table|automated-triage,closed,https://github.com/grafana/grafana/issues/93072
109398,Alerting: Provision recording rule fails with `failed to parse: no condition set`,2025-08-08 13:38:14+00:00,2025-10-03 15:43:52+00:00,type/bug|area/alerting|area/provisioning|automated-triage,closed,https://github.com/grafana/grafana/issues/109398
94341,"Dashboards: Table panel, ad-hoc filter magnify icon is not visible.",2024-10-07 15:20:38+00:00,2025-10-03 17:37:27+00:00,type/bug|type/ux|area/panel/table|area/dashboards/panel|automated-triage,closed,https://github.com/grafana/grafana/issues/94341
111960,Table Panel: Overflowing panel bounds,2025-10-02 18:47:22+00:00,2025-10-03 17:52:50+00:00,type/bug|type/performance|area/panel/table|type/browser-compatibility|type/regression|automated-triage,closed,https://github.com/grafana/grafana/issues/111960
90800,Table: Filter != not working as expected,2024-07-22 23:12:42+00:00,2025-10-03 17:54:33+00:00,type/bug|area/panel/table|internal|area/product-design,closed,https://github.com/grafana/grafana/issues/90800
93316,Table panel: Minus signs appear on right,2024-09-13 11:01:47+00:00,2025-10-03 18:25:49+00:00,type/bug|area/panel/table|type/regression|automated-triage,closed,https://github.com/grafana/grafana/issues/93316
105029,"""data URLs” not working with “data links” in table panel",2025-05-06 15:57:13+00:00,2025-10-03 18:55:37+00:00,type/bug|area/panel/table|area/dashboard/data-links|team/grafana-dashboards|automated-triage,closed,https://github.com/grafana/grafana/issues/105029
94554,Table: On cell hover behaviour issue,2024-10-10 14:34:56+00:00,2025-10-03 18:58:40+00:00,type/bug|area/panel/table|area/frontend|no-changelog|internal|area/dataviz,closed,https://github.com/grafana/grafana/issues/94554
93801,Cell-type Auto in General not working as expected,2024-09-26 11:05:06+00:00,2025-10-03 19:08:45+00:00,type/bug|datasource/prometheus|area/panel/table,closed,https://github.com/grafana/grafana/issues/93801
96833,Dashboards: Table panel flickers when filterable==true && liveNow==true,2024-11-21 12:35:12+00:00,2025-10-03 21:08:14+00:00,type/bug|type/performance|area/panel/table|team/grafana-dashboards|area/dashboards/panel|automated-triage,closed,https://github.com/grafana/grafana/issues/96833
99968,"Tooltip disappears with the ""Refresh live dashboards"" option on",2025-02-03 13:38:40+00:00,2025-10-03 21:20:32+00:00,type/bug|area/panel/table|area/panel/timeseries|type/regression|area/tooltip|team/grafana-dashboards|automated-triage|area/dashboard/settings,closed,https://github.com/grafana/grafana/issues/99968
97470,Dashboard table: Inspect value flicker and unable to click to open modal with full text (Refresh live dashboards - Continuously re-draw panels where the time range references 'now'),2024-12-05 11:59:55+00:00,2025-10-03 21:21:35+00:00,type/bug|type/ux|area/panel/table|automated-triage,closed,https://github.com/grafana/grafana/issues/97470
91480,"Guage: When column value contains empty data, gauge display mode's progress bar and numbers overlap.",2024-08-02 10:40:42+00:00,2025-10-05 02:11:48+00:00,type/bug|area/panel/gauge|stale,closed,https://github.com/grafana/grafana/issues/91480
107950,grafana-ui: Select component behaves poorly when searching for an item which is a substring of another item.,2025-07-10 10:36:14+00:00,2025-10-05 02:12:54+00:00,type/bug|needs more info|area/grafana/ui|stale|automated-triage,closed,https://github.com/grafana/grafana/issues/107950
109336,Grafana UI: The Administration/Authentication page is not openable and redirects to main Administration,2025-08-07 10:52:04+00:00,2025-10-06 08:51:46+00:00,type/bug|area/auth|area/admin/user|type/regression|automated-triage,closed,https://github.com/grafana/grafana/issues/109336
108204,Explore: Loki query name is cut off when collapsed,2025-07-17 03:33:03+00:00,2025-10-06 13:19:03+00:00,type/bug|area/explore|area/grafana/ui|automated-triage,closed,https://github.com/grafana/grafana/issues/108204
112047,grafana OSS 12.1.1 : not showing user avatar so that to logout if the user is a viewer.,2025-10-06 09:22:31+00:00,2025-10-06 15:11:38+00:00,type/bug|area/admin/user|area/frontend/login|type/regression|automated-triage,closed,https://github.com/grafana/grafana/issues/112047
111550,Getting sse.dataQueryError firing across multiple alert rules,2025-09-24 14:43:48+00:00,2025-10-06 15:46:47+00:00,type/bug|area/alerting|effort/none|datasource/googlecloudmonitoring|automated-triage,closed,https://github.com/grafana/grafana/issues/111550
110413,"Datalink: ""Query with traces"", cannot link to GoogleCloud Trace datasource",2025-09-01 14:43:50+00:00,2025-10-06 15:51:34+00:00,type/bug|area/explore|datasource/googlecloudmonitoring|area/dashboard/data-links|team/grafana-dashboards|automated-triage,closed,https://github.com/grafana/grafana/issues/110413
112087,"At 400% zoom mode, Content present inside 'Select Data Source' dialog is not properly visible in Windows.",2025-10-07 06:08:42+00:00,2025-10-07 13:55:27+00:00,type/bug|type/accessibility|area/frontend/login|automated-triage,closed,https://github.com/grafana/grafana/issues/112087
61972,"Data outside time range, but data is present in the table",2023-01-24 08:22:34+00:00,2025-10-07 19:36:36+00:00,type/bug|area/panel/timeseries,closed,https://github.com/grafana/grafana/issues/61972
112116,Documentation feedback: /docs/sources/observability-as-code/grafana-cli/grafanacli-workflows.md,2025-10-07 14:10:19+00:00,2025-10-08 08:11:38+00:00,type/bug|type/docs|automated-triage|area/docs,closed,https://github.com/grafana/grafana/issues/112116
110797,Variables get append with `=true` when clicking Dashboards linked in dashboard list panel ,2025-09-09 08:27:05+00:00,2025-10-08 08:32:43+00:00,type/bug|area/dashboard/links|team/grafana-dashboards|automated-triage,closed,https://github.com/grafana/grafana/issues/110797
110465,AdHocFilters: multiValue operators missing when datasource is a variable,2025-09-02 14:33:27+00:00,2025-10-09 07:54:47+00:00,type/bug|area/dashboard/templating|team/grafana-dashboards|automated-triage|area/dashboard/variable,closed,https://github.com/grafana/grafana/issues/110465
110611,[Jira] Variable Query Fails When Another Datasource is Set as Default,2025-09-04 16:15:34+00:00,2025-10-09 14:06:31+00:00,type/bug|prio/medium|area/datasource|internal|datasource/enterprise|origin/escalation,closed,https://github.com/grafana/grafana/issues/110611
110805,Table panel: Variables in Data links not working if column hidden,2025-09-09 10:02:27+00:00,2025-10-09 15:14:08+00:00,type/bug|area/dashboard/data-links|type/regression|team/grafana-dashboards|automated-triage,closed,https://github.com/grafana/grafana/issues/110805
60836,Annotations appear to use dashboard time instead of the panel's relative time ,2022-12-29 20:45:11+00:00,2025-10-10 02:05:03+00:00,type/bug|area/annotations|stale|team/grafana-dashboards|prio/future,closed,https://github.com/grafana/grafana/issues/60836
110418,GitSync: RepositoryController failed to process key,2025-09-01 15:32:59+00:00,2025-10-10 10:10:22+00:00,type/bug|automated-triage|area/gitsync,closed,https://github.com/grafana/grafana/issues/110418
112139,pannel issue,2025-10-07 22:21:14+00:00,2025-10-10 11:52:59+00:00,type/bug|area/dashboard/snapshot|area/panel/bargauge|triage/needs-confirmation|team/grafana-dashboards|automated-triage,closed,https://github.com/grafana/grafana/issues/112139
111584,Table: date field is rendering as unix epoch as of 12.2,2025-09-25 08:42:01+00:00,2025-10-10 14:14:19+00:00,type/bug|area/dashboard/timerange|type/regression|area/dataviz|area/dashboards/panel|automated-triage,closed,https://github.com/grafana/grafana/issues/111584
112194,Dashboards: Browser out of memory when plotting boolean values in Timeseries panel,2025-10-09 07:31:22+00:00,2025-10-10 14:40:04+00:00,type/bug|type/performance|area/panel/timeseries|area/dashboards/panel|automated-triage,closed,https://github.com/grafana/grafana/issues/112194
85220,Tooltip: Tooltip isn't hidden when `Series -> Hide in area -> Tooltip` is toggled,2024-03-26 22:49:25+00:00,2025-10-10 15:33:28+00:00,type/bug|area/tooltip|internal,closed,https://github.com/grafana/grafana/issues/85220
88400,"Dashboards: Dashboard versions list displays service accounts as ""Anonymous"".",2024-05-29 01:07:50+00:00,2025-10-10 20:25:03+00:00,type/bug|team/identity,closed,https://github.com/grafana/grafana/issues/88400
110478,[ServiceNow] Plugin Timeout Not Using Default of 30s,2025-09-02 17:30:42+00:00,2025-10-13 11:07:08+00:00,type/bug|prio/medium|internal|datasource/enterprise|origin/escalation,closed,https://github.com/grafana/grafana/issues/110478
103464,Prometheus: clamp function cannot be parsed properly into the visual query editor,2025-04-04 14:56:09+00:00,2025-10-13 13:38:57+00:00,type/bug|datasource/prometheus|internal,closed,https://github.com/grafana/grafana/issues/103464
112113,Loki Query Result - Log Context: In browser windows with a height of less than 751px the log context is obscured,2025-10-07 13:33:48+00:00,2025-10-13 16:02:11+00:00,type/bug|type/ux|area/explore|area/panel/logs|automated-triage,closed,https://github.com/grafana/grafana/issues/112113
111440,Invalid Redirect URI,2025-09-22 02:17:11+00:00,2025-10-14 14:07:48+00:00,type/bug|area/auth/oauth|area/frontend/login|automated-triage,closed,https://github.com/grafana/grafana/issues/111440
105501,Azure Monitor: Elastic Pools passing incorrect resourceName,2025-05-15 23:04:44+00:00,2025-10-14 21:22:18+00:00,type/bug|datasource/azure|type/regression|automated-triage,closed,https://github.com/grafana/grafana/issues/105501
99572,"Google Cloud Monitoring: Unable to template ""label_values"" from ""prometheus"" services",2025-01-27 14:48:01+00:00,2025-10-14 21:23:57+00:00,type/bug|datasource/googlecloudmonitoring|automated-triage|datagrid|area/dashboard/variable,closed,https://github.com/grafana/grafana/issues/99572
96820,"Grafana 11.3.x, Dashboard Queries SELECT statement issue",2024-11-21 10:26:04+00:00,2025-10-14 21:26:01+00:00,type/bug|datasource/influxdb|type/regression|team/grafana-dashboards|automated-triage|area/dashboard/settings,closed,https://github.com/grafana/grafana/issues/96820
103375,Datasource(InfluxDB): InfluxDB metadata selection dropdown is either not displaying any metadata options or only showing a partial list,2025-04-03 14:53:09+00:00,2025-10-14 21:27:00+00:00,type/bug|datasource/influxdb|type/regression|automated-triage,closed,https://github.com/grafana/grafana/issues/103375
107527,Inefficient Slow Queries to InfluxDB from Query Builder UI,2025-07-02 14:30:30+00:00,2025-10-14 21:29:32+00:00,type/bug|datasource/influxdb|type/performance|automated-triage|area/dashboard/variable,closed,https://github.com/grafana/grafana/issues/107527
83031,Panels: Disconnect Value Threshold does not interact well with automatic data point interval calculation,2024-02-18 11:26:06+00:00,2025-10-14 21:35:44+00:00,type/bug|datasource/influxdb|prio/low|needs investigation|area/panel/timeseries,closed,https://github.com/grafana/grafana/issues/83031
100476,Dashboards/InfluxDB: $__interval variable breaks in raw query editor with tz statement,2025-02-12 01:14:28+00:00,2025-10-14 21:37:57+00:00,type/bug|datasource/influxdb|type/regression|automated-triage,closed,https://github.com/grafana/grafana/issues/100476
105948,Product Area: Dashboar shows Error for mssql,2025-05-23 12:09:26+00:00,2025-10-14 21:38:48+00:00,type/bug|datasource/mssql|area/backend/db/sql|automated-triage,closed,https://github.com/grafana/grafana/issues/105948
72480,MatchersUI: field type is overwritten,2023-07-27 21:13:25+00:00,2025-10-15 02:07:47+00:00,type/bug|prio/medium|area/frontend|stale|effort/medium|crossroads-call,closed,https://github.com/grafana/grafana/issues/72480
89988,BrowseDashboards fails to load more pages for small `PAGE_SIZE`s,2024-07-03 10:35:06+00:00,2025-10-15 02:08:13+00:00,type/bug|prio/low|stale|area/manage-dashboards|effort/medium|internal,closed,https://github.com/grafana/grafana/issues/89988
91802,Select: Default keyboard focus to selected item,2024-07-31 16:57:53+00:00,2025-10-15 02:08:18+00:00,type/bug|prio/low|stale|effort/medium,closed,https://github.com/grafana/grafana/issues/91802
112298,Performance regressions with extensions sidebar,2025-10-10 16:09:02+00:00,2025-10-15 12:44:53+00:00,type/bug|type/performance|internal,closed,https://github.com/grafana/grafana/issues/112298
112436,"Administration: LDAP page has changed from 12.0.2 to 12.2.0 - LDAP user mapping verification (""Test user mapping"") is missing",2025-10-15 14:19:55+00:00,2025-10-16 09:38:31+00:00,type/bug|area/auth/ldap|type/regression|automated-triage,closed,https://github.com/grafana/grafana/issues/112436
99225,Dashboards: Color Scheme (by value) not applying properly to cell type Gauge,2025-01-19 01:14:06+00:00,2025-10-16 20:08:19+00:00,type/bug|area/dashboard/templating|area/panel/table|area/panel/gauge|team/grafana-dashboards|automated-triage,closed,https://github.com/grafana/grafana/issues/99225
107202,Malformed userId fallback logic in RudderstackBackend.ts causing polluted downstream profiles,2025-06-25 15:09:32+00:00,2025-10-17 14:03:47+00:00,type/bug|area/frontend|internal,closed,https://github.com/grafana/grafana/issues/107202
112506,Dashboard: I cannot save an empty dashboard,2025-10-16 09:52:07+00:00,2025-10-17 14:50:40+00:00,type/bug|internal|team/grafana-dashboards,closed,https://github.com/grafana/grafana/issues/112506
95201,Dashboards: Dynamic Rows Stuck on Indefinite Loading,2024-10-22 17:52:28+00:00,2025-10-17 19:36:39+00:00,type/bug|area/dashboard/timerange|type/browser-compatibility|type/regression|area/dashboard/rows|team/grafana-dashboards|automated-triage|area/panel/repeat,closed,https://github.com/grafana/grafana/issues/95201
92215,Backend remotecache: database storage cannot run internalGC when prefix or encrypted used,2024-08-21 14:12:08+00:00,2025-10-19 02:15:02+00:00,type/bug|area/backend/db|area/backend|stale|automated-triage,closed,https://github.com/grafana/grafana/issues/92215
92351,Table: incorrect footer when groupToNestedTable is used,2024-08-23 08:49:43+00:00,2025-10-19 02:15:05+00:00,type/bug|area/panel/table|stale|area/transformations|automated-triage,closed,https://github.com/grafana/grafana/issues/92351
92355,Geomap: Chrome is unable to render map with large number of map data points,2024-08-23 10:21:01+00:00,2025-10-19 02:15:07+00:00,type/bug|type/browser-compatibility|stale|area/panel/geomap|automated-triage,closed,https://github.com/grafana/grafana/issues/92355
92767,Product Area: granafa server failed to start in Linux with init.d,2024-08-30 14:35:48+00:00,2025-10-19 02:15:14+00:00,type/bug|area/backend|stale|automated-triage,closed,https://github.com/grafana/grafana/issues/92767
92905,Grafana 10.4 is sending all the time same alias to Opsgenie,2024-09-04 09:03:50+00:00,2025-10-19 02:15:16+00:00,type/bug|area/alerting|datasource/prometheus|stale|type/regression|automated-triage,closed,https://github.com/grafana/grafana/issues/92905
92962,Dashboards: cannot select graph line,2024-09-05 07:31:46+00:00,2025-10-19 02:15:19+00:00,type/bug|stale|area/panel/timeseries|type/regression|area/legend|automated-triage,closed,https://github.com/grafana/grafana/issues/92962
92977,"Panel Time Override: time info doesn't match ""previous"" time period",2024-09-05 12:04:25+00:00,2025-10-19 02:15:21+00:00,type/bug|type/ux|area/dashboard/timerange|stale|area/panel/timeseries|automated-triage,closed,https://github.com/grafana/grafana/issues/92977
93367,Dashboards: ServiceNow Dashboard Migration issue,2024-09-16 03:39:41+00:00,2025-10-19 02:15:31+00:00,type/bug|area/dashboard|area/dashboard/import|type/angular-2-react|stale|automated-triage,closed,https://github.com/grafana/grafana/issues/93367
93373,Dashboard: GeoMap cannot display more than 22 rows,2024-09-16 20:07:28+00:00,2025-10-19 02:15:32+00:00,type/bug|stale|area/panel/geomap|automated-triage,closed,https://github.com/grafana/grafana/issues/93373
92851,Dashboards: same UID dashboard in different org can not restore,2024-09-03 09:33:22+00:00,2025-10-20 02:13:20+00:00,type/bug|area/dashboard|stale|automated-triage,closed,https://github.com/grafana/grafana/issues/92851
92889,Variables: Text Box Variables do not update defaults properly if using dashboard settings,2024-09-03 18:25:00+00:00,2025-10-20 02:13:23+00:00,type/bug|area/dashboard/templating|stale|automated-triage,closed,https://github.com/grafana/grafana/issues/92889
92894,Building: go.mod contains outdated versions of the nested modules,2024-09-03 22:27:00+00:00,2025-10-20 02:13:24+00:00,type/bug|type/build-packaging|area/backend|stale|automated-triage,closed,https://github.com/grafana/grafana/issues/92894
93412,Explore Metrics: Data source does not persist in the same session,2024-09-18 02:17:28+00:00,2025-10-20 02:13:34+00:00,type/bug|stale|area/exploremetrics,closed,https://github.com/grafana/grafana/issues/93412
93461,Dashboards: Relative time 'This day' shows date + time instead only Time in Bar chart,2024-09-19 05:58:06+00:00,2025-10-20 02:13:37+00:00,type/bug|stale|area/panel/barchart|automated-triage,closed,https://github.com/grafana/grafana/issues/93461
106249,GitSync: Author Field is Required,2025-06-01 10:09:40+00:00,2025-10-20 08:53:09+00:00,type/bug|area/provisioning|automated-triage,closed,https://github.com/grafana/grafana/issues/106249
106745,GitSync/Provisioning: check if folder exists before writing,2025-06-14 20:51:05+00:00,2025-10-20 08:58:22+00:00,type/bug|area/provisioning|automated-triage,closed,https://github.com/grafana/grafana/issues/106745
111959,[Jira] Update Fallback Logic for Deprecated API,2025-10-02 18:19:13+00:00,2025-10-20 14:08:07+00:00,type/bug|prio/medium|internal|datasource/enterprise|origin/escalation|datasource/jira,closed,https://github.com/grafana/grafana/issues/111959
94861,Grafana can't view Alertmanager mute_time_intervals (mute timings),2024-10-17 11:38:42+00:00,2025-10-21 13:28:06+00:00,type/bug|area/alerting|datasource/alertmanager|automated-triage,closed,https://github.com/grafana/grafana/issues/94861
93546,Dashboard NetworkError when attempting to fetch resource post Grafana upgrade 10.4.1 -> 11.2.0,2024-09-20 15:39:47+00:00,2025-10-22 02:11:27+00:00,type/bug|area/dashboard/templating|area/dashboard|stale|type/regression|automated-triage,closed,https://github.com/grafana/grafana/issues/93546
112181,Grafana drilldown fails to load following update to version 12,2025-10-08 19:52:43+00:00,2025-10-22 07:48:28+00:00,type/bug|area/plugins|type/regression|automated-triage|area/metricsdrilldown,closed,https://github.com/grafana/grafana/issues/112181
111862,Clodwatch Logs: Don't display AWS console button with every field,2025-10-01 02:17:05+00:00,2025-10-22 13:43:54+00:00,type/bug|effort/small|area/panel/logs|datasource/cloudwatch logs|automated-triage,closed,https://github.com/grafana/grafana/issues/111862
112473,Google Cloud Monitoring: 3h alignment period is 7200s instead of 10800s,2025-10-15 18:31:42+00:00,2025-10-23 09:59:57+00:00,type/bug|datasource/googlecloudmonitoring|automated-triage,closed,https://github.com/grafana/grafana/issues/112473
112323,Plugins: Managed service account tokens by plugins cannot reach Grafana API in 12.x,2025-10-13 10:14:19+00:00,2025-10-23 13:53:45+00:00,type/bug|area/plugins|type/regression|area/auth/serviceaccount|automated-triage,closed,https://github.com/grafana/grafana/issues/112323
112511,State timeline: tooltip broken,2025-10-16 12:16:38+00:00,2025-10-24 12:40:58+00:00,type/bug|type/regression|area/panel/state-timeline|area/tooltip|automated-triage,closed,https://github.com/grafana/grafana/issues/112511
112837,Grafana binaries versions 11.5.10 and greater are not working in Windows due to using Go 1.25,2025-10-23 07:35:05+00:00,2025-10-24 14:24:21+00:00,type/bug|type/build-packaging|area/backend|automated-triage,closed,https://github.com/grafana/grafana/issues/112837
112753,Pie Chart: Value mapping color,2025-10-21 17:42:07+00:00,2025-10-24 19:59:03+00:00,type/bug|area/field/overrides|area/panel/piechart|team/grafana-dashboards|automated-triage,closed,https://github.com/grafana/grafana/issues/112753
81955,"Canvas: Showing ""Field not found"" when using influxDB or flux as data source",2024-02-06 12:30:59+00:00,2025-10-25 02:06:08+00:00,type/bug|stale|area/panel/canvas,closed,https://github.com/grafana/grafana/issues/81955
66354,Alerting: Label matching fails silent for invalid matchers,2023-04-12 10:13:25+00:00,2025-10-26 02:11:57+00:00,type/bug|area/alerting|area/frontend|stale|internal,closed,https://github.com/grafana/grafana/issues/66354
93688,Dashboards: Query limits per panel not enforced,2024-09-24 15:39:06+00:00,2025-10-26 02:12:34+00:00,type/bug|stale|area/dashboards/panel|automated-triage,closed,https://github.com/grafana/grafana/issues/93688
93715,执行make test-go失败,2024-09-25 05:38:43+00:00,2025-10-26 02:12:37+00:00,type/bug|area/backend|stale|automated-triage,closed,https://github.com/grafana/grafana/issues/93715
109218,Build Failure: TS2345 error on v12.1.0 with Node.js 22.18.0,2025-08-05 22:57:24+00:00,2025-10-27 14:59:35+00:00,type/bug|area/plugins|type/build-packaging|automated-triage,closed,https://github.com/grafana/grafana/issues/109218
112842,Plugin Details Page not always populating properly,2025-10-23 08:51:07+00:00,2025-10-28 06:32:37+00:00,type/bug|internal,closed,https://github.com/grafana/grafana/issues/112842
106037,WCAG Reflow - select data source popup not visible,2025-05-27 05:02:57+00:00,2025-10-28 10:48:45+00:00,type/bug|prio/high|type/ux|type/accessibility|area/frontend/login|effort/medium|automated-triage|aas,closed,https://github.com/grafana/grafana/issues/106037
111709,"Table Panel: Cell Type ""JSON View"" and ""Pill"" do not respect ""Transformation -- Organize fields by name"" Rename",2025-09-27 23:29:11+00:00,2025-10-28 20:37:30+00:00,type/bug|area/panel/table|automated-triage,closed,https://github.com/grafana/grafana/issues/111709
78466,DateTimePicker: wrong element width,2023-11-21 13:34:20+00:00,2025-10-29 02:12:54+00:00,type/bug|prio/low|stale|timepicker|effort/medium,closed,https://github.com/grafana/grafana/issues/78466
111930,Dashboard: HTTP Requests,2025-10-02 11:14:04+00:00,2025-10-29 02:26:43+00:00,type/bug|area/backend/api|automated-triage,closed,https://github.com/grafana/grafana/issues/111930
109463,Grafana api/search?limit=<integer> is not giving proper output,2025-08-11 12:49:10+00:00,2025-10-29 09:13:28+00:00,type/bug|area/backend/api|automated-triage,closed,https://github.com/grafana/grafana/issues/109463
94800,Home Dashboard not working,2024-10-16 09:14:58+00:00,2025-10-29 10:08:21+00:00,type/bug|stale|triage/needs-confirmation|team/grafana-dashboards|automated-triage|area/dashboard/settings,closed,https://github.com/grafana/grafana/issues/94800
113011,Cloudwatch: missing newer AWS regions,2025-10-25 00:05:24+00:00,2025-10-29 10:59:00+00:00,type/bug|effort/none|area/backend/api|datasource/cloudwatch|automated-triage,closed,https://github.com/grafana/grafana/issues/113011
113041,bug: switch variable allows duplicate values and then blocks toggle interactions,2025-10-27 13:15:43+00:00,2025-10-30 09:08:12+00:00,type/bug|internal|area/dashboard/variable,closed,https://github.com/grafana/grafana/issues/113041
112075,Tempo trace-to-logs: log query fails until query row is expanded,2025-10-06 17:17:05+00:00,2025-10-30 11:55:08+00:00,type/bug|type/ux|area/explore|datasource/googlecloudmonitoring|type/browser-compatibility|datasource/tempo|automated-triage,closed,https://github.com/grafana/grafana/issues/112075
110828,Dashboards: anonymous user cannot create dashboard (but can modify),2025-09-09 14:51:01+00:00,2025-10-31 06:05:40+00:00,type/bug|area/auth|area/dashboard/folders|team/grafana-dashboards|automated-triage|area/permissions,closed,https://github.com/grafana/grafana/issues/110828
112797,Grafana service fails to start (Windows Installer),2025-10-22 10:45:57+00:00,2025-10-31 11:46:01+00:00,type/bug|os/windows|type/ci|automated-triage,closed,https://github.com/grafana/grafana/issues/112797
95723,Heatmap: Tooltip shows unit on second series,2024-11-01 10:16:10+00:00,2025-10-31 15:55:03+00:00,type/bug|area/panel/heatmap|internal,closed,https://github.com/grafana/grafana/issues/95723
93841,Pie Chart: Not hide table selection,2024-09-26 15:52:04+00:00,2025-11-01 02:12:54+00:00,type/bug|stale|area/panel/piechart|automated-triage,closed,https://github.com/grafana/grafana/issues/93841
93900,"Dashboards: Variables in URL not updating when ""on time range change"" refresh updates the dashboard variables",2024-09-27 10:08:52+00:00,2025-11-01 02:12:56+00:00,type/bug|area/dashboard/templating|area/dashboard|area/dashboard/timerange|stale|automated-triage,closed,https://github.com/grafana/grafana/issues/93900
94015,Dashboard Panel: Value order does not remain stable,2024-09-30 15:09:54+00:00,2025-11-01 02:12:59+00:00,type/bug|stale|area/panel/timeseries|area/dashboards/panel|automated-triage,closed,https://github.com/grafana/grafana/issues/94015
94044,Time series panel: Color of lines change when the number of lines change,2024-10-01 06:21:15+00:00,2025-11-01 02:13:01+00:00,type/bug|stale|area/panel/timeseries|automated-triage,closed,https://github.com/grafana/grafana/issues/94044
94047,Product Area: Grafana tries to connect to Loki grpc server with a external ip but data source is configured to use http and localhost url.,2024-10-01 08:39:30+00:00,2025-11-01 02:13:02+00:00,type/bug|datasource/loki|stale|area/configuration|automated-triage,closed,https://github.com/grafana/grafana/issues/94047
88882,Grafana: Fix data races,2024-06-07 00:25:22+00:00,2025-11-02 02:14:07+00:00,type/bug|area/backend|stale,closed,https://github.com/grafana/grafana/issues/88882
93310,Z-Index not specified in panel div and causing issue in Version 11.x ,2024-09-13 09:42:02+00:00,2025-11-02 02:14:21+00:00,type/bug|area/dashboard|stale|internal,closed,https://github.com/grafana/grafana/issues/93310
107086,Provisioning: Imported dashboards can't be saved with Git Sync,2025-06-23 18:35:06+00:00,2025-11-03 17:18:03+00:00,type/bug|area/provisioning|area/dashboard/import|team/grafana-dashboards|automated-triage|area/gitsync,closed,https://github.com/grafana/grafana/issues/107086
109098,Dashboards: $__range variable uses incorrect time range (~10 minutes instead of selected range) when using refresh button,2025-08-02 18:49:31+00:00,2025-11-04 14:40:16+00:00,type/bug|area/dashboard/timerange|datasource/prometheus|area/panel/gauge|type/browser-compatibility|automated-triage|area/dashboard/variable,closed,https://github.com/grafana/grafana/issues/109098
55856,Logs:  JSON prettify rounds long numbers,2022-09-27 16:40:03+00:00,2025-11-04 16:08:41+00:00,type/bug|area/logs,closed,https://github.com/grafana/grafana/issues/55856
99334,Logs Panel: Strip Color Codes when copying log line,2025-01-21 17:04:39+00:00,2025-11-04 16:10:52+00:00,type/bug|area/panel/logs|automated-triage,closed,https://github.com/grafana/grafana/issues/99334
110736,"Dashboards: Every dashboard, including ones built from scratch, are now trying to load <dashboard_url>/public-dashboards and hitting a 404",2025-09-06 15:47:03+00:00,2025-11-04 22:57:07+00:00,type/bug|type/regression|area/public-dashboards|automated-triage,closed,https://github.com/grafana/grafana/issues/110736
106065,Alerting: Webhook notification shows wrong StartsAt timestamp during resolve notification,2025-05-27 11:54:41+00:00,2025-11-05 11:42:31+00:00,type/bug|area/alerting|type/regression|automated-triage,closed,https://github.com/grafana/grafana/issues/106065
113398,0 Trimming for Trace IDs,2025-11-04 12:17:23+00:00,2025-11-05 17:07:43+00:00,type/bug|area/explore|area/tracing|datasource/tempo|automated-triage,closed,https://github.com/grafana/grafana/issues/113398
111527,Grafana OSS 12.1.1 - Panel table: Rendered more hooks than during the previous render,2025-09-24 08:10:02+00:00,2025-11-05 21:45:01+00:00,type/bug|area/panel/table|automated-triage,closed,https://github.com/grafana/grafana/issues/111527
112566,Fix: Inconsistent Variable UX when in Edit mode,2025-10-17 08:10:40+00:00,2025-11-06 10:27:28+00:00,type/bug|internal|proj/dynamic-dashboards,closed,https://github.com/grafana/grafana/issues/112566
92136,Pyroscope Dashboard: Template Variables broken after update to Grafana 10.4.x,2024-08-20 13:48:13+00:00,2025-11-06 11:56:26+00:00,type/bug|area/dashboard|prio/medium|datasource/pyroscope,closed,https://github.com/grafana/grafana/issues/92136
110520,Splunk: Async Queriers cause the Variable Inspect to refresh,2025-09-03 12:58:13+00:00,2025-11-06 16:18:39+00:00,type/bug|area/datasource|datasource/splunk|internal|datasource/enterprise|origin/escalation,closed,https://github.com/grafana/grafana/issues/110520
75491,Alerting: annotation from alert not present in alert's attached image,2023-09-26 18:17:42+00:00,2025-11-07 02:10:39+00:00,type/bug|area/alerting|stale,closed,https://github.com/grafana/grafana/issues/75491
94330,Duplicate section unified_alerting.reserved_labels in sample.ini,2024-10-07 14:25:25+00:00,2025-11-07 02:11:33+00:00,type/bug|stale|area/configuration|automated-triage,closed,https://github.com/grafana/grafana/issues/94330
95964,Axis labels in dual axis time series graph have inconsistent vertical text direction,2024-11-06 14:15:23+00:00,2025-11-07 02:34:42+00:00,type/bug|stale|area/panel/timeseries|area/dashboard/edit|automated-triage,closed,https://github.com/grafana/grafana/issues/95964
113422,Library Panels: Performance issue when retrieving elements for a non admin user,2025-11-04 20:19:49+00:00,2025-11-07 13:16:42+00:00,type/bug|area/frontend/library-panels|type/regression|internal,closed,https://github.com/grafana/grafana/issues/113422
113476,Grafana v12 versions blocked by selinux on OKD 4.13,2025-11-05 22:00:45+00:00,2025-11-07 16:03:31+00:00,type/bug|area/security|automated-triage,closed,https://github.com/grafana/grafana/issues/113476
94054,Prometheus: Incremental querying bug with sum(rate()) queries,2024-10-01 09:38:31+00:00,2025-11-08 02:06:43+00:00,type/bug|prio/low|datasource/prometheus|stale|effort/medium,closed,https://github.com/grafana/grafana/issues/94054
94374,Scenes: `instanceof` bug in `findVizPanelInternal`,2024-10-08 06:58:51+00:00,2025-11-08 02:06:49+00:00,type/bug|stale|area/scenes|automated-triage|area/dashboard/scenes,closed,https://github.com/grafana/grafana/issues/94374
92335,Alerting: Terraform provisioned alerts overriding configured time range to 1h time range,2024-08-22 22:48:21+00:00,2025-11-09 02:13:44+00:00,type/bug|area/alerting|area/provisioning|needs investigation|stale|automated-triage,closed,https://github.com/grafana/grafana/issues/92335
93953,Calculated field functions in legend give unwanted precision format,2024-09-28 07:17:39+00:00,2025-11-09 02:13:56+00:00,type/bug|stale|area/panel/timeseries|area/legend|automated-triage,closed,https://github.com/grafana/grafana/issues/93953
94477,Product Area: Short description of bug,2024-10-09 13:44:51+00:00,2025-11-09 02:14:03+00:00,type/bug|area/admin/user|stale|automated-triage,closed,https://github.com/grafana/grafana/issues/94477
94493,Dashboards: Multi custom variables can't be made to have nothing selected when the dashboard loads.,2024-10-09 16:02:53+00:00,2025-11-09 02:14:04+00:00,type/bug|stale|automated-triage|area/dashboard/variable,closed,https://github.com/grafana/grafana/issues/94493
91580,Explore metrics breakdown showing the same scale for y-axis,2024-08-06 15:15:40+00:00,2025-11-10 02:14:23+00:00,type/bug|stale|internal|area/exploremetrics,closed,https://github.com/grafana/grafana/issues/91580
94451,Explore metrics: Breakdown Single View Unit,2024-10-09 07:27:31+00:00,2025-11-10 02:14:49+00:00,type/bug|stale|area/exploremetrics|automated-triage,closed,https://github.com/grafana/grafana/issues/94451
94573,D[g] is not iterable when variable value is true,2024-10-10 17:54:10+00:00,2025-11-10 02:14:50+00:00,type/bug|area/dashboard/timerange|stale|automated-triage|area/dashboard/variable,closed,https://github.com/grafana/grafana/issues/94573
107350,Grafana UI: Slider input doesn't accept decimals,2025-06-27 19:29:56+00:00,2025-11-10 19:41:40+00:00,type/bug|effort/small|prio/medium|area/frontend|area/grafana/ui|frontline,closed,https://github.com/grafana/grafana/issues/107350
94056,Mysql Datasource not showing all data,2024-10-01 09:49:30+00:00,2025-11-11 02:12:21+00:00,type/bug|area/backend/db/mysql|stale|automated-triage,closed,https://github.com/grafana/grafana/issues/94056
111610,Error in SQL syntax for UPDATE secret_secure_value,2025-09-25 13:03:52+00:00,2025-11-12 14:15:45+00:00,type/bug|area/backend/db|area/backend|area/backend/db/mysql|area/backend/db/sql|team/operator-experience|automated-triage,closed,https://github.com/grafana/grafana/issues/111610
92844,Forbidden and 500 error from oncall plugin (grafana 11.1.0),2024-09-03 07:23:09+00:00,2025-11-13 02:13:07+00:00,type/bug|stale|automated-triage,closed,https://github.com/grafana/grafana/issues/92844
103516,Dashboards: Variables - Empty space increases with many dashboard variables or large adhoc filters.,2025-04-07 10:08:58+00:00,2025-11-13 15:16:22+00:00,type/bug|area/dashboard/templating|area/dashboard/links|type/regression|area/scenes|team/grafana-dashboards|prio/future|automated-triage,closed,https://github.com/grafana/grafana/issues/103516
94666,Alerting: Fail to provision contact point with multiple receivers via config file,2024-10-14 06:11:13+00:00,2025-11-14 02:12:31+00:00,type/bug|area/alerting|area/provisioning|stale|automated-triage,closed,https://github.com/grafana/grafana/issues/94666
110713,Dashboard: `0` showing up in the dashboard nav,2025-09-05 17:24:20+00:00,2025-11-14 09:27:20+00:00,type/bug|internal|team/grafana-dashboards,closed,https://github.com/grafana/grafana/issues/110713
113754,Prometheus: Autocompletion list is showing wrong/misleading completion list when typing further after displaying the completion items,2025-11-12 13:48:29+00:00,2025-11-14 15:39:37+00:00,type/bug|prio/high|datasource/prometheus|needs investigation|internal|needs refinement,closed,https://github.com/grafana/grafana/issues/113754
90579,Table: Fix group to nested tables row glitch after sorting,2024-07-18 05:58:17+00:00,2025-11-15 02:09:30+00:00,type/bug|area/panel/table|stale|area/transformations|internal,closed,https://github.com/grafana/grafana/issues/90579
90580,Table: Fix group to nested tables single column glitch,2024-07-18 06:07:29+00:00,2025-11-15 02:09:32+00:00,type/bug|area/panel/table|stale|area/transformations|internal,closed,https://github.com/grafana/grafana/issues/90580
94601,Logs: Downloaded logs in CSV are not ordered correctly,2024-10-11 10:12:56+00:00,2025-11-15 02:09:55+00:00,type/bug|stale|internal,closed,https://github.com/grafana/grafana/issues/94601
94715,Alerting: Edit contact point missing breadcrumb to get back to listing contact points,2024-10-15 10:26:10+00:00,2025-11-15 02:09:56+00:00,type/bug|area/alerting|stale|internal,closed,https://github.com/grafana/grafana/issues/94715
94724,Fix golangci rule `storage-unified-apistore`,2024-10-15 13:00:06+00:00,2025-11-15 02:09:57+00:00,type/bug|stale|internal,closed,https://github.com/grafana/grafana/issues/94724
90233,Scenes: Panel repeat item height is inconsistent,2024-07-09 15:24:11+00:00,2025-11-16 02:15:23+00:00,type/bug|area/dashboard|area/frontend|stale|area/templating/repeating|area/scenes|internal|team/grafana-dashboards,closed,https://github.com/grafana/grafana/issues/90233
91369,DashboardScene: Issues with modifying a panels json through inspect,2024-08-01 05:51:55+00:00,2025-11-16 02:15:25+00:00,type/bug|effort/small|prio/high|stale|area/scenes|internal|team/grafana-dashboards,closed,https://github.com/grafana/grafana/issues/91369
92575,"Dashboard timezone is wrong: Not respecting user, org or dashboard timezone settings",2024-08-28 10:41:18+00:00,2025-11-16 02:15:33+00:00,type/bug|area/dashboard/templating|area/dashboard|area/dashboard/timezone|area/dashboard/timerange|prio/medium|stale|internal|team/grafana-dashboards|area/dashboards/panel,closed,https://github.com/grafana/grafana/issues/92575
93471,Dashboard: Graphs are not presented correctly after using absolute time range,2024-09-19 09:31:48+00:00,2025-11-16 02:15:41+00:00,type/bug|area/dashboard|area/dashboard/timerange|stale|automated-triage,closed,https://github.com/grafana/grafana/issues/93471
94794,Annotations switch causes flickering on dashboard refresh,2024-10-16 07:01:39+00:00,2025-11-16 02:15:50+00:00,type/bug|stale|automated-triage|area/dashboard/annotations,closed,https://github.com/grafana/grafana/issues/94794
111056,Self Hosted Grafana: Unable to use GitSync,2025-09-13 10:30:46+00:00,2025-11-17 08:23:19+00:00,type/bug|area/backend/db/migration|automated-triage|area/gitsync,closed,https://github.com/grafana/grafana/issues/111056
106235,Grafana Pods crashing when querying pyroscope datasource,2025-05-30 09:23:10+00:00,2025-11-18 09:40:57+00:00,type/bug|needs more info|prio/medium|area/backend|needs investigation|datasource/pyroscope|automated-triage,closed,https://github.com/grafana/grafana/issues/106235
113081,Fix: Tabs without a title don't work,2025-10-28 10:01:45+00:00,2025-11-18 11:58:47+00:00,type/bug|effort/small|internal|proj/dynamic-dashboards,closed,https://github.com/grafana/grafana/issues/113081
113943,Prometheus Variable Staleness Regression in V11+ (Variables do not refresh when Time Series is retired),2025-11-14 14:22:37+00:00,2025-11-18 12:21:12+00:00,type/bug|datasource/prometheus|type/regression|automated-triage|area/dashboard/variable,closed,https://github.com/grafana/grafana/issues/113943
95002,Dashboards: Variables in Transforms generate a query refresh instead of using cache,2024-10-18 19:28:42+00:00,2025-11-19 02:11:44+00:00,type/bug|type/performance|stale|area/transformations|automated-triage|area/dashboard/variable,closed,https://github.com/grafana/grafana/issues/95002
113755,Prometheus: In metrics browser label value filtering is not working,2025-11-12 13:55:37+00:00,2025-11-19 14:38:33+00:00,type/bug|datasource/prometheus|internal|needs refinement,closed,https://github.com/grafana/grafana/issues/113755
92897,ANSI causing background text highlights,2024-09-04 05:13:53+00:00,2025-11-19 17:08:09+00:00,type/bug|needs more info|area/panel/logs|automated-triage,closed,https://github.com/grafana/grafana/issues/92897
114132,"Table errors - they are constantly being rendered, data links sometimes don't work",2025-11-19 01:37:45+00:00,2025-11-19 17:33:12+00:00,type/bug|area/panel/table|area/dashboard/data-links|team/grafana-dashboards|automated-triage,closed,https://github.com/grafana/grafana/issues/114132
110260,Grafana Investigations App 0.2.4 in Grafana OSS 12.1.1: Plugin installed offline but not visible in UI,2025-08-28 07:39:55+00:00,2025-11-19 20:38:25+00:00,type/bug|automated-triage,closed,https://github.com/grafana/grafana/issues/110260
112921,Alerting: Jira Contact Point returns 404 in v12.2.0,2025-10-24 08:28:15+00:00,2025-11-19 23:31:23+00:00,type/bug|area/alerting|type/regression|automated-triage,closed,https://github.com/grafana/grafana/issues/112921
112263,"Grafana OSS 12.2.0 - Public Dashboard - Time Series Panel - ""Cannot read properties of undefined (reading 'includes')""",2025-10-10 09:18:18+00:00,2025-11-20 02:06:01+00:00,type/bug|area/panel/timeseries|type/regression|area/public-dashboards|team/grafana-dashboards|area/dashboards/panel|automated-triage,closed,https://github.com/grafana/grafana/issues/112263
113357,Git Sync: Error running synchronization with external storage,2025-11-03 14:03:56+00:00,2025-11-20 14:15:53+00:00,type/bug|area/backend/db/sql|automated-triage|area/gitsync,closed,https://github.com/grafana/grafana/issues/113357
113676,Grafana alerting: invalidFormat when provisioning nested child policies,2025-11-10 15:55:47+00:00,2025-11-20 18:05:24+00:00,type/bug|area/alerting|area/provisioning|automated-triage,closed,https://github.com/grafana/grafana/issues/113676
102002,Timeseries: Entering linear threshold for symlog freezes tab,2025-03-12 08:26:18+00:00,2025-11-20 18:49:48+00:00,type/bug|area/panel/timeseries|automated-triage,closed,https://github.com/grafana/grafana/issues/102002
114284,Dashboards:  Logs panel shows empty view when infinite scrolling at bottom (Explore works fine),2025-11-21 07:07:08+00:00,2025-11-21 12:09:23+00:00,type/bug|team/grafana-dashboards|area/dashboards/panel|automated-triage,closed,https://github.com/grafana/grafana/issues/114284
100785,"Grafana OSS and Loki. Explore Tab, Log Volume calculation processed every time If collapsed/expanded but search criteria is unchanged",2025-02-15 16:20:43+00:00,2025-11-21 20:54:13+00:00,type/bug|prio/medium|type/performance|area/explore|automated-triage,closed,https://github.com/grafana/grafana/issues/100785
90542,Feature lokiQuerySplitting causes Loki configuration max_query_bytes_read to work unexpectedly,2024-07-17 14:57:28+00:00,2025-11-21 20:59:38+00:00,type/bug|datasource/loki,closed,https://github.com/grafana/grafana/issues/90542
93827,Geomap Route: part of route connect to the wrong repeat,2024-09-26 13:55:41+00:00,2025-11-22 02:08:21+00:00,type/bug|stale|area/panel/geomap|automated-triage,closed,https://github.com/grafana/grafana/issues/93827
95057,Time Series: Spurious accuracy change with selected unit and decimals,2024-10-21 13:20:25+00:00,2025-11-22 02:08:29+00:00,type/bug|stale|area/panel/timeseries|area/tooltip|automated-triage,closed,https://github.com/grafana/grafana/issues/95057
95136,Grafana release tag is different to the docker registry tag,2024-10-22 10:00:49+00:00,2025-11-22 02:08:32+00:00,type/bug|stale|area/configuration|automated-triage,closed,https://github.com/grafana/grafana/issues/95136
93369,Alerting: unified alerting screenshots always render images with variable defaults,2024-09-16 11:06:23+00:00,2025-11-23 02:16:22+00:00,type/bug|area/alerting|area/image-rendering|stale|automated-triage,closed,https://github.com/grafana/grafana/issues/93369
95222,Backend: Data folder is empty after stopping grafana-server.service if anything sync daemon is used,2024-10-23 07:45:27+00:00,2025-11-23 02:16:32+00:00,type/bug|area/backend/db|area/backend|stale|automated-triage,closed,https://github.com/grafana/grafana/issues/95222
95249,Panel: query inspector can't open,2024-10-23 11:56:21+00:00,2025-11-23 02:16:34+00:00,type/bug|stale|area/dashboard/edit|automated-triage,closed,https://github.com/grafana/grafana/issues/95249
95291,Mysql issue in Grafana 11.2.1 - Error: ✗ failed to connect to database: invalid value / unknown config name: custom,2024-10-23 19:11:41+00:00,2025-11-23 02:16:38+00:00,type/bug|area/backend/db|area/backend/db/mysql|stale|automated-triage,closed,https://github.com/grafana/grafana/issues/95291
48014,"unified alerting: ""Failed to evaluate queries and expressions: failed to execute conditions: input data must be a wide series but got type long (input refid)"" for NODATA condition",2022-04-20 23:51:50+00:00,2025-11-24 11:43:14+00:00,type/bug|effort/small|prio/high|area/alerting|prio/medium|area/expressions,closed,https://github.com/grafana/grafana/issues/48014
55938,Problem with deduplication of alerts between Grafana Internal alertmanager,2022-09-28 14:49:09+00:00,2025-11-24 11:48:29+00:00,type/bug|area/alerting|prio/medium|effort/none,closed,https://github.com/grafana/grafana/issues/55938
75145,Alerting: broken rendering of alert notifications on Slack Android,2022-11-15 11:24:02+00:00,2025-11-24 11:50:11+00:00,type/bug|area/alerting,closed,https://github.com/grafana/grafana/issues/75145
108209,area/gitsync: dashboard tags will be removed when pushing dashboard changes from UI,2025-07-17 08:37:53+00:00,2025-11-24 13:28:09+00:00,type/bug|prio/medium|area/provisioning|automated-triage,closed,https://github.com/grafana/grafana/issues/108209
66355,Label matching doesn't work when there are spaces in name or value,2023-04-12 10:19:17+00:00,2025-11-24 13:43:47+00:00,type/bug|area/alerting|area/frontend|internal,closed,https://github.com/grafana/grafana/issues/66355
66650,Alert list panel: Alerts shown when labels don't match,2023-04-17 08:27:44+00:00,2025-11-24 13:46:18+00:00,type/bug|area/alerting|area/frontend|stale|internal,closed,https://github.com/grafana/grafana/issues/66650
104482,Alerting: Alert UI Preview does not respect custom recovery threshold,2025-04-24 17:16:30+00:00,2025-11-24 14:43:03+00:00,type/bug|area/alerting|triage/needs-confirmation,closed,https://github.com/grafana/grafana/issues/104482
88474,Alerting: Full state sync failure due to duplicate entry,2024-05-30 07:39:02+00:00,2025-11-24 14:50:51+00:00,type/bug|area/alerting|triage/needs-confirmation,closed,https://github.com/grafana/grafana/issues/88474
69248,Alerting: Slack Alert title links to `alerting/list` rather than the alert-rule,2023-05-30 10:59:02+00:00,2025-11-24 14:59:47+00:00,type/bug|prio/high|area/alerting|area/alerting/notifications|area/backend|area/templating/repeating|good first issue|effort/medium,closed,https://github.com/grafana/grafana/issues/69248
112914,"SQLite: Dashboard provisioning fails with ""disk I/O error: permission denied"" in Kubernetes (Grafana 12, not 11)",2025-10-24 03:42:26+00:00,2025-11-24 20:33:01+00:00,type/bug|area/provisioning|area/backend/db/sqlite|type/regression|automated-triage,closed,https://github.com/grafana/grafana/issues/112914
114337,git sync: delete pending,2025-11-22 08:29:32+00:00,2025-11-25 01:42:05+00:00,type/bug|automated-triage|area/gitsync,closed,https://github.com/grafana/grafana/issues/114337
65741,Invited LDAP users are asked to create password,2023-03-31 18:37:42+00:00,2025-11-25 02:12:11+00:00,type/bug|area/auth/ldap|stale|triage/needs-confirmation,closed,https://github.com/grafana/grafana/issues/65741
92739,make build-go: nhooyr.io/websocket@v1.8.7: reading nhooyr.io/websocket/go.mod at revision v1.8.7: unknown revision v1.8.7,2024-08-30 09:25:59+00:00,2025-11-25 02:12:38+00:00,type/bug|type/build-packaging|area/backend|stale|automated-triage,closed,https://github.com/grafana/grafana/issues/92739
104049,Loki display of JSON-formatted logs broken,2025-04-15 14:25:39+00:00,2025-11-25 13:33:52+00:00,type/bug|datasource/loki|area/panel/logs|automated-triage,closed,https://github.com/grafana/grafana/issues/104049
95371,SMTP ISSUE,2024-10-24 20:21:54+00:00,2025-11-26 02:13:03+00:00,type/bug|area/mailing|stale|area/configuration|automated-triage,closed,https://github.com/grafana/grafana/issues/95371
95428,Some visualisations don't render correctly when enabling React's StrictMode,2024-10-25 16:11:30+00:00,2025-11-26 02:13:06+00:00,type/bug|stale|internal,closed,https://github.com/grafana/grafana/issues/95428
100714,Explore: save logs sort order in URL parameters,2025-02-14 10:44:27+00:00,2025-11-26 11:00:17+00:00,type/bug|area/logs,closed,https://github.com/grafana/grafana/issues/100714
54574,Invalid dashboard UID in the request error on custom home dashboard,2022-09-01 11:52:50+00:00,2025-11-27 02:10:24+00:00,type/bug|type/docs|area/dashboard|area/backend|stale|migrate/status-new-issues,closed,https://github.com/grafana/grafana/issues/54574
75711,Timeseries and NodeGraph container inconsistent when together,2023-09-29 01:23:40+00:00,2025-11-27 02:10:34+00:00,type/bug|help wanted|prio/low|area/explore|stale,closed,https://github.com/grafana/grafana/issues/75711
114529,SQL Expressions: Cannot use Elasticsearch term aggregation keywords as columns,2025-11-27 09:45:37+00:00,2025-11-27 09:50:28+00:00,type/bug|datasource/elasticsearch|area/panel/table|area/expressions|automated-triage,closed,https://github.com/grafana/grafana/issues/114529
97916,Grafana v11.3.1: variables inside trino query are replaced by hard coded values after leaving edit mode.,2024-12-13 09:44:01+00:00,2025-11-27 10:38:56+00:00,type/bug|automated-triage|area/dashboard/variable,closed,https://github.com/grafana/grafana/issues/97916
108340,Dynamic Dashboards: Show/hide rules for repeating panels not applied individually,2025-07-18 17:43:52+00:00,2025-11-27 11:05:16+00:00,type/bug|team/grafana-dashboards|automated-triage|area/dashboard/variable|area/panel/repeat|proj/dynamic-dashboards,closed,https://github.com/grafana/grafana/issues/108340
114235,Switch Variable: Cannot convert to schema v1,2025-11-20 13:45:56+00:00,2025-11-28 13:21:35+00:00,type/bug|area/dashboard|internal|area/dashboard/scenes|area/dashboard/schemas/v2,closed,https://github.com/grafana/grafana/issues/114235
94171,Panel titlebar remains even if title is blank (v11.3 dev version upgrade),2024-10-02 21:10:47+00:00,2025-11-29 02:10:36+00:00,type/bug|stale|type/regression|automated-triage|area/dashboard/settings|area/dashboard/kiosk,closed,https://github.com/grafana/grafana/issues/94171
95478,Grafana 10: Grafana docker image does not serve the .js file,2024-10-28 11:02:02+00:00,2025-11-29 02:10:43+00:00,type/bug|type/build-packaging|area/backend|stale|area/configuration|can't reproduce|automated-triage,closed,https://github.com/grafana/grafana/issues/95478
95482,Dashboards: Hitting Apply in inspect json tab does nothing when not in edit mode,2024-10-28 11:55:45+00:00,2025-11-29 02:10:46+00:00,type/bug|area/dashboard|stale|internal|area/dashboard/scenes,closed,https://github.com/grafana/grafana/issues/95482
95519,"Legend: Legend in time series graph freezing, not de-selecting, or selecting multiple",2024-10-28 17:52:58+00:00,2025-11-29 02:10:48+00:00,type/bug|stale|area/legend|automated-triage,closed,https://github.com/grafana/grafana/issues/95519
93017,Canvas: Arrow connectors don't work very well,2024-09-06 01:53:21+00:00,2025-11-30 02:15:57+00:00,type/bug|type/ux|stale|area/panel/canvas|automated-triage,closed,https://github.com/grafana/grafana/issues/93017
93463,"Dashboard -> Canvas: Field not found, but label does show the correct the value",2024-09-19 07:27:38+00:00,2025-11-30 02:16:01+00:00,type/bug|stale|area/panel/canvas,closed,https://github.com/grafana/grafana/issues/93463
93939,Dashboards: State timeline no longer supports overlapping intervals,2024-09-27 17:38:38+00:00,2025-11-30 02:16:04+00:00,type/bug|stale|type/regression|area/panel/state-timeline,closed,https://github.com/grafana/grafana/issues/93939
94362,"Heatmap Visualization: Data Link not visible when ""Calculate from data"" is enabled",2024-10-08 00:50:05+00:00,2025-11-30 02:16:06+00:00,type/bug|area/panel/heatmap|needs investigation|stale|area/tooltip|automated-triage,closed,https://github.com/grafana/grafana/issues/94362
95031,Dashboards: Alert list panel - several option switches not working,2024-10-21 08:19:08+00:00,2025-11-30 02:16:09+00:00,type/bug|area/panel/alertlist|stale|type/regression,closed,https://github.com/grafana/grafana/issues/95031
95309,GeoMap Fit to data issue with International Date Line,2024-10-23 23:52:43+00:00,2025-11-30 02:16:12+00:00,type/bug|stale|area/panel/geomap|automated-triage,closed,https://github.com/grafana/grafana/issues/95309
95379,Auth: Renew an access token using a refresh token doesn't work with AzureAD and custom scopes,2024-10-25 08:04:28+00:00,2025-11-30 02:16:14+00:00,type/bug|area/auth/oauth|stale|automated-triage,closed,https://github.com/grafana/grafana/issues/95379
95545,Alerting: Notification policy default group interval is not checked when repeat interval is changed,2024-10-29 10:23:31+00:00,2025-11-30 02:16:18+00:00,type/bug|area/alerting|stale|automated-triage,closed,https://github.com/grafana/grafana/issues/95545
79218,Dashboards: Datasource is allowed to be selected as variable query even though it doesn't support variables,2023-12-07 12:55:21+00:00,2025-12-01 02:16:30+00:00,type/bug|area/dashboard/templating|area/dashboard|stale|team/grafana-dashboards,closed,https://github.com/grafana/grafana/issues/79218
114414,"Grafana crashes with ""panic: send on closed channel"" in dashboard provisioning (12.3.0)",2025-11-25 14:56:17+00:00,2025-12-01 05:24:05+00:00,type/bug|area/provisioning|type/regression|automated-triage,closed,https://github.com/grafana/grafana/issues/114414
105967,Recording Rules: Provisioned Data Source custom headers not included in requests,2025-05-23 16:50:32+00:00,2025-12-01 10:18:53+00:00,type/bug|area/backend|area/recorded-queries|automated-triage|area/provisioning/datasources,closed,https://github.com/grafana/grafana/issues/105967
103059,Product Area: Grafana-managed Recording Rules don't create metrics,2025-03-28 23:08:15+00:00,2025-12-01 10:21:26+00:00,type/bug|area/configuration|area/recorded-queries|automated-triage,closed,https://github.com/grafana/grafana/issues/103059
96252,Grafana fails to start after upgrade to v10.4.12,2024-11-12 07:09:03+00:00,2025-12-01 12:18:27+00:00,type/bug|area/backend/db|area/backend|stale|area/backend/db/migration|area/auth/serviceaccount|storage backend|automated-triage,closed,https://github.com/grafana/grafana/issues/96252
114234,Dashboard Controls: Link placement not persisted in the schema,2025-11-20 13:43:20+00:00,2025-12-02 13:12:03+00:00,type/bug|internal|area/dashboard/scenes|area/dashboard/schemas/v2,closed,https://github.com/grafana/grafana/issues/114234
114279,New Grafana 12.3.0 Install - No Plugins loading,2025-11-21 03:10:24+00:00,2025-12-02 13:44:56+00:00,type/bug|area/plugins|automated-triage,closed,https://github.com/grafana/grafana/issues/114279
113377,Azure Monitor: Logs Builder Mode - Percentile Syntax,2025-11-04 00:54:46+00:00,2025-12-02 13:50:42+00:00,type/bug|effort/small|datasource/azure|automated-triage,closed,https://github.com/grafana/grafana/issues/113377
95747,Transformations: Group to nested table - Short description of bug,2024-11-01 21:20:02+00:00,2025-12-03 02:14:10+00:00,type/bug|stale|area/transformations|automated-triage,closed,https://github.com/grafana/grafana/issues/95747
107313,V2 schema Annotations support: Model is missing mappings property,2025-06-27 13:29:58+00:00,2025-12-03 09:19:23+00:00,type/bug|internal|area/dashboard/schemas/v2,closed,https://github.com/grafana/grafana/issues/107313
114708,Dashboards: When datasources are defined only by type the type is remove when saving,2025-12-02 14:01:00+00:00,2025-12-03 11:29:54+00:00,type/bug|internal,closed,https://github.com/grafana/grafana/issues/114708
101949,"Alerting: ""Rule group does not exist"" error",2025-03-11 14:58:22+00:00,2025-12-03 11:33:50+00:00,type/bug|area/alerting|area/frontend|internal,closed,https://github.com/grafana/grafana/issues/101949
107476,"Alerting: error ""no datasource name in form values"" when duplicating datasource-managed Mimir/Prometheus alert to Grafana alert",2025-07-01 18:02:48+00:00,2025-12-03 11:57:49+00:00,type/bug|area/alerting|area/frontend|automated-triage,closed,https://github.com/grafana/grafana/issues/107476
114544,"Authentication: Underscore is not considered a ""symbol""",2025-11-27 13:42:13+00:00,2025-12-03 13:32:30+00:00,type/bug|area/auth|automated-triage,closed,https://github.com/grafana/grafana/issues/114544
114615,"Product Area: AWS IoT SiteWise datasource plugin not loading on Windows (Grafana 12.3.0, plugin 2.4.2) – signature marked as modified",2025-12-01 00:54:00+00:00,2025-12-03 13:51:32+00:00,type/bug|area/plugins|datasource/sitewise|team/grafana-aws-datasources|automated-triage,closed,https://github.com/grafana/grafana/issues/114615
114214,Product Area: Short description of bug,2025-11-20 07:47:30+00:00,2025-12-03 13:51:48+00:00,type/bug|area/plugins|datasource/mssql|automated-triage,closed,https://github.com/grafana/grafana/issues/114214
93261,Alerting: Relative time range not properly applied,2024-09-12 11:11:59+00:00,2025-12-03 14:33:17+00:00,type/bug|area/alerting|area/frontend|automated-triage,closed,https://github.com/grafana/grafana/issues/93261
114406,DashboardV2: Dashboard export wrongly inserts default data source,2025-11-25 13:26:43+00:00,2025-12-03 16:13:08+00:00,type/bug|dogfooding|internal|team/grafana-dashboards|bug-bash|area/dashboard/schemas/v2,closed,https://github.com/grafana/grafana/issues/114406
114814,Dashboard Panel: Incorrect tooltip location on Node Graph panel when page is scrolled,2025-12-04 00:07:49+00:00,2025-12-04 00:15:58+00:00,type/bug|area/panel/node-graph|type/regression|area/tooltip|automated-triage,closed,https://github.com/grafana/grafana/issues/114814
108288,OpenTSDB: Metric autocompletion is not working with 12.0.2,2025-07-18 02:48:34+00:00,2025-12-04 12:34:54+00:00,type/bug|datasource/opentsdb|type/regression|automated-triage,closed,https://github.com/grafana/grafana/issues/108288
113376,Azure Monitor: Logs Builder Mode - Aggregation on math operations,2025-11-04 00:50:50+00:00,2025-12-04 12:48:57+00:00,type/bug|area/explore|datasource/azure|automated-triage,closed,https://github.com/grafana/grafana/issues/113376
113874,Library Panel: Fix V2 LP awareness of dashboard usage,2025-11-13 21:22:57+00:00,2025-12-04 17:21:28+00:00,type/bug|prio/high|effort/medium|internal,closed,https://github.com/grafana/grafana/issues/113874
69848,Alerting: Manual Alert Rule Update not working,2023-06-09 12:16:18+00:00,2025-12-05 02:13:43+00:00,type/bug|area/alerting|area/provisioning|area/frontend|stale,closed,https://github.com/grafana/grafana/issues/69848
95367,Explore: Split view from logs context loses user setting for Code vs Builder,2024-10-24 17:44:17+00:00,2025-12-05 02:14:35+00:00,type/bug|help wanted|area/explore|stale|automated-triage,closed,https://github.com/grafana/grafana/issues/95367
95789,pg: operator does not exist: text = integer,2024-11-04 15:21:58+00:00,2025-12-05 02:14:40+00:00,type/bug|datasource/postgres|area/backend/db/postgres|stale|type/regression|automated-triage,closed,https://github.com/grafana/grafana/issues/95789
113378,Azure Monitor: Logs Builder Mode - Dcount Syntax,2025-11-04 00:58:10+00:00,2025-12-05 12:25:58+00:00,type/bug|area/explore|datasource/azure|team/grafana-dashboards|area/dashboard/edit|automated-triage,closed,https://github.com/grafana/grafana/issues/113378
114377,Alert Rule: Expression fails to evaluate when there's a CTE & a query,2025-11-24 23:52:02+00:00,2025-12-05 15:14:04+00:00,type/bug|area/alerting|area/expressions|automated-triage,closed,https://github.com/grafana/grafana/issues/114377
114726,"CloudWatch Metrics Query in Alerting: series labels (FunctionName) lost, shown only as “Series 1/2/3” in expressions",2025-12-02 18:56:39+00:00,2025-12-05 19:42:07+00:00,type/bug|area/alerting|datasource/cloudwatch|area/expressions|automated-triage,closed,https://github.com/grafana/grafana/issues/114726
91811,Stat panel thresholds ,2024-08-12 16:33:40+00:00,2025-12-07 02:15:56+00:00,type/bug|stale|area/panel/stat|area/field/overrides|team/grafana-dashboards,closed,https://github.com/grafana/grafana/issues/91811
95479,MySQL: Logs Panel: Table UI - show context not display,2024-10-28 11:18:34+00:00,2025-12-07 02:16:07+00:00,type/bug|datasource/mysql|area/panel/logs|stale|automated-triage,closed,https://github.com/grafana/grafana/issues/95479
95816,"pq: current transaction is aborted, commands ignored",2024-11-05 08:03:22+00:00,2025-12-07 02:16:09+00:00,type/bug|area/backend/db/postgres|stale|area/backend/db/migration|automated-triage,closed,https://github.com/grafana/grafana/issues/95816
95886,Canvas: Nested frames scaling bugs / crashes,2024-11-05 16:26:19+00:00,2025-12-07 02:16:12+00:00,type/bug|stale|area/panel/canvas,closed,https://github.com/grafana/grafana/issues/95886
95922,Alerting: link generated from Alert Rule page `Copy Link` does not work properly,2024-11-05 23:16:22+00:00,2025-12-07 02:16:13+00:00,type/bug|area/alerting|stale|automated-triage,closed,https://github.com/grafana/grafana/issues/95922
95450,Dashboards:  collapsed=true breaks set of panels,2024-10-27 12:48:06+00:00,2025-12-08 02:14:41+00:00,type/bug|area/dashboard/import|stale|area/dashboard/rows|automated-triage,closed,https://github.com/grafana/grafana/issues/95450
96024,"Transforms: when a dashboard variable changes, ""add field from calculation"" breaks",2024-11-07 12:06:07+00:00,2025-12-08 02:14:46+00:00,type/bug|datasource/prometheus|stale|area/transformations|automated-triage|area/dashboard/variable,closed,https://github.com/grafana/grafana/issues/96024
57560,Templating: Outdated options loaded from URL,2022-10-24 19:05:16+00:00,2025-12-08 15:08:44+00:00,type/bug|area/dashboard/templating|area/dashboard|team/grafana-dashboards|prio/future,closed,https://github.com/grafana/grafana/issues/57560
59539,Error when importing dashboard from JSON as Editor,2022-11-30 10:07:54+00:00,2025-12-08 16:22:49+00:00,type/bug|area/dashboard|area/dashboard/import|team/grafana-dashboards|prio/future,closed,https://github.com/grafana/grafana/issues/59539
113491,Fix: Struggle selecting panel with conditional rendering,2025-11-06 07:58:55+00:00,2025-12-08 16:52:02+00:00,type/bug|internal|proj/dynamic-dashboards,closed,https://github.com/grafana/grafana/issues/113491
96155,Grafana notfications: `See source` link leads to `Page not found`,2024-11-08 22:06:34+00:00,2025-12-09 02:14:38+00:00,type/bug|area/alerting|area/explore|stale|automated-triage,closed,https://github.com/grafana/grafana/issues/96155
114683,tlsSkipVerify for not working for provisioned data source,2025-12-02 08:28:47+00:00,2025-12-09 08:02:55+00:00,type/bug|datasource/prometheus|automated-triage|area/provisioning/datasources,closed,https://github.com/grafana/grafana/issues/114683
110753,Failed to build Golang binaries in version v12.0.0+security-01,2025-09-08 10:08:53+00:00,2025-12-09 09:14:39+00:00,type/bug|type/build-packaging|area/backend|automated-triage,closed,https://github.com/grafana/grafana/issues/110753
114383,alloy: Fresh install on Mac OS fails with errors,2025-11-25 09:02:04+00:00,2025-12-09 09:20:56+00:00,type/bug|type/build-packaging|area/backend|area/configuration|automated-triage,closed,https://github.com/grafana/grafana/issues/114383
110011,Docker: Pull latest image got downgrade,2025-08-22 05:54:48+00:00,2025-12-09 09:36:54+00:00,type/bug|type/build-packaging|area/configuration|automated-triage,closed,https://github.com/grafana/grafana/issues/110011
114973,Alerting: Resolved alert notifications can show raw template annotations instead of rendered values,2025-12-08 16:08:02+00:00,2025-12-09 12:52:44+00:00,type/bug|area/alerting|internal,closed,https://github.com/grafana/grafana/issues/114973
114867,Dashboard: import new dashboard,2025-12-04 19:11:16+00:00,2025-12-09 14:59:22+00:00,type/bug|internal,closed,https://github.com/grafana/grafana/issues/114867
95452,Dashboards: Graphs sometimes swap content,2024-10-27 15:32:39+00:00,2025-12-10 02:15:35+00:00,type/bug|stale|area/dashboards/panel|automated-triage,closed,https://github.com/grafana/grafana/issues/95452
96178,postgresql: request is blocking when datasource can't be connected,2024-11-09 13:44:56+00:00,2025-12-10 02:15:38+00:00,type/bug|type/performance|datasource/postgres|area/backend/db/postgres|stale|automated-triage,closed,https://github.com/grafana/grafana/issues/96178
115013,"Live: Since Grafana 12.2, dashboard change notifications does not work anymore",2025-12-09 14:53:40+00:00,2025-12-11 06:26:37+00:00,type/bug|type/regression|team/grafana-dashboards|area/dashboard/edit|automated-triage,closed,https://github.com/grafana/grafana/issues/115013
110544,[ServiceNow] Unable to Query Views When Use Sys Tables is Checked,2025-09-03 16:40:24+00:00,2025-12-11 14:53:37+00:00,type/bug|prio/medium|internal|datasource/enterprise|origin/escalation,closed,https://github.com/grafana/grafana/issues/110544
113300,Block import of v2 dashboard when feature toggle is disabled,2025-10-31 14:45:58+00:00,2025-12-11 22:54:08+00:00,type/bug|internal,closed,https://github.com/grafana/grafana/issues/113300
96191,Transformations: Invalid value warning shown when using variable enclosed in brackets,2024-11-11 03:00:32+00:00,2025-12-12 02:16:05+00:00,type/bug|stale|area/transformations|automated-triage,closed,https://github.com/grafana/grafana/issues/96191
96198,"Dashboards: The order of selecting ""All"" and ""other options"" will result in different behaviors.",2024-11-11 06:50:33+00:00,2025-12-12 02:16:07+00:00,type/bug|stale|automated-triage|area/dashboard/variable,closed,https://github.com/grafana/grafana/issues/96198
96201,"Dashboards: Dashboard data source breaks when I go to view, edit panel or dashboard settings",2024-11-11 08:17:02+00:00,2025-12-12 02:16:09+00:00,type/bug|stale|type/regression|area/dashboards/panel|area/dashboard/edit|automated-triage|area/dashboard/settings|area/dashboard/variable,closed,https://github.com/grafana/grafana/issues/96201
115067,Grafana OnCall OSS plugin cannot connect: /api/internal/v1/plugin/v2/status always returns 403,2025-12-10 06:52:41+00:00,2025-12-12 08:51:55+00:00,type/bug|area/plugins|area/backend/api|automated-triage,closed,https://github.com/grafana/grafana/issues/115067
115027,Business Variable Panel: Can't Use Custom Variables,2025-12-09 16:14:54+00:00,2025-12-12 12:12:48+00:00,type/bug|internal|team/grafana-dashboards,closed,https://github.com/grafana/grafana/issues/115027
115231,Dashboard Edit: false reporting of unsaved changes + modal impossible to dismiss,2025-12-12 14:18:55+00:00,2025-12-12 15:18:10+00:00,type/bug|prio/medium|internal|proj/dynamic-dashboards,closed,https://github.com/grafana/grafana/issues/115231
115228,schema v2 bug: Can't save any of the new accessible colour palettes,2025-12-12 14:00:09+00:00,2025-12-12 15:36:33+00:00,type/bug|prio/low|internal|area/dashboard/schemas/v2,closed,https://github.com/grafana/grafana/issues/115228
115213,Generate tab title when converting from row without a title,2025-12-12 10:56:17+00:00,2025-12-12 18:14:57+00:00,type/bug|prio/medium|internal|proj/dynamic-dashboards,closed,https://github.com/grafana/grafana/issues/115213
115264,V2 / DD : Error loading of suggestions,2025-12-12 16:53:59+00:00,2025-12-12 18:54:29+00:00,type/bug|prio/medium|internal|area/dashboard/schemas/v2|proj/dynamic-dashboards,closed,https://github.com/grafana/grafana/issues/115264
115260,DD: bug in edit mode if you change variables it doesn't refresh the query.,2025-12-12 16:45:21+00:00,2025-12-12 21:09:40+00:00,type/bug|prio/medium|internal|proj/dynamic-dashboards,closed,https://github.com/grafana/grafana/issues/115260
115236,V2 /DD ? : Query editor missing from Edit view,2025-12-12 14:24:48+00:00,2025-12-12 21:39:45+00:00,type/bug|prio/high|internal|area/dashboard/schemas/v2,closed,https://github.com/grafana/grafana/issues/115236
115269,V2 / DD : Default data source overrides the one I had in my dashboard,2025-12-12 17:54:18+00:00,2025-12-12 21:39:45+00:00,type/bug|internal|area/dashboard/schemas/v2|proj/dynamic-dashboards,closed,https://github.com/grafana/grafana/issues/115269
59674,Add recorded query dialog only adds one selected query,2022-12-01 19:00:20+00:00,2025-12-14 02:15:38+00:00,type/bug|needs investigation|stale|area/query-editor,closed,https://github.com/grafana/grafana/issues/59674
77531,Snapshots: Timeshift tooltip is not retained when creating a snapshot,2023-11-01 22:07:15+00:00,2025-12-14 02:15:48+00:00,type/bug|area/dashboard/snapshot|area/frontend|stale|team/grafana-sharing,closed,https://github.com/grafana/grafana/issues/77531
96253,database locked and no dashboard deployed but process did not crash,2024-11-12 07:12:16+00:00,2025-12-14 02:16:25+00:00,type/bug|area/backend|stale|area/backend/db/sql|automated-triage,closed,https://github.com/grafana/grafana/issues/96253
96417,Path Parameter Syntax Issue in the openapi3.json,2024-11-14 00:45:02+00:00,2025-12-14 02:16:34+00:00,type/bug|area/backend/api|stale|automated-triage,closed,https://github.com/grafana/grafana/issues/96417
93419,"Alerting: UI incorrect validation of interval for new evaluation groups, new EG creation problematic in v11.0.*",2024-09-18 09:27:44+00:00,2025-12-15 02:15:54+00:00,type/bug|area/alerting|area/frontend|stale|automated-triage,closed,https://github.com/grafana/grafana/issues/93419
93447,Alerting: Failed to build evaluator,2024-09-18 15:49:05+00:00,2025-12-15 02:15:56+00:00,type/bug|area/alerting|area/frontend|stale|automated-triage,closed,https://github.com/grafana/grafana/issues/93447
93628,Security vulnerabilities in Grafana 11.2.0,2024-09-23 18:20:20+00:00,2025-12-15 02:15:57+00:00,type/bug|area/security|stale|automated-triage,closed,https://github.com/grafana/grafana/issues/93628
96361,Dashboards: Template Variable does not update in panel link when selecting another item in drop down,2024-11-13 08:49:53+00:00,2025-12-15 02:16:04+00:00,type/bug|area/dashboard/templating|stale|type/regression|area/dashboards/panel|automated-triage|area/dashboard/variable,closed,https://github.com/grafana/grafana/issues/96361
111626,Tempo Streaming: `SearchTagValuesV2` tag formatting appears incorrect,2025-09-25 14:32:03+00:00,2025-12-15 09:41:26+00:00,type/bug|area/explore|area/tracing|datasource/tempo|internal,closed,https://github.com/grafana/grafana/issues/111626
115233,The configure button is visible even in view mode if the panel has not been configured,2025-12-12 14:23:18+00:00,2025-12-15 10:05:37+00:00,type/bug|prio/medium|internal|proj/dynamic-dashboards,closed,https://github.com/grafana/grafana/issues/115233
115262,zindex issue on drag/drop a row with side drawer,2025-12-12 16:48:19+00:00,2025-12-15 10:05:58+00:00,type/bug|prio/low|internal,closed,https://github.com/grafana/grafana/issues/115262
115232,Tabs are visible in the outline while being hidden due to conditional rendering,2025-12-12 14:18:56+00:00,2025-12-15 11:28:30+00:00,type/bug|prio/medium|internal|proj/dynamic-dashboards,closed,https://github.com/grafana/grafana/issues/115232
115083,Dashboards: Variable editor update issues for dashboard-controls,2025-12-10 12:42:13+00:00,2025-12-15 12:12:12+00:00,type/bug|area/dashboard|no-backport|no-changelog|internal|team/grafana-dashboards|area/dashboard/variable|area/dashboard/scenes,closed,https://github.com/grafana/grafana/issues/115083
115238,Dynamic Dashboard: Enable json changes to be made in dashboards settings,2025-12-12 14:29:35+00:00,2025-12-15 12:15:52+00:00,type/bug|prio/medium|internal|area/dashboard/schemas/v2|proj/dynamic-dashboards,closed,https://github.com/grafana/grafana/issues/115238
115230,SchemaV2: Field overrides and value mappings are missing,2025-12-12 14:12:05+00:00,2025-12-15 12:50:13+00:00,type/bug|prio/medium|internal|area/dashboard/schemas/v2,closed,https://github.com/grafana/grafana/issues/115230
115322,Popover positioning for export is weird,2025-12-15 10:57:00+00:00,2025-12-15 13:36:20+00:00,type/bug|prio/low|internal,closed,https://github.com/grafana/grafana/issues/115322
113878,Tracing: Grafana doesn't trace its own requests,2025-11-13 21:44:06+00:00,2025-12-16 10:02:42+00:00,type/bug|area/backend/api|automated-triage,closed,https://github.com/grafana/grafana/issues/113878
115299,"DD: when exporting a dashboard as image, the dashboard is cut at one viewport height",2025-12-14 16:39:47+00:00,2025-12-16 10:44:00+00:00,type/bug|internal|proj/dynamic-dashboards,closed,https://github.com/grafana/grafana/issues/115299
115320,Grafana plugins: GF_INSTALL_PLUGINS not installed when all default drilldown plugins are disabled,2025-12-15 10:48:36+00:00,2025-12-16 14:31:26+00:00,type/bug|area/plugins|type/regression|automated-triage,closed,https://github.com/grafana/grafana/issues/115320
115315,V2 : Issue with angular => react panel migrations,2025-12-15 10:17:02+00:00,2025-12-16 21:39:23+00:00,type/bug|prio/high|internal,closed,https://github.com/grafana/grafana/issues/115315
96582,Invalid User Agent Format for version 11.3.0+security-01,2024-11-15 19:36:27+00:00,2025-12-17 02:14:13+00:00,type/bug|stale|area/configuration|automated-triage,closed,https://github.com/grafana/grafana/issues/96582
96592,Incorrect Enum Format in OpenAPI Specification - Values Combined Into Single String,2024-11-16 02:21:48+00:00,2025-12-17 02:14:16+00:00,type/bug|area/backend/api|stale|automated-triage,closed,https://github.com/grafana/grafana/issues/96592
98169,Version 11.4.0 tagged but package.json shows version 11.3.1,2024-12-18 10:45:56+00:00,2025-12-17 09:33:34+00:00,type/bug|type/build-packaging|area/configuration|automated-triage,closed,https://github.com/grafana/grafana/issues/98169
115319,DD: Fix UI inconsistency between view mode and edit mode,2025-12-15 10:48:31+00:00,2025-12-17 16:44:35+00:00,type/bug|prio/low|internal,closed,https://github.com/grafana/grafana/issues/115319
96599,Leading Whitespace in Enum Values for `EmbeddedContactPoint` Type in the openapi3.json,2024-11-17 08:22:58+00:00,2025-12-18 02:14:42+00:00,type/bug|area/backend/api|stale|automated-triage,closed,https://github.com/grafana/grafana/issues/96599
115309,DD : can't select variable options from the controls menu,2025-12-15 08:50:17+00:00,2025-12-18 09:32:09+00:00,type/bug|internal|proj/dynamic-dashboards,closed,https://github.com/grafana/grafana/issues/115309
106058,Security scan finds known vulnerabilities in Grafana 12.0.0,2025-05-27 10:41:40+00:00,2025-12-18 10:26:35+00:00,type/bug|area/security|automated-triage,closed,https://github.com/grafana/grafana/issues/106058
114532,"Grafana container images ship with vulnerable BusyBox (CVE-2024-58251, CVE-2025-46394)",2025-11-27 10:28:28+00:00,2025-12-18 10:27:04+00:00,type/bug|area/security|automated-triage,closed,https://github.com/grafana/grafana/issues/114532
110596,Git Sync: sync not completed if error,2025-09-04 12:48:28+00:00,2025-12-18 12:05:01+00:00,type/bug|area/provisioning|automated-triage|area/gitsync,closed,https://github.com/grafana/grafana/issues/110596
108492,Git sync: Not being able to save dashboard  and submit pull request,2025-07-22 23:27:06+00:00,2025-12-18 12:05:17+00:00,type/bug|area/provisioning|automated-triage|area/gitsync,closed,https://github.com/grafana/grafana/issues/108492
105969,[K8S/Helm] Grafana/grafana-oss v12.01 - bug with job for sync git with dashboards,2025-05-23 17:59:20+00:00,2025-12-18 12:05:28+00:00,type/bug|area/provisioning|automated-triage|area/gitsync,closed,https://github.com/grafana/grafana/issues/105969
113723,Annotation query fails with Elasticsearch 9.x,2025-11-11 21:47:53+00:00,2025-12-18 14:38:18+00:00,type/bug|area/annotations|datasource/elasticsearch|team/grafana-dashboards|automated-triage,closed,https://github.com/grafana/grafana/issues/113723
115328,DD : Task bar Popover positioning for export seems a bit weird,2025-12-15 11:23:28+00:00,2025-12-18 14:59:28+00:00,type/bug|prio/low|internal|proj/dynamic-dashboards,closed,https://github.com/grafana/grafana/issues/115328
115298,CVEs in two Go dependencies,2025-12-14 11:32:59+00:00,2025-12-18 15:30:11+00:00,type/bug|area/security|type/build-packaging|automated-triage,closed,https://github.com/grafana/grafana/issues/115298
106645,"Cloudwatch: Regex filtering does not work for ""Accounts""",2025-06-12 15:46:38+00:00,2025-12-18 21:43:45+00:00,type/bug|datasource/cloudwatch|team/grafana-dashboards|automated-triage|area/dashboard/variable,closed,https://github.com/grafana/grafana/issues/106645
115405,V2 : Issue with variables referencing each other?,2025-12-16 11:00:51+00:00,2025-12-18 22:11:11+00:00,type/bug|internal|area/dashboard/schemas/v2,closed,https://github.com/grafana/grafana/issues/115405
115084,Dashboards: Dashboard links cannot be displayed in the controls menu,2025-12-10 12:48:52+00:00,2025-12-19 12:48:55+00:00,type/bug|area/dashboard|area/dashboard/links|no-backport|no-changelog|internal|team/grafana-dashboards|area/dashboard/scenes,closed,https://github.com/grafana/grafana/issues/115084
114530,Cannot duplicate alert rules in the latest version 12.3.0.1,2025-11-27 09:53:46+00:00,2025-12-19 15:11:33+00:00,type/bug|area/alerting|type/regression|automated-triage,closed,https://github.com/grafana/grafana/issues/114530
115621,Template variable: datasource as variable is interpolated in new editor,2025-12-19 13:25:52+00:00,2025-12-19 15:38:23+00:00,type/bug|internal,closed,https://github.com/grafana/grafana/issues/115621
76770,"Dashboards: Snapshot ""Open original dashboard"" button ignores subpath",2023-10-18 16:49:00+00:00,2025-12-20 02:11:45+00:00,type/bug|area/dashboard/snapshot|stale|triage/needs-confirmation|team/grafana-sharing,closed,https://github.com/grafana/grafana/issues/76770
96657,Alerting (API): Unable to update a mute timing name via grafana API,2024-11-19 09:37:31+00:00,2025-12-20 02:12:16+00:00,type/bug|area/backend/api|area/provisioning|stale|automated-triage,closed,https://github.com/grafana/grafana/issues/96657
96679,Dashboards: Null Entries are added when switching from Builder to Code mode,2024-11-19 13:57:00+00:00,2025-12-20 02:12:18+00:00,type/bug|area/editor|stale|area/dashboard/edit|automated-triage,closed,https://github.com/grafana/grafana/issues/96679
96733,"Datasource: database is locked and process crash ,maybe null pointer",2024-11-20 03:53:16+00:00,2025-12-21 02:15:48+00:00,type/bug|area/backend|stale|area/backend/db/sql|automated-triage,closed,https://github.com/grafana/grafana/issues/96733
96756,grafanaRuntime.getPanelData() returns error in v 11.3.x,2024-11-20 12:56:26+00:00,2025-12-21 02:15:51+00:00,type/bug|area/backend|stale|type/regression|automated-triage,closed,https://github.com/grafana/grafana/issues/96756
77449,mysql: TLS client-cert authentication without server-cert-verification does not work,2023-10-31 14:54:06+00:00,2025-12-22 02:15:29+00:00,type/bug|datasource/mysql|stale|internal,closed,https://github.com/grafana/grafana/issues/77449
96828,Product Area: Short description of bug,2024-11-21 11:32:55+00:00,2025-12-22 02:16:01+00:00,type/bug|area/backend/api|area/dashboard/folders|stale|automated-triage,closed,https://github.com/grafana/grafana/issues/96828
114255,Alerting: Nil pointer panic in ResetStateByRuleUID during alert rule evaluation after bulk updates,2025-11-20 17:13:39+00:00,2025-12-23 10:23:17+00:00,type/bug|area/alerting|area/backend|automated-triage,closed,https://github.com/grafana/grafana/issues/114255
68672,mixed datasources is not showing partial results,2023-05-18 07:54:33+00:00,2025-12-26 02:15:13+00:00,type/bug|area/dashboard|area/streaming|stale|needs research|internal|team/grafana-dashboards,closed,https://github.com/grafana/grafana/issues/68672
88944,Loki Datasource: Derived Field debug log message regexp works differently than Grafana Explore,2024-06-07 19:03:05+00:00,2025-12-26 02:15:37+00:00,type/bug|datasource/loki|stale|area/logs,closed,https://github.com/grafana/grafana/issues/88944
49621,Alerting: rule evaluation needs better retry semanatics,2022-05-25 14:38:21+00:00,2025-12-26 17:03:19+00:00,type/bug|area/alerting|prio/medium|effort/large|internal|postmortem,closed,https://github.com/grafana/grafana/issues/49621
78449,Derived fields: The derived fields are applied too early and too often,2023-11-21 10:37:47+00:00,2025-12-27 02:14:41+00:00,type/bug|datasource/loki|stale,closed,https://github.com/grafana/grafana/issues/78449
81800,Transformations: multiple `ConvertFieldType` transforms effected by editing entanglement,2024-02-02 14:30:17+00:00,2025-12-27 02:14:45+00:00,type/bug|area/frontend|stale|area/transformations|internal,closed,https://github.com/grafana/grafana/issues/81800
96950,Variable: select show incorrectly when variable is empty string,2024-11-22 23:13:46+00:00,2025-12-27 02:15:03+00:00,type/bug|stale|automated-triage|area/dashboard/variable,closed,https://github.com/grafana/grafana/issues/96950
72860,Geomap: Network layer text label improvements,2023-08-03 21:09:31+00:00,2025-12-28 02:15:54+00:00,stale|area/panel/geomap|internal|bug-bash,closed,https://github.com/grafana/grafana/issues/72860
95388,Email lookup doesn't work in Gitlb oauth provder in Grafana version 11.x,2024-10-25 09:49:49+00:00,2025-12-28 02:16:19+00:00,type/bug|area/auth/oauth|stale|type/regression|automated-triage,closed,https://github.com/grafana/grafana/issues/95388
97094,diffperc: unexpected sign when value changes signs,2024-11-27 10:21:31+00:00,2025-12-28 02:16:27+00:00,type/bug|stale|area/panel/stat|automated-triage,closed,https://github.com/grafana/grafana/issues/97094
115307,V2: Clicking a value in a Viz panel to populate an AdHoc filter no longer works,2025-12-15 08:30:08+00:00,2025-12-29 09:29:52+00:00,type/bug|internal|area/dashboard/schemas/v2,closed,https://github.com/grafana/grafana/issues/115307
115359,Prometheus: Bring metrics modal fallback metrics call when metadata returns no data,2025-12-15 15:22:49+00:00,2025-12-29 18:11:46+00:00,type/bug|datasource/prometheus|internal,closed,https://github.com/grafana/grafana/issues/115359
108033,[Splunk] Variables values disappear on the list,2025-07-11 15:26:04+00:00,2025-12-29 18:58:30+00:00,type/bug|prio/medium|area/datasource|datasource/splunk|internal|datasource/enterprise|origin/escalation,closed,https://github.com/grafana/grafana/issues/108033
115349,DD : Wrong display of Row config in Edit pane instead of panel config,2025-12-15 14:08:17+00:00,2025-12-30 19:27:39+00:00,type/bug|prio/low|internal|proj/dynamic-dashboards,closed,https://github.com/grafana/grafana/issues/115349
97200,Transformations: Add field from calculation > Window function inconsistent based on data spacing,2024-11-29 15:10:49+00:00,2026-01-01 02:16:19+00:00,type/bug|stale|area/transformations,closed,https://github.com/grafana/grafana/issues/97200
97218,Dashboards: Panel legends changed between 11.2.4 and 11.3.x,2024-11-30 10:03:04+00:00,2026-01-01 02:16:21+00:00,type/bug|stale|type/regression|area/legend|area/dashboards/panel|automated-triage,closed,https://github.com/grafana/grafana/issues/97218
97287,Errors related to invalid JMESPATH are suppressed in OAUTH,2024-12-02 17:03:46+00:00,2026-01-02 02:16:06+00:00,type/bug|area/auth/oauth|stale|automated-triage,closed,https://github.com/grafana/grafana/issues/97287
114838,Lazy Loading: Fix lazy loading on repeating panels,2025-12-04 12:53:36+00:00,2026-01-02 07:15:42+00:00,type/bug|prio/medium|type/performance|internal,closed,https://github.com/grafana/grafana/issues/114838
113332,[Synthetic Monitoring] Grafana Cloud synthetic checks don’t reflect changes unless ID changes,2025-11-02 16:44:19+00:00,2026-01-03 19:48:19+00:00,type/bug|area/provisioning|automated-triage,closed,https://github.com/grafana/grafana/issues/113332
97322,"Dasbhoard: Custom Variable, Cant have blank value",2024-12-03 07:50:38+00:00,2026-01-04 02:16:23+00:00,type/bug|stale|automated-triage|area/dashboard/variable,closed,https://github.com/grafana/grafana/issues/97322
97352,Dashboards: Setting default Thresholds options for panel plugin with useFieldConfig has no effect,2024-12-03 13:39:44+00:00,2026-01-04 02:16:25+00:00,type/bug|area/panel/gauge|stale|team/grafana-dashboards|area/dashboards/panel|automated-triage,closed,https://github.com/grafana/grafana/issues/97352
97393,Explore: Query History shown for anonymous users,2024-12-04 11:56:35+00:00,2026-01-04 02:16:31+00:00,type/bug|area/explore|stale,closed,https://github.com/grafana/grafana/issues/97393
97494,Histogram: Not displaying for datasets with large values,2024-12-05 17:14:01+00:00,2026-01-05 02:16:28+00:00,type/bug|stale|area/panel/histogram,closed,https://github.com/grafana/grafana/issues/97494
97496,Invalid OpenAPI v3 spec for deleteFolderResponse and postDashboardResponse,2024-12-05 17:27:22+00:00,2026-01-05 02:16:29+00:00,type/bug|area/backend/api|stale|automated-triage,closed,https://github.com/grafana/grafana/issues/97496
114576,Theme preferences dropdown updates before UI content when changing theme,2025-11-28 10:37:30+00:00,2026-01-05 10:24:42+00:00,type/bug|type/performance|area/navigation|bot/no new info|area/frontend/library-panels|automated-triage,closed,https://github.com/grafana/grafana/issues/114576
96065,Tooltip: Command/CTRL-key commands dismiss tooltip,2024-11-07 21:28:52+00:00,2026-01-05 14:56:23+00:00,type/bug|area/tooltip,closed,https://github.com/grafana/grafana/issues/96065
66238,Grafana external Alertmanager datasource Skip TLS Verify or CA Cert options not working,2023-04-11 07:50:31+00:00,2026-01-05 16:19:31+00:00,type/bug|area/alerting,closed,https://github.com/grafana/grafana/issues/66238
111525,Provisioning: Dashboard not editable despite setting allowUiUpdates since 12.2.0 (still in 12.3.1),2025-09-24 06:10:25+00:00,2026-01-05 17:46:15+00:00,type/bug|area/provisioning|type/regression|team/grafana-dashboards|area/dashboard/edit|automated-triage,closed,https://github.com/grafana/grafana/issues/111525
109320,Dashboards: Weird filter selector behaviour,2025-08-07 07:42:01+00:00,2026-01-05 20:02:46+00:00,type/bug|needs investigation|area/grafana/ui|internal|team/grafana-dashboards,closed,https://github.com/grafana/grafana/issues/109320
114531,Dashboard panel query editor (Loki): Label selectors only show variables after first filter,2025-11-27 10:11:51+00:00,2026-01-06 10:29:54+00:00,type/bug|help wanted|datasource/loki|good first issue|internal|needs refinement|origin/escalation,closed,https://github.com/grafana/grafana/issues/114531
114325,TraceQL metrics streaming breaks with multiple queries,2025-11-21 20:02:10+00:00,2026-01-06 12:47:54+00:00,type/bug|area/explore|area/tracing|datasource/tempo|internal,closed,https://github.com/grafana/grafana/issues/114325
115416,Provisioning: Watch file change don't work with docker volume,2025-12-16 13:47:06+00:00,2026-01-06 16:54:13+00:00,type/bug|area/backend|area/provisioning|area/configuration|type/regression|automated-triage,closed,https://github.com/grafana/grafana/issues/115416
97533,Opposite Behaviors when Deleting or Creating an Alert Rule,2024-12-06 06:16:55+00:00,2026-01-07 02:15:51+00:00,type/bug|area/alerting|area/frontend|stale|automated-triage,closed,https://github.com/grafana/grafana/issues/97533
114943,Dashboards: Scale factor removed from grafana-image-renderer but still present in the Grafana UI,2025-12-06 10:50:41+00:00,2026-01-07 08:48:25+00:00,type/bug|area/image-rendering|team/grafana-dashboards|automated-triage|area/dashboard/settings,closed,https://github.com/grafana/grafana/issues/114943
114671,Explore: searching Tempo traces/spans by filtering by span attribute that has a multi line value raises an error due to unescaped break-line character (`\n`),2025-12-01 20:05:18+00:00,2026-01-07 12:31:30+00:00,type/bug|area/explore|datasource/tempo|automated-triage,closed,https://github.com/grafana/grafana/issues/114671
115542,Alerting: createdBy field keeps the original creator when silence is Recreated,2025-12-18 11:42:25+00:00,2026-01-07 16:05:55+00:00,type/bug|area/alerting|datasource/alertmanager|automated-triage,closed,https://github.com/grafana/grafana/issues/115542
114346,Panels with timeshift do not display visualisations when refresh live dashboards enabled,2025-11-24 09:47:30+00:00,2026-01-07 19:24:22+00:00,type/bug|area/dashboard|prio/customer-support|area/scenes|internal|team/grafana-dashboards|area/dashboard/scenes,closed,https://github.com/grafana/grafana/issues/114346
85292,Grafana annotations API records cancelled requests as returning 500 responses,2024-03-27 15:52:55+00:00,2026-01-08 02:15:47+00:00,type/bug|area/annotations|stale|area/http-server|internal,closed,https://github.com/grafana/grafana/issues/85292
115436,V2 : Export v2 dashboard from v1 dashboard loses rows because it uses the wrong serializer,2025-12-16 17:37:23+00:00,2026-01-08 15:12:03+00:00,type/bug|internal|area/dashboard/schemas/v2|proj/dynamic-dashboards,closed,https://github.com/grafana/grafana/issues/115436
92231,Dashboards: `$__timeFrom()` and `$__timeTo` return >= and <= signs,2024-08-21 16:02:08+00:00,2026-01-09 02:15:45+00:00,type/bug|area/dashboard|stale|automated-triage,closed,https://github.com/grafana/grafana/issues/92231
112189,Ad hoc filters: no field autocompletion,2025-10-09 00:18:42+00:00,2026-01-09 04:28:32+00:00,type/bug|team/grafana-dashboards|automated-triage|area/dashboard/settings,closed,https://github.com/grafana/grafana/issues/112189
115080,Preferences API returns stored timezone string even when UI falls back to “Default” (inconsistent with docs),2025-12-10 11:41:25+00:00,2026-01-09 10:57:17+00:00,type/bug|area/admin/user|area/backend/api|automated-triage,closed,https://github.com/grafana/grafana/issues/115080
110848,Json: Internal Server Error 500 when a tags has 50+ chars,2025-09-09 22:32:50+00:00,2026-01-09 10:57:41+00:00,type/bug|area/backend/api|automated-triage,closed,https://github.com/grafana/grafana/issues/110848
113171,Swagger endpoint is not valid for GET /library-elements,2025-10-29 14:07:52+00:00,2026-01-09 11:24:19+00:00,type/bug|type/docs|area/backend/api|automated-triage,closed,https://github.com/grafana/grafana/issues/113171
112186,New dashboards API: Labels and annotations behavior unclear,2025-10-08 20:51:42+00:00,2026-01-09 21:53:58+00:00,type/bug|area/backend/api|area/backend|automated-triage|area/dashboard/annotations,closed,https://github.com/grafana/grafana/issues/112186
97614,Product Area: Short description of bug,2024-12-09 03:03:26+00:00,2026-01-10 02:15:23+00:00,type/bug|area/panel/bargauge|stale|type/regression|automated-triage,closed,https://github.com/grafana/grafana/issues/97614
94049,Grafana explore - Tempo table of traces incorrectly rendering links,2024-10-01 09:01:42+00:00,2026-01-12 02:16:03+00:00,type/bug|area/explore|stale|datasource/tempo|type/regression|automated-triage,closed,https://github.com/grafana/grafana/issues/94049
97760,Migration: Failed to migrate to 11.x due to postgresql limitation,2024-12-10 17:22:52+00:00,2026-01-12 02:16:12+00:00,type/bug|area/backend/db/postgres|stale|area/backend/db/migration|automated-triage,closed,https://github.com/grafana/grafana/issues/97760
97826,Git: Version mismatch between Git tag and source files contents,2024-12-12 10:08:45+00:00,2026-01-12 02:16:14+00:00,type/bug|area/backend|stale|automated-triage,closed,https://github.com/grafana/grafana/issues/97826
97858,"Share button: When entering Edit mode, Share button is not available anymore",2024-12-12 14:37:03+00:00,2026-01-12 02:16:17+00:00,type/bug|stale|team/grafana-dashboards|area/dashboard/edit|automated-triage,closed,https://github.com/grafana/grafana/issues/97858
114638,v1 -> v2 conversion: Incorrect migration of data source,2025-12-01 13:07:12+00:00,2026-01-12 23:13:27+00:00,type/bug|internal,closed,https://github.com/grafana/grafana/issues/114638
98822,Grafana Live: 401 Unauthorized responses to /api/live/ws,2025-01-10 15:16:20+00:00,2026-01-13 08:46:08+00:00,type/bug|area/backend/api|area/auth/oauth|automated-triage,closed,https://github.com/grafana/grafana/issues/98822
97731,Grafana managed alerts not working  as expected,2024-12-10 12:09:32+00:00,2026-01-14 02:16:22+00:00,type/bug|area/alerting|stale|automated-triage,closed,https://github.com/grafana/grafana/issues/97731
97864,Annotations are not rendered,2024-12-12 15:50:57+00:00,2026-01-15 02:15:53+00:00,type/bug|area/annotations|stale|type/regression|automated-triage|area/dashboard/annotations,closed,https://github.com/grafana/grafana/issues/97864
114213,`/apis` issue with `root_url` [12.3.0],2025-11-20 07:46:59+00:00,2026-01-15 11:23:16+00:00,type/bug|area/backend/api|area/configuration|type/regression|automated-triage,closed,https://github.com/grafana/grafana/issues/114213
114387,Alerting: Cannot use an external alertmanager added as datasource,2025-11-25 09:32:29+00:00,2026-01-15 17:01:33+00:00,type/bug|area/alerting|datasource/alertmanager|automated-triage,closed,https://github.com/grafana/grafana/issues/114387
97994,Table: “Filter For Vaule” not work while filed “Standard options” in specify types.,2024-12-16 02:59:47+00:00,2026-01-16 02:15:56+00:00,type/bug|area/panel/table|stale|area/field/overrides|automated-triage,closed,https://github.com/grafana/grafana/issues/97994
97996,"DB Connection Issue: ""Invalid DSN"" Error During Migration from Grafana 10.4.1 to 11.3.1 or 11.4.0",2024-12-16 07:14:59+00:00,2026-01-16 02:15:57+00:00,type/bug|area/backend/db|area/backend/db/mysql|stale|area/backend/db/migration|automated-triage,closed,https://github.com/grafana/grafana/issues/97996
98000,"Product Area: Histograms graphs showing different y scale for the repeating panels, it should be same scale for all the repeated panels",2024-12-16 07:55:50+00:00,2026-01-16 02:15:59+00:00,type/bug|stale|area/panel/histogram|automated-triage|area/panel/repeat,closed,https://github.com/grafana/grafana/issues/98000
98032,Dashboard: Scene dashboard does not return options for data source type variable,2024-12-16 13:12:26+00:00,2026-01-16 02:16:00+00:00,type/bug|stale|automated-triage|area/dashboard/variable|area/dashboard/scenes,closed,https://github.com/grafana/grafana/issues/98032
64692,Error type for locked database points to datasource as the problem,2023-03-13 14:55:11+00:00,2026-01-17 02:14:33+00:00,type/bug|area/backend/config|area/alerting|area/backend/db/sqlite|stale,closed,https://github.com/grafana/grafana/issues/64692
69512,Alerting: Alert rules whose folder does not exist are effectively invisible in the Provisioning group API,2023-06-03 00:36:38+00:00,2026-01-17 02:14:34+00:00,type/bug|area/alerting|stale|internal,closed,https://github.com/grafana/grafana/issues/69512
96378,Missing version bump in tag v10.4.12 and v11.3.1,2024-11-13 10:58:48+00:00,2026-01-18 02:16:26+00:00,type/bug|area/admin/user|stale|automated-triage,closed,https://github.com/grafana/grafana/issues/96378
98137,Geomap: GeoJSON Multipolygon Features Cannot Style,2024-12-17 19:00:15+00:00,2026-01-18 02:16:37+00:00,type/bug|stale|area/panel/geomap|automated-triage,closed,https://github.com/grafana/grafana/issues/98137
98180,in the file openapi3.json OpenAPI schema named ExplorePanelsState it is incomplete and not valid,2024-12-18 12:09:57+00:00,2026-01-18 02:16:39+00:00,type/bug|area/backend/api|stale|automated-triage,closed,https://github.com/grafana/grafana/issues/98180
105247,Image rendering in docker-compose not working - no option in gui,2025-05-12 10:32:37+00:00,2026-01-18 16:08:06+00:00,type/bug|area/image-rendering|area/configuration|automated-triage,closed,https://github.com/grafana/grafana/issues/105247
98222,"Dashboards: Skipping rendering leads to stale data on panels with ""-- Dashboard --"" datasource",2024-12-18 20:00:14+00:00,2026-01-19 02:16:19+00:00,type/bug|area/dashboard/data-links|stale|team/grafana-dashboards|automated-triage|area/dashboard/scenes,closed,https://github.com/grafana/grafana/issues/98222
115081,Dashboards: Switch variable sidebar layout,2025-12-10 12:39:11+00:00,2026-01-19 10:26:39+00:00,type/bug|area/dashboard|no-backport|no-changelog|internal|team/grafana-dashboards|area/dashboard/variable|area/dashboard/scenes,closed,https://github.com/grafana/grafana/issues/115081
98305,Dashboards: Variables: using multiple values results in no response with variables with dependencies,2024-12-20 09:34:23+00:00,2026-01-21 02:16:41+00:00,type/bug|stale|automated-triage|area/dashboard/variable,closed,https://github.com/grafana/grafana/issues/98305
98327,skip_org_role_sync not working with LDAP login,2024-12-20 15:42:10+00:00,2026-01-21 02:16:43+00:00,type/bug|area/auth/ldap|stale|automated-triage,closed,https://github.com/grafana/grafana/issues/98327
98341,Erratic rendering of Time Series with different Property Overlays,2024-12-21 12:15:02+00:00,2026-01-21 02:16:45+00:00,type/bug|stale|area/field/overrides|area/panel/timeseries|team/grafana-dashboards|automated-triage,closed,https://github.com/grafana/grafana/issues/98341
96235,Alerting: Can't select new template to a contact point,2024-11-11 15:58:51+00:00,2026-01-22 02:16:17+00:00,type/bug|area/alerting|stale|automated-triage,closed,https://github.com/grafana/grafana/issues/96235
102900,Dashboards: Direct link for rendered image missing in the Scene-based Share > Panel Preview,2025-03-26 15:14:43+00:00,2026-01-22 11:33:57+00:00,type/bug|area/image-rendering|type/regression|area/dashboards/panel|automated-triage|area/dashboard/scenes,closed,https://github.com/grafana/grafana/issues/102900
114967,Loki: highlighting break the page,2025-12-08 14:42:51+00:00,2026-01-22 16:38:22+00:00,type/bug|area/explore|datasource/loki|automated-triage,closed,https://github.com/grafana/grafana/issues/114967
106250,Grafana version: 11.3.1 able - CSV export to Excel encoding Unicode issue,2025-06-01 11:41:03+00:00,2026-01-22 19:20:22+00:00,type/bug|area/data/export|team/grafana-dashboards|automated-triage,closed,https://github.com/grafana/grafana/issues/106250
91853,Timepicker: Recently used intervals not populating,2024-08-13 17:38:45+00:00,2026-01-22 21:48:15+00:00,type/bug|area/dashboard/timerange|team/grafana-dashboards,closed,https://github.com/grafana/grafana/issues/91853
97223,"edit panel -> save , effects prior panels (incorrectly edits other panels)",2024-12-01 19:09:41+00:00,2026-01-22 22:26:22+00:00,type/bug|stale|team/grafana-dashboards|area/dashboard/edit|automated-triage,closed,https://github.com/grafana/grafana/issues/97223
99250,fieldOverrides: Custom display function gets overwritten,2025-01-20 11:58:07+00:00,2026-01-22 22:29:21+00:00,type/bug|stale|area/field/overrides|team/grafana-dashboards|automated-triage,closed,https://github.com/grafana/grafana/issues/99250
106695,"Dashboards: version ""v2alpha1"" cannot be handled as a Dashboard - Json unmarshal string error",2025-06-13 07:55:44+00:00,2026-01-22 22:37:49+00:00,type/bug|area/dashboard/import|team/grafana-dashboards|automated-triage|area/dashboard/scenes,closed,https://github.com/grafana/grafana/issues/106695
95763,Dashboards: CSV Export - Excel encoding bug,2024-11-03 10:36:30+00:00,2026-01-22 22:39:43+00:00,type/bug|area/data/export|team/grafana-dashboards|automated-triage,closed,https://github.com/grafana/grafana/issues/95763
113988,Dashboards: V2Beta1 Resource layout not compatible with rows,2025-11-15 05:34:08+00:00,2026-01-22 22:45:22+00:00,type/bug|area/dashboard/import|area/dashboard/rows|team/grafana-dashboards|automated-triage,closed,https://github.com/grafana/grafana/issues/113988
113051,Jaeger datasource TraceID query type not resolving dashboard variables,2025-10-27 17:27:43+00:00,2026-01-23 12:45:48+00:00,type/bug|datasource/jaeger|type/regression|automated-triage|area/dashboard/variable,closed,https://github.com/grafana/grafana/issues/113051
114606,Metrics Drilldown: label breakdown doesn't support utf8 characters,2025-11-29 14:08:11+00:00,2026-01-23 17:33:26+00:00,type/bug|datasource/prometheus|automated-triage|area/metricsdrilldown,closed,https://github.com/grafana/grafana/issues/114606
106381,Dashboards: auto-provisioning of v2 schema dashboards does not work in Grafana v12.0.1,2025-06-05 16:15:10+00:00,2026-01-25 21:48:20+00:00,type/bug|area/provisioning|team/grafana-dashboards|area/backend/app-platform|automated-triage,closed,https://github.com/grafana/grafana/issues/106381
108105,Dashboard versioning broken after saving with dynamic dashboards feature,2025-07-15 08:52:05+00:00,2026-01-25 21:56:11+00:00,type/bug|team/grafana-dashboards|automated-triage|area/dashboard/settings,closed,https://github.com/grafana/grafana/issues/108105
106130,Dashboards: Issue with version history of dashboard after upgrading to v12,2025-05-28 09:38:45+00:00,2026-01-25 21:57:44+00:00,type/bug|area/backend/db/migration|type/regression|team/grafana-dashboards|automated-triage|area/dashboard/settings,closed,https://github.com/grafana/grafana/issues/106130
114512,"Explore: LogQL Query Builder uses backticks for structured metadata label filters, causing queries to fail",2025-11-26 18:33:23+00:00,2026-01-26 08:21:28+00:00,type/bug|area/explore|datasource/loki|automated-triage,closed,https://github.com/grafana/grafana/issues/114512
114045,Bug: Variable interpolation when variable has select option as multi value or include all,2025-11-17 18:38:44+00:00,2026-01-26 14:56:39+00:00,type/bug|internal,closed,https://github.com/grafana/grafana/issues/114045
107802,Datasource: Prometheus provisioning via datasources.yaml throws 401 but works when using UI,2025-07-08 19:23:39+00:00,2026-01-27 11:50:01+00:00,type/bug|datasource/prometheus|automated-triage,closed,https://github.com/grafana/grafana/issues/107802
115259,Hard-coded secret with high potential to make it into production systems,2025-12-12 16:42:35+00:00,2026-01-27 12:01:22+00:00,type/bug|area/security|area/configuration|automated-triage,closed,https://github.com/grafana/grafana/issues/115259
114971,Alerting : SMTP error on default contactPoint even after startup provisioning of a default policy not using this SMTP contact point,2025-12-08 15:53:55+00:00,2026-01-27 13:32:59+00:00,type/bug|area/alerting|area/provisioning|automated-triage,closed,https://github.com/grafana/grafana/issues/114971
108744,Dashboards: Cannot edit/add postgresql queries,2025-07-27 19:08:17+00:00,2026-01-27 15:24:10+00:00,type/bug|datasource/postgres|type/regression|team/grafana-dashboards|area/dashboard/edit|automated-triage,closed,https://github.com/grafana/grafana/issues/108744
114457,"Table > Nested Table: Override and Download PDF, CSV, XLX Defects / Bugs",2025-11-26 01:28:33+00:00,2026-01-27 15:32:38+00:00,type/bug|area/panel/table|area/field/overrides|area/data/export|team/grafana-dashboards|automated-triage,closed,https://github.com/grafana/grafana/issues/114457
98386,Dashboard: Scene dashboard does not call RefreshEvent after change variable with `interval` type,2024-12-27 12:57:57+00:00,2026-01-28 02:16:51+00:00,type/bug|stale|automated-triage|area/dashboard/variable|area/dashboard/scenes,closed,https://github.com/grafana/grafana/issues/98386
112874,"Geomap blurry , also markers and label on map",2025-10-23 13:54:38+00:00,2026-01-28 11:34:58+00:00,type/bug|area/image-rendering|type/browser-compatibility|area/panel/geomap|automated-triage,closed,https://github.com/grafana/grafana/issues/112874
105817,Variables: Using timestamp in lucene query.,2025-05-22 09:37:34+00:00,2026-01-28 22:41:42+00:00,type/bug|area/dashboard/templating|datasource/elasticsearch|automated-triage,closed,https://github.com/grafana/grafana/issues/105817
100716,Product Area: Created Silence policies are intermittently visible in the UI and Alerts are getting delivered despite presence of silence policy.,2025-02-14 11:12:41+00:00,2026-01-29 16:33:59+00:00,type/bug|area/alerting|automated-triage,closed,https://github.com/grafana/grafana/issues/100716
97983,Dashboard: crash entering data into search field,2024-12-13 22:02:33+00:00,2026-01-30 02:17:55+00:00,type/bug|stale|automated-triage|area/dashboard/variable,closed,https://github.com/grafana/grafana/issues/97983
104508,CloudWatch query editor “Label” input / Metric Search Input field collapses to small pixel,2025-04-25 02:34:50+00:00,2026-01-30 12:10:44+00:00,type/bug|datasource/cloudwatch|type/browser-compatibility|team/grafana-dashboards|area/dashboard/edit|automated-triage,closed,https://github.com/grafana/grafana/issues/104508
114884,Dashboard Time Range: Copying/Pasting Time ranges do not work,2025-12-04 22:56:42+00:00,2026-01-30 17:19:49+00:00,type/bug|area/dashboard/timerange|team/grafana-dashboards|automated-triage,closed,https://github.com/grafana/grafana/issues/114884
98432,Dashboards: migrated panel can not be resized,2025-01-01 23:22:17+00:00,2026-02-01 02:18:20+00:00,type/bug|stale|type/regression|automated-triage|area/panel/repeat,closed,https://github.com/grafana/grafana/issues/98432
98440,Grafana Bug: SQL Query Not Capturing the Correct Date Range,2025-01-02 10:50:12+00:00,2026-02-02 02:17:59+00:00,type/bug|area/dashboard/timerange|stale|area/backend/db/sql|area/panel/timeseries|automated-triage,closed,https://github.com/grafana/grafana/issues/98440
98454,Dashboards: Transformation `Config from query results` is not composable with `Merge series/tables` and `Group By` in tables,2025-01-02 16:29:28+00:00,2026-02-02 02:18:01+00:00,type/bug|datasource/prometheus|area/panel/table|stale|area/transformations|automated-triage,closed,https://github.com/grafana/grafana/issues/98454
113508,Alerting: Unable to import alert rules from Grafana 10 to 12.,2025-11-06 11:27:50+00:00,2026-02-02 06:34:02+00:00,type/bug|area/alerting|area/backend/api|automated-triage,closed,https://github.com/grafana/grafana/issues/113508
114930,New Relic: NRQL variable expansion usage with expressions do not work,2025-12-05 18:52:59+00:00,2026-02-02 16:41:40+00:00,type/bug|prio/medium|area/datasource|internal|datasource/newrelic|datasource/enterprise|origin/escalation,closed,https://github.com/grafana/grafana/issues/114930
98909,Embedded metrics explorer drawer will take you out of the dashboard completely when the back button is pressed,2025-01-13 21:06:40+00:00,2026-02-02 20:41:51+00:00,type/bug|stale,closed,https://github.com/grafana/grafana/issues/98909
96908,"Explore Metrics: On smaller laptops, the sticky metric graph is too big",2024-11-22 11:25:03+00:00,2026-02-02 20:50:58+00:00,type/bug|stale,closed,https://github.com/grafana/grafana/issues/96908
94568,Annotations: no annotations shown if a datasource variable is used as a tag,2024-10-10 16:53:53+00:00,2026-02-03 02:17:44+00:00,type/bug|area/annotations|datasource/prometheus|stale|type/regression|team/grafana-dashboards|automated-triage|area/dashboard/annotations,closed,https://github.com/grafana/grafana/issues/94568
97663,OAuth login fails unless the user is in a Keycloak group containing a required legacy role,2024-12-09 15:19:00+00:00,2026-02-03 02:17:54+00:00,type/bug|area/auth|area/auth/oauth|stale|automated-triage,closed,https://github.com/grafana/grafana/issues/97663
98103,xy-plots do not work with combined data sources,2024-12-17 13:30:54+00:00,2026-02-03 02:17:56+00:00,type/bug|stale|area/transformations|area/panel/xychart|automated-triage|area/dashboard/annotations,closed,https://github.com/grafana/grafana/issues/98103
98233,XYChart: color property not working as alpha function does not handle float correctly,2024-12-19 09:28:23+00:00,2026-02-03 02:17:58+00:00,type/bug|area/backend|stale|area/panel/edit|area/panel/xychart|automated-triage,closed,https://github.com/grafana/grafana/issues/98233
93231,Bug in SingleStat Panel - Incorrect Display of Value Range,2024-09-11 14:12:24+00:00,2026-02-03 11:53:32+00:00,type/bug|area/panel/singlestat|datasource/prometheus|stale|type/regression|automated-triage,closed,https://github.com/grafana/grafana/issues/93231
112249,dashboardNewLayouts: allowCustomValue set to true by itself.,2025-10-09 22:57:05+00:00,2026-02-03 14:22:53+00:00,type/bug|team/grafana-dashboards|automated-triage|area/dashboard/settings|area/dashboard/variable|area/dashboard/schemas/v2|proj/dynamic-dashboards,closed,https://github.com/grafana/grafana/issues/112249
114727,Azure Monitor Data Source not working anymore after Upgrade to 12.3,2025-12-02 19:24:09+00:00,2026-02-03 22:08:36+00:00,type/bug|area/backend|datasource/azure|type/regression|automated-triage,closed,https://github.com/grafana/grafana/issues/114727
113531,Table panel / dashboards: Using ad-hoc filter in table uses Display Name instead of field_name,2025-11-06 16:03:00+00:00,2026-02-04 12:09:24+00:00,type/bug|area/panel/table|area/field/overrides|type/regression|team/grafana-dashboards|automated-triage,closed,https://github.com/grafana/grafana/issues/113531
114287,MSSQL: Explore window gives An unexpected error happened,2025-11-21 09:55:10+00:00,2026-02-04 16:35:42+00:00,type/bug|datasource/mssql|area/explore|type/regression|automated-triage,closed,https://github.com/grafana/grafana/issues/114287
113435,Filter control present at the column headers is not accessible using keyboard in windows.,2025-11-05 09:32:25+00:00,2026-02-05 13:50:50+00:00,type/bug|area/panel/table|type/accessibility|automated-triage,closed,https://github.com/grafana/grafana/issues/113435
96649,Transformations: Join by labels clears 'config' property from previous transformation(s),2024-11-18 23:56:16+00:00,2026-02-06 02:18:03+00:00,type/bug|area/panel/table|stale|area/transformations|automated-triage,closed,https://github.com/grafana/grafana/issues/96649
98517,Grafana-Utils Application going into crashloop after upgrading from spring 5.3.39 to 6.1.14 version.,2025-01-06 10:37:08+00:00,2026-02-06 02:18:18+00:00,type/bug|area/security|area/backend|stale|type/regression|automated-triage,closed,https://github.com/grafana/grafana/issues/98517
98542,Dashboards: template variables containing commas break downstream variables that depend on them,2025-01-06 18:09:06+00:00,2026-02-06 02:18:19+00:00,type/bug|area/dashboard/templating|stale|automated-triage|area/dashboard/variable,closed,https://github.com/grafana/grafana/issues/98542
107935,Bug: Prometheus query builder doesn't preserve the order of the operations,2025-07-09 23:33:46+00:00,2026-02-06 20:19:33+00:00,type/bug|prio/low|datasource/prometheus|internal,closed,https://github.com/grafana/grafana/issues/107935
94510,Explore Metrics: Label + Time Range Issue,2024-10-09 20:28:28+00:00,2026-02-07 02:17:17+00:00,type/bug|stale|area/exploremetrics,closed,https://github.com/grafana/grafana/issues/94510
98503,Security scan finds known vulnerabilities in Grafana 11.4.0,2025-01-05 15:15:39+00:00,2026-02-08 02:18:46+00:00,type/bug|area/security|stale|automated-triage,closed,https://github.com/grafana/grafana/issues/98503
98709,Unable to create more than 4 filled threshold regions,2025-01-08 23:40:50+00:00,2026-02-08 02:18:56+00:00,type/bug|stale|area/panel/timeseries|automated-triage,closed,https://github.com/grafana/grafana/issues/98709
80850,Stat: Percent change layout glitch,2024-01-19 02:28:05+00:00,2026-02-09 02:17:49+00:00,type/bug|stale|area/panel/stat|internal,closed,https://github.com/grafana/grafana/issues/80850
95903,State Timeline: Incorrect Duration calculation in Tooltip and inappropriate representation of Job flow,2024-11-05 17:43:44+00:00,2026-02-09 02:18:13+00:00,type/bug|stale|area/panel/state-timeline|area/tooltip|automated-triage,closed,https://github.com/grafana/grafana/issues/95903
98711,"Customize variable: value can't be ""true,false"". A null value will be added as a choice after pressing ""V"" in dashboard",2025-01-09 04:11:07+00:00,2026-02-09 02:18:24+00:00,type/bug|stale|automated-triage|area/dashboard/variable,closed,https://github.com/grafana/grafana/issues/98711
97059,Dashboards: inconsistent placement of the links dropdown,2024-11-26 15:50:48+00:00,2026-02-09 08:45:36+00:00,type/bug|area/dashboard|stale|internal,closed,https://github.com/grafana/grafana/issues/97059
113692,Alerting: repeat_interval not overrided by child policy,2025-11-11 08:08:35+00:00,2026-02-09 22:51:32+00:00,type/bug|area/alerting|automated-triage,closed,https://github.com/grafana/grafana/issues/113692
79475,ElasticSearch: Filtered query remove labels when a filter have no results,2023-12-13 16:42:14+00:00,2026-02-10 02:17:55+00:00,type/bug|datasource/elasticsearch|stale,closed,https://github.com/grafana/grafana/issues/79475
94620,Snapshot: Unable to click and highlight a single data metric to isolate and analyze,2024-10-11 13:35:18+00:00,2026-02-10 02:18:15+00:00,type/bug|area/dashboard/snapshot|stale|type/regression|automated-triage,closed,https://github.com/grafana/grafana/issues/94620
98787,Product Area: Prometheus-Query Dashboard-Variables are not getting updated to last value of current time rage,2025-01-10 09:41:24+00:00,2026-02-10 02:18:25+00:00,type/bug|datasource/prometheus|stale|type/regression|automated-triage|area/dashboard/variable,closed,https://github.com/grafana/grafana/issues/98787
98790,Grafana Agent Fails to Send Logs and Metrics After Migrating from IPv4 to IPv6,2025-01-10 10:06:47+00:00,2026-02-10 02:18:27+00:00,type/bug|datasource/prometheus|area/backend|datasource/loki|stale|automated-triage,closed,https://github.com/grafana/grafana/issues/98790
98811,Tempo - Open trace links don't apply same time range,2025-01-10 13:29:43+00:00,2026-02-10 02:18:28+00:00,type/bug|stale|datasource/tempo,closed,https://github.com/grafana/grafana/issues/98811
115552,"When querying the most recent 30 minutes of data in Tempo, the Grafana query button gets stuck",2025-12-15 10:23:03+00:00,2026-02-10 15:20:58+00:00,type/bug|area/explore|area/tracing|datasource/tempo,closed,https://github.com/grafana/grafana/issues/115552
115626,DD : Fix Sharing flow ,2025-12-19 14:07:33+00:00,2026-02-12 10:09:15+00:00,type/bug|internal|proj/dynamic-dashboards,closed,https://github.com/grafana/grafana/issues/115626
108248,InfluxQL query fails after updating to 12.0.2,2025-07-17 14:51:04+00:00,2026-02-12 16:09:35+00:00,type/bug|datasource/influxdb|type/regression|team/grafana-dashboards|area/dashboards/panel|automated-triage,closed,https://github.com/grafana/grafana/issues/108248
96915,Ad-Hoc Filters: Existing filters with same key are overwritten instead of added as additional filters,2024-11-22 12:52:06+00:00,2026-02-13 02:18:04+00:00,type/bug|area/dashboard/templating|stale|type/regression|team/grafana-dashboards|automated-triage|area/dashboard/variable,closed,https://github.com/grafana/grafana/issues/96915
113153,Elastic Datasource: Log level not working properly,2025-10-29 09:46:37+00:00,2026-02-13 15:41:07+00:00,type/bug|datasource/elasticsearch|area/explore|area/panel/logs|automated-triage,closed,https://github.com/grafana/grafana/issues/113153
98864,Auth: Add minimum value requirement for auth token rotate interval,2025-01-13 10:11:14+00:00,2026-02-14 02:17:50+00:00,type/bug|area/auth|stale|automated-triage,closed,https://github.com/grafana/grafana/issues/98864
109161,Container: latest tag on docker hub is an unreleased version of grafana,2025-08-04 23:44:57+00:00,2026-02-14 14:54:09+00:00,type/bug|area/configuration|automated-triage,closed,https://github.com/grafana/grafana/issues/109161
113043,12.2.1 Not tagged as latest release,2025-10-27 13:53:48+00:00,2026-02-14 14:55:15+00:00,type/bug|area/admin/user|automated-triage,closed,https://github.com/grafana/grafana/issues/113043
94948,Alert Rule with datasource as string broken in V11.2.2,2024-10-18 10:20:40+00:00,2026-02-15 02:17:47+00:00,type/bug|area/alerting|area/frontend|stale|type/regression|automated-triage,closed,https://github.com/grafana/grafana/issues/94948
97977,URL variables no longer passed to the query,2024-12-13 18:56:31+00:00,2026-02-15 02:17:59+00:00,type/bug|stale|automated-triage|area/dashboard/variable,closed,https://github.com/grafana/grafana/issues/97977
99013,Bar Chart dashboard breaks with TypeError The provided double value is non-finite,2025-01-15 12:53:05+00:00,2026-02-16 02:18:19+00:00,type/bug|stale|area/panel/barchart|area/legend|automated-triage,closed,https://github.com/grafana/grafana/issues/99013
99047,command+click to select single value in multi-select dashboard variable,2025-01-16 00:22:14+00:00,2026-02-16 02:18:23+00:00,type/bug|stale|type/regression|automated-triage|area/dashboard/variable,closed,https://github.com/grafana/grafana/issues/99047
69453,@grafana/ui#Pagination: Pagination component doesn't adjust view if clicking next to initial ellipsis,2023-06-02 12:58:38+00:00,2026-02-17 02:17:27+00:00,type/bug|area/frontend|stale,closed,https://github.com/grafana/grafana/issues/69453
75141,Prometheus: Different color schemas for highlighting queries,2023-09-20 08:43:30+00:00,2026-02-17 02:17:33+00:00,type/bug|effort/small|help wanted|prio/medium|datasource/prometheus|stale,closed,https://github.com/grafana/grafana/issues/75141
89722,Prometheus: Metrics explorer component identifies classic histograms as counters,2024-06-25 19:21:59+00:00,2026-02-17 02:18:00+00:00,type/bug|datasource/prometheus|area/datasource/frontend|stale,closed,https://github.com/grafana/grafana/issues/89722
113719,Dashboards: Cannot favorite/unfavorite (star/unstar),2025-11-11 18:34:08+00:00,2026-02-17 21:39:52+00:00,type/bug|team/grafana-dashboards|automated-triage|area/dashboard/settings,closed,https://github.com/grafana/grafana/issues/113719
112255,New dashboard schema: enabled - alerts cannot be linked with new schema dashboards,2025-10-10 04:44:18+00:00,2026-02-17 21:53:28+00:00,type/bug|area/alerting|team/grafana-dashboards|automated-triage|area/dashboard/settings,closed,https://github.com/grafana/grafana/issues/112255
111332,Dashboard: Scrolling through a large dashboard (500+ panels) causes page to crash,2025-09-18 19:34:21+00:00,2026-02-17 21:59:05+00:00,type/bug|type/performance|team/grafana-dashboards|automated-triage|area/dashboard/scenes,closed,https://github.com/grafana/grafana/issues/111332
62881,Prometheus: Filtering out a field is not working,2023-02-03 15:06:27+00:00,2026-02-18 02:17:16+00:00,type/bug|help wanted|datasource/prometheus|stale|interview-generated,closed,https://github.com/grafana/grafana/issues/62881
96381,Dashboards: Forced Scene Mode When Accessing Dashboard via Reverse Proxy,2024-11-13 11:30:36+00:00,2026-02-18 03:15:00+00:00,type/bug|area/auth|stale|type/regression|team/grafana-dashboards|automated-triage|area/dashboard/scenes,closed,https://github.com/grafana/grafana/issues/96381
81240,Transformations: `Config from query results` messes with series names,2024-01-25 09:40:34+00:00,2026-02-19 11:43:42+00:00,type/bug|area/transformations,closed,https://github.com/grafana/grafana/issues/81240
111467,Bargauge not using the full area when value display is active,2025-09-23 10:15:38+00:00,2026-02-19 17:46:13+00:00,type/bug|area/panel/bargauge|automated-triage,closed,https://github.com/grafana/grafana/issues/111467
95769,Dashboard: Panels with templated label names and values are displaying no data following the upgrade to Grafana version 11.3.0,2024-11-04 08:52:49+00:00,2026-02-19 23:51:56+00:00,type/bug|area/dashboard/templating|type/regression|team/grafana-dashboards|automated-triage|area/dashboard/variable,closed,https://github.com/grafana/grafana/issues/95769
93992,Prometheus datasource: Missing X-Datasource-UID header,2024-09-30 10:30:47+00:00,2026-02-20 02:17:40+00:00,type/bug|prio/low|datasource/prometheus|needs investigation|stale|automated-triage,closed,https://github.com/grafana/grafana/issues/93992
95946,Dashboard variables: Improper sanitization of variable values,2024-11-06 11:21:47+00:00,2026-02-20 02:17:44+00:00,type/bug|datasource/prometheus|stale|team/grafana-dashboards|area/dashboards/panel|automated-triage|area/dashboard/variable,closed,https://github.com/grafana/grafana/issues/95946
96202,Panel: threshold color don't work,2024-11-11 09:44:35+00:00,2026-02-20 02:17:47+00:00,type/bug|area/dashboard/templating|stale|area/field/overrides|team/grafana-dashboards|area/dashboards/panel|automated-triage,closed,https://github.com/grafana/grafana/issues/96202
99261,Grafana Alerts Are Delayed in Sending Emails After Threshold Breach,2025-01-20 13:05:37+00:00,2026-02-20 02:17:58+00:00,type/bug|area/alerting|stale|area/dashboards/panel|automated-triage,closed,https://github.com/grafana/grafana/issues/99261
96563,Grafana Panel: No longer able to use ${__org.name} in panel title,2024-11-15 15:12:00+00:00,2026-02-20 19:26:49+00:00,type/bug|team/grafana-dashboards|area/dashboards/panel|area/dashboard/edit|automated-triage,closed,https://github.com/grafana/grafana/issues/96563
99338,Grafana plugin: Dashboard Query Variables not getting updated on the UI,2025-01-21 18:06:37+00:00,2026-02-21 02:16:51+00:00,type/bug|stale|automated-triage|area/dashboard/variable,closed,https://github.com/grafana/grafana/issues/99338
99344,Dashboard links: Share links do not load,2025-01-21 21:40:43+00:00,2026-02-22 02:17:51+00:00,type/bug|stale|area/dashboard/links|automated-triage,closed,https://github.com/grafana/grafana/issues/99344
99379,VizLegend: Column names gets substituted by unrelated value mapping in Bar chart when legend mode is List,2025-01-22 14:49:27+00:00,2026-02-22 02:17:53+00:00,type/bug|stale|area/panel/barchart|type/regression|area/legend|automated-triage,closed,https://github.com/grafana/grafana/issues/99379
99477,Alerting: MS Teams failed to send,2025-01-23 19:18:41+00:00,2026-02-23 02:18:05+00:00,type/bug|area/alerting|stale|automated-triage,closed,https://github.com/grafana/grafana/issues/99477
99485,Dashboards: Unable to edit panel if datasource is missing (v11.4.0),2025-01-23 22:42:41+00:00,2026-02-23 02:18:07+00:00,type/bug|stale|area/dashboard/edit|automated-triage,closed,https://github.com/grafana/grafana/issues/99485
112509,Auth: Issue AzureAD refresh token doesn't work,2025-10-16 11:30:51+00:00,2026-02-23 13:39:00+00:00,type/bug|area/auth|area/auth/oauth|automated-triage,closed,https://github.com/grafana/grafana/issues/112509
94176,Prometheus: unable to use multiple ad hoc filters with `.*` as default value,2024-10-02 22:25:05+00:00,2026-02-24 02:17:41+00:00,type/bug|datasource/prometheus|stale|type/regression|automated-triage,closed,https://github.com/grafana/grafana/issues/94176
96044,Data links: Data links that include template variable values do not update when I change the template variable,2024-11-07 15:53:19+00:00,2026-02-24 02:17:45+00:00,type/bug|area/dashboard/data-links|stale|team/grafana-dashboards,closed,https://github.com/grafana/grafana/issues/96044
99531,alerting: unusable for template expressions,2025-01-24 23:50:22+00:00,2026-02-24 02:17:56+00:00,type/bug|type/ux|area/alerting|area/editor|stale|automated-triage,closed,https://github.com/grafana/grafana/issues/99531
89889,Prometheus datasource: instant query isn't hidden when using mixed datasource in explore,2024-07-01 07:23:29+00:00,2026-02-25 02:17:36+00:00,type/bug|prio/low|datasource/prometheus|area/explore|stale|internal,closed,https://github.com/grafana/grafana/issues/89889
95758,Dashboards: Returning from panel editor to dashboard too quickly results in the configured query being cleared,2024-11-02 18:04:43+00:00,2026-02-25 02:17:42+00:00,type/bug|datasource/prometheus|stale|automated-triage,closed,https://github.com/grafana/grafana/issues/95758
112432,"LDAP: Unable to POST /api/admin/ldap/reload , if ssoSettingsLDAP=true",2025-10-15 13:20:13+00:00,2026-02-26 16:50:46+00:00,type/bug|area/auth/ldap|area/backend/api|area/configuration|type/regression|automated-triage,closed,https://github.com/grafana/grafana/issues/112432
114806,Prometheus: Aggregating by a label with dots doesn't work,2025-12-03 21:57:16+00:00,2026-02-28 11:58:11+00:00,type/bug|datasource/prometheus|automated-triage|area/query-library,closed,https://github.com/grafana/grafana/issues/114806
99659,Can not delete dashboard (error 1205Lock wait timeout exceeded),2025-01-28 13:52:22+00:00,2026-03-01 02:17:52+00:00,type/bug|area/backend/db/mysql|stale|automated-triage,closed,https://github.com/grafana/grafana/issues/99659
99677,Alerting: relativeTimeRange not used for all views,2025-01-28 15:38:13+00:00,2026-03-01 02:17:56+00:00,type/bug|area/alerting|area/explore|stale|automated-triage,closed,https://github.com/grafana/grafana/issues/99677
99685,"Annotations: Deleting annotation id 0 deletes ""all"" annotations",2025-01-28 16:17:58+00:00,2026-03-01 02:17:57+00:00,type/bug|area/annotations|stale|automated-triage,closed,https://github.com/grafana/grafana/issues/99685
95634,Announcement banner: Database migration errors shown on homepage,2024-10-30 21:26:16+00:00,2026-03-02 02:17:16+00:00,type/bug|area/backend/db/postgres|stale|area/backend/db/migration|automated-triage,closed,https://github.com/grafana/grafana/issues/95634
97597,From and To Variables via URL are ignored,2024-12-06 19:31:16+00:00,2026-03-02 02:17:20+00:00,type/bug|area/dashboard/timerange|stale|type/regression|automated-triage,closed,https://github.com/grafana/grafana/issues/97597
48032,Hide expressions in mixed mode for data sources that don't support expressions,2022-04-21 07:45:54+00:00,2026-03-03 14:22:51+00:00,type/bug|prio/medium|area/frontend|area/expressions|needs refinement|team/grafana-dashboards,closed,https://github.com/grafana/grafana/issues/48032
109870,Alerts missing after upgrade from Grafana 11.2.0 → 12.1.1 when GitSync is enabled,2025-08-19 15:18:01+00:00,2026-03-03 15:49:54+00:00,type/bug|area/alerting|automated-triage|area/gitsync,closed,https://github.com/grafana/grafana/issues/109870
105216,grafana-v12.0.0: Git Sync not working with internal git repository.,2025-05-11 21:55:25+00:00,2026-03-03 15:54:38+00:00,type/bug|area/provisioning|automated-triage,closed,https://github.com/grafana/grafana/issues/105216
99872,Dashboards: Relative time panel override not working correctly in Bar Chart viz when there's no data,2025-01-31 10:10:05+00:00,2026-03-04 02:17:41+00:00,type/bug|area/dashboard/timerange|stale|area/panel/barchart|automated-triage,closed,https://github.com/grafana/grafana/issues/99872
107539,GitSync/Provisioning shows pull success but dashboard json could not be opened,2025-07-02 19:00:38+00:00,2026-03-04 13:58:08+00:00,type/bug|area/dashboard/folders|area/provisioning|automated-triage,closed,https://github.com/grafana/grafana/issues/107539
105392,Git Sync: Syncing to completely empty repositories doesn't work,2025-05-14 12:18:17+00:00,2026-03-04 19:38:58+00:00,type/bug|area/backend|automated-triage|area/gitsync,closed,https://github.com/grafana/grafana/issues/105392
97636,Dashboards: Datetime Picker invalid values on Zoom,2024-12-09 11:35:01+00:00,2026-03-05 02:17:33+00:00,type/bug|area/dashboard/timerange|stale|type/regression|automated-triage,closed,https://github.com/grafana/grafana/issues/97636
98657,URL Routing: different dashboard URLs to one grafana instance result in the same dashboard,2025-01-08 03:11:23+00:00,2026-03-06 02:41:47+00:00,type/bug|area/navigation|stale|automated-triage,closed,https://github.com/grafana/grafana/issues/98657
99967,Documentation feedback: /docs/sources/developers/http_api/user.md,2025-02-03 13:15:51+00:00,2026-03-07 02:16:53+00:00,type/bug|area/auth|area/backend/api|stale|type/regression|automated-triage,closed,https://github.com/grafana/grafana/issues/99967
46273,Having `Viz hidden` override on Series does not allow to display it in graph when clicking on it in Legend,2022-03-06 17:29:06+00:00,2026-03-09 02:17:12+00:00,type/bug|stale|area/panel/timeseries|area/legend,closed,https://github.com/grafana/grafana/issues/46273
88440,Alerting: Label from a result of a second query is not added to Alert Labels,2024-05-29 15:49:19+00:00,2026-03-09 02:17:37+00:00,type/bug|area/alerting|stale|triage/needs-confirmation,closed,https://github.com/grafana/grafana/issues/88440
97187,Security vulnerabilities in Grafana,2024-11-29 10:33:14+00:00,2026-03-09 02:17:48+00:00,type/bug|area/security|stale|automated-triage,closed,https://github.com/grafana/grafana/issues/97187
100150,Fully rendered query does not appear in the query preview when an error occurs,2025-01-31 20:07:48+00:00,2026-03-09 02:17:55+00:00,type/bug|stale|team/grafana-dashboards,closed,https://github.com/grafana/grafana/issues/100150
100032,Rendering of nested tables overlay rest of the table,2025-02-04 08:41:32+00:00,2026-03-09 02:17:57+00:00,type/bug|area/panel/table|stale|automated-triage,closed,https://github.com/grafana/grafana/issues/100032
113846,UI: window.__grafanaRunningQueryCount not updated for cancelled requests,2025-11-13 13:51:57+00:00,2026-03-09 10:50:53+00:00,type/bug|area/frontend/library-panels|automated-triage,closed,https://github.com/grafana/grafana/issues/113846
114144,'Colors' and 'custom' pop up given for color legends of graph is not accessible via keyboard in windows.,2025-11-19 09:44:05+00:00,2026-03-09 11:28:18+00:00,type/bug|type/accessibility|area/legend|automated-triage,closed,https://github.com/grafana/grafana/issues/114144
115385,Explore: Log entries overlap/duplicate when viewing Loki logs in Explore view,2025-12-16 02:30:52+00:00,2026-03-09 11:57:26+00:00,type/bug|area/explore|datasource/loki|automated-triage,closed,https://github.com/grafana/grafana/issues/115385
113389,"At 400% zoom mode, the controls present inside the 'Inspect' and 'More' controls are getting truncated in windows.",2025-11-04 09:29:30+00:00,2026-03-09 13:40:26+00:00,type/bug|type/accessibility|area/frontend/library-panels|automated-triage,closed,https://github.com/grafana/grafana/issues/113389
103325,importing @gafana/data causes issues with SSR,2025-04-03 03:34:54+00:00,2026-03-09 15:45:43+00:00,type/bug|type/build-packaging|area/transformations|automated-triage,closed,https://github.com/grafana/grafana/issues/103325
110401,uid contains illegal characters,2025-09-01 10:13:34+00:00,2026-03-09 17:20:45+00:00,type/bug|area/dashboard/folders|area/backend|type/regression|team/grafana-dashboards|automated-triage,closed,https://github.com/grafana/grafana/issues/110401
103452,Transformations: Filter data by values doesn't support variable,2025-04-04 11:45:20+00:00,2026-03-10 13:26:25+00:00,type/bug|area/transformations|automated-triage|area/dashboard/variable,closed,https://github.com/grafana/grafana/issues/103452
114468,Combobox: Strange and inconsistent scrolling with long options list,2025-11-26 10:47:41+00:00,2026-03-11 10:59:42+00:00,type/bug|internal,closed,https://github.com/grafana/grafana/issues/114468
115608,Unable to scroll data links that does not fit on the screen,2025-12-19 05:58:33+00:00,2026-03-11 20:32:32+00:00,type/bug|type/ux|help wanted|area/panel/table|area/dashboard/data-links|good first issue|team/grafana-dashboards|automated-triage,closed,https://github.com/grafana/grafana/issues/115608
83320,Alerting UI: Selected Alertmanager not found,2024-02-23 16:09:29+00:00,2026-03-12 09:07:39+00:00,type/bug|area/alerting|area/frontend|triage/needs-confirmation,closed,https://github.com/grafana/grafana/issues/83320
112743,"Dashboards: Ad hoc filter with the ""one of"" operator (""=|"") cause a ""parse error""",2025-10-21 16:22:23+00:00,2026-03-13 11:21:03+00:00,type/bug|area/dashboard/templating|team/grafana-dashboards|automated-triage|area/dashboard/variable,closed,https://github.com/grafana/grafana/issues/112743
112608,"Dashboards: Adhoc filters broken in 12.2 when ""Organize fields by name"" transform applied",2025-10-17 20:39:18+00:00,2026-03-13 11:23:11+00:00,type/bug|area/transformations|team/grafana-dashboards|automated-triage|area/dashboard/settings,closed,https://github.com/grafana/grafana/issues/112608
110111,All Variable Option Broken in 12.1,2025-08-25 13:55:28+00:00,2026-03-13 11:29:21+00:00,type/bug|area/dashboard/templating|type/regression|team/grafana-dashboards|automated-triage|area/dashboard/variable,closed,https://github.com/grafana/grafana/issues/110111
99838,Grafana in iframe : can't scroll down,2025-01-30 17:40:31+00:00,2026-03-13 12:25:18+00:00,type/bug|type/regression|team/grafana-dashboards|automated-triage|area/dashboard/scenes,closed,https://github.com/grafana/grafana/issues/99838
95920,"Silences: Filtering alerting instances on labels throws ""bad matcher format"" error",2024-11-05 22:32:59+00:00,2026-03-13 15:27:12+00:00,type/bug|area/alerting|area/frontend|type/regression|datasource/alertmanager|automated-triage,closed,https://github.com/grafana/grafana/issues/95920
100332,Table gauge: Value in different position base on having unit or not,2025-02-10 04:29:37+00:00,2026-03-14 02:17:39+00:00,type/bug|area/panel/table|stale|automated-triage,closed,https://github.com/grafana/grafana/issues/100332
100377,PostgreSQL datasource: __timeGroup macro causes syntax error in group by clause,2025-02-10 16:56:18+00:00,2026-03-14 02:17:43+00:00,type/bug|area/backend/db/postgres|stale|automated-triage,closed,https://github.com/grafana/grafana/issues/100377
95396,Library panels: Unable to load library panel randomly,2024-10-25 11:35:59+00:00,2026-03-14 13:19:57+00:00,type/bug|area/frontend/library-panels|area/backend/db/migration|type/regression|automated-triage,closed,https://github.com/grafana/grafana/issues/95396
62914,Update empty Tempo search result copy,2023-02-03 21:13:48+00:00,2026-03-15 02:18:11+00:00,type/bug|prio/low|stale|area/tracing|datasource/tempo,closed,https://github.com/grafana/grafana/issues/62914
80822,Service Graph: filters apply to 2 different queries that have different set of labels creating inconsistent filtering,2024-01-18 15:37:29+00:00,2026-03-15 02:18:23+00:00,type/bug|prio/high|stale|area/tracing|datasource/tempo|area/panel/node-graph,closed,https://github.com/grafana/grafana/issues/80822
97384,"When using nginx as a reverse proxy for Grafana, it does not support accessing URLs with both path and non-path parameters simultaneously.",2024-12-04 01:40:23+00:00,2026-03-15 02:18:41+00:00,type/bug|area/backend|stale|area/configuration|automated-triage,closed,https://github.com/grafana/grafana/issues/97384
100323,Alerting: Checks using Cloudwatch datasource never enter Error state,2025-02-08 17:43:37+00:00,2026-03-15 02:18:47+00:00,type/bug|area/alerting|datasource/cloudwatch|stale|automated-triage,closed,https://github.com/grafana/grafana/issues/100323
99817,State timeline: relative time not working,2025-01-30 15:32:07+00:00,2026-03-16 02:18:50+00:00,type/bug|area/dashboard/timerange|stale|area/panel/state-timeline|automated-triage,closed,https://github.com/grafana/grafana/issues/99817
100110,Grafana 11.5 - issue with duplicated alerts,2025-02-05 10:21:33+00:00,2026-03-16 02:18:54+00:00,type/bug|area/alerting|area/frontend|stale|automated-triage,closed,https://github.com/grafana/grafana/issues/100110
113829,Git-sync: Dashboards are created without an Admin permission for the dashboard author,2025-11-13 10:57:57+00:00,2026-03-16 12:30:55+00:00,type/bug|automated-triage|area/gitsync|area/permissions,closed,https://github.com/grafana/grafana/issues/113829
89666,"Dashboards: When I add a panel below a collapsed row, it gets removed after reloading",2024-06-25 10:23:06+00:00,2026-03-17 19:12:16+00:00,type/bug|area/dashboard/rows|internal|area/dataviz|team/grafana-dashboards,closed,https://github.com/grafana/grafana/issues/89666
100601,Grafana 11.3 : Not able to save the dashboard after editing,2025-02-13 13:05:06+00:00,2026-03-17 19:30:12+00:00,type/bug|area/security|type/browser-compatibility|team/grafana-dashboards|area/dashboard/edit|automated-triage,closed,https://github.com/grafana/grafana/issues/100601
100588,Grafana tries to automatically connect to Jaeger while using Helm Charts with latest version of Grafana,2025-02-13 11:06:21+00:00,2026-03-18 02:18:15+00:00,type/bug|area/backend|stale|area/configuration|type/regression|automated-triage,closed,https://github.com/grafana/grafana/issues/100588
100709,Upgrade from v11.1.5 to v11.2.0 fails with various postgresql column errors,2025-02-14 10:10:09+00:00,2026-03-18 02:18:16+00:00,type/bug|area/backend/db/postgres|stale|area/backend/db/migration|automated-triage,closed,https://github.com/grafana/grafana/issues/100709
109177,Error pop up on dashboards since updating to 12.1,2025-08-05 09:28:38+00:00,2026-03-18 16:49:17+00:00,type/bug|type/regression|team/grafana-dashboards|automated-triage|area/dashboard/settings,closed,https://github.com/grafana/grafana/issues/109177
100079,Security scan finds known vulnerabilities in Grafana 11.5.1,2025-02-04 16:58:48+00:00,2026-03-19 02:17:44+00:00,type/bug|area/security|stale|automated-triage,closed,https://github.com/grafana/grafana/issues/100079
80755,Alerting: updating rule with provisioning DELETE + POST sometimes not seen by scheduler,2024-01-17 18:03:16+00:00,2026-03-22 02:17:24+00:00,type/bug|area/alerting|stale|internal,closed,https://github.com/grafana/grafana/issues/80755
97457,Dashboard not load until clicking on refresh button,2024-12-05 09:14:52+00:00,2026-03-22 02:18:12+00:00,type/bug|area/dashboard/timerange|area/dashboard/data-links|stale|area/panel/timeseries|type/regression|team/grafana-dashboards|automated-triage,closed,https://github.com/grafana/grafana/issues/97457
100944,Reporting 5x errors in Grafana when trying to access /openapi/*,2025-02-19 06:48:14+00:00,2026-03-22 02:18:45+00:00,type/bug|area/backend/api|stale|automated-triage,closed,https://github.com/grafana/grafana/issues/100944
100948,Since v11.x constant variable are not hidden any more,2025-02-19 09:20:11+00:00,2026-03-22 02:18:47+00:00,type/bug|area/dashboard/templating|stale|type/regression|automated-triage|area/dashboard/variable,closed,https://github.com/grafana/grafana/issues/100948
100952,"Folder/Dashboard: ""Dead"" folder reappears, consistently",2025-02-19 09:42:46+00:00,2026-03-22 02:18:49+00:00,type/bug|area/dashboard/folders|area/provisioning|stale|automated-triage,closed,https://github.com/grafana/grafana/issues/100952
101037,Dashboard: Panel with CSV shows no data,2025-02-20 09:34:30+00:00,2026-03-23 02:17:57+00:00,type/bug|area/dashboard|stale,closed,https://github.com/grafana/grafana/issues/101037
101087,Using Clock as a Dashboard datasource results in: ERROR Could not find SceneQueryRunner for panel,2025-02-20 16:53:42+00:00,2026-03-23 02:17:58+00:00,type/bug|area/dashboard|stale|internal,closed,https://github.com/grafana/grafana/issues/101087
103207,Data Links / Transformations : Using field name variable in data link should use rename field transformation result,2025-04-01 15:01:16+00:00,2026-03-24 12:44:29+00:00,type/bug|area/transformations|internal|area/dataviz,closed,https://github.com/grafana/grafana/issues/103207
101113,Product Area: Can switch off Series value as timestamp toggle in Annotation,2025-02-21 06:21:54+00:00,2026-03-25 02:18:05+00:00,type/bug|datasource/prometheus|stale|automated-triage|area/dashboard/annotations,closed,https://github.com/grafana/grafana/issues/101113
101117,Auth: Configured Whitelist in Proxy-Auth validates wrong IP,2025-02-21 07:59:23+00:00,2026-03-25 02:18:06+00:00,type/bug|area/auth|stale|automated-triage,closed,https://github.com/grafana/grafana/issues/101117
101120,Canvas Panel: Value mappings does not load all icons for selection,2025-02-21 08:51:18+00:00,2026-03-25 02:18:08+00:00,type/bug|stale|area/panel/canvas|automated-triage,closed,https://github.com/grafana/grafana/issues/101120
100511,"""Duplicated sessions found"" error occured in Grafana UI when integrated with kong",2025-02-12 13:44:18+00:00,2026-03-27 02:18:27+00:00,type/bug|area/auth|area/backend|area/backend/db/mysql|stale|area/frontend/login|automated-triage,closed,https://github.com/grafana/grafana/issues/100511
100792,Authentication: Signout does not work when using Auth proxy,2025-02-16 08:01:26+00:00,2026-03-27 02:18:30+00:00,type/bug|area/auth|stale|area/frontend/login|automated-triage,closed,https://github.com/grafana/grafana/issues/100792
101226,Template variables: Variable name being overwritten,2025-02-24 15:33:14+00:00,2026-03-27 02:18:33+00:00,type/bug|stale|team/grafana-dashboards|area/dashboard/variable,closed,https://github.com/grafana/grafana/issues/101226
101288,"Directory name ""vanilla prometheus"" leads the integration failure",2025-02-25 11:42:16+00:00,2026-03-28 02:18:47+00:00,type/bug|type/build-packaging|area/provisioning|stale|automated-triage,closed,https://github.com/grafana/grafana/issues/101288
65628,Tempo - TraceQL field auto-collapses height,2023-03-30 15:12:43+00:00,2026-03-29 02:18:00+00:00,type/bug|area/datasource/frontend|stale|datasource/tempo,closed,https://github.com/grafana/grafana/issues/65628
90483, Grafana Tempo  shows too many references,2024-07-16 10:19:58+00:00,2026-03-29 02:18:16+00:00,type/bug|area/explore|stale|area/tracing|area/panel/traceview,closed,https://github.com/grafana/grafana/issues/90483
101332,Dashboard: Prevent scroll to top after editing a widget in a dashboard,2025-02-26 04:45:54+00:00,2026-03-29 02:18:43+00:00,type/bug|stale|area/dashboard/edit|automated-triage,closed,https://github.com/grafana/grafana/issues/101332
101356,Alerting: {{ .DashboardURL }} is always empty for ng_alert_notification.txt,2025-02-26 14:04:03+00:00,2026-03-29 02:18:46+00:00,type/bug|area/alerting|stale|automated-triage,closed,https://github.com/grafana/grafana/issues/101356
88364,Dashboards: Unable to disable angularDeprecationUI feature using environment variables,2024-05-28 08:48:58+00:00,2026-03-30 20:59:24+00:00,type/bug|area/backend,closed,https://github.com/grafana/grafana/issues/88364
92817,Filtering limited to current page data in paginated view,2024-09-02 14:10:17+00:00,2026-03-31 19:31:33+00:00,type/bug|area/panel/table|automated-triage|datagrid,closed,https://github.com/grafana/grafana/issues/92817
105257,Annotations: end time null in first row breaks annotation,2025-05-12 11:27:34+00:00,2026-04-01 01:39:23+00:00,type/bug|area/annotations|team/grafana-dashboards|can't reproduce|automated-triage,closed,https://github.com/grafana/grafana/issues/105257
97610,Range Annotations mouse hover area fades at higher timeframes,2024-12-07 19:21:56+00:00,2026-04-01 02:02:02+00:00,type/bug|area/annotations|type/regression|area/tooltip|team/grafana-dashboards|automated-triage,closed,https://github.com/grafana/grafana/issues/97610
101445,grafana cli: ignores --config argument,2025-02-28 07:04:17+00:00,2026-04-01 02:18:59+00:00,type/bug|stale|area/configuration|automated-triage,closed,https://github.com/grafana/grafana/issues/101445
76375,mysql/postgres: improve TLS config,2023-10-11 15:05:04+00:00,2026-04-03 02:17:33+00:00,type/bug|datasource/mysql|datasource/postgres|stale|internal,closed,https://github.com/grafana/grafana/issues/76375
100966,In the viewing mode it is possible to read the SQL statement,2025-02-19 13:05:44+00:00,2026-04-03 02:18:06+00:00,type/bug|area/security|stale|area/dashboard/edit|automated-triage,closed,https://github.com/grafana/grafana/issues/100966
101505,"Grafana Dashboard: with latest version of Grafana, dashboard is not accessible anymore",2025-03-03 09:33:28+00:00,2026-04-04 02:17:59+00:00,type/bug|area/provisioning|stale|automated-triage,closed,https://github.com/grafana/grafana/issues/101505
101518,Dashboards: boolean filters are empty when Inspect.,2025-03-03 14:22:01+00:00,2026-04-04 02:18:00+00:00,type/bug|stale|area/data/export|automated-triage|area/dashboard/variable,closed,https://github.com/grafana/grafana/issues/101518
101655,Dashboards: URL query parameters lost when specifying data source name in URL,2025-03-05 20:50:25+00:00,2026-04-05 02:18:51+00:00,type/bug|stale|area/dashboard/links|automated-triage,closed,https://github.com/grafana/grafana/issues/101655
104438,grafana-server: 11.6.1 crash (SIGILL: illegal instruction) after upgrade on arm64,2025-04-24 07:13:20+00:00,2026-04-05 10:51:24+00:00,type/bug|area/backend|automated-triage,closed,https://github.com/grafana/grafana/issues/104438
96923,XYChart: Cannot find negative transform or multiple y-axis option,2024-11-22 14:37:28+00:00,2026-04-06 14:48:51+00:00,type/bug|stale|area/panel/xychart|automated-triage,closed,https://github.com/grafana/grafana/issues/96923
101810,Datasource proxy: some prometheus authenticated queries are stuck & timeouts,2025-03-07 15:28:59+00:00,2026-04-07 02:18:42+00:00,type/bug|datasource/prometheus|area/explore|stale|type/regression|automated-triage,closed,https://github.com/grafana/grafana/issues/101810
101836,Auth: auth.anonymous.org_name config is truncated at first space when provided via environment variable,2025-03-07 22:15:33+00:00,2026-04-07 02:18:43+00:00,type/bug|area/auth|stale|automated-triage,closed,https://github.com/grafana/grafana/issues/101836
115334,Ctrl+C / Cmd+C for commenting a line in the editor broken,2025-12-15 05:39:57+00:00,2026-04-07 09:13:45+00:00,type/bug|area/explore|area/tracing|datasource/tempo|area/query-editor,closed,https://github.com/grafana/grafana/issues/115334
97626,Pie Chart: Legend order does not take order transformation into account,2024-12-09 10:15:22+00:00,2026-04-08 16:07:49+00:00,type/bug|area/panel/piechart,closed,https://github.com/grafana/grafana/issues/97626
111916,"Annotations not visible in externally shared dashboards despite ""Display annotations"" option enabled (Grafana v12.2.0)",2025-10-02 00:56:34+00:00,2026-04-09 08:08:19+00:00,type/bug|area/public-dashboards|team/grafana-dashboards|automated-triage,closed,https://github.com/grafana/grafana/issues/111916
114145,Whole dialog gets closed while closing the 'Time Zone' and 'Fiscal year' dialogs through Esc key.,2025-11-19 09:47:48+00:00,2026-04-10 13:18:14+00:00,type/bug|type/accessibility|area/navigation|automated-triage,closed,https://github.com/grafana/grafana/issues/114145
102063,OAuth: CORS issue on reauthorize,2025-03-12 20:03:33+00:00,2026-04-12 02:19:35+00:00,type/bug|area/auth/oauth|stale|automated-triage,closed,https://github.com/grafana/grafana/issues/102063
69051,Template Variables: multi-value variable not being properly formatted when used as query param,2023-05-25 08:57:44+00:00,2026-04-14 02:18:34+00:00,type/bug|area/dashboard/templating|stale|area/dashboard/links|prio/customer-support|team/grafana-dashboards|prio/planned,closed,https://github.com/grafana/grafana/issues/69051
96970,[Times Series/evtl. others too] broken legend/colour when using more than one query,2024-11-25 09:02:16+00:00,2026-04-14 02:19:03+00:00,type/bug|stale|area/field/overrides|area/panel/timeseries|type/regression|area/legend|team/grafana-dashboards|automated-triage,closed,https://github.com/grafana/grafana/issues/96970
102179,Graphs not displaying after upgrade from 11.4.0 to 11.5.1,2025-03-14 09:14:50+00:00,2026-04-14 02:19:30+00:00,type/bug|stale|area/transformations|type/regression|area/dashboard/edit|automated-triage,closed,https://github.com/grafana/grafana/issues/102179
102205,"Timeseries graph legend: If all values are null, ""Total"" is zero",2025-03-14 14:36:54+00:00,2026-04-14 02:19:31+00:00,type/bug|stale|area/panel/timeseries|area/legend|automated-triage,closed,https://github.com/grafana/grafana/issues/102205
102219,Prometheus query builder: autocomplete of __name__ fails when other labels match many time series,2025-03-14 16:16:27+00:00,2026-04-14 02:19:33+00:00,type/bug|datasource/prometheus|stale|area/exploremetrics|automated-triage,closed,https://github.com/grafana/grafana/issues/102219
102242,Alerting: Folder Selection Doesn't Include Hierarchy,2025-03-14 20:01:48+00:00,2026-04-14 02:19:34+00:00,type/bug|type/ux|area/alerting|stale|automated-triage,closed,https://github.com/grafana/grafana/issues/102242
100622,Dashboard expand and collapse all shortcuts (d E and d C) do not work when one does not have edit permissions,2025-02-13 14:46:34+00:00,2026-04-14 12:52:42+00:00,type/bug|type/regression|area/dashboard/rows|team/grafana-dashboards|automated-triage,closed,https://github.com/grafana/grafana/issues/100622
96935,edit table doesn't show table view switch,2024-11-22 19:08:06+00:00,2026-04-14 15:47:40+00:00,type/bug|type/regression|team/grafana-dashboards|area/dashboard/edit|automated-triage|area/dashboard/settings,closed,https://github.com/grafana/grafana/issues/96935
111795,Drag'n'Drop improvements,2025-09-30 08:21:07+00:00,2026-04-15 18:05:43+00:00,type/bug|type/epic|internal|proj/dynamic-dashboards,closed,https://github.com/grafana/grafana/issues/111795
102255,Internal Metrics: Collecting total usage stats uses gigabytes of memory,2025-03-16 05:17:25+00:00,2026-04-16 02:19:45+00:00,type/bug|type/performance|area/backend/db|area/backend|area/backend/db/mysql|stale|automated-triage,closed,https://github.com/grafana/grafana/issues/102255
102216,Explore: Data sources picker does not indicate current selected DS,2025-03-14 15:45:49+00:00,2026-04-17 02:19:52+00:00,type/bug|area/frontend|type/accessibility|stale|internal,closed,https://github.com/grafana/grafana/issues/102216
102168,Product Area: Short description of bug,2025-03-14 07:50:06+00:00,2026-04-18 02:18:25+00:00,type/bug|area/backend/api|area/backend|stale|automated-triage,closed,https://github.com/grafana/grafana/issues/102168
102344,ECharts Execution Error,2025-03-18 08:53:44+00:00,2026-04-18 02:18:27+00:00,type/bug|stale|area/panel/xychart|team/grafana-dashboards|area/dashboards/panel|automated-triage,closed,https://github.com/grafana/grafana/issues/102344
100804,Dashboards: Template Variables break when interpolated with queries,2025-02-17 11:11:02+00:00,2026-04-19 02:19:48+00:00,type/bug|area/dashboard/templating|datasource/mysql|stale|team/grafana-dashboards|automated-triage|area/dashboard/variable,closed,https://github.com/grafana/grafana/issues/100804
101014,Grafana: Error: Minified React error #130 - Create Variables - Latest Version,2025-02-19 21:37:34+00:00,2026-04-19 02:19:50+00:00,type/bug|stale|automated-triage|area/dashboard/variable,closed,https://github.com/grafana/grafana/issues/101014
102426,"Cannot ""Zoom In"" on Graph (Old) to select time range",2025-03-19 09:31:38+00:00,2026-04-19 02:20:01+00:00,type/bug|area/dashboard/timerange|stale|area/panel/timeseries|type/regression|automated-triage,closed,https://github.com/grafana/grafana/issues/102426
102461,Grafana: Metrics explorer freezes/hung when using long metric names,2025-03-19 14:20:51+00:00,2026-04-19 02:20:02+00:00,type/bug|type/performance|datasource/prometheus|area/explore|stale|automated-triage,closed,https://github.com/grafana/grafana/issues/102461
102549,CLI: most types of database errors are silently swallowed up when attempting to change the admin user password,2025-03-20 17:29:39+00:00,2026-04-20 02:19:47+00:00,type/bug|area/backend/db|area/backend|stale|automated-triage,closed,https://github.com/grafana/grafana/issues/102549
113117,TimeRange: Lack of extreme maximum zoom out limit crashes browser,2025-10-28 17:30:24+00:00,2026-04-20 08:11:57+00:00,type/bug|prio/low|internal,closed,https://github.com/grafana/grafana/issues/113117
111628,Timepicker: Trigger button doesn't show time range for `now-1fQ/fQ`,2025-09-25 14:37:22+00:00,2026-04-20 12:42:09+00:00,type/bug|effort/small|prio/medium|timepicker|internal,closed,https://github.com/grafana/grafana/issues/111628
98372,Product Area: Short description of bug,2024-12-25 02:49:33+00:00,2026-04-21 02:19:40+00:00,type/bug|effort/small|stale|area/field/overrides|team/grafana-dashboards|automated-triage,closed,https://github.com/grafana/grafana/issues/98372
102629,Dashboards: share links not retaining time frame,2025-03-21 16:32:44+00:00,2026-04-21 02:20:05+00:00,type/bug|area/dashboard/timerange|stale|team/grafana-dashboards|automated-triage,closed,https://github.com/grafana/grafana/issues/102629
102630,Grafana dashboards provisioner chooses wrong folder,2025-03-21 16:42:08+00:00,2026-04-21 02:20:07+00:00,type/bug|area/dashboard/folders|area/provisioning|stale|automated-triage,closed,https://github.com/grafana/grafana/issues/102630
102668,Migration: initialization mysql database type failed with MariaDB,2025-03-23 06:07:01+00:00,2026-04-23 02:19:09+00:00,type/bug|area/backend/db/mysql|stale|area/backend/db/migration|automated-triage,closed,https://github.com/grafana/grafana/issues/102668
102672,Dashboards: The panel has moved out of place,2025-03-23 10:39:16+00:00,2026-04-23 02:19:12+00:00,type/bug|area/provisioning|stale|type/regression|area/dashboards/panel|automated-triage,closed,https://github.com/grafana/grafana/issues/102672
114854,Dashboards: Links not displayed until dashboard is saved,2025-12-04 15:30:59+00:00,2026-04-23 09:48:06+00:00,type/bug|area/dashboard|area/dashboard/links|internal|team/grafana-dashboards|area/dashboard/scenes|proj/dynamic-dashboards,closed,https://github.com/grafana/grafana/issues/114854
102689,Alerting: Notifications not reliable when evaluation time =< group wait time,2025-03-24 09:44:46+00:00,2026-04-24 02:19:28+00:00,type/bug|area/alerting|stale|automated-triage,closed,https://github.com/grafana/grafana/issues/102689
102697,Combobox: Not showing options menu with a large number of options in Firefox,2025-03-24 11:02:20+00:00,2026-04-24 02:19:30+00:00,type/bug|area/grafana/ui|stale|internal,closed,https://github.com/grafana/grafana/issues/102697
114336,Alerting: breakage loading the config after upgrading to 12.3.0,2025-11-22 05:30:11+00:00,2026-04-24 21:37:42+00:00,type/bug|area/alerting|area/configuration|type/regression|datasource/alertmanager|automated-triage,closed,https://github.com/grafana/grafana/issues/114336
98448,"Snapshots: Cannot create a snapshot of ""non-existing"" dashboard on 11.x",2025-01-02 14:15:01+00:00,2026-04-26 02:19:17+00:00,type/bug|area/backend/api|area/dashboard/snapshot|stale|type/regression|automated-triage,closed,https://github.com/grafana/grafana/issues/98448
101118,CVE-2024-12797 in container grafana/grafana-oss:11.5.2,2025-02-21 08:31:45+00:00,2026-04-27 02:20:01+00:00,type/bug|area/security|stale|automated-triage,closed,https://github.com/grafana/grafana/issues/101118
114469,Combobox: Width not working as expected,2025-11-26 10:50:58+00:00,2026-04-27 12:43:06+00:00,type/bug|internal|can't reproduce,closed,https://github.com/grafana/grafana/issues/114469
105517,Time series: tooltip max width not work.,2025-05-16 08:06:02+00:00,2026-04-27 12:47:03+00:00,type/bug|area/panel/timeseries|area/tooltip|automated-triage,closed,https://github.com/grafana/grafana/issues/105517
110359,Jaeger: Regression in events timestamp,2025-08-29 18:55:08+00:00,2026-04-28 09:37:39+00:00,type/bug|area/explore|datasource/jaeger|type/regression|automated-triage,closed,https://github.com/grafana/grafana/issues/110359
110494,Dashboards: Intl.DateTimeFormat can not handle LANG=c - RangeError: Incorrect locale information provided,2025-09-03 06:24:47+00:00,2026-04-28 11:45:58+00:00,type/bug|type/browser-compatibility|area/internationalization|automated-triage,closed,https://github.com/grafana/grafana/issues/110494
109755,Accessibility: Add link form contenteditable element missing label,2025-08-15 20:09:51+00:00,2026-04-29 11:50:13+00:00,type/bug|type/accessibility|internal|wcag/4.1.2|team/grafana-dashboards|area/dashboards/panel|area/accessibility,closed,https://github.com/grafana/grafana/issues/109755
103048,Dashboards: Variable interpolation using regex format not escaped correctly in transformations after upgrade to 11.6,2025-03-28 10:33:18+00:00,2026-04-30 02:20:15+00:00,type/bug|stale|area/transformations|type/regression|automated-triage|area/dashboard/variable,closed,https://github.com/grafana/grafana/issues/103048
101236,Grafana List Playlist API not returning Item Fields,2025-02-24 16:48:17+00:00,2026-05-01 02:20:39+00:00,type/bug|area/backend/api|area/playlist|stale|automated-triage,closed,https://github.com/grafana/grafana/issues/101236
103077,Dashboard: Template Variables break when I do Inspect>Data to any panel,2025-03-31 06:01:31+00:00,2026-05-01 02:20:47+00:00,type/bug|stale|automated-triage|area/dashboard/variable,closed,https://github.com/grafana/grafana/issues/103077
110416,Azure: Refactor resource picker data,2025-09-01 14:57:59+00:00,2026-05-01 12:54:03+00:00,datasource/azure|internal|triaged-ds-bug,closed,https://github.com/grafana/grafana/issues/110416
113284,"In high contrast Aquatic and Desert mode, Selected list item is not visually distinguished in windows.",2025-10-31 11:33:15+00:00,2026-05-01 14:39:55+00:00,type/bug|type/accessibility|automated-triage,closed,https://github.com/grafana/grafana/issues/113284
94130,Elasticsearch: Unexpected log field renaming / remapping,2024-10-02 07:57:10+00:00,2026-05-02 02:19:19+00:00,type/bug|datasource/elasticsearch|area/explore|stale|effort/medium|automated-triage,closed,https://github.com/grafana/grafana/issues/94130
101138,Product Area: query source conflict with Grafana plugin for OpenNMS,2025-02-21 13:37:30+00:00,2026-05-02 02:19:29+00:00,type/bug|area/plugins|stale|type/regression|datasource/json|automated-triage,closed,https://github.com/grafana/grafana/issues/101138
103319,Storage: Inconsistent UID return by K8s.Create for Dashboards,2025-04-02 21:33:00+00:00,2026-05-03 02:20:28+00:00,type/bug|stale|storage backend|area/backend/unified-storage,closed,https://github.com/grafana/grafana/issues/103319
89821,Make LDAP debug view work for single bind config,2024-06-27 09:49:56+00:00,2026-05-04 14:21:05+00:00,type/bug|area/auth/ldap|team/identity,closed,https://github.com/grafana/grafana/issues/89821
106822,"Alerting: When creating a new alert, display only folders that user can write to",2025-06-17 10:46:53+00:00,2026-05-04 14:21:05+00:00,type/bug|area/alerting|area/dashboard/folders|internal,closed,https://github.com/grafana/grafana/issues/106822
102589,XY Chart + InfluxDB2 + InfluxQL: cannot show/hide clicking on label,2025-03-21 10:29:53+00:00,2026-05-04 17:54:45+00:00,type/bug|datasource/influxdb|needs more info|area/transformations|area/panel/xychart|automated-triage|team/grafana-datapro,closed,https://github.com/grafana/grafana/issues/102589
98436,Alerting: State history alert display limits should comply with label search criteria,2025-01-02 08:18:03+00:00,2026-05-05 02:18:39+00:00,type/bug|area/alerting|stale|automated-triage,closed,https://github.com/grafana/grafana/issues/98436
108653,Searching: the dashboard search doesn't work if the dashboard name contains a Cyrillic capital letter.,2025-07-25 07:21:51+00:00,2026-05-05 05:36:54+00:00,type/bug|area/search|needs investigation|type/regression|automated-triage,closed,https://github.com/grafana/grafana/issues/108653
98724,Dashboard: Kiosk mode now still shows Refresh and Time Range options,2025-01-09 12:09:04+00:00,2026-05-06 02:19:53+00:00,type/bug|stale|type/regression|automated-triage|area/dashboard/kiosk,closed,https://github.com/grafana/grafana/issues/98724
103437,Database migration from SQLite to MySQL,2025-04-04 07:49:28+00:00,2026-05-06 02:20:14+00:00,type/bug|area/backend/db/sqlite|area/backend/db/mysql|type/proposal|stale|area/backend/db/migration|automated-triage,closed,https://github.com/grafana/grafana/issues/103437
103480,DateTimePickers: `relativeToSeconds` method doesn't work with all supported relative time range strings,2025-04-04 19:37:04+00:00,2026-05-06 02:20:18+00:00,type/bug|stale,closed,https://github.com/grafana/grafana/issues/103480
115206,Table footer overlaps / hides last row when using Group to nested table,2025-12-12 09:13:05+00:00,2026-05-06 16:37:36+00:00,type/bug|area/panel/table|automated-triage,closed,https://github.com/grafana/grafana/issues/115206
83905,"Creating an alert on a datasource with ""grafana"" as a name not possible",2024-03-05 12:45:15+00:00,2026-05-07 02:19:52+00:00,type/bug|area/frontend|stale,closed,https://github.com/grafana/grafana/issues/83905
107037,RadioButtonGroup isn't responsive,2025-06-20 12:55:42+00:00,2026-05-07 11:11:02+00:00,type/bug|effort/small|prio/medium|area/grafana/ui|internal,closed,https://github.com/grafana/grafana/issues/107037
103501,Query Builder: Column names containing parentheses not handled correctly,2025-04-07 00:11:35+00:00,2026-05-08 02:21:10+00:00,type/bug|stale|area/backend/db/sql|automated-triage,closed,https://github.com/grafana/grafana/issues/103501
103599,Variable nesting leads to single selection instead of multi selection,2025-04-08 11:37:43+00:00,2026-05-09 02:20:04+00:00,type/bug|stale|automated-triage|area/dashboard/variable,closed,https://github.com/grafana/grafana/issues/103599
103601,Bug: nslookup fails on grafana container when not giving the nameserver,2025-04-08 11:45:56+00:00,2026-05-09 02:20:05+00:00,type/bug|stale|area/configuration|automated-triage,closed,https://github.com/grafana/grafana/issues/103601
94449,Node Graph multiple arcs do not display - console error,2024-10-09 06:34:39+00:00,2026-05-10 02:20:06+00:00,type/bug|needs investigation|stale|area/panel/node-graph|automated-triage,closed,https://github.com/grafana/grafana/issues/94449
102468,Explore: instant results from multiple queries are incorrectly merged,2025-03-19 14:51:37+00:00,2026-05-10 02:20:19+00:00,type/bug|datasource/prometheus|needs investigation|area/explore|stale|automated-triage,closed,https://github.com/grafana/grafana/issues/102468
103342,Explore: Prometheus explain feature shows nonsense,2025-04-03 10:11:11+00:00,2026-05-10 02:20:25+00:00,type/bug|datasource/prometheus|needs investigation|stale,closed,https://github.com/grafana/grafana/issues/103342
93601,Alerting: Incorrect KeepLast indication for rules with NoData=alert,2024-09-23 14:41:05+00:00,2026-05-11 02:20:49+00:00,type/bug|area/alerting|stale|good first issue|automated-triage,closed,https://github.com/grafana/grafana/issues/93601
103053,Dashboards: Unable to import previously created dashboard using click & drag method on Import Dashboard page,2025-03-28 16:12:53+00:00,2026-05-11 02:21:05+00:00,type/bug|needs more info|area/dashboard/import|stale|type/regression|triage/needs-confirmation|team/grafana-dashboards|automated-triage,closed,https://github.com/grafana/grafana/issues/103053
103355,Dashboards(Provisioning): Failure to create Dashboard from API when Folder was created shortly before,2025-04-03 11:49:41+00:00,2026-05-11 02:21:08+00:00,type/bug|area/backend/api|area/provisioning|stale|automated-triage,closed,https://github.com/grafana/grafana/issues/103355
103378,API: Folders created using a service account are assigned incorrect org_id,2025-04-03 15:07:52+00:00,2026-05-11 02:21:10+00:00,type/bug|area/backend/api|area/dashboard/folders|stale|team/grafana-dashboards|team/grafana-search-and-storage,closed,https://github.com/grafana/grafana/issues/103378
85038,Canvas: Infinite pan mode connection glitch,2024-03-23 01:22:41+00:00,2026-05-11 13:04:02+00:00,type/bug|stale|area/panel/canvas|internal,closed,https://github.com/grafana/grafana/issues/85038
115192,"Recording rule editor missing query builder in Grafana 12.3 (shows blank editor with “0”), works in 12.2 and 12.4",2025-12-12 00:06:43+00:00,2026-05-11 15:55:04+00:00,type/bug|area/alerting|datasource/prometheus|datasource/loki|type/regression|automated-triage,closed,https://github.com/grafana/grafana/issues/115192
97873,Datasources: Do not load MSSQL and other datasources configuration page.,2024-12-12 16:37:11+00:00,2026-05-12 17:07:26+00:00,type/bug|automated-triage,closed,https://github.com/grafana/grafana/issues/97873
103292,"Product Area: Grafana 11.6 OSS fails on LDAP ""Test User Mapping"" - works on 11.5.3",2025-04-02 15:14:24+00:00,2026-05-13 02:21:11+00:00,type/bug|area/auth/ldap|stale|type/regression|automated-triage,closed,https://github.com/grafana/grafana/issues/103292
113579,Dashboards: Mixed Datasource with dashboard datasource does not update on variable change,2025-11-07 08:54:31+00:00,2026-05-14 10:09:55+00:00,type/bug|team/grafana-dashboards|area/dashboards/panel|automated-triage|area/dashboard/variable,closed,https://github.com/grafana/grafana/issues/113579
94386,TimePicker: Invalid date,2024-10-08 11:24:20+00:00,2026-05-15 02:20:58+00:00,type/bug|area/dashboard/timerange|stale|team/grafana-dashboards|automated-triage,closed,https://github.com/grafana/grafana/issues/94386
110421,Dashboards: Variables not refreshing on dashboard load when On time range change is selected,2025-09-01 15:45:12+00:00,2026-05-15 13:49:48+00:00,type/bug|area/dashboard/timerange|datasource/prometheus|bot/no new info|type/regression|team/grafana-dashboards|automated-triage|area/dashboard/variable,closed,https://github.com/grafana/grafana/issues/110421
104397,Configuration: New trailing space (docker),2025-04-23 13:28:49+00:00,2026-05-15 17:24:58+00:00,type/bug|stale|area/configuration|automated-triage,closed,https://github.com/grafana/grafana/issues/104397
96929,Alerting: Inconsistent time range in Rule Edit and View pages,2024-11-22 15:42:58+00:00,2026-05-17 02:20:48+00:00,type/bug|area/alerting|area/frontend|stale|internal|frontline,closed,https://github.com/grafana/grafana/issues/96929
104023,Library Panel: Panel titles are no longer synchronized,2025-04-15 08:44:25+00:00,2026-05-17 02:21:04+00:00,type/bug|stale|type/regression|automated-triage|area/library-panel,closed,https://github.com/grafana/grafana/issues/104023
103297,Alerting: Notification policy cannot be edited via UI because of 409 Conflict,2025-04-02 16:14:36+00:00,2026-05-19 02:21:24+00:00,type/bug|area/alerting|stale|internal,closed,https://github.com/grafana/grafana/issues/103297
112455,Snapshots: Repeating row title displays All instead the current value,2025-10-15 17:16:26+00:00,2026-05-19 09:28:46+00:00,type/bug|area/dashboard/snapshot|internal|team/grafana-dashboards,closed,https://github.com/grafana/grafana/issues/112455
89977,Variables Overflow into Query Settings Screen in Grafana ,2024-07-03 06:31:13+00:00,2026-05-19 12:22:59+00:00,type/bug|area/dashboard/templating|prio/medium|area/frontend|team/grafana-dashboards,closed,https://github.com/grafana/grafana/issues/89977
114846,Reports do not support dynamic dashboard features,2025-12-04 13:57:54+00:00,2026-05-19 15:55:02+00:00,type/bug|internal|proj/dynamic-dashboards,closed,https://github.com/grafana/grafana/issues/114846
69950,ContactPoints: incorrect substitution of enviroment values in yaml config,2023-06-12 18:33:18+00:00,2026-05-21 15:19:26+00:00,type/bug|area/alerting|area/provisioning,closed,https://github.com/grafana/grafana/issues/69950
94037,Alerting: Fix flaky TestBroadcastAndHandleMessages,2024-09-30 21:59:56+00:00,2026-05-22 02:21:37+00:00,type/bug|area/alerting|stale|internal,closed,https://github.com/grafana/grafana/issues/94037
100782,Source on git: wrong permissions warning,2025-02-15 14:48:04+00:00,2026-05-22 02:21:47+00:00,type/bug|stale|area/configuration|automated-triage,closed,https://github.com/grafana/grafana/issues/100782
107603,"Grafana/10.4.19+security-01 - WARN Could not create user agent  logger=plugin.context error=""invalid user agent format""",2025-07-04 02:07:29+00:00,2026-05-22 14:58:32+00:00,type/bug|area/security|area/backend|automated-triage,closed,https://github.com/grafana/grafana/issues/107603
104259,Variable Query: Miss information like name in the new variable query APIs,2025-04-22 07:36:26+00:00,2026-05-23 02:20:38+00:00,type/bug|area/backend/api|stale|automated-triage,closed,https://github.com/grafana/grafana/issues/104259
