issue_number,issue_created_at,issue_closed_at,fix_commit_sha,fix_commit_date,fixing_pr_number,mapping_confidence,mapping_method
43675,2022-01-04T15:21:20+00:00,2022-01-05T18:34:09+00:00,,2022-01-05T18:34:09+00:00,,low,issue_closed_at_fallback
43638,2022-01-04T00:08:04+00:00,2022-01-07T09:39:26+00:00,85246d717962b54acc36bf11341b4dc11f5d3ba4,2022-01-07T09:39:26+00:00,43762.0,medium,pull_request_keyword
43730,2022-01-05T18:39:39+00:00,2022-01-07T09:46:58+00:00,,2022-01-07T09:46:58+00:00,,low,issue_closed_at_fallback
43629,2022-01-03T20:32:14+00:00,2022-01-07T17:27:20+00:00,0dd88d9480230fc22ff261dcb70df51f7c27a7af,2022-01-07T17:27:20+00:00,43776.0,medium,pull_request_keyword
43715,2022-01-05T14:48:16+00:00,2022-01-10T14:37:35+00:00,3d6e9076c93741da0990de2a7dfe3d1694026245,2022-01-10T14:37:35+00:00,43773.0,medium,pull_request_keyword
43857,2022-01-10T12:58:22+00:00,2022-01-11T16:39:54+00:00,963ae4ef8785813df1ac2a5d40b12f6ef0a39608,2022-01-11T16:39:53+00:00,43861.0,medium,pull_request_keyword
43950,2022-01-12T10:54:06+00:00,2022-01-12T14:36:57+00:00,105bf8fd94ed15bd3411219cc80de8adb05d2b87,2022-01-12T14:36:56+00:00,43955.0,medium,pull_request_keyword
43868,2022-01-10T17:25:30+00:00,2022-01-14T14:53:47+00:00,,2022-01-14T14:53:47+00:00,,low,issue_closed_at_fallback
44015,2022-01-13T18:18:01+00:00,2022-01-17T09:33:43+00:00,a65ce992c140164ae7f90206559afecfda9d63e3,2022-01-17T09:33:42+00:00,44055.0,medium,pull_request_keyword
43720,2022-01-05T15:30:12+00:00,2022-01-17T14:32:23+00:00,,2022-01-17T14:32:23+00:00,,low,issue_closed_at_fallback
44070,2022-01-14T19:53:32+00:00,2022-01-19T09:44:30+00:00,,2022-01-19T09:44:30+00:00,,low,issue_closed_at_fallback
44090,2022-01-17T08:36:35+00:00,2022-01-19T13:04:35+00:00,,2022-01-19T13:04:35+00:00,,low,issue_closed_at_fallback
43904,2022-01-11T14:43:06+00:00,2022-01-20T08:37:50+00:00,,2022-01-20T08:37:50+00:00,,low,issue_closed_at_fallback
44184,2022-01-18T20:17:58+00:00,2022-01-20T11:45:34+00:00,,2022-01-20T11:45:34+00:00,,low,issue_closed_at_fallback
43998,2022-01-13T11:59:42+00:00,2022-01-20T13:12:46+00:00,a728e9b4ddb6532b9fa2f916df106e792229e3e0,2022-01-20T13:12:46+00:00,44265.0,medium,pull_request_keyword
44187,2022-01-19T00:14:14+00:00,2022-01-20T15:38:11+00:00,,2022-01-20T15:38:11+00:00,,low,issue_closed_at_fallback
44198,2022-01-19T10:01:28+00:00,2022-01-20T17:48:51+00:00,,2022-01-20T17:48:51+00:00,,low,issue_closed_at_fallback
44251,2022-01-20T09:05:06+00:00,2022-01-21T08:53:17+00:00,,2022-01-21T08:53:17+00:00,,low,issue_closed_at_fallback
44310,2022-01-21T10:32:24+00:00,2022-01-21T13:38:14+00:00,,2022-01-21T13:38:14+00:00,,low,issue_closed_at_fallback
43934,2022-01-11T22:33:52+00:00,2022-01-21T15:24:41+00:00,,2022-01-21T15:24:41+00:00,,low,issue_closed_at_fallback
44306,2022-01-21T09:40:06+00:00,2022-01-21T15:50:14+00:00,addeba7f0514b715d31dcb01752f073a416eb15c,2022-01-21T15:50:14+00:00,44312.0,medium,pull_request_keyword
43967,2022-01-12T14:43:00+00:00,2022-01-24T09:22:06+00:00,732c2ebb37f3597bb5eb1e154e7c31a438fdd875,2022-01-24T09:22:06+00:00,44362.0,medium,pull_request_keyword
44127,2022-01-17T16:15:12+00:00,2022-01-25T13:22:58+00:00,58b8d84085ca53dc1f28cac6d7f123576be8d308,2022-01-25T13:22:58+00:00,44129.0,medium,pull_request_keyword
44067,2022-01-14T18:25:21+00:00,2022-01-25T19:59:55+00:00,,2022-01-25T19:59:55+00:00,,low,issue_closed_at_fallback
44126,2022-01-17T16:10:36+00:00,2022-01-26T10:33:32+00:00,7593fc0a209fa6399ef6bbc116baf62c0507970a,2022-01-26T10:33:32+00:00,44151.0,medium,pull_request_keyword
44190,2022-01-19T07:27:34+00:00,2022-01-26T11:02:42+00:00,,2022-01-26T11:02:42+00:00,,low,issue_closed_at_fallback
44466,2022-01-26T09:56:27+00:00,2022-01-26T23:06:11+00:00,6533eb92448c6e49d46f51fc3d852d76d715a871,2022-01-26T23:06:11+00:00,44498.0,medium,pull_request_keyword
43617,2022-01-03T14:28:04+00:00,2022-01-28T10:56:59+00:00,,2022-01-28T10:56:59+00:00,,low,issue_closed_at_fallback
43975,2022-01-12T16:14:00+00:00,2022-01-31T00:16:46+00:00,b1b620565159e0e9a93a67595da7ca953429d4d3,2022-01-31T00:16:46+00:00,44314.0,medium,pull_request_keyword
44290,2022-01-20T19:44:01+00:00,2022-02-01T08:13:26+00:00,33a7269b4f5edbf4cad66724e7c69d3b551a4553,2022-02-01T08:13:25+00:00,44612.0,medium,pull_request_keyword
43988,2022-01-13T08:23:57+00:00,2022-02-01T10:26:56+00:00,,2022-02-01T10:26:56+00:00,,low,issue_closed_at_fallback
44478,2022-01-26T12:46:09+00:00,2022-02-03T13:17:05+00:00,bb88cf683cefc750004032c5c518501269a01694,2022-02-03T13:17:05+00:00,44761.0,medium,pull_request_keyword
44962,2022-02-07T08:36:05+00:00,2022-02-07T09:17:50+00:00,,2022-02-07T09:17:50+00:00,,low,issue_closed_at_fallback
44037,2022-01-14T12:14:18+00:00,2022-02-07T12:29:41+00:00,,2022-02-07T12:29:41+00:00,,low,issue_closed_at_fallback
43803,2022-01-07T14:18:02+00:00,2022-02-07T22:52:07+00:00,6baf38e84b78ca958529e3a3b79a9773097565e4,2022-02-07T22:52:07+00:00,44957.0,medium,pull_request_keyword
44936,2022-02-04T21:51:09+00:00,2022-02-08T13:51:31+00:00,,2022-02-08T13:51:31+00:00,,low,issue_closed_at_fallback
44238,2022-01-19T21:48:44+00:00,2022-02-08T16:08:28+00:00,1cf48618dee807d3b93ac54f53dc76632e14c892,2022-02-08T16:08:28+00:00,44888.0,medium,pull_request_keyword
44243,2022-01-20T06:46:14+00:00,2022-02-09T11:38:13+00:00,8e035412285ccf65c9592c58bf6829dab7aaae84,2022-02-09T12:38:13+01:00,,high,commit_message_keyword
44252,2022-01-20T09:23:56+00:00,2022-02-10T09:38:39+00:00,,2022-02-10T09:38:39+00:00,,low,issue_closed_at_fallback
45205,2022-02-10T09:31:10+00:00,2022-02-10T11:48:05+00:00,,2022-02-10T11:48:05+00:00,,low,issue_closed_at_fallback
44547,2022-01-27T15:12:54+00:00,2022-02-10T14:45:39+00:00,,2022-02-10T14:45:39+00:00,,low,issue_closed_at_fallback
45235,2022-02-10T13:29:26+00:00,2022-02-10T17:49:31+00:00,,2022-02-10T17:49:31+00:00,,low,issue_closed_at_fallback
44971,2022-02-07T10:28:50+00:00,2022-02-11T09:47:49+00:00,,2022-02-11T09:47:49+00:00,,low,issue_closed_at_fallback
45090,2022-02-08T15:58:34+00:00,2022-02-11T10:57:23+00:00,,2022-02-11T10:57:23+00:00,,low,issue_closed_at_fallback
45273,2022-02-11T08:41:06+00:00,2022-02-11T14:52:15+00:00,6a776c78d40d49e0de151939a72d9eb9bb6ae2e1,2022-02-11T14:52:15+00:00,45290.0,medium,pull_request_keyword
44110,2022-01-17T14:16:47+00:00,2022-02-15T11:08:01+00:00,,2022-02-15T11:08:01+00:00,,low,issue_closed_at_fallback
44736,2022-02-01T18:49:14+00:00,2022-02-15T17:11:32+00:00,,2022-02-15T17:11:32+00:00,,low,issue_closed_at_fallback
45378,2022-02-15T08:08:08+00:00,2022-02-16T10:03:54+00:00,1886a59a12a64878d270676cddfa7d1dbf230318,2022-02-16T10:03:54+00:00,45380.0,medium,pull_request_keyword
45015,2022-02-07T21:10:55+00:00,2022-02-16T14:58:26+00:00,,2022-02-16T14:58:26+00:00,,low,issue_closed_at_fallback
45032,2022-02-08T04:49:45+00:00,2022-02-16T21:52:39+00:00,,2022-02-16T21:52:39+00:00,,low,issue_closed_at_fallback
45491,2022-02-16T21:14:29+00:00,2022-02-17T14:05:00+00:00,dac2b7ef73dcb956c0881677e8764363210c73da,2022-02-17T14:05:00+00:00,45496.0,medium,pull_request_keyword
45489,2022-02-16T19:42:55+00:00,2022-02-17T17:53:43+00:00,85753afdf038322c5605555bf9e4e3b475e3d567,2022-02-17T17:53:43+00:00,45488.0,medium,pull_request_keyword
45624,2022-02-18T17:11:27+00:00,2022-02-21T12:50:53+00:00,,2022-02-21T12:50:53+00:00,,low,issue_closed_at_fallback
45709,2022-02-22T08:46:20+00:00,2022-02-22T13:21:01+00:00,,2022-02-22T13:21:01+00:00,,low,issue_closed_at_fallback
45735,2022-02-22T14:43:02+00:00,2022-02-22T15:47:55+00:00,,2022-02-22T15:47:55+00:00,,low,issue_closed_at_fallback
44648,2022-01-31T11:34:59+00:00,2022-02-24T08:38:49+00:00,,2022-02-24T08:38:49+00:00,,low,issue_closed_at_fallback
45617,2022-02-18T15:28:22+00:00,2022-02-24T13:58:57+00:00,,2022-02-24T13:58:57+00:00,,low,issue_closed_at_fallback
45833,2022-02-24T12:08:07+00:00,2022-02-24T14:29:18+00:00,b7a2fda2aeb495a92a24df70df00df9adada7d0b,2022-02-24T14:29:18+00:00,45820.0,medium,pull_request_keyword
45746,2022-02-22T18:34:50+00:00,2022-02-24T16:37:49+00:00,dcd98f7819f3af14ef5233e484ffbc10e2b0364c,2022-02-24T17:37:49+01:00,,high,commit_message_keyword
44414,2022-01-25T10:18:19+00:00,2022-02-25T14:10:22+00:00,4ef58e595c1ec60f07da9f9336745456a4e5d55a,2022-02-25T14:10:22+00:00,45618.0,medium,pull_request_keyword
44733,2022-02-01T18:16:34+00:00,2022-02-28T08:28:27+00:00,1df040eb23e4ee3daa541d048ccd9ed75f718d83,2022-02-28T08:28:27+00:00,45886.0,medium,pull_request_keyword
45640,2022-02-19T16:23:36+00:00,2022-02-28T20:16:31+00:00,5aab0063c7335474582b9a7d17b2fc069270500e,2022-02-28T20:16:31+00:00,45955.0,medium,pull_request_keyword
44484,2022-01-26T16:19:00+00:00,2022-02-28T21:21:10+00:00,1c4b20b2686b38dfa2312dd0c36ec7fce777f493,2022-02-28T21:21:09+00:00,45953.0,medium,pull_request_keyword
44614,2022-01-28T22:24:50+00:00,2022-03-01T07:55:54+00:00,b491d6b4dc5c768fa5f24d9e83f5485e0395a6ce,2022-03-01T07:55:54+00:00,45996.0,medium,pull_request_keyword
45605,2022-02-18T13:28:09+00:00,2022-03-02T08:39:19+00:00,,2022-03-02T08:39:19+00:00,,low,issue_closed_at_fallback
45894,2022-02-25T10:15:58+00:00,2022-03-02T09:46:18+00:00,8e08128f83568e89f46b8d56bd147ef826d0fb45,2022-03-02T09:46:18+00:00,45898.0,medium,pull_request_keyword
45852,2022-02-24T15:49:29+00:00,2022-03-03T00:21:13+00:00,854f872b40bbf1f41ba4604a48e48d1906bf3a94,2022-03-03T00:21:13+00:00,45997.0,medium,pull_request_keyword
46136,2022-03-03T03:06:38+00:00,2022-03-03T08:02:18+00:00,89140c83531ccdcc0e8da58a3fa2b487cdaadb2b,2022-03-03T08:02:18+00:00,46139.0,medium,pull_request_keyword
46116,2022-03-02T18:36:15+00:00,2022-03-03T10:57:34+00:00,fa7323e6d5be4733481c9c99caa4120da5f5f3be,2022-03-03T10:57:34+00:00,46149.0,medium,pull_request_keyword
45986,2022-02-28T20:04:39+00:00,2022-03-03T13:42:08+00:00,cb1649e9b8ceddb89e71e6ef096983181a27a50b,2022-03-03T13:42:08+00:00,46047.0,medium,pull_request_keyword
46138,2022-03-03T06:12:44+00:00,2022-03-04T10:50:11+00:00,,2022-03-04T10:50:11+00:00,,low,issue_closed_at_fallback
46110,2022-03-02T16:58:04+00:00,2022-03-07T15:21:30+00:00,0ee552dd652e19da137c896db7e57e9c94e02cae,2022-03-07T15:21:30+00:00,46260.0,medium,pull_request_keyword
46365,2022-03-09T14:23:42+00:00,2022-03-10T08:20:13+00:00,,2022-03-10T08:20:13+00:00,,low,issue_closed_at_fallback
46325,2022-03-08T15:06:01+00:00,2022-03-10T15:03:27+00:00,cab509fbe8bbb2a76886971e389d7cd65ccee0bd,2022-03-10T15:03:27+00:00,46328.0,medium,pull_request_keyword
45563,2022-02-17T19:36:32+00:00,2022-03-14T15:18:39+00:00,,2022-03-14T15:18:39+00:00,,low,issue_closed_at_fallback
46531,2022-03-14T13:43:12+00:00,2022-03-14T23:26:13+00:00,00f67cad1be728a7d6107c8b963ecbad971c5fbc,2022-03-14T23:26:13+00:00,46530.0,medium,pull_request_keyword
45697,2022-02-21T19:13:10+00:00,2022-03-15T12:29:15+00:00,,2022-03-15T12:29:15+00:00,,low,issue_closed_at_fallback
44623,2022-01-30T09:46:48+00:00,2022-03-15T13:17:37+00:00,5cf090662280fb37b8c2a7414d782da97d7c5b86,2022-03-15T13:17:37+00:00,46573.0,medium,pull_request_keyword
46423,2022-03-10T16:53:00+00:00,2022-03-15T16:37:20+00:00,,2022-03-15T16:37:20+00:00,,low,issue_closed_at_fallback
45663,2022-02-21T11:37:48+00:00,2022-03-15T17:50:29+00:00,a9002e80b4c833c37214f5acce2cf0a807e6c19d,2022-03-17T13:00:53+00:00,46686.0,medium,pull_request_keyword
46444,2022-03-11T10:45:07+00:00,2022-03-16T06:57:12+00:00,31d141b2675245fb4366eff71b4a01995be05204,2022-03-16T06:57:12+00:00,46565.0,medium,pull_request_keyword
45916,2022-02-25T14:07:38+00:00,2022-03-16T08:05:38+00:00,5ae3e3f6f74b72136a0149da64ff02a73c5e405c,2022-03-16T08:05:38+00:00,46584.0,medium,pull_request_keyword
46393,2022-03-10T07:18:57+00:00,2022-03-16T08:05:38+00:00,5ae3e3f6f74b72136a0149da64ff02a73c5e405c,2022-03-16T08:05:38+00:00,46584.0,medium,pull_request_keyword
46636,2022-03-16T13:09:10+00:00,2022-03-18T14:47:57+00:00,c3ee98a9b67cc8a571361ba5567d2a7536fbecd8,2022-03-18T14:47:57+00:00,46637.0,medium,pull_request_keyword
44039,2022-01-14T12:39:51+00:00,2022-03-23T13:38:47+00:00,,2022-03-23T13:38:47+00:00,,low,issue_closed_at_fallback
46860,2022-03-22T21:46:45+00:00,2022-03-23T16:48:12+00:00,78c23d8dabe7e96d4fe031cffcc6d6b49ff95a29,2022-03-23T16:48:12+00:00,46864.0,medium,pull_request_keyword
46605,2022-03-15T21:27:31+00:00,2022-03-23T17:59:24+00:00,,2022-03-23T17:59:24+00:00,,low,issue_closed_at_fallback
46659,2022-03-16T17:40:33+00:00,2022-03-24T16:01:43+00:00,,2022-03-24T16:01:43+00:00,,low,issue_closed_at_fallback
46823,2022-03-22T10:46:32+00:00,2022-03-25T08:17:15+00:00,3c5e68a349c867a0b7210cd1a8d30bccd2a149b5,2022-03-25T08:17:15+00:00,46929.0,medium,pull_request_keyword
45941,2022-02-26T04:24:31+00:00,2022-03-26T10:40:08+00:00,7bc821baf279ab27601255d2277baabe30a62270,2022-03-26T11:40:08+01:00,,high,commit_message_keyword
46720,2022-03-18T07:54:22+00:00,2022-03-29T11:23:37+00:00,8e3b5dce7672fb6a908bf1a539ebceba4d050788,2022-03-29T11:23:37+00:00,46796.0,medium,pull_request_keyword
46879,2022-03-23T12:35:13+00:00,2022-03-29T14:11:35+00:00,d1681dcc1855793a731786f9182a90bb851c9bec,2022-03-29T14:11:35+00:00,46966.0,medium,pull_request_keyword
47009,2022-03-29T10:17:57+00:00,2022-03-29T14:27:10+00:00,48113beeeb898d91886e6c32ca3a4c966f33bcba,2022-03-29T14:27:10+00:00,47010.0,medium,pull_request_keyword
45575,2022-02-18T05:00:53+00:00,2022-03-30T15:44:33+00:00,,2022-03-30T15:44:33+00:00,,low,issue_closed_at_fallback
46536,2022-03-14T15:13:51+00:00,2022-03-30T17:09:03+00:00,ebc2f9e4fc470f571e9b3b704762b46dfb1f4885,2022-03-30T17:09:03+00:00,46728.0,medium,pull_request_keyword
45510,2022-02-17T11:16:53+00:00,2022-03-31T13:47:06+00:00,,2022-03-31T13:47:06+00:00,,low,issue_closed_at_fallback
46574,2022-03-15T10:36:52+00:00,2022-03-31T18:21:31+00:00,f849aa31a01da5cb0c1080a53b6463a3b5a1c83d,2022-03-31T18:21:31+00:00,46575.0,medium,pull_request_keyword
47006,2022-03-29T09:44:33+00:00,2022-04-01T11:24:40+00:00,16db1ad46d3f21a79b70f0d26250c60ce2e54dc4,2022-04-01T11:24:40+00:00,47183.0,medium,pull_request_keyword
46503,2022-03-12T02:57:17+00:00,2022-04-01T12:00:09+00:00,d217d2aa402a9867d148e0db8e47814f25e74360,2022-04-01T12:00:09+00:00,46455.0,medium,pull_request_keyword
46712,2022-03-17T21:04:00+00:00,2022-04-04T09:18:30+00:00,,2022-04-04T09:18:30+00:00,,low,issue_closed_at_fallback
45292,2022-02-11T12:29:08+00:00,2022-04-04T09:18:30+00:00,,2022-04-04T09:18:30+00:00,,low,issue_closed_at_fallback
46096,2022-03-02T12:59:13+00:00,2022-04-04T09:18:30+00:00,,2022-04-04T09:18:30+00:00,,low,issue_closed_at_fallback
46805,2022-03-21T18:22:54+00:00,2022-04-04T14:22:00+00:00,c55be51f1ee63a16838c4c691bc7232f455961d9,2022-04-04T14:22:00+00:00,47240.0,medium,pull_request_keyword
44708,2022-02-01T13:34:14+00:00,2022-04-04T15:05:07+00:00,8428446466e985a7abd77034535617d85824753c,2022-04-04T15:05:07+00:00,47246.0,medium,pull_request_keyword
47119,2022-03-31T10:19:52+00:00,2022-04-04T15:34:19+00:00,,2022-04-04T15:34:19+00:00,,low,issue_closed_at_fallback
47046,2022-03-30T09:27:37+00:00,2022-04-05T13:34:18+00:00,05098ec38e8e4446620c4d91086e9844a28cfdaf,2022-04-05T13:34:18+00:00,47075.0,medium,pull_request_keyword
47294,2022-04-04T21:14:51+00:00,2022-04-06T01:24:06+00:00,,2022-04-06T01:24:06+00:00,,low,issue_closed_at_fallback
46412,2022-03-10T14:17:06+00:00,2022-04-06T08:50:39+00:00,aef5b29173bfd174bed8eff441c92ffdf4cfe46e,2022-04-06T08:50:39+00:00,47143.0,medium,pull_request_keyword
43639,2022-01-04T00:25:06+00:00,2022-04-06T09:16:03+00:00,,2022-04-06T09:16:03+00:00,,low,issue_closed_at_fallback
46762,2022-03-19T19:33:19+00:00,2022-04-06T10:23:01+00:00,,2022-04-06T10:23:01+00:00,,low,issue_closed_at_fallback
45365,2022-02-14T11:33:04+00:00,2022-04-07T06:56:23+00:00,,2022-04-07T06:56:23+00:00,,low,issue_closed_at_fallback
47241,2022-04-04T02:24:44+00:00,2022-04-07T08:39:54+00:00,0cff2d5980c99a0a009c7215a48e57176510d8ae,2022-04-07T09:39:54+01:00,,high,commit_message_keyword
47470,2022-04-07T16:53:35+00:00,2022-04-08T06:52:14+00:00,631dd718a228823e6570cd02e71cfb910a822c3c,2022-04-08T14:52:08+08:00,,high,commit_message_keyword
44711,2022-02-01T13:39:48+00:00,2022-04-08T09:44:17+00:00,,2022-04-08T09:44:17+00:00,,low,issue_closed_at_fallback
44918,2022-02-04T15:15:33+00:00,2022-04-11T07:32:03+00:00,,2022-04-11T07:32:03+00:00,,low,issue_closed_at_fallback
47042,2022-03-30T08:00:09+00:00,2022-04-11T08:29:49+00:00,c0104db72d09ecc12a07f4d2b9e7b192413e2cd5,2022-04-11T08:29:49+00:00,47120.0,medium,pull_request_keyword
47560,2022-04-11T13:10:19+00:00,2022-04-12T12:55:58+00:00,,2022-04-12T12:55:58+00:00,,low,issue_closed_at_fallback
47554,2022-04-11T12:04:27+00:00,2022-04-12T14:42:34+00:00,35f52aee55bbde72fa56bff4e463974725b1fdb2,2022-04-12T14:42:34+00:00,47576.0,medium,pull_request_keyword
44209,2022-01-19T12:27:56+00:00,2022-04-13T08:26:20+00:00,,2022-04-13T08:26:20+00:00,,low,issue_closed_at_fallback
47019,2022-03-29T15:09:44+00:00,2022-04-13T15:18:40+00:00,939a7781113b0d2a0e5bd7b078891a9fd6695b85,2022-04-13T15:18:40+00:00,47213.0,medium,pull_request_keyword
47320,2022-04-05T12:48:51+00:00,2022-04-14T13:34:05+00:00,,2022-04-14T13:34:05+00:00,,low,issue_closed_at_fallback
46416,2022-03-10T15:26:50+00:00,2022-04-14T16:12:27+00:00,,2022-04-14T16:12:27+00:00,,low,issue_closed_at_fallback
45873,2022-02-24T22:35:29+00:00,2022-04-18T02:42:46+00:00,516c8b60ee0b706b14c5c503b7c7c80cab472e76,2022-04-18T02:42:46+00:00,47674.0,medium,pull_request_keyword
47815,2022-04-15T09:42:19+00:00,2022-04-19T12:34:24+00:00,,2022-04-19T12:34:24+00:00,,low,issue_closed_at_fallback
46621,2022-03-16T09:18:34+00:00,2022-04-19T13:08:19+00:00,4570615afc7c2e7964aa3b8cf15e1120ee5949eb,2022-04-19T13:08:19+00:00,47396.0,medium,pull_request_keyword
47404,2022-04-06T15:48:09+00:00,2022-04-20T07:40:58+00:00,39d3c8afd7f7009d2c88740d18e46b4c7bc7cfd5,2022-04-20T07:40:58+00:00,47559.0,medium,pull_request_keyword
46817,2022-03-22T02:26:17+00:00,2022-04-20T09:15:36+00:00,ff60f39e969c4c5fe98174daf82d47cdcf3487f1,2022-04-20T09:15:36+00:00,47763.0,medium,pull_request_keyword
47746,2022-04-13T21:44:54+00:00,2022-04-20T10:05:38+00:00,,2022-04-20T10:05:38+00:00,,low,issue_closed_at_fallback
47604,2022-04-12T03:47:07+00:00,2022-04-20T14:46:55+00:00,d0b41f882ec920c6545f04b3bf48254c69786987,2022-04-20T14:46:55+00:00,47901.0,medium,pull_request_keyword
47093,2022-03-31T05:46:33+00:00,2022-04-21T07:42:23+00:00,,2022-04-21T07:42:23+00:00,,low,issue_closed_at_fallback
48048,2022-04-21T11:55:40+00:00,2022-04-21T16:08:12+00:00,94d2155f44787cee4b11ffe4260290f89a6cf243,2022-04-21T16:08:12+00:00,48073.0,medium,pull_request_keyword
46900,2022-03-23T17:57:08+00:00,2022-04-21T17:49:52+00:00,4fbc481d1f7df27939647f583093aabf5e5d4fbb,2022-04-21T17:49:52+00:00,47206.0,medium,pull_request_keyword
46430,2022-03-10T21:27:16+00:00,2022-04-22T08:03:25+00:00,6899f23a22d15b9025e6dc81736d5facc8958868,2022-04-22T08:03:24+00:00,47714.0,medium,pull_request_keyword
45278,2022-02-11T10:14:50+00:00,2022-04-22T10:04:05+00:00,a34da3e2482b7a9914eedab8bcba1ad194e81ae0,2022-04-22T10:04:04+00:00,48045.0,medium,pull_request_keyword
48093,2022-04-22T07:54:29+00:00,2022-04-22T10:04:23+00:00,5f83fc3c61483e66e0e1f14f639b67ca3d9facd0,2022-04-22T10:04:23+00:00,48101.0,medium,pull_request_keyword
47754,2022-04-14T08:24:19+00:00,2022-04-23T16:38:03+00:00,,2022-04-23T16:38:03+00:00,,low,issue_closed_at_fallback
48136,2022-04-22T17:11:44+00:00,2022-04-25T14:33:50+00:00,801a2a240aeb068dbff3d2626bd6efe990ee989c,2022-04-25T14:33:50+00:00,48140.0,medium,pull_request_keyword
47834,2022-04-16T10:05:15+00:00,2022-04-26T04:58:00+00:00,1c977281c8a17a63aada8dc2adbbf49fa06059e7,2022-04-23T00:33:25+00:00,48030.0,medium,pull_request_keyword
46894,2022-03-23T16:03:54+00:00,2022-04-26T10:28:05+00:00,,2022-04-26T10:28:05+00:00,,low,issue_closed_at_fallback
48246,2022-04-26T09:13:18+00:00,2022-04-26T11:26:48+00:00,9df26c7b7c1c706a3ef1942604a269779c50aea5,2022-04-26T11:26:48+00:00,48258.0,medium,pull_request_keyword
48078,2022-04-21T18:08:23+00:00,2022-04-27T12:34:47+00:00,199cacc7b68a292b7439e80a990c36191d21194a,2022-04-27T14:34:47+02:00,,high,commit_message_keyword
45744,2022-02-22T18:22:16+00:00,2022-04-27T13:12:58+00:00,,2022-04-27T13:12:58+00:00,,low,issue_closed_at_fallback
48150,2022-04-23T10:01:07+00:00,2022-04-27T14:31:15+00:00,,2022-04-27T14:31:15+00:00,,low,issue_closed_at_fallback
47023,2022-03-29T16:00:43+00:00,2022-04-27T16:01:11+00:00,,2022-04-27T16:01:11+00:00,,low,issue_closed_at_fallback
47669,2022-04-13T00:24:19+00:00,2022-04-27T20:33:07+00:00,fb25cf11e7870dd442a0778b9e40c2ee41e2b188,2022-04-27T20:33:07+00:00,48373.0,medium,pull_request_keyword
48386,2022-04-27T23:24:20+00:00,2022-04-28T03:51:03+00:00,b990d3c9e34fd30a64b44253fccb1d3f60370c79,2022-04-28T03:51:03+00:00,48387.0,medium,pull_request_keyword
48388,2022-04-27T23:44:27+00:00,2022-04-28T03:51:03+00:00,b990d3c9e34fd30a64b44253fccb1d3f60370c79,2022-04-28T03:51:03+00:00,48387.0,medium,pull_request_keyword
45776,2022-02-23T12:22:16+00:00,2022-04-28T13:55:16+00:00,f0f3134cb1635ee2f4f6f47f86572ac4c6306b93,2022-04-28T13:55:16+00:00,47823.0,medium,pull_request_keyword
47661,2022-04-12T19:27:41+00:00,2022-04-28T14:04:57+00:00,af8fbc16d67c7a628374a3442592a3cf2baa58ff,2022-04-28T14:04:57+00:00,48155.0,medium,pull_request_keyword
47875,2022-04-19T11:07:00+00:00,2022-04-28T14:11:35+00:00,,2022-04-28T14:11:35+00:00,,low,issue_closed_at_fallback
48130,2022-04-22T15:24:40+00:00,2022-04-29T07:10:58+00:00,,2022-04-29T07:10:58+00:00,,low,issue_closed_at_fallback
46501,2022-03-12T02:46:41+00:00,2022-04-29T07:47:34+00:00,17eca4505c99e9d4d5afc05fc24e754b1c1cf052,2022-04-29T07:47:33+00:00,47497.0,medium,pull_request_keyword
48123,2022-04-22T13:49:46+00:00,2022-04-29T08:22:50+00:00,,2022-04-29T08:22:50+00:00,,low,issue_closed_at_fallback
48047,2022-04-21T11:43:38+00:00,2022-04-29T08:52:12+00:00,,2022-04-29T08:52:12+00:00,,low,issue_closed_at_fallback
48282,2022-04-26T14:52:27+00:00,2022-04-29T13:03:24+00:00,,2022-04-29T13:03:24+00:00,,low,issue_closed_at_fallback
48467,2022-04-28T21:41:05+00:00,2022-04-29T13:03:34+00:00,,2022-04-29T13:03:34+00:00,,low,issue_closed_at_fallback
48546,2022-04-29T15:06:44+00:00,2022-04-29T17:07:19+00:00,a96510d03ce80ad2024ae04ecbb5b8b06f8cfd20,2022-04-29T17:07:19+00:00,48552.0,medium,pull_request_keyword
48158,2022-04-25T02:52:17+00:00,2022-05-02T07:25:24+00:00,9622e7457eb4e77832f0930af31d4a3b68a3d651,2022-05-02T07:25:23+00:00,48543.0,medium,pull_request_keyword
48558,2022-04-29T19:46:59+00:00,2022-05-02T17:44:23+00:00,9db95826a41d016e90d5e4cc590acca6b21945ba,2022-05-02T17:44:23+00:00,,high,commit_message_keyword
48538,2022-04-29T13:40:39+00:00,2022-05-03T14:28:40+00:00,5dabb55b3955e0335740ac920b71ad987979c5ec,2022-05-03T14:28:40+00:00,48447.0,medium,pull_request_keyword
48652,2022-05-03T17:17:02+00:00,2022-05-04T09:36:15+00:00,b71aa912c6420d248177cf9027cc0dd2bdb894ed,2022-05-04T09:36:15+00:00,48657.0,medium,pull_request_keyword
45809,2022-02-23T20:42:40+00:00,2022-05-04T10:49:05+00:00,f00ffb190c758654adb46a157047823ddfaaa228,2022-05-04T10:49:05+00:00,47412.0,medium,pull_request_keyword
45676,2022-02-21T14:20:39+00:00,2022-05-04T13:27:22+00:00,2e5f7976668d13218be45c7c25a626ae96340be8,2022-05-04T13:27:22+00:00,48644.0,medium,pull_request_keyword
47408,2022-04-06T17:38:48+00:00,2022-05-05T08:37:27+00:00,abb161829162d486c1e44f5f7928512ec03801ed,2022-05-05T08:37:26+00:00,47987.0,medium,pull_request_keyword
48692,2022-05-04T11:10:26+00:00,2022-05-05T13:28:45+00:00,af578045136a76c2e59ae308c3045abf5efaa8ad,2022-05-05T13:28:45+00:00,48748.0,medium,pull_request_keyword
48472,2022-04-28T22:55:52+00:00,2022-05-06T07:34:10+00:00,ee8e1251340688bc98e0d2f580e8ce1ce456ff29,2022-05-06T07:34:10+00:00,48774.0,medium,pull_request_keyword
48267,2022-04-26T12:41:02+00:00,2022-05-06T19:36:34+00:00,,2022-05-06T19:36:34+00:00,,low,issue_closed_at_fallback
48835,2022-05-06T22:29:05+00:00,2022-05-17T04:24:41+00:00,,2022-05-17T04:24:41+00:00,,low,issue_closed_at_fallback
48499,2022-04-29T09:06:53+00:00,2022-05-17T10:03:35+00:00,a3e68eef17703dae0f0789fcbf8cac6e8e7c9bdc,2022-05-17T10:03:35+00:00,48759.0,medium,pull_request_keyword
48489,2022-04-29T08:38:40+00:00,2022-05-17T14:30:44+00:00,,2022-05-17T14:30:44+00:00,,low,issue_closed_at_fallback
48901,2022-05-11T13:13:02+00:00,2022-05-18T07:54:25+00:00,0a44fbdd42936a59015ce3e969e7d497361ba8a9,2022-05-18T07:54:25+00:00,49022.0,medium,pull_request_keyword
48627,2022-05-03T10:50:42+00:00,2022-05-18T08:45:27+00:00,43ab0c1f957425d74905d121f390d175a7da9d26,2022-05-18T08:45:27+00:00,49073.0,medium,pull_request_keyword
48724,2022-05-04T16:22:57+00:00,2022-05-18T10:22:17+00:00,,2022-05-18T10:22:17+00:00,,low,issue_closed_at_fallback
49112,2022-05-17T18:30:27+00:00,2022-05-18T15:17:08+00:00,81e368dbb5b3b87c2051ad990f9cdaffa56af301,2022-05-18T15:17:08+00:00,49120.0,medium,pull_request_keyword
48731,2022-05-04T17:56:48+00:00,2022-05-19T13:22:27+00:00,,2022-05-19T13:22:27+00:00,,low,issue_closed_at_fallback
49181,2022-05-18T16:04:06+00:00,2022-05-19T14:43:27+00:00,66220758b30ebbb9f0b9594defd7bba0273c7eaf,2022-05-19T14:43:27+00:00,49197.0,medium,pull_request_keyword
48905,2022-05-11T14:21:59+00:00,2022-05-20T09:09:19+00:00,,2022-05-20T09:09:19+00:00,,low,issue_closed_at_fallback
47979,2022-04-20T15:20:02+00:00,2022-05-20T14:45:55+00:00,2780651ea864457c0d71c1db62a9dc02df4c4569,2022-05-20T14:45:54+00:00,49278.0,medium,pull_request_keyword
46944,2022-03-25T01:27:04+00:00,2022-05-20T15:31:13+00:00,,2022-05-20T15:31:13+00:00,,low,issue_closed_at_fallback
48794,2022-05-06T00:40:10+00:00,2022-05-20T15:36:43+00:00,34fa7b493cd1a38145f3ca2f0514ac4a10bea497,2022-05-20T15:36:43+00:00,49101.0,medium,pull_request_keyword
45048,2022-02-08T09:03:33+00:00,2022-05-20T15:52:36+00:00,,2022-05-20T15:52:36+00:00,,low,issue_closed_at_fallback
46032,2022-03-01T14:44:37+00:00,2022-05-20T18:24:33+00:00,2949ebc2647fc20aa596749987adde4587957212,2022-05-20T18:24:33+00:00,49271.0,medium,pull_request_keyword
48965,2022-05-13T13:14:41+00:00,2022-05-22T09:29:26+00:00,,2022-05-22T09:29:26+00:00,,low,issue_closed_at_fallback
46134,2022-03-03T01:57:39+00:00,2022-05-23T13:05:57+00:00,0a509b97ef9299d307e40491d04a16ff3cf589a4,2022-05-23T13:05:57+00:00,46135.0,medium,pull_request_keyword
46562,2022-03-15T00:27:48+00:00,2022-05-23T13:26:29+00:00,762a84153db9b42bb7d987d50b58da752f765300,2022-05-23T13:26:29+00:00,48421.0,medium,pull_request_keyword
49202,2022-05-18T21:29:19+00:00,2022-05-23T13:58:21+00:00,,2022-05-23T13:58:21+00:00,,low,issue_closed_at_fallback
49426,2022-05-23T15:53:42+00:00,2022-05-24T09:29:24+00:00,b0300d56acfc614e73a4d7ee0b96985722202cd0,2022-05-24T09:29:24+00:00,49428.0,medium,pull_request_keyword
49456,2022-05-24T04:34:50+00:00,2022-05-24T11:14:56+00:00,04bc482f11dc206708634b1e1267a26e8d254074,2022-05-24T11:14:56+00:00,49478.0,medium,pull_request_keyword
48907,2022-05-11T14:52:46+00:00,2022-05-25T13:05:13+00:00,ccb8888055acd0ebde029d896e65676ac3f565a5,2022-05-25T13:05:13+00:00,49510.0,medium,pull_request_keyword
49564,2022-05-25T07:32:23+00:00,2022-05-25T15:39:22+00:00,,2022-05-25T15:39:22+00:00,,low,issue_closed_at_fallback
47186,2022-04-01T10:38:19+00:00,2022-05-26T09:53:31+00:00,63848ad2e7a67e06a61260bf132254c90883d501,2022-05-26T09:53:31+00:00,49622.0,medium,pull_request_keyword
49498,2022-05-24T13:59:45+00:00,2022-05-26T11:29:19+00:00,a95ba8eb3f734629308b1248a73a2f4d8b4bf967,2022-05-26T11:29:19+00:00,49539.0,medium,pull_request_keyword
49641,2022-05-25T17:39:03+00:00,2022-05-26T13:53:12+00:00,c8094b33cd1ee556c96cbac1e8d1800d4cb8855a,2022-05-26T13:53:12+00:00,49642.0,medium,pull_request_keyword
47305,2022-04-05T09:45:54+00:00,2022-05-26T16:23:39+00:00,16d738a03a44d438bd6bba1fd72d7f2954aa282e,2022-05-26T16:23:39+00:00,47317.0,medium,pull_request_keyword
49401,2022-05-23T12:41:59+00:00,2022-05-27T12:00:52+00:00,,2022-05-27T12:00:52+00:00,,low,issue_closed_at_fallback
49145,2022-05-18T09:11:22+00:00,2022-05-31T03:29:51+00:00,056a1fec3d20ae9c9f79e5ef097e0ebaba77441e,2022-05-31T03:29:51+00:00,49854.0,medium,pull_request_keyword
48877,2022-05-10T14:47:44+00:00,2022-05-31T16:27:25+00:00,7156935d1226b0076537d476f7ef1c4d9240d65b,2022-05-31T16:27:25+00:00,49543.0,medium,pull_request_keyword
47116,2022-03-31T09:58:08+00:00,2022-05-31T17:48:11+00:00,,2022-05-31T17:48:11+00:00,,low,issue_closed_at_fallback
46560,2022-03-14T23:09:14+00:00,2022-06-01T11:03:34+00:00,63303eb4ba276fc8a3c7d73ca424c6972232584e,2022-06-01T11:03:33+00:00,49893.0,medium,pull_request_keyword
49408,2022-05-23T13:36:32+00:00,2022-06-01T13:16:19+00:00,b355adac6fccaa573c2f3101f2913b716166a844,2022-06-01T13:16:19+00:00,49913.0,medium,pull_request_keyword
49796,2022-05-30T09:24:23+00:00,2022-06-01T16:35:16+00:00,6ceb40e20e49f983f4a56c2556c54b62ad5f9d54,2022-06-01T16:35:16+00:00,49890.0,medium,pull_request_keyword
49540,2022-05-24T20:09:30+00:00,2022-06-01T17:23:31+00:00,dca0453c2e6692b6b09d7ee247f01ebedab611a0,2022-06-01T17:23:31+00:00,49737.0,medium,pull_request_keyword
49122,2022-05-17T21:35:28+00:00,2022-06-02T09:30:47+00:00,d7139e75fb303e4753338cba2b2fb8bc9619bd48,2022-06-02T09:30:47+00:00,49887.0,medium,pull_request_keyword
49867,2022-05-31T03:50:32+00:00,2022-06-02T11:34:05+00:00,0de980800856cece8d88b931be1de3e611d2e3cb,2022-06-02T11:34:05+00:00,50025.0,medium,pull_request_keyword
50027,2022-06-01T16:11:27+00:00,2022-06-02T11:45:21+00:00,ace5b2058d05112eafe63b1cd8834bd6281c3734,2022-06-02T11:45:21+00:00,50031.0,medium,pull_request_keyword
49388,2022-05-23T09:34:18+00:00,2022-06-03T08:40:17+00:00,cefd51dd594ef41e90fea2ddd99f69b957e2aec1,2022-06-02T16:17:22+00:00,49926.0,medium,pull_request_keyword
48094,2022-04-22T07:58:15+00:00,2022-06-03T10:07:33+00:00,573e121a67571475b5e9896555d57ad639e59658,2022-06-03T10:07:33+00:00,50142.0,medium,pull_request_keyword
48637,2022-05-03T14:06:31+00:00,2022-06-03T11:07:40+00:00,,2022-06-03T11:07:40+00:00,,low,issue_closed_at_fallback
49483,2022-05-24T11:48:09+00:00,2022-06-03T13:43:30+00:00,b1e1a97c63c46238d468a2de01d48a92bacae825,2022-06-03T13:43:29+00:00,50093.0,medium,pull_request_keyword
48450,2022-04-28T15:29:15+00:00,2022-06-07T12:28:32+00:00,,2022-06-07T12:28:32+00:00,,low,issue_closed_at_fallback
48018,2022-04-21T01:22:24+00:00,2022-06-07T13:21:02+00:00,c65d62c95b8e50f19daa2db675620bcde85bbf53,2022-06-07T13:21:01+00:00,50113.0,medium,pull_request_keyword
44394,2022-01-24T17:37:04+00:00,2022-06-07T15:05:41+00:00,ae449cc8239fee02172b3180ac1ee79f13d38a85,2022-06-07T15:05:41+00:00,50311.0,medium,pull_request_keyword
49855,2022-05-30T16:52:50+00:00,2022-06-07T15:20:06+00:00,c83f84348c65dd71f2b707b60765abf89776afce,2022-06-07T15:20:06+00:00,49874.0,medium,pull_request_keyword
50328,2022-06-07T14:26:44+00:00,2022-06-08T03:04:52+00:00,fd664e4beb3f024a2cf9965c484746c85c24cadd,2022-06-08T03:04:52+00:00,50350.0,medium,pull_request_keyword
49037,2022-05-16T22:32:43+00:00,2022-06-08T08:34:45+00:00,fd408652dc653a6019fda08b5f55de7c4ef60522,2022-06-08T08:34:45+00:00,50379.0,medium,pull_request_keyword
49941,2022-05-31T15:24:34+00:00,2022-06-08T09:28:02+00:00,,2022-06-08T09:28:02+00:00,,low,issue_closed_at_fallback
49940,2022-05-31T15:21:37+00:00,2022-06-08T09:28:13+00:00,,2022-06-08T09:28:13+00:00,,low,issue_closed_at_fallback
49423,2022-05-23T15:29:45+00:00,2022-06-09T08:07:15+00:00,,2022-06-09T08:07:15+00:00,,low,issue_closed_at_fallback
48760,2022-05-05T12:46:08+00:00,2022-06-09T14:38:48+00:00,,2022-06-09T14:38:48+00:00,,low,issue_closed_at_fallback
48274,2022-04-26T13:50:13+00:00,2022-06-09T15:54:57+00:00,1284c596fe9437cd1d02f9ed4d538fbbd0d1cac3,2022-06-09T15:54:57+00:00,49966.0,medium,pull_request_keyword
50363,2022-06-07T20:46:19+00:00,2022-06-10T08:37:40+00:00,6a4906ef7eedee975a1a928e2284a981dff77ef0,2022-06-10T08:37:40+00:00,50529.0,medium,pull_request_keyword
50606,2022-06-10T13:05:33+00:00,2022-06-10T14:28:10+00:00,,2022-06-10T14:28:10+00:00,,low,issue_closed_at_fallback
50268,2022-06-06T18:27:54+00:00,2022-06-11T19:33:13+00:00,,2022-06-11T19:33:13+00:00,,low,issue_closed_at_fallback
47039,2022-03-30T05:57:06+00:00,2022-06-13T10:12:58+00:00,,2022-06-13T10:12:58+00:00,,low,issue_closed_at_fallback
50617,2022-06-10T14:19:09+00:00,2022-06-13T13:19:20+00:00,77bdbe1deac3153859d2173b7a3ff029a76a64c3,2022-06-13T13:19:20+00:00,50680.0,medium,pull_request_keyword
45924,2022-02-25T15:30:31+00:00,2022-06-13T13:26:18+00:00,b115e73edebbd998244e24f11e2cd73a46ebf7de,2022-06-13T13:26:18+00:00,50241.0,medium,pull_request_keyword
50189,2022-06-03T17:30:40+00:00,2022-06-13T15:43:43+00:00,,2022-06-13T15:43:43+00:00,,low,issue_closed_at_fallback
50237,2022-06-06T09:52:42+00:00,2022-06-14T07:28:55+00:00,,2022-06-14T07:28:55+00:00,,low,issue_closed_at_fallback
50534,2022-06-09T15:45:05+00:00,2022-06-14T13:12:00+00:00,,2022-06-14T13:12:00+00:00,,low,issue_closed_at_fallback
50672,2022-06-13T11:24:35+00:00,2022-06-14T15:05:59+00:00,f9d31d06121f1e4e8e20c690ea10c8f1a3585dca,2022-06-14T15:05:59+00:00,50719.0,medium,pull_request_keyword
46874,2022-03-23T11:34:51+00:00,2022-06-15T08:18:14+00:00,,2022-06-15T08:18:14+00:00,,low,issue_closed_at_fallback
50160,2022-06-03T12:48:01+00:00,2022-06-15T08:59:38+00:00,9d0e7564ed49910898445f5e96cf38f94b7f8afb,2022-06-15T08:59:38+00:00,50678.0,medium,pull_request_keyword
46498,2022-03-12T02:28:14+00:00,2022-06-15T09:28:43+00:00,07535397212a98cec2e590795ab719815ee2cd5c,2022-06-15T09:28:43+00:00,49075.0,medium,pull_request_keyword
50644,2022-06-11T15:17:40+00:00,2022-06-15T10:41:34+00:00,390b7d084e7aa5cc67c456c6c5ccfa852acb944a,2022-06-15T10:41:34+00:00,50839.0,medium,pull_request_keyword
50869,2022-06-15T11:35:53+00:00,2022-06-15T12:16:23+00:00,,2022-06-15T12:16:23+00:00,,low,issue_closed_at_fallback
50841,2022-06-15T05:57:19+00:00,2022-06-16T08:49:26+00:00,,2022-06-16T08:49:26+00:00,,low,issue_closed_at_fallback
50938,2022-06-16T11:18:27+00:00,2022-06-16T14:30:33+00:00,,2022-06-16T14:30:33+00:00,,low,issue_closed_at_fallback
50927,2022-06-16T09:06:25+00:00,2022-06-16T16:04:39+00:00,,2022-06-16T16:04:39+00:00,,low,issue_closed_at_fallback
50939,2022-06-16T11:19:26+00:00,2022-06-17T05:47:31+00:00,,2022-06-17T05:47:31+00:00,,low,issue_closed_at_fallback
48304,2022-04-26T19:05:38+00:00,2022-06-17T06:58:54+00:00,7e22b8e6fb40cfdedb8e1902e6d5e41f6dccf1c1,2022-06-17T06:58:54+00:00,50822.0,medium,pull_request_keyword
50842,2022-06-15T06:12:57+00:00,2022-06-17T07:48:00+00:00,,2022-06-17T07:48:00+00:00,,low,issue_closed_at_fallback
50947,2022-06-16T12:28:29+00:00,2022-06-17T08:24:38+00:00,fcbe0059c2b173a0c95b33545493026dfa760a22,2022-06-17T08:24:38+00:00,50987.0,medium,pull_request_keyword
50177,2022-06-03T15:29:30+00:00,2022-06-17T11:59:33+00:00,43839dc40b0371e47fb62bb515af311071bd26f4,2022-06-17T11:59:33+00:00,50840.0,medium,pull_request_keyword
50968,2022-06-16T15:50:28+00:00,2022-06-20T07:16:42+00:00,1f5f40b2da617a0f107972c35234895d9003d288,2022-06-20T07:16:42+00:00,51005.0,medium,pull_request_keyword
51069,2022-06-18T14:52:40+00:00,2022-06-20T13:11:11+00:00,,2022-06-20T13:11:11+00:00,,low,issue_closed_at_fallback
49782,2022-05-30T07:26:45+00:00,2022-06-20T13:37:05+00:00,87bf0f431577efec12617a70ddd063c8ba3d93c2,2022-06-20T13:37:05+00:00,50850.0,medium,pull_request_keyword
50890,2022-06-15T15:31:52+00:00,2022-06-20T13:37:22+00:00,,2022-06-20T13:37:22+00:00,,low,issue_closed_at_fallback
50888,2022-06-15T15:21:10+00:00,2022-06-21T11:23:40+00:00,,2022-06-21T11:23:40+00:00,,low,issue_closed_at_fallback
50419,2022-06-08T12:27:24+00:00,2022-06-21T14:46:53+00:00,,2022-06-21T14:46:53+00:00,,low,issue_closed_at_fallback
51187,2022-06-21T16:35:55+00:00,2022-06-21T22:45:38+00:00,24bdda72fbf7eed224061e39edb4d243396c39be,2022-06-21T22:45:37+00:00,51190.0,medium,pull_request_keyword
50928,2022-06-16T09:13:27+00:00,2022-06-22T13:54:43+00:00,be6a878fd6271aa3d06dd4ccfb373dcc2d88f298,2022-06-22T13:54:43+00:00,51164.0,medium,pull_request_keyword
51112,2022-06-20T11:46:33+00:00,2022-06-22T16:39:17+00:00,90646e7f414107fffc1b2fd7f0aa084d3cb43446,2022-06-22T16:39:17+00:00,51253.0,medium,pull_request_keyword
51252,2022-06-22T14:29:39+00:00,2022-06-22T20:05:16+00:00,,2022-06-22T20:05:16+00:00,,low,issue_closed_at_fallback
48230,2022-04-25T22:57:03+00:00,2022-06-23T03:30:25+00:00,5d74701848e3498d8255a54ff6c5e58594922d6b,2022-06-23T03:30:24+00:00,51270.0,medium,pull_request_keyword
49568,2022-05-25T08:47:44+00:00,2022-06-23T16:17:16+00:00,,2022-06-23T16:17:16+00:00,,low,issue_closed_at_fallback
51094,2022-06-20T07:45:02+00:00,2022-06-23T18:23:56+00:00,8ba8e1df8397eca400645703f958ef007a48cc35,2022-06-23T18:23:56+00:00,51207.0,medium,pull_request_keyword
50246,2022-06-06T11:58:25+00:00,2022-06-24T06:56:58+00:00,b10ddfdf8c4213e944f5d3f902d71df43a82e581,2022-06-24T06:56:58+00:00,51320.0,medium,pull_request_keyword
47701,2022-04-13T13:11:56+00:00,2022-06-24T20:29:22+00:00,,2022-06-24T20:29:22+00:00,,low,issue_closed_at_fallback
51307,2022-06-23T10:13:23+00:00,2022-06-27T11:31:00+00:00,f2d8b1ceee5f6beffb4903a8968b176aebd24730,2022-06-27T11:31:00+00:00,51315.0,medium,pull_request_keyword
46290,2022-03-07T12:28:10+00:00,2022-06-27T12:17:46+00:00,,2022-06-27T12:17:46+00:00,,low,issue_closed_at_fallback
49756,2022-05-27T16:37:46+00:00,2022-06-27T14:11:39+00:00,,2022-06-27T14:11:39+00:00,,low,issue_closed_at_fallback
46347,2022-03-09T08:06:22+00:00,2022-06-28T08:05:53+00:00,97c9b25d44d070da1ead20e4b1fa2d95b40de6c0,2022-06-28T08:05:53+00:00,51452.0,medium,pull_request_keyword
50786,2022-06-14T13:20:05+00:00,2022-06-28T08:09:25+00:00,a7f1ca133effaab94574a6b2155448c931854300,2022-06-28T08:09:25+00:00,50800.0,medium,pull_request_keyword
51356,2022-06-23T23:16:29+00:00,2022-06-28T08:31:41+00:00,,2022-06-28T08:31:41+00:00,,low,issue_closed_at_fallback
50424,2022-06-08T13:03:36+00:00,2022-06-29T08:10:55+00:00,,2022-06-29T08:10:55+00:00,,low,issue_closed_at_fallback
49759,2022-05-27T17:30:58+00:00,2022-06-29T12:26:32+00:00,f83f05d6b3b72de68be48d41ce99483cae17b0eb,2022-06-29T12:26:32+00:00,51392.0,medium,pull_request_keyword
49163,2022-05-18T12:57:44+00:00,2022-06-29T12:56:40+00:00,189b7f9c0b554ddb2e3b7d127afc997ce6c070f9,2022-06-29T12:56:40+00:00,50519.0,medium,pull_request_keyword
49774,2022-05-29T11:38:50+00:00,2022-06-29T12:56:41+00:00,189b7f9c0b554ddb2e3b7d127afc997ce6c070f9,2022-06-29T12:56:40+00:00,50519.0,medium,pull_request_keyword
51313,2022-06-23T10:55:01+00:00,2022-06-29T14:43:33+00:00,,2022-06-29T14:43:33+00:00,,low,issue_closed_at_fallback
51565,2022-06-29T14:56:04+00:00,2022-06-29T17:19:49+00:00,66c911f263757e907af5b45f72c5653d1b8aa81d,2022-06-29T17:19:49+00:00,51579.0,medium,pull_request_keyword
51171,2022-06-21T13:30:17+00:00,2022-06-29T17:37:50+00:00,35240f6d5a5e2231914e859ed8bc5c45573e5c3a,2022-06-29T17:37:50+00:00,51537.0,medium,pull_request_keyword
48938,2022-05-12T13:12:08+00:00,2022-06-30T06:43:49+00:00,,2022-06-30T06:43:49+00:00,,low,issue_closed_at_fallback
48087,2022-04-21T21:25:31+00:00,2022-06-30T09:08:22+00:00,d429cac27ba5c82697a3d464eed097befb715b90,2022-06-30T09:08:22+00:00,51520.0,medium,pull_request_keyword
45977,2022-02-28T16:11:36+00:00,2022-07-04T09:08:01+00:00,b7e22c37a8d10013433e275df16676dd329e2810,2022-07-04T09:08:01+00:00,49054.0,medium,pull_request_keyword
51369,2022-06-24T10:05:53+00:00,2022-07-04T10:32:21+00:00,f8ac160545f8b9badb1bfa5e7bb6346a2af75a85,2022-07-04T10:32:21+00:00,51589.0,medium,pull_request_keyword
51542,2022-06-29T11:04:06+00:00,2022-07-05T09:25:08+00:00,d4eef3bd7673121612d692e875407c789bc331cf,2022-07-05T09:25:08+00:00,51718.0,medium,pull_request_keyword
50354,2022-06-07T16:28:08+00:00,2022-07-05T09:53:05+00:00,,2022-07-05T09:53:05+00:00,,low,issue_closed_at_fallback
49575,2022-05-25T10:10:00+00:00,2022-07-05T16:15:08+00:00,,2022-07-05T16:15:08+00:00,,low,issue_closed_at_fallback
48881,2022-05-10T16:15:10+00:00,2022-07-05T21:12:04+00:00,,2022-07-05T21:12:04+00:00,,low,issue_closed_at_fallback
50153,2022-06-03T10:36:52+00:00,2022-07-06T06:27:10+00:00,5b058d617d2e74e390087866476f70d8332bed09,2022-07-06T06:27:10+00:00,51623.0,medium,pull_request_keyword
51675,2022-07-02T12:50:20+00:00,2022-07-06T12:47:49+00:00,,2022-07-06T12:47:49+00:00,,low,issue_closed_at_fallback
51657,2022-06-30T21:39:29+00:00,2022-07-06T14:52:59+00:00,663f3fcd2ac12d0180ac3e7b852e653d9c58931d,2022-07-06T14:52:59+00:00,51779.0,medium,pull_request_keyword
49527,2022-05-24T16:52:29+00:00,2022-07-07T02:15:57+00:00,,2022-07-07T02:15:57+00:00,,low,issue_closed_at_fallback
51198,2022-06-21T18:03:40+00:00,2022-07-07T07:58:01+00:00,a802e84772fab2e362976bfc3805b05c69fe5f98,2022-07-07T07:58:01+00:00,51302.0,medium,pull_request_keyword
51893,2022-07-07T11:57:36+00:00,2022-07-07T14:25:52+00:00,,2022-07-07T14:25:52+00:00,,low,issue_closed_at_fallback
50394,2022-06-08T09:56:08+00:00,2022-07-08T10:28:41+00:00,506e63f4e1f837a97bd6b67b2917bc53b9c51209,2022-07-08T10:28:41+00:00,51501.0,medium,pull_request_keyword
51204,2022-06-21T18:54:52+00:00,2022-07-08T13:45:16+00:00,,2022-07-08T13:45:16+00:00,,low,issue_closed_at_fallback
51969,2022-07-08T13:02:35+00:00,2022-07-08T14:26:29+00:00,,2022-07-08T14:26:29+00:00,,low,issue_closed_at_fallback
50736,2022-06-13T22:00:28+00:00,2022-07-08T16:28:18+00:00,,2022-07-08T16:28:18+00:00,,low,issue_closed_at_fallback
51983,2022-07-08T15:15:48+00:00,2022-07-08T22:46:02+00:00,7e9194e6e2cbbbe74fcaaf534aa5cc5e336d8264,2022-07-08T22:46:02+00:00,52007.0,medium,pull_request_keyword
51037,2022-06-17T13:05:16+00:00,2022-07-11T12:13:19+00:00,bb72512aedbf750d803a8f77c6385f2aba3e2a09,2022-07-07T07:53:26+00:00,51691.0,medium,pull_request_keyword
51780,2022-07-06T08:05:50+00:00,2022-07-11T12:24:49+00:00,0a2a370b77a42dce41b1af1d7b6f158d7a9c6f56,2022-07-11T12:24:49+00:00,52034.0,medium,pull_request_keyword
51966,2022-07-08T12:12:51+00:00,2022-07-11T23:02:10+00:00,,2022-07-11T23:02:10+00:00,,low,issue_closed_at_fallback
51273,2022-06-22T17:27:41+00:00,2022-07-12T14:04:30+00:00,,2022-07-12T14:04:30+00:00,,low,issue_closed_at_fallback
51877,2022-07-07T08:33:36+00:00,2022-07-12T16:46:52+00:00,7bb644d9100648f62760710bf920f73680b8a232,2022-07-12T16:46:51+00:00,51911.0,medium,pull_request_keyword
48398,2022-04-28T08:19:34+00:00,2022-07-13T07:25:00+00:00,05ba08fd8b8b71eec9afaa65a949f94bcbc9f799,2022-07-13T07:25:00+00:00,52108.0,medium,pull_request_keyword
51683,2022-07-04T04:46:40+00:00,2022-07-13T07:44:12+00:00,,2022-07-13T07:44:12+00:00,,low,issue_closed_at_fallback
51658,2022-06-30T21:58:31+00:00,2022-07-13T14:33:26+00:00,7c5ba889a423cc280572de61ea81586db5543132,2022-07-13T14:33:26+00:00,51767.0,medium,pull_request_keyword
52116,2022-07-12T18:46:59+00:00,2022-07-13T15:44:43+00:00,074bcf8599c67eb22bef97c6e5242ca52e266039,2022-07-13T15:44:43+00:00,52120.0,medium,pull_request_keyword
52125,2022-07-12T22:14:20+00:00,2022-07-13T22:36:17+00:00,2d7389c34dc6f2b17b47012cf1898bfec6b97f95,2022-07-13T22:36:17+00:00,52180.0,medium,pull_request_keyword
50530,2022-06-09T15:00:30+00:00,2022-07-14T08:28:45+00:00,a4d33a0f438eecaac461cd75fdef4ea9222b8ed0,2022-07-14T08:28:45+00:00,52054.0,medium,pull_request_keyword
50855,2022-06-15T09:25:43+00:00,2022-07-14T09:08:02+00:00,,2022-07-14T09:08:02+00:00,,low,issue_closed_at_fallback
51610,2022-06-30T05:52:25+00:00,2022-07-14T12:20:12+00:00,c8b5307c613c68feb59aee864c10b86aa5497ea9,2022-07-14T12:20:11+00:00,52225.0,medium,pull_request_keyword
50397,2022-06-08T10:25:55+00:00,2022-07-15T09:46:31+00:00,1c48f443f06aabaea2845d0b333f7f263d095d0b,2022-07-15T09:46:31+00:00,52248.0,medium,pull_request_keyword
52105,2022-07-12T13:35:02+00:00,2022-07-15T12:26:16+00:00,a2512dd1c76c80efd867055c31f29e679421d66d,2022-07-15T12:26:16+00:00,52214.0,medium,pull_request_keyword
47037,2022-03-30T05:08:33+00:00,2022-07-15T16:23:41+00:00,,2022-07-15T16:23:41+00:00,,low,issue_closed_at_fallback
51990,2022-07-08T18:01:42+00:00,2022-07-15T22:03:04+00:00,57249aa4083d4081e9fa76ac8f6ebd19f94ab6c7,2022-07-15T22:03:04+00:00,52343.0,medium,pull_request_keyword
51506,2022-06-28T14:46:33+00:00,2022-07-18T12:48:00+00:00,,2022-07-18T12:48:00+00:00,,low,issue_closed_at_fallback
51355,2022-06-23T22:11:38+00:00,2022-07-19T06:48:55+00:00,,2022-07-19T06:48:55+00:00,,low,issue_closed_at_fallback
52339,2022-07-15T15:04:14+00:00,2022-07-19T12:21:24+00:00,,2022-07-19T12:21:24+00:00,,low,issue_closed_at_fallback
49256,2022-05-19T15:13:00+00:00,2022-07-20T01:34:24+00:00,,2022-07-20T01:34:24+00:00,,low,issue_closed_at_fallback
52434,2022-07-19T07:37:49+00:00,2022-07-20T09:18:42+00:00,,2022-07-20T09:18:42+00:00,,low,issue_closed_at_fallback
52356,2022-07-15T19:02:25+00:00,2022-07-20T11:28:02+00:00,813f18b990f09cba6adb69e05a6c8c9f187941bd,2022-07-20T11:28:02+00:00,52489.0,medium,pull_request_keyword
52308,2022-07-15T08:05:30+00:00,2022-07-20T12:26:05+00:00,98d41f0bf8fb7e3cf6aecbce288aa87cb4e55de5,2022-07-20T12:26:05+00:00,52525.0,medium,pull_request_keyword
52508,2022-07-20T07:32:07+00:00,2022-07-20T12:49:51+00:00,,2022-07-20T12:49:51+00:00,,low,issue_closed_at_fallback
50148,2022-06-03T09:41:00+00:00,2022-07-20T13:53:36+00:00,,2022-07-20T13:53:36+00:00,,low,issue_closed_at_fallback
52018,2022-07-11T07:04:48+00:00,2022-07-21T08:14:29+00:00,6cab9091324fe42e51a826b9345bdea4c22fae07,2022-07-20T10:28:12+00:00,52458.0,medium,pull_request_keyword
52195,2022-07-14T06:11:06+00:00,2022-07-21T13:28:54+00:00,,2022-07-21T13:28:54+00:00,,low,issue_closed_at_fallback
51830,2022-07-06T16:14:48+00:00,2022-07-22T09:20:30+00:00,8ce9f2c93689449d8c22419e6491aed77e86f94e,2022-07-22T09:20:29+00:00,52399.0,medium,pull_request_keyword
52082,2022-07-12T09:41:00+00:00,2022-07-22T10:42:13+00:00,,2022-07-22T10:42:13+00:00,,low,issue_closed_at_fallback
47155,2022-03-31T16:00:10+00:00,2022-07-22T16:17:42+00:00,,2022-07-22T16:17:42+00:00,,low,issue_closed_at_fallback
47296,2022-04-05T04:29:36+00:00,2022-07-22T16:22:49+00:00,,2022-07-22T16:22:49+00:00,,low,issue_closed_at_fallback
47671,2022-04-13T03:04:02+00:00,2022-07-22T16:41:05+00:00,,2022-07-22T16:41:05+00:00,,low,issue_closed_at_fallback
51464,2022-06-27T19:39:07+00:00,2022-07-26T07:07:39+00:00,,2022-07-26T07:07:39+00:00,,low,issue_closed_at_fallback
50628,2022-06-10T15:35:48+00:00,2022-07-26T07:21:47+00:00,,2022-07-26T07:21:47+00:00,,low,issue_closed_at_fallback
51953,2022-07-08T07:59:27+00:00,2022-07-26T08:36:19+00:00,,2022-07-26T08:36:19+00:00,,low,issue_closed_at_fallback
51846,2022-07-06T19:39:49+00:00,2022-07-26T11:24:45+00:00,,2022-07-26T11:24:45+00:00,,low,issue_closed_at_fallback
51555,2022-06-29T13:10:42+00:00,2022-07-26T15:26:03+00:00,,2022-07-26T15:26:03+00:00,,low,issue_closed_at_fallback
52729,2022-07-25T13:22:01+00:00,2022-07-27T06:27:26+00:00,,2022-07-27T06:27:26+00:00,,low,issue_closed_at_fallback
52719,2022-07-25T11:36:18+00:00,2022-07-27T08:18:17+00:00,,2022-07-27T08:18:17+00:00,,low,issue_closed_at_fallback
51631,2022-06-30T11:30:44+00:00,2022-07-27T08:47:45+00:00,,2022-07-27T08:47:45+00:00,,low,issue_closed_at_fallback
52757,2022-07-25T19:13:55+00:00,2022-07-27T12:46:00+00:00,542b4f243192b1b76f1fa3c04af3545682f1c836,2022-07-27T12:45:59+00:00,52759.0,medium,pull_request_keyword
52360,2022-07-15T21:47:32+00:00,2022-07-27T12:46:01+00:00,542b4f243192b1b76f1fa3c04af3545682f1c836,2022-07-27T12:45:59+00:00,52759.0,medium,pull_request_keyword
52847,2022-07-26T23:35:56+00:00,2022-07-27T15:20:49+00:00,,2022-07-27T15:20:49+00:00,,low,issue_closed_at_fallback
52923,2022-07-28T08:02:37+00:00,2022-07-28T12:54:30+00:00,,2022-07-28T12:54:30+00:00,,low,issue_closed_at_fallback
51477,2022-06-28T08:02:10+00:00,2022-07-28T13:42:48+00:00,,2022-07-28T13:42:48+00:00,,low,issue_closed_at_fallback
52821,2022-07-26T14:40:22+00:00,2022-07-28T14:51:11+00:00,ee7372da1a0ba75eb855ead47106b70f86f96cd3,2022-07-28T14:49:25+00:00,52838.0,medium,pull_request_keyword
52914,2022-07-28T00:21:35+00:00,2022-07-28T21:51:38+00:00,7c40257bafc951fd7d2ecf111d95cfd8d2462283,2022-07-28T21:51:37+00:00,52964.0,medium,pull_request_keyword
52491,2022-07-19T22:19:12+00:00,2022-07-29T09:45:47+00:00,,2022-07-29T09:45:47+00:00,,low,issue_closed_at_fallback
52940,2022-07-28T13:09:24+00:00,2022-07-29T12:11:44+00:00,e88e3482e0e66bc94d76d60d7503e6d63bcc499e,2022-07-29T12:11:43+00:00,52941.0,medium,pull_request_keyword
51628,2022-06-30T11:06:09+00:00,2022-07-29T13:27:20+00:00,,2022-07-29T13:27:20+00:00,,low,issue_closed_at_fallback
51636,2022-06-30T12:44:25+00:00,2022-08-01T06:24:05+00:00,,2022-08-01T06:24:05+00:00,,low,issue_closed_at_fallback
52370,2022-07-17T22:56:52+00:00,2022-08-01T11:18:08+00:00,,2022-08-01T11:18:08+00:00,,low,issue_closed_at_fallback
52976,2022-07-29T09:22:43+00:00,2022-08-01T11:53:32+00:00,,2022-08-01T11:53:32+00:00,,low,issue_closed_at_fallback
46510,2022-03-13T14:40:24+00:00,2022-08-01T12:14:10+00:00,f10047b7085fd9ae76929d57b2f7c5547e0bf5a2,2022-04-12T13:12:03+00:00,47323.0,medium,pull_request_keyword
52753,2022-07-25T17:39:09+00:00,2022-08-01T12:53:10+00:00,314eb5223f55cf379ca7d9773731837148b613b6,2022-08-01T12:53:09+00:00,53031.0,medium,pull_request_keyword
53030,2022-08-01T10:39:12+00:00,2022-08-01T13:41:15+00:00,,2022-08-01T13:41:15+00:00,,low,issue_closed_at_fallback
52875,2022-07-27T12:58:24+00:00,2022-08-01T15:12:41+00:00,2948bf01dc2d8f31da296d1a805aade94c336ebf,2022-08-01T15:12:40+00:00,52876.0,medium,pull_request_keyword
52892,2022-07-27T15:32:58+00:00,2022-08-01T15:31:08+00:00,,2022-08-01T15:31:08+00:00,,low,issue_closed_at_fallback
52945,2022-07-28T14:55:45+00:00,2022-08-01T19:40:03+00:00,f2436b15bf08696df279ca88b1471df0a892ac77,2022-08-01T19:40:02+00:00,53068.0,medium,pull_request_keyword
52946,2022-07-28T15:00:57+00:00,2022-08-01T20:34:06+00:00,5797fbc0b2475352a9d080e1433cb9f92bb6c9de,2022-08-01T20:34:05+00:00,52958.0,medium,pull_request_keyword
53064,2022-08-01T17:18:49+00:00,2022-08-01T21:48:36+00:00,cc20f04860dee68735672db983acb211590df633,2022-08-01T21:48:35+00:00,53069.0,medium,pull_request_keyword
53079,2022-08-02T00:03:36+00:00,2022-08-02T01:32:42+00:00,c00c8db13c0cf3359c9486f8f15f932161cb90c8,2022-08-02T01:32:41+00:00,53080.0,medium,pull_request_keyword
47001,2022-03-29T07:43:18+00:00,2022-08-02T09:08:37+00:00,,2022-08-02T09:08:37+00:00,,low,issue_closed_at_fallback
44605,2022-01-28T16:55:01+00:00,2022-08-02T10:26:06+00:00,,2022-08-02T10:26:06+00:00,,low,issue_closed_at_fallback
53008,2022-07-29T18:56:21+00:00,2022-08-02T21:18:37+00:00,5797fbc0b2475352a9d080e1433cb9f92bb6c9de,2022-08-01T20:34:05+00:00,52958.0,medium,pull_request_keyword
53212,2022-08-03T11:54:05+00:00,2022-08-03T16:06:07+00:00,,2022-08-03T16:06:07+00:00,,low,issue_closed_at_fallback
52951,2022-07-28T15:23:24+00:00,2022-08-03T19:49:37+00:00,d54e55ea9a32660469a817ae4e1c0bf584ecfa82,2022-08-03T19:49:36+00:00,53184.0,medium,pull_request_keyword
52948,2022-07-28T15:11:41+00:00,2022-08-03T21:23:09+00:00,6c58ea66a959cc5a1e495478f054d21a62bff39a,2022-08-03T21:23:08+00:00,53262.0,medium,pull_request_keyword
53200,2022-08-03T10:18:41+00:00,2022-08-04T08:18:46+00:00,,2022-08-04T08:18:46+00:00,,low,issue_closed_at_fallback
53001,2022-07-29T15:23:46+00:00,2022-08-04T15:58:41+00:00,,2022-08-04T15:58:41+00:00,,low,issue_closed_at_fallback
52602,2022-07-21T11:48:23+00:00,2022-08-04T17:20:14+00:00,,2022-08-04T17:20:14+00:00,,low,issue_closed_at_fallback
51387,2022-06-24T14:26:33+00:00,2022-08-05T01:17:33+00:00,64721bfa94dbbc045f2625d6b9af3a57e278e45b,2022-08-05T01:17:32+00:00,53330.0,medium,pull_request_keyword
52065,2022-07-11T18:57:00+00:00,2022-08-08T09:13:21+00:00,64967325b2b6a601d8e9a23230ea59d432194fbc,2022-08-08T09:13:19+00:00,53090.0,medium,pull_request_keyword
53339,2022-08-05T10:27:30+00:00,2022-08-08T11:10:44+00:00,aee28569074e6e52c2a3f7066f9949b42f36769e,2022-08-08T11:10:43+00:00,53380.0,medium,pull_request_keyword
52455,2022-07-19T12:23:31+00:00,2022-08-08T12:27:34+00:00,,2022-08-08T12:27:34+00:00,,low,issue_closed_at_fallback
53275,2022-08-04T01:06:05+00:00,2022-08-08T16:32:37+00:00,,2022-08-08T16:32:37+00:00,,low,issue_closed_at_fallback
52084,2022-07-12T11:26:28+00:00,2022-08-10T13:30:03+00:00,a8e385d45257c82ddb6716e8b148ec39055a0b41,2022-09-08T08:44:27+00:00,52567.0,medium,pull_request_keyword
52972,2022-07-29T06:24:54+00:00,2022-08-10T19:48:46+00:00,,2022-08-10T19:48:46+00:00,,low,issue_closed_at_fallback
50449,2022-06-08T16:14:50+00:00,2022-08-12T10:02:57+00:00,d4f382892d8871030333295074ffe3aaa28baf93,2022-08-12T10:02:56+00:00,53537.0,medium,pull_request_keyword
51327,2022-06-23T13:34:41+00:00,2022-08-12T13:54:21+00:00,d6a0a5c9ede126c8854951b5672dc832778718ac,2022-08-12T13:54:20+00:00,53652.0,medium,pull_request_keyword
53231,2022-08-03T13:53:06+00:00,2022-08-12T14:14:06+00:00,0ce89dbcb626f887b41b830d5d446894cc196935,2022-08-12T14:14:05+00:00,53607.0,medium,pull_request_keyword
53363,2022-08-08T02:59:19+00:00,2022-08-15T12:36:59+00:00,,2022-08-15T12:36:59+00:00,,low,issue_closed_at_fallback
53737,2022-08-15T13:41:44+00:00,2022-08-15T14:39:01+00:00,835562bb68e1cfe2aa21021470846abfc3acce0a,2022-08-15T14:39:00+00:00,53738.0,medium,pull_request_keyword
48854,2022-05-09T10:05:09+00:00,2022-08-15T16:56:30+00:00,,2022-08-15T16:56:30+00:00,,low,issue_closed_at_fallback
48145,2022-04-22T23:35:13+00:00,2022-08-16T13:48:58+00:00,,2022-08-16T13:48:58+00:00,,low,issue_closed_at_fallback
53288,2022-08-04T10:53:45+00:00,2022-08-17T10:52:23+00:00,b5cb7738dab99aee7fb182ddb28661cd2d44610c,2022-08-17T10:52:22+00:00,53763.0,medium,pull_request_keyword
48044,2022-04-21T10:27:52+00:00,2022-08-17T13:29:38+00:00,,2022-08-17T13:29:38+00:00,,low,issue_closed_at_fallback
53829,2022-08-17T12:58:13+00:00,2022-08-17T14:30:54+00:00,,2022-08-17T14:30:54+00:00,,low,issue_closed_at_fallback
53661,2022-08-12T13:01:26+00:00,2022-08-18T13:26:42+00:00,86de94cbfad5f726f5f3840aa4dd132d88db06db,2022-08-18T13:26:41+00:00,53671.0,medium,pull_request_keyword
46477,2022-03-11T21:00:06+00:00,2022-08-18T15:16:38+00:00,f5f93ccd967bad422e519f461bf4342b4f2176a0,2022-08-18T15:16:37+00:00,53773.0,medium,pull_request_keyword
53837,2022-08-17T14:16:45+00:00,2022-08-18T16:15:15+00:00,,2022-08-18T16:15:15+00:00,,low,issue_closed_at_fallback
49999,2022-06-01T12:06:39+00:00,2022-08-18T19:14:34+00:00,,2022-08-18T19:14:34+00:00,,low,issue_closed_at_fallback
53915,2022-08-18T20:40:22+00:00,2022-08-18T21:20:00+00:00,,2022-08-18T21:20:00+00:00,,low,issue_closed_at_fallback
52488,2022-07-19T21:51:50+00:00,2022-08-19T08:57:57+00:00,25538c528de5b4037f07e51896fee801be9e54f5,2022-08-19T08:57:57+00:00,53903.0,medium,pull_request_keyword
53331,2022-08-04T20:58:14+00:00,2022-08-19T14:42:36+00:00,4f2d30b1533f3965cc62ed3a23c3d0409a37c475,2022-08-19T14:42:35+00:00,53960.0,medium,pull_request_keyword
47605,2022-04-12T05:58:12+00:00,2022-08-19T16:32:25+00:00,,2022-08-19T16:32:25+00:00,,low,issue_closed_at_fallback
45947,2022-02-27T13:44:28+00:00,2022-08-19T17:50:51+00:00,,2022-08-19T17:50:51+00:00,,low,issue_closed_at_fallback
53897,2022-08-18T13:59:33+00:00,2022-08-22T05:55:47+00:00,,2022-08-22T05:55:47+00:00,,low,issue_closed_at_fallback
53378,2022-08-08T10:31:41+00:00,2022-08-22T09:37:29+00:00,ee58d4ce4bb4bd2472ff08c6c839d7d2f969d187,2022-08-22T09:37:28+00:00,53975.0,medium,pull_request_keyword
53715,2022-08-14T13:01:01+00:00,2022-08-22T11:09:34+00:00,,2022-08-22T11:09:34+00:00,,low,issue_closed_at_fallback
44273,2022-01-20T14:29:59+00:00,2022-08-22T17:10:33+00:00,,2022-08-22T17:10:33+00:00,,low,issue_closed_at_fallback
45814,2022-02-23T23:17:39+00:00,2022-08-22T21:12:22+00:00,13aacf3590978586908aacf796e3de93f2dd902e,2022-08-22T21:12:21+00:00,54058.0,medium,pull_request_keyword
48689,2022-05-04T10:00:59+00:00,2022-08-23T08:00:43+00:00,,2022-08-23T08:00:43+00:00,,low,issue_closed_at_fallback
53311,2022-08-04T14:00:11+00:00,2022-08-23T10:23:25+00:00,,2022-08-23T10:23:25+00:00,,low,issue_closed_at_fallback
47530,2022-04-08T16:41:25+00:00,2022-08-23T11:05:32+00:00,e6857bf17d95012f3d1cb87309ac1c9d55882ea8,2022-08-23T13:05:31+02:00,,high,commit_message_keyword
52046,2022-07-11T13:14:39+00:00,2022-08-23T11:21:30+00:00,,2022-08-23T11:21:30+00:00,,low,issue_closed_at_fallback
50532,2022-06-09T15:35:59+00:00,2022-08-23T15:43:33+00:00,4f2b66ac1df89f3ee948d1f2fe1e45d3b689318e,2022-08-23T15:43:31+00:00,54062.0,medium,pull_request_keyword
53566,2022-08-11T07:01:20+00:00,2022-08-24T11:40:51+00:00,b5142832fae00aabd04c59ffa4ff6a1440b37959,2022-08-24T11:40:50+00:00,53933.0,medium,pull_request_keyword
46486,2022-03-12T00:13:41+00:00,2022-08-24T13:38:19+00:00,95ec6f6c0f066f067a44a2842c6c89de0d9535f2,2022-08-24T13:38:17+00:00,53827.0,medium,pull_request_keyword
50870,2022-06-15T11:49:25+00:00,2022-08-24T14:27:55+00:00,,2022-08-24T14:27:55+00:00,,low,issue_closed_at_fallback
54104,2022-08-23T15:55:19+00:00,2022-08-24T14:59:07+00:00,4d4ecd7fec3f27d1730e6bd285660eb78eb5f5ed,2022-08-24T14:59:06+00:00,54117.0,medium,pull_request_keyword
54113,2022-08-23T18:13:39+00:00,2022-08-25T07:07:11+00:00,f9a49aa3ed788def6c00cb4f556c71416d751280,2022-08-25T07:07:10+00:00,54152.0,medium,pull_request_keyword
53934,2022-08-19T10:47:00+00:00,2022-08-25T10:50:28+00:00,552d3fec8dc1f57c1738240cb54ebd7416780c9b,2022-08-25T10:50:27+00:00,54208.0,medium,pull_request_keyword
53946,2022-08-19T12:24:43+00:00,2022-08-26T10:25:41+00:00,37fde2eec6a3d3289ab2dccec369f3e129617055,2022-08-26T10:25:40+00:00,54084.0,medium,pull_request_keyword
52526,2022-07-20T11:54:38+00:00,2022-08-26T12:48:52+00:00,3f50f2e69529a98b35d689b19fe8948e34dff261,2022-08-10T07:28:50+00:00,53478.0,medium,pull_request_keyword
52613,2022-07-21T14:57:31+00:00,2022-08-26T13:36:43+00:00,f4fa3e4ff45ab2c0381f65c93f293534fc27d033,2022-08-26T13:36:43+00:00,53111.0,medium,pull_request_keyword
53988,2022-08-20T06:58:50+00:00,2022-08-26T21:30:08+00:00,49b1182f342bf48fe5d86f1761a83e949d070d70,2022-08-26T21:30:08+00:00,54287.0,medium,pull_request_keyword
54076,2022-08-23T07:22:29+00:00,2022-08-26T21:54:31+00:00,a932428057edc84f7c275b347c8289fdd29608c5,2022-08-26T21:54:30+00:00,54293.0,medium,pull_request_keyword
53500,2022-08-10T02:08:45+00:00,2022-08-30T09:15:17+00:00,,2022-08-30T09:15:17+00:00,,low,issue_closed_at_fallback
52556,2022-07-20T18:30:09+00:00,2022-08-30T10:34:43+00:00,,2022-08-30T10:34:43+00:00,,low,issue_closed_at_fallback
51189,2022-06-21T16:49:47+00:00,2022-08-30T15:19:59+00:00,,2022-08-30T15:19:59+00:00,,low,issue_closed_at_fallback
53498,2022-08-09T23:19:23+00:00,2022-08-30T15:27:07+00:00,acbbdccba936621475623f6b0e997d0982ef4e8b,2022-08-30T15:27:01+00:00,54462.0,medium,pull_request_keyword
52925,2022-07-28T08:59:22+00:00,2022-08-31T10:49:26+00:00,51e2f57ac9bdc8b5597c0687ad5b1f1b5a7bf08b,2022-08-31T10:49:25+00:00,54139.0,medium,pull_request_keyword
54242,2022-08-25T15:30:34+00:00,2022-08-31T12:54:33+00:00,713075c4945bb8b86e73c187a0c9b7b5797adbe8,2022-08-31T12:54:33+00:00,54405.0,medium,pull_request_keyword
54227,2022-08-25T13:09:00+00:00,2022-08-31T13:36:09+00:00,e5fba788d6ac3de087f030a43a2bee39366981c6,2022-08-31T13:36:08+00:00,54519.0,medium,pull_request_keyword
44446,2022-01-25T18:02:38+00:00,2022-09-01T09:28:51+00:00,f15ce633c9f60cc4d2bb6f1ea1e72041ce2e4a4e,2022-09-01T09:28:51+00:00,54543.0,medium,pull_request_keyword
54550,2022-08-31T18:55:25+00:00,2022-09-01T12:42:08+00:00,4ec03bad64ffb618a6baa5253f50fa833ab45378,2022-09-01T12:42:06+00:00,54570.0,medium,pull_request_keyword
53927,2022-08-19T08:42:31+00:00,2022-09-01T13:18:59+00:00,29ff97a4b8bb1acaf2ca1f22f2c56038f07baea9,2022-09-01T13:18:57+00:00,54551.0,medium,pull_request_keyword
54579,2022-09-01T12:55:35+00:00,2022-09-01T13:46:09+00:00,fd7a30c0a9a7b38ccce3666ad7f57d530c5bf406,2022-09-01T13:46:07+00:00,54580.0,medium,pull_request_keyword
54571,2022-09-01T11:19:46+00:00,2022-09-01T14:08:16+00:00,,2022-09-01T14:08:16+00:00,,low,issue_closed_at_fallback
54524,2022-08-31T12:37:38+00:00,2022-09-02T08:37:52+00:00,4179f9495919f3ae8b6e64898178322f7817dd6c,2022-09-02T08:37:51+00:00,54588.0,medium,pull_request_keyword
52773,2022-07-26T01:53:59+00:00,2022-09-02T10:05:29+00:00,6e4900dc45b670a634a284646635f462bd13a32f,2022-09-02T10:05:28+00:00,52909.0,medium,pull_request_keyword
50222,2022-06-06T04:22:30+00:00,2022-09-02T16:46:48+00:00,,2022-09-02T16:46:48+00:00,,low,issue_closed_at_fallback
54401,2022-08-29T15:52:05+00:00,2022-09-02T17:53:22+00:00,600ea254afdb78b781f94c14a3d0d06a2ffa72a1,2022-09-02T17:53:21+00:00,54660.0,medium,pull_request_keyword
54654,2022-09-02T15:32:55+00:00,2022-09-02T18:50:04+00:00,82738395390d61864571da218d946a727238387d,2022-09-02T18:50:02+00:00,54667.0,medium,pull_request_keyword
53436,2022-08-09T04:54:20+00:00,2022-09-04T01:36:21+00:00,,2022-09-04T01:36:21+00:00,,low,issue_closed_at_fallback
53456,2022-08-09T11:16:19+00:00,2022-09-05T13:28:34+00:00,65c3ad6721622d1c7af0ee526b2745b2141bf6a4,2022-09-05T13:28:33+00:00,54600.0,medium,pull_request_keyword
53725,2022-08-15T08:00:55+00:00,2022-09-05T15:54:25+00:00,69f3e48962718691a793807aafd5d6a3c7c01862,2022-09-05T15:54:24+00:00,54238.0,medium,pull_request_keyword
54565,2022-09-01T09:13:33+00:00,2022-09-06T13:42:43+00:00,,2022-09-06T13:42:43+00:00,,low,issue_closed_at_fallback
54443,2022-08-30T12:51:49+00:00,2022-09-06T17:00:34+00:00,e5c32c8cc9ef18041dd25df0d3b5db860128aefd,2022-09-06T17:00:33+00:00,54706.0,medium,pull_request_keyword
54485,2022-08-30T17:56:06+00:00,2022-09-07T14:31:33+00:00,,2022-09-07T14:31:33+00:00,,low,issue_closed_at_fallback
54364,2022-08-28T04:03:49+00:00,2022-09-07T16:09:45+00:00,4223d3a6a732385fabdc70a001c863659d8b4702,2022-09-07T16:09:44+00:00,54365.0,medium,pull_request_keyword
54387,2022-08-29T12:26:09+00:00,2022-09-08T10:10:31+00:00,,2022-09-08T10:10:31+00:00,,low,issue_closed_at_fallback
54535,2022-08-31T14:36:12+00:00,2022-09-08T16:27:36+00:00,a70aba1384d9c4ce4735d3a0e855020bab2b5d4f,2022-09-06T14:23:49+00:00,54566.0,medium,pull_request_keyword
54169,2022-08-24T16:28:28+00:00,2022-09-09T09:04:09+00:00,,2022-09-09T09:04:09+00:00,,low,issue_closed_at_fallback
54448,2022-08-30T14:16:26+00:00,2022-09-09T10:04:53+00:00,20b07fae6f190abe1a433e18364b74682aad0644,2022-09-09T10:04:52+00:00,54920.0,medium,pull_request_keyword
47484,2022-04-08T06:34:25+00:00,2022-09-09T11:34:40+00:00,,2022-09-09T11:34:40+00:00,,low,issue_closed_at_fallback
54727,2022-09-05T17:06:43+00:00,2022-09-09T12:15:33+00:00,a37fa758a20bc0783cc273adc797f309f1cb7271,2022-09-09T12:15:32+00:00,54860.0,medium,pull_request_keyword
47366,2022-04-05T23:09:32+00:00,2022-09-09T16:01:31+00:00,d5e28426ee53258c2a229bf0ca121157626d5dbf,2022-09-09T16:01:31+00:00,54882.0,medium,pull_request_keyword
54850,2022-09-07T13:38:40+00:00,2022-09-09T16:47:55+00:00,bc4d929c67a99a737cf2c07ff8edfda8924c4b43,2022-09-09T16:47:54+00:00,54975.0,medium,pull_request_keyword
54757,2022-09-06T10:26:36+00:00,2022-09-12T10:10:53+00:00,879ee82b83e73e4543ac181035693a1c8252ba54,2022-09-12T10:10:52+00:00,54937.0,medium,pull_request_keyword
54848,2022-09-07T13:23:16+00:00,2022-09-12T11:29:25+00:00,698a4fab26f1d70af1106adddff757afa7873375,2022-09-12T11:29:24+00:00,54867.0,medium,pull_request_keyword
54977,2022-09-09T13:22:26+00:00,2022-09-12T15:40:19+00:00,,2022-09-12T15:40:19+00:00,,low,issue_closed_at_fallback
54907,2022-09-08T13:23:17+00:00,2022-09-12T15:48:09+00:00,,2022-09-12T15:48:09+00:00,,low,issue_closed_at_fallback
54713,2022-09-05T14:06:12+00:00,2022-09-12T19:30:00+00:00,,2022-09-12T19:30:00+00:00,,low,issue_closed_at_fallback
54464,2022-08-30T15:16:00+00:00,2022-09-12T19:33:10+00:00,89d94eeab2947a6af4aff1b851438f1d1c90c5e9,2022-09-12T19:33:09+00:00,55050.0,medium,pull_request_keyword
53992,2022-08-20T17:52:29+00:00,2022-09-13T11:13:52+00:00,6bc0d97c491a648753362ffa243d861169adb5c5,2022-09-13T11:13:51+00:00,55065.0,medium,pull_request_keyword
54936,2022-09-09T03:14:38+00:00,2022-09-13T11:13:52+00:00,,2022-09-13T11:13:52+00:00,,low,issue_closed_at_fallback
46087,2022-03-02T11:45:53+00:00,2022-09-13T11:27:17+00:00,,2022-09-13T11:27:17+00:00,,low,issue_closed_at_fallback
55049,2022-09-12T18:13:07+00:00,2022-09-13T20:22:30+00:00,446b17f3081f73f488da5f2b868ea0d96b22304c,2022-09-13T20:22:29+00:00,55122.0,medium,pull_request_keyword
54472,2022-08-30T16:42:33+00:00,2022-09-14T12:33:05+00:00,bed531f5fba0eeafa2193faec51531cda81a704b,2022-09-14T12:33:04+00:00,55126.0,medium,pull_request_keyword
55226,2022-09-15T10:09:30+00:00,2022-09-15T13:00:06+00:00,13014dc0dfe8825b10d3c6066d74afcb5fb59640,2022-09-15T13:00:05+00:00,55231.0,medium,pull_request_keyword
54969,2022-09-09T12:11:40+00:00,2022-09-15T15:46:12+00:00,,2022-09-15T15:46:12+00:00,,low,issue_closed_at_fallback
54688,2022-09-05T07:40:00+00:00,2022-09-15T16:06:10+00:00,,2022-09-15T16:06:10+00:00,,low,issue_closed_at_fallback
54121,2022-08-23T22:13:42+00:00,2022-09-15T16:19:35+00:00,099d3cdf727ea54b32cda48c0084beab21d2af7a,2022-09-15T16:19:34+00:00,54122.0,medium,pull_request_keyword
54766,2022-09-06T11:17:50+00:00,2022-09-15T16:25:07+00:00,5561f935e64aa60129d173e0df31b99efbb714e6,2022-09-15T16:25:06+00:00,54793.0,medium,pull_request_keyword
54516,2022-08-31T08:49:02+00:00,2022-09-16T10:14:36+00:00,18f33871d1638a8d922bc57a1dd15f595b65ec65,2022-09-16T10:14:35+00:00,55285.0,medium,pull_request_keyword
52440,2022-07-19T09:28:22+00:00,2022-09-16T15:18:36+00:00,,2022-09-16T15:18:36+00:00,,low,issue_closed_at_fallback
50186,2022-06-03T15:53:45+00:00,2022-09-16T16:22:07+00:00,,2022-09-16T16:22:07+00:00,,low,issue_closed_at_fallback
54160,2022-08-24T15:37:36+00:00,2022-09-16T16:53:11+00:00,bf5b21563cea97eeec3266fdf593e67e94f594fa,2022-09-16T16:53:10+00:00,55299.0,medium,pull_request_keyword
52853,2022-07-27T07:55:17+00:00,2022-09-17T15:11:34+00:00,,2022-09-17T15:11:34+00:00,,low,issue_closed_at_fallback
46322,2022-03-08T12:39:59+00:00,2022-09-18T14:06:51+00:00,,2022-09-18T14:06:51+00:00,,low,issue_closed_at_fallback
46398,2022-03-10T08:23:51+00:00,2022-09-19T09:42:06+00:00,4a1ca7e32fbe870165ec47def2436c55597c7e92,2022-09-19T09:42:05+00:00,55345.0,medium,pull_request_keyword
55183,2022-09-14T16:20:07+00:00,2022-09-19T09:45:23+00:00,a3ff758874d5c1cff2298d027c0ffe8c69d2a1c4,2022-09-19T09:45:22+00:00,55225.0,medium,pull_request_keyword
54749,2022-09-06T09:16:21+00:00,2022-09-19T14:43:17+00:00,273ff02ddeebcd83722435f7337f1b3a2e637b1f,2022-09-19T14:43:16+00:00,55055.0,medium,pull_request_keyword
54789,2022-09-06T14:05:17+00:00,2022-09-20T10:13:35+00:00,d815e2cb569f78208ae3112ea92cb8e8a1fd8875,2022-09-20T10:13:34+00:00,55242.0,medium,pull_request_keyword
55392,2022-09-19T13:26:25+00:00,2022-09-20T11:35:15+00:00,,2022-09-20T11:35:15+00:00,,low,issue_closed_at_fallback
55527,2022-09-20T23:27:39+00:00,2022-09-21T11:09:18+00:00,,2022-09-21T11:09:18+00:00,,low,issue_closed_at_fallback
55312,2022-09-16T15:10:29+00:00,2022-09-21T17:37:18+00:00,9e0d349bf95dfcb962da1b91294898495eca492a,2022-09-21T17:37:18+00:00,55314.0,medium,pull_request_keyword
55387,2022-09-19T12:42:52+00:00,2022-09-21T17:51:15+00:00,,2022-09-21T17:51:15+00:00,,low,issue_closed_at_fallback
47820,2022-04-15T12:16:22+00:00,2022-09-21T19:49:31+00:00,5be04f53368cce32a2bc7642957504b787187cfb,2022-09-21T19:49:30+00:00,55323.0,medium,pull_request_keyword
45183,2022-02-09T21:36:43+00:00,2022-09-22T06:33:17+00:00,da78f3393951054b09fdbe56cffdba34b03a6f83,2022-09-22T06:33:16+00:00,55543.0,medium,pull_request_keyword
55295,2022-09-16T10:37:52+00:00,2022-09-22T06:45:24+00:00,,2022-09-22T06:45:24+00:00,,low,issue_closed_at_fallback
54735,2022-09-06T00:51:36+00:00,2022-09-22T07:14:14+00:00,383602a850b9c546fece58c40bd158e6e45e6484,2022-09-22T07:14:13+00:00,55197.0,medium,pull_request_keyword
55499,2022-09-20T15:36:29+00:00,2022-09-22T19:31:47+00:00,,2022-09-22T19:31:47+00:00,,low,issue_closed_at_fallback
51611,2022-06-30T06:53:54+00:00,2022-09-23T09:24:58+00:00,,2022-09-23T09:24:58+00:00,,low,issue_closed_at_fallback
54984,2022-09-09T14:09:26+00:00,2022-09-23T13:06:52+00:00,0f2afb6417727d7212d139dda466d802bc794069,2022-09-23T13:06:52+00:00,55666.0,medium,pull_request_keyword
55555,2022-09-21T10:28:57+00:00,2022-09-23T15:03:03+00:00,,2022-09-23T15:03:03+00:00,,low,issue_closed_at_fallback
54721,2022-09-05T15:29:51+00:00,2022-09-26T08:20:29+00:00,,2022-09-26T08:20:29+00:00,,low,issue_closed_at_fallback
52136,2022-07-13T08:41:30+00:00,2022-09-26T08:26:35+00:00,cbe4fb4dab920e2740a6b4cb071c8df439793f99,2022-08-22T10:41:06+00:00,53457.0,medium,pull_request_keyword
54233,2022-08-25T14:28:59+00:00,2022-09-26T12:27:47+00:00,,2022-09-26T12:27:47+00:00,,low,issue_closed_at_fallback
55723,2022-09-26T09:17:51+00:00,2022-09-26T13:02:51+00:00,,2022-09-26T13:02:51+00:00,,low,issue_closed_at_fallback
55451,2022-09-20T10:12:08+00:00,2022-09-26T13:05:05+00:00,d07abdd23c3e6a28913e2391f67867336b11c620,2022-09-26T13:05:04+00:00,55454.0,medium,pull_request_keyword
55805,2022-09-27T10:47:25+00:00,2022-09-27T14:30:40+00:00,,2022-09-27T14:30:40+00:00,,low,issue_closed_at_fallback
52954,2022-07-28T15:57:49+00:00,2022-09-27T15:53:48+00:00,e160f19247bc9302f32ed8a4c51f96662ef2a226,2022-09-27T15:53:47+00:00,55785.0,medium,pull_request_keyword
55870,2022-09-27T20:25:09+00:00,2022-09-27T21:08:53+00:00,,2022-09-27T21:08:53+00:00,,low,issue_closed_at_fallback
55689,2022-09-23T16:08:16+00:00,2022-09-28T04:05:15+00:00,d9d7bff79352cbcf792733ae2f4f4d3d35db7d4a,2022-09-28T04:05:14+00:00,55877.0,medium,pull_request_keyword
55190,2022-09-14T18:38:13+00:00,2022-09-28T10:59:08+00:00,37aa45001f5c2a8a8a71f5abb7ded943bf070a55,2022-09-28T10:59:07+00:00,55860.0,medium,pull_request_keyword
53684,2022-08-12T16:35:42+00:00,2022-09-28T12:29:43+00:00,cf1862ecc455bd38f3c08451479b305050e3ef51,2022-09-28T12:29:42+00:00,55909.0,medium,pull_request_keyword
55125,2022-09-13T18:23:25+00:00,2022-09-28T22:21:22+00:00,b0cd511ecce5da93689a332dd72f2aab97b2f20c,2022-09-28T22:21:21+00:00,55956.0,medium,pull_request_keyword
55135,2022-09-13T20:31:32+00:00,2022-09-28T22:31:31+00:00,5a9dfd717307b770cdf5f1535263c1b5fc541b19,2022-09-28T22:31:30+00:00,55961.0,medium,pull_request_keyword
55975,2022-09-29T06:50:49+00:00,2022-09-29T07:02:19+00:00,,2022-09-29T07:02:19+00:00,,low,issue_closed_at_fallback
55754,2022-09-26T15:04:15+00:00,2022-09-29T08:00:03+00:00,998a368c69843c23ea51b2ab747a4556e8f9d32a,2022-09-29T08:00:01+00:00,55934.0,medium,pull_request_keyword
53924,2022-08-19T07:44:58+00:00,2022-09-30T11:03:57+00:00,fc6afc6b84f317a3cd193c18213d78e0df325b5f,2022-09-30T11:03:56+00:00,55563.0,medium,pull_request_keyword
55553,2022-09-21T10:22:57+00:00,2022-10-03T14:05:21+00:00,,2022-10-03T14:05:21+00:00,,low,issue_closed_at_fallback
44712,2022-02-01T13:42:05+00:00,2022-10-04T05:58:36+00:00,6913623461eb32c4e301f84c4755d747d1910039,2022-10-04T05:58:35+00:00,55972.0,medium,pull_request_keyword
56058,2022-09-29T20:17:37+00:00,2022-10-04T07:17:59+00:00,,2022-10-04T07:17:59+00:00,,low,issue_closed_at_fallback
47514,2022-04-08T13:19:02+00:00,2022-10-04T08:38:09+00:00,,2022-10-04T08:38:09+00:00,,low,issue_closed_at_fallback
50884,2022-06-15T13:50:23+00:00,2022-10-04T08:38:21+00:00,5eb3ef8f028f19ce6cb066b87ad55d8efc8cf095,2022-09-21T10:11:53+00:00,55539.0,medium,pull_request_keyword
53570,2022-08-11T07:53:17+00:00,2022-10-05T09:32:35+00:00,4469572b276a18838917aa1fdba3959150bf31e0,2022-10-05T09:32:34+00:00,56184.0,medium,pull_request_keyword
48072,2022-04-21T15:36:16+00:00,2022-10-05T13:29:36+00:00,8594e648e80855e38bb33b6b3486e986c966e74b,2022-10-05T13:29:35+00:00,56378.0,medium,pull_request_keyword
55951,2022-09-28T15:59:25+00:00,2022-10-05T14:11:10+00:00,2410b88ad1b39a774b9d60e5a44277584c38c7c4,2022-10-05T14:11:09+00:00,56030.0,medium,pull_request_keyword
55193,2022-09-14T18:58:25+00:00,2022-10-05T14:59:08+00:00,2cdbd056344af023bf00f30063b0e47c7cf5d537,2022-10-05T14:59:07+00:00,56284.0,medium,pull_request_keyword
52171,2022-07-13T16:15:15+00:00,2022-10-05T15:19:14+00:00,4a14d7508690029ae2cd5e7009314842ee1dae45,2022-10-05T15:19:13+00:00,56398.0,medium,pull_request_keyword
56459,2022-10-06T10:04:35+00:00,2022-10-06T23:18:49+00:00,,2022-10-06T23:18:49+00:00,,low,issue_closed_at_fallback
55630,2022-09-22T16:03:39+00:00,2022-10-07T05:56:17+00:00,b622a87aeef7f593e84322607eaba1cef3cb1845,2022-10-07T05:56:16+00:00,55809.0,medium,pull_request_keyword
52655,2022-07-22T12:06:19+00:00,2022-10-07T06:18:57+00:00,bb479e030ac5cd23b8d94454d3204df851256ab2,2022-10-07T06:18:56+00:00,56469.0,medium,pull_request_keyword
55901,2022-09-28T09:44:29+00:00,2022-10-07T09:18:50+00:00,762688d67f27d90d334bcf63a9fe91b73bd62aae,2022-10-07T09:18:49+00:00,56453.0,medium,pull_request_keyword
55145,2022-09-14T06:54:53+00:00,2022-10-07T12:06:51+00:00,0eb3afbd14adfc143e4dd3d872b8b3a232852c87,2022-10-07T12:06:51+00:00,56452.0,medium,pull_request_keyword
55357,2022-09-19T07:34:23+00:00,2022-10-07T13:01:49+00:00,,2022-10-07T13:01:49+00:00,,low,issue_closed_at_fallback
56006,2022-09-29T11:30:29+00:00,2022-10-10T10:43:30+00:00,d405f3a8774600243d3b29d4fd7055243b3aa475,2022-10-10T10:43:29+00:00,56169.0,medium,pull_request_keyword
56181,2022-10-03T13:22:15+00:00,2022-10-10T14:08:34+00:00,65e56c9fb85f74ae86323e45699a1d9513d4c8f3,2022-10-10T14:08:33+00:00,56565.0,medium,pull_request_keyword
55588,2022-09-21T15:55:34+00:00,2022-10-11T09:04:00+00:00,bc632f239dbdc6f236d26e09387ad0d5e6010d6e,2022-10-11T09:03:59+00:00,56458.0,medium,pull_request_keyword
54423,2022-08-30T07:29:32+00:00,2022-10-11T11:35:04+00:00,a91d77003d1db2477ecdb43f66c62051fbea2f28,2022-10-11T11:35:03+00:00,54916.0,medium,pull_request_keyword
50593,2022-06-10T10:44:24+00:00,2022-10-11T12:51:31+00:00,,2022-10-11T12:51:31+00:00,,low,issue_closed_at_fallback
50973,2022-06-16T16:32:13+00:00,2022-10-11T14:37:55+00:00,,2022-10-11T14:37:55+00:00,,low,issue_closed_at_fallback
56551,2022-10-07T12:37:58+00:00,2022-10-11T15:08:55+00:00,9db61f54ff54c7d17f948f4fe085372c37446012,2022-10-11T15:08:53+00:00,56566.0,medium,pull_request_keyword
55716,2022-09-26T07:19:16+00:00,2022-10-12T04:57:51+00:00,48c27872af9ef6c368d33f21851a74d952576456,2022-10-12T04:57:50+00:00,56354.0,medium,pull_request_keyword
52362,2022-07-16T16:29:53+00:00,2022-10-12T07:48:59+00:00,,2022-10-12T07:48:59+00:00,,low,issue_closed_at_fallback
54188,2022-08-24T21:05:32+00:00,2022-10-12T07:52:24+00:00,6edce00b1a560e149498a1cace7ae96d713922aa,2022-10-12T07:52:23+00:00,55939.0,medium,pull_request_keyword
56513,2022-10-06T21:30:09+00:00,2022-10-12T21:18:57+00:00,254bb0c99ef0b5e23a053a11c8a2266ef7701ab5,2022-10-12T21:18:56+00:00,56830.0,medium,pull_request_keyword
51395,2022-06-24T17:37:03+00:00,2022-10-13T08:58:08+00:00,0295177bb00dadfc68d0f5df26104a6d06e751f8,2022-10-13T08:58:07+00:00,56270.0,medium,pull_request_keyword
56128,2022-09-30T18:15:39+00:00,2022-10-14T08:06:02+00:00,,2022-10-14T08:06:02+00:00,,low,issue_closed_at_fallback
56784,2022-10-12T09:55:29+00:00,2022-10-14T08:52:09+00:00,902a230867236a2ffa34a71b2bc5531ebe0e1773,2022-10-14T08:52:08+00:00,56879.0,medium,pull_request_keyword
56900,2022-10-13T17:45:14+00:00,2022-10-14T13:12:05+00:00,3dbb0f16590b60a40241f0c086f1bbe13ea55d4e,2022-10-14T13:12:04+00:00,56904.0,medium,pull_request_keyword
56799,2022-10-12T12:46:51+00:00,2022-10-17T07:06:47+00:00,,2022-10-17T07:06:47+00:00,,low,issue_closed_at_fallback
57070,2022-10-17T09:41:19+00:00,2022-10-17T14:31:15+00:00,fd0fcffc2468e4e48bae6fdb1bee328a738dc3e7,2022-10-17T14:31:12+00:00,57071.0,medium,pull_request_keyword
55917,2022-09-28T11:35:52+00:00,2022-10-17T16:28:56+00:00,,2022-10-17T16:28:56+00:00,,low,issue_closed_at_fallback
57111,2022-10-17T16:38:35+00:00,2022-10-18T10:38:52+00:00,4d0dd0647eb56bb3ba112bc98dade2f639f25701,2022-10-18T10:38:51+00:00,57156.0,medium,pull_request_keyword
54237,2022-08-25T15:06:14+00:00,2022-10-18T11:09:19+00:00,,2022-10-18T11:09:19+00:00,,low,issue_closed_at_fallback
56063,2022-09-29T22:38:15+00:00,2022-10-18T11:22:32+00:00,76d6e3c07547639dac073c8ea05f7dbf9346518d,2022-10-18T11:22:31+00:00,56729.0,medium,pull_request_keyword
56923,2022-10-14T08:49:15+00:00,2022-10-18T13:59:36+00:00,e91135cf19b275deff679349bcc5e0d4ccedaac2,2022-10-18T13:59:35+00:00,57142.0,medium,pull_request_keyword
55700,2022-09-23T19:42:21+00:00,2022-10-18T18:34:29+00:00,32cdd0010e9f8ffa5cce1e589cdae62d0ef18bc6,2022-10-19T14:07:29+00:00,56185.0,medium,pull_request_keyword
57161,2022-10-18T10:57:11+00:00,2022-10-19T09:32:04+00:00,,2022-10-19T09:32:04+00:00,,low,issue_closed_at_fallback
57093,2022-10-17T14:32:12+00:00,2022-10-19T09:58:18+00:00,598da14d8835b30fe48a2b28b2a1ebba00bf1148,2022-10-19T09:58:16+00:00,57243.0,medium,pull_request_keyword
56735,2022-10-11T14:46:57+00:00,2022-10-19T10:01:31+00:00,,2022-10-19T10:01:31+00:00,,low,issue_closed_at_fallback
55906,2022-09-28T10:16:49+00:00,2022-10-19T12:11:35+00:00,f50ab457bd17ab35f9a8b9c1bc776754b5ccddcc,2022-10-19T12:11:33+00:00,56931.0,medium,pull_request_keyword
57276,2022-10-19T12:56:25+00:00,2022-10-19T13:24:53+00:00,29877348327b320ff5ab253cbea47243f654fd03,2022-10-19T13:24:52+00:00,57279.0,medium,pull_request_keyword
57195,2022-10-18T14:31:22+00:00,2022-10-19T15:24:02+00:00,,2022-10-19T15:24:02+00:00,,low,issue_closed_at_fallback
56989,2022-10-14T13:20:35+00:00,2022-10-19T20:21:42+00:00,d81a3e524d9fb2437c5f3f35d532e37a523f2a8d,2022-10-19T20:21:40+00:00,57225.0,medium,pull_request_keyword
56859,2022-10-13T10:59:46+00:00,2022-10-20T06:15:53+00:00,0dd721d4cea64eb394c0b7b926b0015f600e9295,2022-10-20T06:15:52+00:00,57240.0,medium,pull_request_keyword
55743,2022-09-26T12:50:50+00:00,2022-10-20T12:02:31+00:00,,2022-10-20T12:02:31+00:00,,low,issue_closed_at_fallback
57348,2022-10-20T11:38:30+00:00,2022-10-20T12:52:38+00:00,,2022-10-20T12:52:38+00:00,,low,issue_closed_at_fallback
56477,2022-10-06T14:27:09+00:00,2022-10-20T13:20:50+00:00,,2022-10-20T13:20:50+00:00,,low,issue_closed_at_fallback
56975,2022-10-14T11:38:07+00:00,2022-10-20T17:12:55+00:00,8cebaf345de8761eaa40998af8e8840f25847bf9,2022-10-20T17:12:53+00:00,57341.0,medium,pull_request_keyword
48934,2022-05-12T11:57:15+00:00,2022-10-21T09:44:09+00:00,,2022-10-21T09:44:09+00:00,,low,issue_closed_at_fallback
57025,2022-10-14T20:18:47+00:00,2022-10-21T10:10:42+00:00,,2022-10-21T10:10:42+00:00,,low,issue_closed_at_fallback
57419,2022-10-21T11:49:32+00:00,2022-10-21T13:24:05+00:00,842b629cd1bd8ea21266e5412deb83de24d36cab,2022-10-21T13:24:03+00:00,57427.0,medium,pull_request_keyword
56988,2022-10-14T13:16:08+00:00,2022-10-21T13:33:01+00:00,cd0e0fcc538ce26eca94bd0324f48e72323b5a61,2022-10-21T13:32:59+00:00,57434.0,medium,pull_request_keyword
55348,2022-09-18T21:56:13+00:00,2022-10-21T18:58:26+00:00,7f3b567657b87ea0cd52cdf5efce066bf3c4f596,2022-10-21T18:58:24+00:00,57257.0,medium,pull_request_keyword
57352,2022-10-20T12:15:11+00:00,2022-10-21T21:45:01+00:00,,2022-10-21T21:45:01+00:00,,low,issue_closed_at_fallback
55838,2022-09-27T14:25:11+00:00,2022-10-24T08:14:43+00:00,,2022-10-24T08:14:43+00:00,,low,issue_closed_at_fallback
53248,2022-08-03T15:10:15+00:00,2022-10-24T10:31:39+00:00,,2022-10-24T10:31:39+00:00,,low,issue_closed_at_fallback
56465,2022-10-06T12:27:29+00:00,2022-10-24T14:27:57+00:00,,2022-10-24T14:27:57+00:00,,low,issue_closed_at_fallback
57462,2022-10-21T15:57:07+00:00,2022-10-25T07:39:39+00:00,,2022-10-25T07:39:39+00:00,,low,issue_closed_at_fallback
57404,2022-10-21T10:22:36+00:00,2022-10-25T09:45:56+00:00,,2022-10-25T09:45:56+00:00,,low,issue_closed_at_fallback
57562,2022-10-24T19:22:31+00:00,2022-10-25T15:05:39+00:00,,2022-10-25T15:05:39+00:00,,low,issue_closed_at_fallback
49897,2022-05-31T10:57:27+00:00,2022-10-25T20:48:15+00:00,,2022-10-25T20:48:15+00:00,,low,issue_closed_at_fallback
53776,2022-08-16T13:05:42+00:00,2022-10-26T08:05:33+00:00,,2022-10-26T08:05:33+00:00,,low,issue_closed_at_fallback
46248,2022-03-04T13:46:31+00:00,2022-10-27T09:40:27+00:00,,2022-10-27T09:40:27+00:00,,low,issue_closed_at_fallback
57072,2022-10-17T10:10:49+00:00,2022-10-27T13:57:03+00:00,,2022-10-27T13:57:03+00:00,,low,issue_closed_at_fallback
57492,2022-10-23T03:08:22+00:00,2022-10-27T16:00:16+00:00,9aac0d32f9dbb77d0701398bf3d577a55dcce224,2022-10-27T16:00:14+00:00,57493.0,medium,pull_request_keyword
57321,2022-10-20T05:25:32+00:00,2022-10-27T22:37:01+00:00,,2022-10-27T22:37:01+00:00,,low,issue_closed_at_fallback
57587,2022-10-25T08:40:04+00:00,2022-10-28T09:47:43+00:00,,2022-10-28T09:47:43+00:00,,low,issue_closed_at_fallback
57610,2022-10-25T13:43:25+00:00,2022-10-28T18:40:57+00:00,,2022-10-28T18:40:57+00:00,,low,issue_closed_at_fallback
55587,2022-09-21T15:41:49+00:00,2022-10-31T10:35:40+00:00,77be89eb1c743c681d0e070cb5f170e58ffa1bfb,2022-10-31T10:35:38+00:00,57616.0,medium,pull_request_keyword
57782,2022-10-27T18:36:26+00:00,2022-10-31T11:34:22+00:00,fd5c14757486ef510741ac344469b1ccfe2a6242,2022-10-31T11:34:21+00:00,57871.0,medium,pull_request_keyword
57676,2022-10-26T14:09:31+00:00,2022-10-31T11:52:26+00:00,ce38840f293bfe94a1d6338a9bab255b3d7cc56c,2022-10-31T11:52:25+00:00,57817.0,medium,pull_request_keyword
57638,2022-10-25T22:19:28+00:00,2022-10-31T16:29:09+00:00,,2022-10-31T16:29:09+00:00,,low,issue_closed_at_fallback
57110,2022-10-17T16:14:48+00:00,2022-10-31T21:48:24+00:00,,2022-10-31T21:48:24+00:00,,low,issue_closed_at_fallback
57722,2022-10-27T07:59:36+00:00,2022-10-31T22:50:45+00:00,,2022-10-31T22:50:45+00:00,,low,issue_closed_at_fallback
53551,2022-08-10T17:05:21+00:00,2022-11-02T13:44:42+00:00,d32a9a62b50e61b1d52dc295d8fd48dbd7f19e3a,2022-11-02T13:44:40+00:00,53875.0,medium,pull_request_keyword
57650,2022-10-26T08:39:25+00:00,2022-11-02T14:50:11+00:00,5a99aff7b8d1e39061390e38767855a9ec201bf5,2022-11-02T14:50:10+00:00,57936.0,medium,pull_request_keyword
46831,2022-03-22T14:09:23+00:00,2022-11-02T15:51:23+00:00,,2022-11-02T15:51:23+00:00,,low,issue_closed_at_fallback
49643,2022-05-25T17:47:06+00:00,2022-11-03T09:55:04+00:00,e6b088fbf5ee4de2f9ec454e568bf970d85ed6dd,2022-11-03T09:55:02+00:00,57892.0,medium,pull_request_keyword
55234,2022-09-15T11:29:35+00:00,2022-11-03T13:22:09+00:00,,2022-11-03T13:22:09+00:00,,low,issue_closed_at_fallback
57946,2022-11-01T08:14:26+00:00,2022-11-03T15:13:20+00:00,,2022-11-03T15:13:20+00:00,,low,issue_closed_at_fallback
54442,2022-08-30T12:50:18+00:00,2022-11-04T10:19:03+00:00,,2022-11-04T10:19:03+00:00,,low,issue_closed_at_fallback
55547,2022-09-21T08:54:27+00:00,2022-11-04T11:15:01+00:00,9ff2765bb9e7938c88f2333647a6210589a06535,2022-11-04T11:14:59+00:00,58217.0,medium,pull_request_keyword
58236,2022-11-04T13:31:53+00:00,2022-11-04T15:49:33+00:00,4d2bf41efbfb7bc940273d558bf5f05293e69552,2022-11-04T15:49:31+00:00,58240.0,medium,pull_request_keyword
52881,2022-07-27T13:23:57+00:00,2022-11-04T16:09:26+00:00,d581b368bdeeaf8870e495a15dcfdf5aef293be9,2022-11-04T16:09:24+00:00,58107.0,medium,pull_request_keyword
58228,2022-11-04T12:09:01+00:00,2022-11-04T16:42:35+00:00,ca3bcc691c0b67ab478535920d5bacaa08da6274,2022-11-04T16:42:34+00:00,58250.0,medium,pull_request_keyword
58230,2022-11-04T12:24:50+00:00,2022-11-04T16:42:36+00:00,ca3bcc691c0b67ab478535920d5bacaa08da6274,2022-11-04T16:42:34+00:00,58250.0,medium,pull_request_keyword
47844,2022-04-18T07:57:25+00:00,2022-11-05T01:43:40+00:00,,2022-11-05T01:43:40+00:00,,low,issue_closed_at_fallback
47424,2022-04-07T09:54:53+00:00,2022-11-07T16:03:27+00:00,db1fd10ff13d936665210e0c8a86c50ecae09998,2022-11-07T16:03:26+00:00,57123.0,medium,pull_request_keyword
58031,2022-11-02T09:33:38+00:00,2022-11-07T16:04:54+00:00,b47230623944f01aa6e2367913e2f7596ff284bf,2022-11-07T16:04:53+00:00,58248.0,medium,pull_request_keyword
58109,2022-11-03T07:49:50+00:00,2022-11-08T08:52:38+00:00,,2022-11-08T08:52:38+00:00,,low,issue_closed_at_fallback
53609,2022-08-11T15:58:46+00:00,2022-11-08T09:56:00+00:00,,2022-11-08T09:56:00+00:00,,low,issue_closed_at_fallback
57395,2022-10-21T09:31:49+00:00,2022-11-08T12:33:18+00:00,,2022-11-08T12:33:18+00:00,,low,issue_closed_at_fallback
57242,2022-10-19T06:50:35+00:00,2022-11-08T17:22:20+00:00,,2022-11-08T17:22:20+00:00,,low,issue_closed_at_fallback
56892,2022-10-13T16:49:04+00:00,2022-11-08T17:40:16+00:00,,2022-11-08T17:40:16+00:00,,low,issue_closed_at_fallback
47540,2022-04-10T22:28:06+00:00,2022-11-08T21:15:00+00:00,,2022-11-08T21:15:00+00:00,,low,issue_closed_at_fallback
57457,2022-10-21T14:42:25+00:00,2022-11-08T21:21:21+00:00,,2022-11-08T21:21:21+00:00,,low,issue_closed_at_fallback
57595,2022-10-25T10:30:20+00:00,2022-11-08T21:21:41+00:00,,2022-11-08T21:21:41+00:00,,low,issue_closed_at_fallback
57239,2022-10-19T05:19:41+00:00,2022-11-09T14:47:34+00:00,33f02839f0792974a103629136df36528159059a,2022-11-09T14:47:32+00:00,58506.0,medium,pull_request_keyword
57237,2022-10-19T03:51:37+00:00,2022-11-09T17:24:27+00:00,,2022-11-09T17:24:27+00:00,,low,issue_closed_at_fallback
58492,2022-11-09T00:23:07+00:00,2022-11-10T18:56:33+00:00,47055561ec92ddb6f4d1d1fdcedb09345cb3b0cf,2022-11-10T18:56:32+00:00,58499.0,medium,pull_request_keyword
46500,2022-03-12T02:42:10+00:00,2022-11-13T14:37:28+00:00,,2022-11-13T14:37:28+00:00,,low,issue_closed_at_fallback
52839,2022-07-26T19:38:54+00:00,2022-11-13T14:56:18+00:00,,2022-11-13T14:56:18+00:00,,low,issue_closed_at_fallback
57862,2022-10-30T12:41:09+00:00,2022-11-14T08:30:54+00:00,ce5040074058062e1777feafe2ad419af1f6a216,2022-11-14T08:30:53+00:00,58167.0,medium,pull_request_keyword
58616,2022-11-10T21:53:22+00:00,2022-11-15T08:37:39+00:00,16aa4376acf2d5eb559feeb514f1852cd3b48ff9,2022-11-15T08:37:38+00:00,58717.0,medium,pull_request_keyword
57651,2022-10-26T08:40:21+00:00,2022-11-15T09:50:38+00:00,98dbc637ccfe08b49e878ff5e6bcb10a9cafd5d4,2022-11-15T09:50:37+00:00,58705.0,medium,pull_request_keyword
58481,2022-11-08T20:50:21+00:00,2022-11-15T12:16:05+00:00,20e6ac397ebb1c855d7c98a9fc2918477367bdfd,2022-11-15T12:16:04+00:00,58746.0,medium,pull_request_keyword
57729,2022-10-27T09:31:24+00:00,2022-11-15T16:48:48+00:00,,2022-11-15T16:48:48+00:00,,low,issue_closed_at_fallback
58726,2022-11-14T22:59:29+00:00,2022-11-16T09:09:24+00:00,,2022-11-16T09:09:24+00:00,,low,issue_closed_at_fallback
54096,2022-08-23T14:35:09+00:00,2022-11-16T11:55:26+00:00,,2022-11-16T11:55:26+00:00,,low,issue_closed_at_fallback
58617,2022-11-10T22:07:53+00:00,2022-11-16T13:17:41+00:00,74010fd05d0e58f6bdc060f893059d455028490d,2022-11-16T13:17:39+00:00,58729.0,medium,pull_request_keyword
58736,2022-11-15T08:50:38+00:00,2022-11-16T14:55:12+00:00,9283773c12f91bbd0ed5e817d137938ce75861cb,2022-11-16T14:55:10+00:00,58761.0,medium,pull_request_keyword
46480,2022-03-11T21:28:45+00:00,2022-11-16T15:05:31+00:00,,2022-11-16T15:05:31+00:00,,low,issue_closed_at_fallback
48868,2022-05-09T19:15:16+00:00,2022-11-16T15:39:29+00:00,1953d473c04eb4a5b6c9f4231384ab0cb3dae8f3,2022-11-16T10:39:28-05:00,,high,commit_message_keyword
58873,2022-11-17T02:29:13+00:00,2022-11-17T08:23:57+00:00,,2022-11-17T08:23:57+00:00,,low,issue_closed_at_fallback
57670,2022-10-26T13:10:13+00:00,2022-11-17T10:46:29+00:00,,2022-11-17T10:46:29+00:00,,low,issue_closed_at_fallback
53294,2022-08-04T11:11:41+00:00,2022-11-18T10:31:33+00:00,,2022-11-18T10:31:33+00:00,,low,issue_closed_at_fallback
57532,2022-10-24T14:22:35+00:00,2022-11-18T13:31:50+00:00,,2022-11-18T13:31:50+00:00,,low,issue_closed_at_fallback
58965,2022-11-18T14:14:19+00:00,2022-11-18T15:29:52+00:00,,2022-11-18T15:29:52+00:00,,low,issue_closed_at_fallback
58675,2022-11-11T17:55:06+00:00,2022-11-21T08:42:59+00:00,14fbd44ac0f18b5a3dc1706aef0fca929bbb3c7d,2022-11-21T08:42:58+00:00,58842.0,medium,pull_request_keyword
58809,2022-11-16T09:57:18+00:00,2022-11-21T08:43:23+00:00,4aa5dea96bd2f9bb137be704e1f69c09c00cdfb3,2022-11-21T08:43:21+00:00,58919.0,medium,pull_request_keyword
58969,2022-11-18T14:42:00+00:00,2022-11-21T09:25:57+00:00,,2022-11-21T09:25:57+00:00,,low,issue_closed_at_fallback
58975,2022-11-18T15:26:32+00:00,2022-11-21T09:29:44+00:00,,2022-11-21T09:29:44+00:00,,low,issue_closed_at_fallback
58111,2022-11-03T08:24:06+00:00,2022-11-21T12:03:17+00:00,f8656d269de017efc3cba71e1476ea7fa9570481,2022-11-21T12:03:16+00:00,58253.0,medium,pull_request_keyword
50290,2022-06-07T09:40:15+00:00,2022-11-21T16:59:21+00:00,99725bf9d44ae2ba6e9c30d00c511ba51a877af9,2022-11-21T16:59:20+00:00,56397.0,medium,pull_request_keyword
55535,2022-09-21T03:57:09+00:00,2022-11-21T17:29:39+00:00,,2022-11-21T17:29:39+00:00,,low,issue_closed_at_fallback
57206,2022-10-18T18:05:04+00:00,2022-11-22T06:44:46+00:00,,2022-11-22T06:44:46+00:00,,low,issue_closed_at_fallback
56997,2022-10-14T14:34:06+00:00,2022-11-22T10:05:57+00:00,850f5fa8d7d9998f5a57f6980bea5c45c13de5fe,2022-11-22T10:05:55+00:00,58420.0,medium,pull_request_keyword
59021,2022-11-21T10:17:05+00:00,2022-11-22T11:19:58+00:00,,2022-11-22T11:19:58+00:00,,low,issue_closed_at_fallback
56411,2022-10-05T15:28:50+00:00,2022-11-22T15:43:39+00:00,3bea8f24626a643c143eab81929d7910dcbed6b9,2022-11-22T15:43:36+00:00,56449.0,medium,pull_request_keyword
56113,2022-09-30T14:43:50+00:00,2022-11-22T15:43:59+00:00,5b1ff83ee9c527c83439f0ac52d74d9b0df6d3c1,2022-11-22T15:43:58+00:00,56392.0,medium,pull_request_keyword
58700,2022-11-14T12:00:44+00:00,2022-11-22T16:48:09+00:00,824a562b03595fe02e7d140d600f4c94c0b5a8d5,2022-11-22T16:48:07+00:00,58819.0,medium,pull_request_keyword
56687,2022-10-11T10:46:54+00:00,2022-11-23T03:58:50+00:00,,2022-11-23T03:58:50+00:00,,low,issue_closed_at_fallback
57745,2022-10-27T12:18:01+00:00,2022-11-23T09:36:09+00:00,75097b99fb68a5c7b1dad2c41d4927afc493d3c7,2022-11-23T09:36:07+00:00,58116.0,medium,pull_request_keyword
58598,2022-11-10T17:28:54+00:00,2022-11-23T10:31:52+00:00,f1ef63791ad17d4c3b16cd296148c403515ad37d,2022-11-23T10:31:51+00:00,58784.0,medium,pull_request_keyword
47184,2022-04-01T10:24:07+00:00,2022-11-24T02:59:38+00:00,f4574f098d347926c5e631cc67b059fd08f3e77e,2022-11-24T02:59:37+00:00,58934.0,medium,pull_request_keyword
45629,2022-02-18T17:32:21+00:00,2022-11-24T09:20:01+00:00,,2022-11-24T09:20:01+00:00,,low,issue_closed_at_fallback
57988,2022-11-01T14:17:24+00:00,2022-11-24T09:50:23+00:00,,2022-11-24T09:50:23+00:00,,low,issue_closed_at_fallback
57807,2022-10-28T08:30:11+00:00,2022-11-24T10:45:58+00:00,,2022-11-24T10:45:58+00:00,,low,issue_closed_at_fallback
54949,2022-09-09T09:10:03+00:00,2022-11-24T10:49:57+00:00,a2f1d2e102b37106bc4b91e0b32be1c41de1373f,2022-11-24T10:49:56+00:00,56642.0,medium,pull_request_keyword
58307,2022-11-07T08:16:48+00:00,2022-11-24T12:44:34+00:00,0da77201bf0958b60fcc44b2bf62f5be2a47eeff,2022-11-24T12:44:33+00:00,58424.0,medium,pull_request_keyword
51937,2022-07-07T23:09:47+00:00,2022-11-24T15:23:15+00:00,58fd0a8b44b6be53b66142a9d617e9d9cd649afd,2022-11-24T15:23:14+00:00,59243.0,medium,pull_request_keyword
44405,2022-01-24T23:55:23+00:00,2022-11-24T17:01:06+00:00,220295d26f5497b7e38b06897d0fcddd2bb819c9,2022-11-24T17:01:05+00:00,59121.0,medium,pull_request_keyword
59073,2022-11-21T21:20:59+00:00,2022-11-24T17:21:34+00:00,45d3125919f0bedb965316685af4723e0bfbb8d9,2022-11-24T17:21:33+00:00,59209.0,medium,pull_request_keyword
58577,2022-11-10T13:17:43+00:00,2022-11-27T02:33:44+00:00,,2022-11-27T02:33:44+00:00,,low,issue_closed_at_fallback
59302,2022-11-24T14:08:40+00:00,2022-11-28T10:43:34+00:00,,2022-11-28T10:43:34+00:00,,low,issue_closed_at_fallback
58793,2022-11-15T23:24:42+00:00,2022-11-28T12:40:08+00:00,5623b5afafbf541eac66fab1d9398756bdf9052c,2022-11-28T07:40:06-05:00,,high,commit_message_keyword
57690,2022-10-26T16:27:33+00:00,2022-11-28T15:45:24+00:00,,2022-11-28T15:45:24+00:00,,low,issue_closed_at_fallback
58921,2022-11-17T16:40:59+00:00,2022-11-28T20:51:53+00:00,3d4f9c9b31fb78896202df56362aaff038c8b75a,2023-01-16T02:00:45+00:00,59666.0,medium,pull_request_keyword
54927,2022-09-08T16:29:19+00:00,2022-11-30T08:41:29+00:00,207b2993b2e6f5c5ae6c42ad84ca740020f8d9a0,2022-11-30T08:41:28+00:00,57101.0,medium,pull_request_keyword
55924,2022-09-28T12:41:45+00:00,2022-11-30T09:29:23+00:00,6aaf36776b06fa091696934dd4c730f755697743,2022-11-30T09:29:22+00:00,58079.0,medium,pull_request_keyword
54857,2022-09-07T15:28:19+00:00,2022-11-30T15:38:25+00:00,,2022-11-30T15:38:25+00:00,,low,issue_closed_at_fallback
55962,2022-09-28T22:18:23+00:00,2022-11-30T15:45:30+00:00,,2022-11-30T15:45:30+00:00,,low,issue_closed_at_fallback
59488,2022-11-29T13:19:35+00:00,2022-11-30T15:59:17+00:00,,2022-11-30T15:59:17+00:00,,low,issue_closed_at_fallback
57198,2022-10-18T14:43:03+00:00,2022-11-30T19:20:46+00:00,,2022-11-30T19:20:46+00:00,,low,issue_closed_at_fallback
59284,2022-11-24T11:12:06+00:00,2022-12-01T13:45:58+00:00,d9f697b41eabac549e648c1487d13f1eea4a84cc,2022-12-01T13:45:57+00:00,59382.0,medium,pull_request_keyword
54135,2022-08-24T08:57:00+00:00,2022-12-01T18:08:38+00:00,6dbe3b555f5cc6de2e3ada486f89cf9c5ef31336,2022-12-01T19:08:36+01:00,,high,commit_message_keyword
59601,2022-11-30T17:37:25+00:00,2022-12-01T23:05:46+00:00,,2022-12-01T23:05:46+00:00,,low,issue_closed_at_fallback
59659,2022-12-01T14:44:55+00:00,2022-12-02T09:54:08+00:00,,2022-12-02T09:54:08+00:00,,low,issue_closed_at_fallback
58990,2022-11-18T18:56:21+00:00,2022-12-02T13:23:16+00:00,c52d4e2a64806e8cbf47782854fdd1f795cf549d,2022-12-02T13:23:15+00:00,59602.0,medium,pull_request_keyword
56479,2022-10-06T14:53:05+00:00,2022-12-02T18:11:36+00:00,,2022-12-02T18:11:36+00:00,,low,issue_closed_at_fallback
47339,2022-04-05T15:47:28+00:00,2022-12-05T11:31:40+00:00,,2022-12-05T11:31:40+00:00,,low,issue_closed_at_fallback
59689,2022-12-02T07:57:59+00:00,2022-12-05T14:44:06+00:00,32309a8373fbcf276b24e319010e5ba57818bd9e,2022-12-05T14:44:04+00:00,59625.0,medium,pull_request_keyword
59489,2022-11-29T13:30:37+00:00,2022-12-05T16:05:30+00:00,,2022-12-05T16:05:30+00:00,,low,issue_closed_at_fallback
56840,2022-10-13T07:03:38+00:00,2022-12-05T16:12:58+00:00,,2022-12-05T16:12:58+00:00,,low,issue_closed_at_fallback
48607,2022-05-03T02:04:07+00:00,2022-12-05T16:15:12+00:00,,2022-12-05T16:15:12+00:00,,low,issue_closed_at_fallback
46555,2022-03-14T21:33:08+00:00,2022-12-05T22:01:41+00:00,,2022-12-05T22:01:41+00:00,,low,issue_closed_at_fallback
59333,2022-11-25T10:50:50+00:00,2022-12-06T11:30:05+00:00,932349b5ab4c91df3b78f99d78d20e7c5b851032,2022-12-06T11:30:04+00:00,59812.0,medium,pull_request_keyword
59781,2022-12-05T10:01:49+00:00,2022-12-06T13:02:03+00:00,4259b6bf581634145d2c285d75309106c2423a06,2022-12-06T13:02:02+00:00,59875.0,medium,pull_request_keyword
58747,2022-11-15T11:49:30+00:00,2022-12-07T15:15:38+00:00,,2022-12-07T15:15:38+00:00,,low,issue_closed_at_fallback
48935,2022-05-12T12:48:38+00:00,2022-12-08T08:47:38+00:00,,2022-12-08T08:47:38+00:00,,low,issue_closed_at_fallback
51583,2022-06-29T16:34:28+00:00,2022-12-08T09:44:03+00:00,,2022-12-08T09:44:03+00:00,,low,issue_closed_at_fallback
60032,2022-12-08T14:15:37+00:00,2022-12-08T15:00:09+00:00,a3681a33535af08cdae082b079f85031c2df0223,2022-12-08T15:00:07+00:00,60033.0,medium,pull_request_keyword
59150,2022-11-22T16:29:37+00:00,2022-12-08T17:32:24+00:00,,2022-12-08T17:32:24+00:00,,low,issue_closed_at_fallback
59678,2022-12-01T20:57:58+00:00,2022-12-08T17:46:02+00:00,,2022-12-08T17:46:02+00:00,,low,issue_closed_at_fallback
59764,2022-12-03T11:18:51+00:00,2022-12-09T12:54:01+00:00,,2022-12-09T12:54:01+00:00,,low,issue_closed_at_fallback
59776,2022-12-05T08:55:25+00:00,2022-12-09T17:52:36+00:00,,2022-12-09T17:52:36+00:00,,low,issue_closed_at_fallback
60002,2022-12-08T08:47:05+00:00,2022-12-09T17:52:37+00:00,,2022-12-09T17:52:37+00:00,,low,issue_closed_at_fallback
57647,2022-10-26T08:11:53+00:00,2022-12-10T12:56:33+00:00,,2022-12-10T12:56:33+00:00,,low,issue_closed_at_fallback
60138,2022-12-12T03:26:09+00:00,2022-12-12T13:44:17+00:00,,2022-12-12T13:44:17+00:00,,low,issue_closed_at_fallback
60060,2022-12-08T21:44:04+00:00,2022-12-12T14:00:12+00:00,,2022-12-12T14:00:12+00:00,,low,issue_closed_at_fallback
60132,2022-12-09T23:28:50+00:00,2022-12-12T14:42:32+00:00,,2022-12-12T14:42:32+00:00,,low,issue_closed_at_fallback
50249,2022-06-06T12:23:19+00:00,2022-12-12T15:12:34+00:00,,2022-12-12T15:12:34+00:00,,low,issue_closed_at_fallback
60059,2022-12-08T21:34:04+00:00,2022-12-12T16:50:02+00:00,8356df081d7d324bda6994fc0ed37f503a6d0ff2,2022-12-12T16:50:00+00:00,60172.0,medium,pull_request_keyword
58081,2022-11-02T15:57:59+00:00,2022-12-12T18:06:24+00:00,,2022-12-12T18:06:24+00:00,,low,issue_closed_at_fallback
60058,2022-12-08T21:32:14+00:00,2022-12-13T14:39:56+00:00,,2022-12-13T14:39:56+00:00,,low,issue_closed_at_fallback
56885,2022-10-13T15:14:53+00:00,2022-12-13T14:44:34+00:00,,2022-12-13T14:44:34+00:00,,low,issue_closed_at_fallback
60088,2022-12-09T12:29:33+00:00,2022-12-14T12:37:33+00:00,9a41277ecdbf327fadb6acfbf0e3415098d6503c,2022-12-14T12:37:32+00:00,60099.0,medium,pull_request_keyword
59383,2022-11-28T11:25:42+00:00,2022-12-14T13:28:46+00:00,c75ed8fa695c68fa220341b383b7dfdec0f56a0f,2022-12-14T13:28:45+00:00,59830.0,medium,pull_request_keyword
57691,2022-10-26T16:27:39+00:00,2022-12-14T13:32:31+00:00,495fceeeef14a0cdb32f355ec3a2862da430d605,2022-12-14T13:32:30+00:00,60311.0,medium,pull_request_keyword
60305,2022-12-14T11:58:06+00:00,2022-12-14T14:24:10+00:00,258696409d9afc7e5f4a509d9395c1a3c9502cdf,2022-12-14T14:24:09+00:00,60306.0,medium,pull_request_keyword
60072,2022-12-09T07:30:44+00:00,2022-12-14T18:00:12+00:00,,2022-12-14T18:00:12+00:00,,low,issue_closed_at_fallback
57526,2022-10-24T12:45:51+00:00,2022-12-15T11:31:09+00:00,,2022-12-15T11:31:09+00:00,,low,issue_closed_at_fallback
60377,2022-12-15T10:51:10+00:00,2022-12-15T13:58:22+00:00,ecf83a6df9db948992df61e369a85447383da2c4,2022-12-15T13:58:20+00:00,60382.0,medium,pull_request_keyword
47734,2022-04-13T19:02:03+00:00,2022-12-15T14:28:27+00:00,6478d0a5ef98ce81620bf923d172bb72457d6bb0,2022-12-15T14:28:26+00:00,58646.0,medium,pull_request_keyword
59940,2022-12-07T10:11:56+00:00,2022-12-15T16:18:40+00:00,92c01e416eacdf82c592bc377ac350f468c12d21,2022-12-15T16:18:39+00:00,60342.0,medium,pull_request_keyword
59845,2022-12-05T17:25:24+00:00,2022-12-15T23:35:05+00:00,,2022-12-15T23:35:05+00:00,,low,issue_closed_at_fallback
60242,2022-12-13T14:05:33+00:00,2022-12-16T10:15:21+00:00,055c3b7332ea0342ac53d4cfbde2cf53f7c03498,2022-12-16T10:15:19+00:00,60243.0,medium,pull_request_keyword
59860,2022-12-06T07:48:02+00:00,2022-12-19T09:40:47+00:00,,2022-12-19T09:40:47+00:00,,low,issue_closed_at_fallback
60397,2022-12-15T15:37:52+00:00,2022-12-19T10:59:30+00:00,,2022-12-19T10:59:30+00:00,,low,issue_closed_at_fallback
52814,2022-07-26T14:03:00+00:00,2022-12-20T15:49:48+00:00,,2022-12-20T15:49:48+00:00,,low,issue_closed_at_fallback
59217,2022-11-23T13:41:02+00:00,2022-12-20T15:52:56+00:00,,2022-12-20T15:52:56+00:00,,low,issue_closed_at_fallback
59283,2022-11-24T11:10:23+00:00,2022-12-20T15:54:19+00:00,,2022-12-20T15:54:19+00:00,,low,issue_closed_at_fallback
60253,2022-12-13T15:15:24+00:00,2022-12-21T13:07:07+00:00,0adb00b6922dedcd761ce16134ee383bbaf1249a,2022-12-21T13:07:06+00:00,60391.0,medium,pull_request_keyword
58290,2022-11-05T10:36:41+00:00,2022-12-21T13:21:05+00:00,bf541ee3d10ae3b68ff8b3cbe26153247fe2981e,2022-12-21T13:21:04+00:00,59597.0,medium,pull_request_keyword
55976,2022-09-29T07:20:26+00:00,2022-12-21T13:24:34+00:00,c90756eef53a74a2f218cce6f48fdee29769f368,2022-12-21T13:24:33+00:00,60603.0,medium,pull_request_keyword
59994,2022-12-07T23:04:39+00:00,2022-12-21T14:01:27+00:00,e723021e138f691f24bb17bbf131920ab54e548d,2022-12-21T14:01:26+00:00,60499.0,medium,pull_request_keyword
52294,2022-07-14T22:14:45+00:00,2022-12-21T15:46:36+00:00,f3f043e0970675bde59edae46d9102bcd5edc6e0,2022-12-21T15:46:32+00:00,60583.0,medium,pull_request_keyword
48455,2022-04-28T16:37:47+00:00,2022-12-21T16:30:18+00:00,2e4bc200f5a4ed4aa9aa0a3f1e35b33e80f5492d,2022-12-21T16:30:17+00:00,60627.0,medium,pull_request_keyword
55916,2022-09-28T11:34:38+00:00,2022-12-22T15:06:32+00:00,,2022-12-22T15:06:32+00:00,,low,issue_closed_at_fallback
59846,2022-12-05T17:40:09+00:00,2022-12-23T09:14:48+00:00,,2022-12-23T09:14:48+00:00,,low,issue_closed_at_fallback
53159,2022-08-02T15:18:15+00:00,2022-12-23T17:43:44+00:00,,2022-12-23T17:43:44+00:00,,low,issue_closed_at_fallback
60572,2022-12-20T13:18:37+00:00,2022-12-23T18:42:54+00:00,283cdc184e74c2d9d2e957a920636ce013546c20,2022-12-23T18:42:53+00:00,60741.0,medium,pull_request_keyword
60573,2022-12-20T14:03:48+00:00,2022-12-23T19:00:53+00:00,9bd6e471e436fed37a908e5118593d515b134781,2022-12-23T19:00:52+00:00,60617.0,medium,pull_request_keyword
60558,2022-12-20T11:04:06+00:00,2022-12-27T15:42:05+00:00,88323a30b78f12eecc70cc127b0c4477e5e4bf9e,2022-12-27T15:42:04+00:00,60559.0,medium,pull_request_keyword
60467,2022-12-16T14:04:04+00:00,2022-12-29T15:54:58+00:00,,2022-12-29T15:54:58+00:00,,low,issue_closed_at_fallback
54680,2022-09-03T11:15:10+00:00,2022-12-29T20:15:31+00:00,570b62091c681fec4af9a761db09fbec94b3f750,2022-12-29T20:15:29+00:00,60494.0,medium,pull_request_keyword
57872,2022-10-31T09:29:42+00:00,2023-01-02T14:23:52+00:00,,2023-01-02T14:23:52+00:00,,low,issue_closed_at_fallback
59485,2022-11-29T13:16:32+00:00,2023-01-02T14:23:53+00:00,,2023-01-02T14:23:53+00:00,,low,issue_closed_at_fallback
59759,2022-12-02T21:31:11+00:00,2023-01-04T13:16:25+00:00,,2023-01-04T13:16:25+00:00,,low,issue_closed_at_fallback
60804,2022-12-28T22:12:01+00:00,2023-01-04T23:29:04+00:00,88a8cba6b08901966aebf8e19c16b1a973da61f8,2023-01-04T23:29:02+00:00,61007.0,medium,pull_request_keyword
52640,2022-07-22T09:30:46+00:00,2023-01-05T13:32:48+00:00,0d7e303809412f1c7339aa6d54d5130089b9556a,2023-01-25T14:07:59+00:00,60840.0,medium,pull_request_keyword
60648,2022-12-21T19:06:16+00:00,2023-01-06T10:02:23+00:00,,2023-01-06T10:02:23+00:00,,low,issue_closed_at_fallback
60859,2022-12-30T19:57:08+00:00,2023-01-07T17:20:04+00:00,,2023-01-07T17:20:04+00:00,,low,issue_closed_at_fallback
59839,2022-12-05T15:56:39+00:00,2023-01-10T11:58:50+00:00,bda13a1b5d68fdfd489f5c70965b2561b273cf37,2023-01-10T11:58:49+00:00,60359.0,medium,pull_request_keyword
61134,2023-01-09T09:04:55+00:00,2023-01-10T16:11:46+00:00,67661c2535c0a5394ccae813755b9c1bd8e68424,2023-01-10T16:11:44+00:00,61158.0,medium,pull_request_keyword
60314,2022-12-14T12:40:21+00:00,2023-01-11T12:12:05+00:00,67cad4957073392aac9567e127ac84a186f9819d,2023-01-11T12:12:03+00:00,60461.0,medium,pull_request_keyword
60005,2022-12-08T09:40:07+00:00,2023-01-11T13:06:36+00:00,,2023-01-11T13:06:36+00:00,,low,issue_closed_at_fallback
56918,2022-10-14T07:15:03+00:00,2023-01-11T16:18:08+00:00,,2023-01-11T16:18:08+00:00,,low,issue_closed_at_fallback
58838,2022-11-16T14:42:01+00:00,2023-01-11T16:21:05+00:00,,2023-01-11T16:21:05+00:00,,low,issue_closed_at_fallback
58656,2022-11-11T14:59:49+00:00,2023-01-12T12:06:31+00:00,62633ba4a7888223460268e5d758e155bf2a4161,2023-01-12T12:06:29+00:00,61168.0,medium,pull_request_keyword
61030,2023-01-05T10:37:09+00:00,2023-01-12T20:14:58+00:00,e8ef0395b142244da462c5b2c49f3e0d10f8c310,2023-01-12T20:14:56+00:00,61039.0,medium,pull_request_keyword
61272,2023-01-11T11:23:27+00:00,2023-01-12T20:59:38+00:00,1e33e56dbd6ff745b57c32e2111b19785626edf4,2023-01-12T20:59:36+00:00,61369.0,medium,pull_request_keyword
61400,2023-01-12T15:05:45+00:00,2023-01-13T01:09:37+00:00,,2023-01-13T01:09:37+00:00,,low,issue_closed_at_fallback
61429,2023-01-12T20:01:05+00:00,2023-01-13T02:38:03+00:00,b1a24232e44f860d3effff0ac7216ad9c3a51d3a,2023-01-13T02:38:00+00:00,57561.0,medium,pull_request_keyword
52357,2022-07-15T19:10:58+00:00,2023-01-13T10:10:09+00:00,,2023-01-13T10:10:09+00:00,,low,issue_closed_at_fallback
55933,2022-09-28T14:21:48+00:00,2023-01-13T10:12:27+00:00,,2023-01-13T10:12:27+00:00,,low,issue_closed_at_fallback
61093,2023-01-06T13:38:04+00:00,2023-01-13T14:16:19+00:00,9b10f6c7dd5c4d05ed230023817ff986f141d95d,2023-01-13T14:16:17+00:00,61278.0,medium,pull_request_keyword
61078,2023-01-06T05:41:30+00:00,2023-01-13T17:10:10+00:00,,2023-01-13T17:10:10+00:00,,low,issue_closed_at_fallback
55932,2022-09-28T14:11:55+00:00,2023-01-16T10:09:22+00:00,43ca4e0bc7baecd4069ced99789fe72beeb6bad7,2023-01-16T10:09:20+00:00,61451.0,medium,pull_request_keyword
61554,2023-01-16T12:09:15+00:00,2023-01-17T08:52:15+00:00,,2023-01-17T08:52:15+00:00,,low,issue_closed_at_fallback
61454,2023-01-13T08:53:14+00:00,2023-01-17T09:30:32+00:00,b5383b7d05c9c1f5593147a13f270cb45b18eb30,2023-01-17T09:30:31+00:00,61455.0,medium,pull_request_keyword
59490,2022-11-29T13:34:42+00:00,2023-01-17T11:42:58+00:00,d2a5b9b28920e7a7d1931aebcaa8818620159d83,2023-01-17T11:42:57+00:00,61324.0,medium,pull_request_keyword
57273,2022-10-19T12:23:44+00:00,2023-01-17T11:42:59+00:00,d2a5b9b28920e7a7d1931aebcaa8818620159d83,2023-01-17T11:42:57+00:00,61324.0,medium,pull_request_keyword
57985,2022-11-01T14:04:07+00:00,2023-01-17T11:42:59+00:00,d2a5b9b28920e7a7d1931aebcaa8818620159d83,2023-01-17T11:42:57+00:00,61324.0,medium,pull_request_keyword
60199,2022-12-12T20:58:39+00:00,2023-01-17T11:49:02+00:00,,2023-01-17T11:49:02+00:00,,low,issue_closed_at_fallback
57572,2022-10-25T01:17:08+00:00,2023-01-17T13:06:00+00:00,004705a10b2b95eb03ad47cf44e257fc5b89f093,2023-01-17T13:05:58+00:00,59392.0,medium,pull_request_keyword
59391,2022-11-28T13:05:42+00:00,2023-01-17T13:06:00+00:00,004705a10b2b95eb03ad47cf44e257fc5b89f093,2023-01-17T13:05:58+00:00,59392.0,medium,pull_request_keyword
61293,2023-01-11T14:07:37+00:00,2023-01-17T15:35:56+00:00,bb7410aa09ae1b89f87ca693a79959d8010c14f6,2023-01-17T15:35:54+00:00,61610.0,medium,pull_request_keyword
61628,2023-01-17T16:04:02+00:00,2023-01-17T19:09:47+00:00,23e05373a77fb184a00af8a61a8e4f8bff669064,2023-01-17T19:09:46+00:00,61641.0,medium,pull_request_keyword
51487,2022-06-28T09:39:44+00:00,2023-01-18T13:27:44+00:00,,2023-01-18T13:27:44+00:00,,low,issue_closed_at_fallback
58133,2022-11-03T11:45:29+00:00,2023-01-18T14:54:20+00:00,,2023-01-18T14:54:20+00:00,,low,issue_closed_at_fallback
60589,2022-12-20T16:32:38+00:00,2023-01-19T08:53:17+00:00,50df85189c3e215e5aaa83902d6632c101371bcd,2023-01-19T09:53:14+01:00,,high,commit_message_keyword
57994,2022-11-01T14:37:25+00:00,2023-01-19T10:44:17+00:00,,2023-01-19T10:44:17+00:00,,low,issue_closed_at_fallback
61665,2023-01-18T10:45:27+00:00,2023-01-19T11:32:04+00:00,dd8f95a20178dbc36beb0cc9756de61d99580f81,2023-01-19T11:32:02+00:00,61751.0,medium,pull_request_keyword
61704,2023-01-18T16:02:14+00:00,2023-01-19T16:33:37+00:00,,2023-01-19T16:33:37+00:00,,low,issue_closed_at_fallback
61640,2023-01-17T18:47:04+00:00,2023-01-19T18:43:24+00:00,da7bf56c03d4f315693e5a7ea00d162355c7df64,2023-01-19T18:43:23+00:00,61794.0,medium,pull_request_keyword
56338,2022-10-04T18:23:02+00:00,2023-01-19T21:04:18+00:00,,2023-01-19T21:04:18+00:00,,low,issue_closed_at_fallback
61551,2023-01-16T11:59:44+00:00,2023-01-19T21:37:08+00:00,c315946a9196c51c5c48ee5c1ceb1c509b709e5a,2023-01-19T21:37:07+00:00,61726.0,medium,pull_request_keyword
61728,2023-01-19T01:14:27+00:00,2023-01-20T09:52:35+00:00,,2023-01-20T09:52:35+00:00,,low,issue_closed_at_fallback
61304,2023-01-11T15:44:08+00:00,2023-01-20T14:53:08+00:00,,2023-01-20T14:53:08+00:00,,low,issue_closed_at_fallback
52301,2022-07-15T00:07:26+00:00,2023-01-20T15:25:04+00:00,,2023-01-20T15:25:04+00:00,,low,issue_closed_at_fallback
61867,2023-01-20T15:47:53+00:00,2023-01-20T21:29:39+00:00,c4090c579d05834b1dbdf2ed96531774bec35b86,2023-01-20T21:29:37+00:00,61883.0,medium,pull_request_keyword
61909,2023-01-23T09:54:59+00:00,2023-01-23T16:23:22+00:00,,2023-01-23T16:23:22+00:00,,low,issue_closed_at_fallback
61438,2023-01-13T01:22:36+00:00,2023-01-23T16:51:57+00:00,50faeba07e7cb1b4d5e3c68f04baf267726e6ce9,2023-01-23T16:51:56+00:00,61887.0,medium,pull_request_keyword
61065,2023-01-05T18:31:47+00:00,2023-01-23T23:13:24+00:00,,2023-01-23T23:13:24+00:00,,low,issue_closed_at_fallback
61805,2023-01-19T19:03:49+00:00,2023-01-24T00:42:48+00:00,,2023-01-24T00:42:48+00:00,,low,issue_closed_at_fallback
61722,2023-01-18T22:03:07+00:00,2023-01-24T16:15:55+00:00,f85d072c17383c938b61d997a8604d0bad103dfc,2023-01-24T16:15:53+00:00,61723.0,medium,pull_request_keyword
61930,2023-01-23T15:33:30+00:00,2023-01-25T00:41:10+00:00,6bf1d06dbad392127c4dcbc32f16bb676d44aafc,2023-01-25T00:41:08+00:00,62043.0,medium,pull_request_keyword
61495,2023-01-13T14:01:04+00:00,2023-01-25T08:26:53+00:00,dbdd135298b1b20b69c8cc67d3510f0bf29651fc,2023-01-25T08:26:52+00:00,61988.0,medium,pull_request_keyword
61070,2023-01-05T20:28:15+00:00,2023-01-25T14:39:45+00:00,7c85db5bfaa742c1026bf6d776210ca84e11d89e,2023-01-25T14:39:43+00:00,61956.0,medium,pull_request_keyword
61831,2023-01-20T05:52:22+00:00,2023-01-26T00:32:06+00:00,6c9174a76658dd3f021ce57394a9b1c92eec8b8e,2023-01-26T00:32:04+00:00,61895.0,medium,pull_request_keyword
62047,2023-01-25T01:01:01+00:00,2023-01-26T00:32:07+00:00,6c9174a76658dd3f021ce57394a9b1c92eec8b8e,2023-01-26T00:32:04+00:00,61895.0,medium,pull_request_keyword
59304,2022-11-24T14:34:09+00:00,2023-01-26T09:34:59+00:00,ab7a4e5f2809d9fa8af4d4da36e9771ab5da0276,2023-01-26T09:34:57+00:00,61449.0,medium,pull_request_keyword
57342,2022-10-20T10:44:23+00:00,2023-01-26T09:48:53+00:00,,2023-01-26T09:48:53+00:00,,low,issue_closed_at_fallback
61710,2023-01-18T17:24:16+00:00,2023-01-26T10:07:19+00:00,,2023-01-26T10:07:19+00:00,,low,issue_closed_at_fallback
54743,2022-09-06T08:57:00+00:00,2023-01-26T11:08:43+00:00,,2023-01-26T11:08:43+00:00,,low,issue_closed_at_fallback
55600,2022-09-21T23:32:54+00:00,2023-01-26T11:11:38+00:00,,2023-01-26T11:11:38+00:00,,low,issue_closed_at_fallback
58808,2022-11-16T09:41:39+00:00,2023-01-26T11:14:12+00:00,,2023-01-26T11:14:12+00:00,,low,issue_closed_at_fallback
61832,2023-01-20T07:51:39+00:00,2023-01-26T12:27:10+00:00,,2023-01-26T12:27:10+00:00,,low,issue_closed_at_fallback
62057,2023-01-25T07:58:11+00:00,2023-01-26T15:11:32+00:00,8bbef70363b6690f93b64ec775c8e827ce013bb1,2023-01-26T15:11:30+00:00,62171.0,medium,pull_request_keyword
52215,2022-07-14T10:11:47+00:00,2023-01-26T16:25:08+00:00,,2023-01-26T16:25:08+00:00,,low,issue_closed_at_fallback
60196,2022-12-12T20:23:05+00:00,2023-01-26T21:13:11+00:00,8379a29b53b27b6f88f0ad71abb1d8fc25a88165,2023-01-26T21:13:09+00:00,62161.0,medium,pull_request_keyword
51443,2022-06-27T14:25:37+00:00,2023-01-27T09:15:10+00:00,75758d9c86e5b9385e60efc5ad2e8f5e775b94fc,2022-07-20T17:36:58+00:00,52330.0,medium,pull_request_keyword
50079,2022-06-02T11:46:54+00:00,2023-01-27T09:34:02+00:00,417ce2738a565162f43e870236f8f44a6ce89081,2022-10-27T02:16:05+00:00,51374.0,medium,pull_request_keyword
61767,2023-01-19T12:33:17+00:00,2023-01-27T10:21:57+00:00,,2023-01-27T10:21:57+00:00,,low,issue_closed_at_fallback
58545,2022-11-09T19:23:24+00:00,2023-01-27T10:41:48+00:00,,2023-01-27T10:41:48+00:00,,low,issue_closed_at_fallback
62274,2023-01-27T01:13:32+00:00,2023-01-27T10:58:21+00:00,4deb10888eea269fb5003630302f0e702d18a523,2023-01-27T10:58:19+00:00,62278.0,medium,pull_request_keyword
62261,2023-01-26T19:00:15+00:00,2023-01-27T12:30:14+00:00,bfcf936c38f12ef3daf6b908bd0687f3e89ad390,2023-01-27T12:30:12+00:00,62172.0,medium,pull_request_keyword
62287,2023-01-27T09:50:34+00:00,2023-01-27T16:10:08+00:00,,2023-01-27T16:10:08+00:00,,low,issue_closed_at_fallback
62126,2023-01-25T15:32:18+00:00,2023-01-27T19:35:59+00:00,07dc9947652e0df8f296c029cb85bef550faa711,2023-01-27T19:35:58+00:00,62364.0,medium,pull_request_keyword
57715,2022-10-27T06:08:38+00:00,2023-01-27T22:43:28+00:00,,2023-01-27T22:43:28+00:00,,low,issue_closed_at_fallback
60446,2022-12-16T11:13:18+00:00,2023-01-30T09:54:22+00:00,ae8c61c0b2c2270b23d55576fec4205804d52cfb,2023-01-30T09:54:20+00:00,62317.0,medium,pull_request_keyword
62414,2023-01-28T11:35:59+00:00,2023-01-30T10:05:53+00:00,,2023-01-30T10:05:53+00:00,,low,issue_closed_at_fallback
60715,2022-12-22T22:32:16+00:00,2023-01-30T10:18:09+00:00,38d71689215fe715b74b426e7cdd7f7b43528f0c,2023-01-30T10:18:08+00:00,60809.0,medium,pull_request_keyword
61029,2023-01-05T10:36:04+00:00,2023-01-30T10:43:25+00:00,,2023-01-30T10:43:25+00:00,,low,issue_closed_at_fallback
62508,2023-01-30T17:18:41+00:00,2023-01-30T17:49:19+00:00,3ac97dd39627b2446f36c876f407d6c136ab34ff,2023-01-30T17:49:17+00:00,62509.0,medium,pull_request_keyword
54668,2022-09-02T17:25:58+00:00,2023-01-30T20:33:32+00:00,,2023-01-30T20:33:32+00:00,,low,issue_closed_at_fallback
55194,2022-09-14T19:08:45+00:00,2023-01-30T21:12:01+00:00,bf2cf76cad3cb47759825dd1d0767d7f4ef78649,2023-01-30T21:11:59+00:00,62518.0,medium,pull_request_keyword
62527,2023-01-30T22:15:29+00:00,2023-01-31T04:36:59+00:00,58c96181605d1d1cc0876d5cfa1d55cbcaaf4a66,2023-01-31T04:36:58+00:00,62532.0,medium,pull_request_keyword
62519,2023-01-30T20:39:09+00:00,2023-01-31T04:37:00+00:00,58c96181605d1d1cc0876d5cfa1d55cbcaaf4a66,2023-01-31T04:36:58+00:00,62532.0,medium,pull_request_keyword
51097,2022-06-20T08:39:38+00:00,2023-01-31T08:53:19+00:00,5b4e1ee6fc1b5f0acd1c4c5f92ed88111dcf5569,2023-01-02T15:45:46+00:00,60875.0,medium,pull_request_keyword
59767,2022-12-03T16:56:08+00:00,2023-01-31T09:27:42+00:00,fd2641a542e6ae563acf0de7be14e7bf6e805784,2023-01-31T09:27:41+00:00,62504.0,medium,pull_request_keyword
62538,2023-01-31T06:26:19+00:00,2023-01-31T10:16:26+00:00,b1151dd118f2a1c305a6f757661e42e59cf145c1,2023-01-31T10:16:24+00:00,62539.0,medium,pull_request_keyword
52304,2022-07-15T02:22:58+00:00,2023-01-31T15:02:23+00:00,,2023-01-31T15:02:23+00:00,,low,issue_closed_at_fallback
62589,2023-01-31T13:57:44+00:00,2023-01-31T15:38:06+00:00,,2023-01-31T15:38:06+00:00,,low,issue_closed_at_fallback
59854,2022-12-05T19:52:40+00:00,2023-01-31T17:16:30+00:00,62c30dea4d2b35a85ae90220893a9c2743a441ca,2023-01-31T17:16:28+00:00,61135.0,medium,pull_request_keyword
62259,2023-01-26T18:29:30+00:00,2023-01-31T17:50:12+00:00,,2023-01-31T17:50:12+00:00,,low,issue_closed_at_fallback
60298,2022-12-14T11:03:19+00:00,2023-01-31T18:22:04+00:00,,2023-01-31T18:22:04+00:00,,low,issue_closed_at_fallback
59160,2022-11-22T19:11:42+00:00,2023-01-31T20:24:16+00:00,cf6952a963ba42cacef2ab246249b619fec61936,2023-01-31T20:24:14+00:00,62632.0,medium,pull_request_keyword
55649,2022-09-22T23:58:43+00:00,2023-02-01T09:34:20+00:00,,2023-02-01T09:34:20+00:00,,low,issue_closed_at_fallback
50016,2022-06-01T14:47:28+00:00,2023-02-01T10:35:04+00:00,,2023-02-01T10:35:04+00:00,,low,issue_closed_at_fallback
62544,2023-01-31T09:00:53+00:00,2023-02-01T13:19:11+00:00,,2023-02-01T13:19:11+00:00,,low,issue_closed_at_fallback
62480,2023-01-30T14:26:25+00:00,2023-02-01T14:13:10+00:00,42f8f5a9ea906eddb29ab15365b73ef22a224e50,2023-02-01T14:13:08+00:00,62496.0,medium,pull_request_keyword
59750,2022-12-02T20:12:23+00:00,2023-02-01T14:51:07+00:00,26866953c1c37b5d7478326b28e850485baae667,2023-02-01T14:51:06+00:00,62133.0,medium,pull_request_keyword
60871,2023-01-02T11:58:15+00:00,2023-02-01T16:23:04+00:00,6b6b7332299732d364b0fadce0f176698178f5f0,2023-02-01T16:23:03+00:00,62473.0,medium,pull_request_keyword
62484,2023-01-30T14:44:33+00:00,2023-02-01T17:26:59+00:00,1f09508d8c0ea7ef4725aab2089417dc6e883f4e,2023-02-01T17:26:55+00:00,62640.0,medium,pull_request_keyword
60084,2022-12-09T11:27:38+00:00,2023-02-02T08:50:14+00:00,ce50168b70b4444abb5a1aa36d695dc1b7c339b9,2023-02-02T08:50:12+00:00,62620.0,medium,pull_request_keyword
62410,2023-01-27T23:28:03+00:00,2023-02-02T14:32:34+00:00,1092c2b383e3e646d4f416be4ce9a98b23d9d504,2023-02-02T14:32:32+00:00,62734.0,medium,pull_request_keyword
61951,2023-01-23T18:32:27+00:00,2023-02-02T15:48:31+00:00,60f2433a0feb1584258f8060f6d788ed5b6100b4,2023-02-02T15:48:29+00:00,62349.0,medium,pull_request_keyword
55519,2022-09-20T19:45:41+00:00,2023-02-03T08:47:29+00:00,,2023-02-03T08:47:29+00:00,,low,issue_closed_at_fallback
62877,2023-02-03T14:34:23+00:00,2023-02-03T15:14:44+00:00,,2023-02-03T15:14:44+00:00,,low,issue_closed_at_fallback
62928,2023-02-05T22:12:27+00:00,2023-02-06T08:30:20+00:00,,2023-02-06T08:30:20+00:00,,low,issue_closed_at_fallback
61727,2023-01-19T00:48:42+00:00,2023-02-06T10:13:05+00:00,,2023-02-06T10:13:05+00:00,,low,issue_closed_at_fallback
61912,2023-01-23T11:16:01+00:00,2023-02-07T12:05:02+00:00,,2023-02-07T12:05:02+00:00,,low,issue_closed_at_fallback
61697,2023-01-18T15:19:34+00:00,2023-02-07T13:54:25+00:00,b0213a48778737867799f56a10f0a57b7ac6f69b,2023-02-07T13:54:23+00:00,62790.0,medium,pull_request_keyword
59915,2022-12-06T20:29:07+00:00,2023-02-08T09:20:53+00:00,c75abb084cfc544948c2a3d3b9e6d14480d0daa9,2022-12-30T16:00:45+00:00,60846.0,medium,pull_request_keyword
59349,2022-11-27T06:40:00+00:00,2023-02-08T10:45:07+00:00,,2023-02-08T10:45:07+00:00,,low,issue_closed_at_fallback
60283,2022-12-14T07:07:23+00:00,2023-02-08T18:15:00+00:00,,2023-02-08T18:15:00+00:00,,low,issue_closed_at_fallback
60924,2023-01-03T18:37:16+00:00,2023-02-08T18:19:36+00:00,,2023-02-08T18:19:36+00:00,,low,issue_closed_at_fallback
45611,2022-02-18T14:56:27+00:00,2023-02-08T18:25:42+00:00,,2023-02-08T18:25:42+00:00,,low,issue_closed_at_fallback
59411,2022-11-28T15:26:38+00:00,2023-02-09T09:11:19+00:00,00b692c0f911efaa4b41422e23adf3629cfc746c,2023-02-09T09:11:17+00:00,63018.0,medium,pull_request_keyword
46976,2022-03-25T23:27:50+00:00,2023-02-15T20:59:04+00:00,,2023-02-15T20:59:04+00:00,,low,issue_closed_at_fallback
45721,2022-02-22T11:33:39+00:00,2023-02-15T21:11:16+00:00,,2023-02-15T21:11:16+00:00,,low,issue_closed_at_fallback
61063,2023-01-05T18:27:06+00:00,2023-02-15T22:54:29+00:00,,2023-02-15T22:54:29+00:00,,low,issue_closed_at_fallback
59658,2022-12-01T14:41:56+00:00,2023-02-20T07:47:53+00:00,69b2aade1bc77c9d2ba81342564ecb816c16bf9a,2023-02-20T07:47:51+00:00,62935.0,medium,pull_request_keyword
63401,2023-02-17T12:03:11+00:00,2023-02-20T09:30:44+00:00,,2023-02-20T09:30:44+00:00,,low,issue_closed_at_fallback
63285,2023-02-10T20:24:43+00:00,2023-02-20T09:53:47+00:00,,2023-02-20T09:53:47+00:00,,low,issue_closed_at_fallback
63434,2023-02-20T09:45:30+00:00,2023-02-20T12:20:52+00:00,,2023-02-20T12:20:52+00:00,,low,issue_closed_at_fallback
62325,2023-01-27T13:42:30+00:00,2023-02-20T14:50:01+00:00,,2023-02-20T14:50:01+00:00,,low,issue_closed_at_fallback
61248,2023-01-10T20:09:35+00:00,2023-02-21T14:54:22+00:00,56c8661929f97dd8cb84402689dc45ffb7a38f8c,2023-02-21T14:54:21+00:00,63051.0,medium,pull_request_keyword
63334,2023-02-14T08:06:36+00:00,2023-02-21T18:55:09+00:00,,2023-02-21T18:55:09+00:00,,low,issue_closed_at_fallback
47835,2022-04-16T13:03:44+00:00,2023-02-22T08:24:15+00:00,45e478182bf200bf5efee8f46a947ea4a7d3e995,2023-02-22T08:24:14+00:00,63492.0,medium,pull_request_keyword
63458,2023-02-20T14:08:27+00:00,2023-02-22T13:47:53+00:00,,2023-02-22T13:47:53+00:00,,low,issue_closed_at_fallback
48384,2022-04-27T22:46:36+00:00,2023-02-23T09:17:09+00:00,,2023-02-23T09:17:09+00:00,,low,issue_closed_at_fallback
61881,2023-01-20T19:35:52+00:00,2023-02-23T13:23:35+00:00,c769a6281e668cffaa2989dbbd6977ebb6cd26e3,2023-02-23T13:23:33+00:00,63218.0,medium,pull_request_keyword
63591,2023-02-22T18:35:17+00:00,2023-02-23T16:50:51+00:00,22537bec2e6ca75fd9ac4eb6408ace289bdb414d,2023-02-23T16:50:49+00:00,63661.0,medium,pull_request_keyword
63609,2023-02-23T09:05:30+00:00,2023-02-24T11:48:32+00:00,c136ad1f16f58e84b1a51f177a5a3f9023e251fc,2023-02-24T11:48:30+00:00,63360.0,medium,pull_request_keyword
63316,2023-02-13T15:05:10+00:00,2023-02-24T16:37:12+00:00,823aaaeb7c7e91378994fc7910f3f94783a20f2e,2023-02-24T16:37:10+00:00,63731.0,medium,pull_request_keyword
63744,2023-02-24T16:22:05+00:00,2023-02-24T18:09:13+00:00,3672e44c1cfb3010303487abf9a23dd09ba147ba,2023-02-24T18:09:11+00:00,63747.0,medium,pull_request_keyword
63151,2023-02-08T20:40:10+00:00,2023-02-27T02:26:26+00:00,,2023-02-27T02:26:26+00:00,,low,issue_closed_at_fallback
55247,2022-09-15T14:44:20+00:00,2023-02-27T09:03:16+00:00,,2023-02-27T09:03:16+00:00,,low,issue_closed_at_fallback
51283,2022-06-22T19:09:34+00:00,2023-02-27T09:04:54+00:00,,2023-02-27T09:04:54+00:00,,low,issue_closed_at_fallback
63570,2023-02-22T13:32:07+00:00,2023-02-27T13:48:08+00:00,5f35995cd411a55645fe106c3cc0f7982835bda3,2023-02-27T13:48:06+00:00,63573.0,medium,pull_request_keyword
47486,2022-04-08T06:56:34+00:00,2023-02-28T12:04:40+00:00,,2023-02-28T12:04:40+00:00,,low,issue_closed_at_fallback
59643,2022-12-01T11:24:25+00:00,2023-02-28T12:04:47+00:00,,2023-02-28T12:04:47+00:00,,low,issue_closed_at_fallback
63892,2023-02-28T17:03:48+00:00,2023-02-28T18:08:03+00:00,e643437ee6f355c565bf4f1ddf337c9da168cf29,2023-02-28T18:08:01+00:00,63895.0,medium,pull_request_keyword
63927,2023-03-01T11:19:55+00:00,2023-03-01T16:58:32+00:00,,2023-03-01T16:58:32+00:00,,low,issue_closed_at_fallback
59699,2022-12-02T10:39:41+00:00,2023-03-01T17:16:57+00:00,5510fdc3ce89038d07094fd04491d1b6b9c88103,2023-03-01T17:16:55+00:00,59758.0,medium,pull_request_keyword
63256,2023-02-10T14:04:06+00:00,2023-03-01T17:16:58+00:00,5510fdc3ce89038d07094fd04491d1b6b9c88103,2023-03-01T17:16:55+00:00,59758.0,medium,pull_request_keyword
61833,2023-01-20T08:23:08+00:00,2023-03-01T23:17:57+00:00,,2023-03-01T23:17:57+00:00,,low,issue_closed_at_fallback
47276,2022-04-04T15:05:51+00:00,2023-03-02T08:50:04+00:00,dc6d0a2bdb0078bf9dd7676a7ecd5ebb31daa8c1,2023-03-02T08:50:02+00:00,63706.0,medium,pull_request_keyword
63485,2023-02-21T10:26:23+00:00,2023-03-02T11:00:43+00:00,afd5f417804e4e0dd29652546c446ddd625e0c8a,2023-03-02T11:00:41+00:00,63942.0,medium,pull_request_keyword
63943,2023-03-01T14:37:23+00:00,2023-03-02T16:27:30+00:00,3498785184698a687fd7a7a7c7d24709b32c8324,2023-03-02T16:27:28+00:00,63991.0,medium,pull_request_keyword
46570,2022-03-15T10:14:56+00:00,2023-03-02T18:24:24+00:00,,2023-03-02T18:24:24+00:00,,low,issue_closed_at_fallback
50243,2022-06-06T11:12:05+00:00,2023-03-02T21:32:47+00:00,,2023-03-02T21:32:47+00:00,,low,issue_closed_at_fallback
64036,2023-03-02T15:25:37+00:00,2023-03-03T10:26:35+00:00,,2023-03-03T10:26:35+00:00,,low,issue_closed_at_fallback
63958,2023-03-01T16:45:16+00:00,2023-03-03T13:23:49+00:00,4a7fbea7a4075743e1c021d7d4ff75b3ffe1e641,2023-03-03T13:23:47+00:00,64004.0,medium,pull_request_keyword
63749,2023-02-24T16:39:21+00:00,2023-03-03T14:39:56+00:00,d61bcdf4ca5e69489e0067c56fbe7f0bfdf84ee4,2023-03-03T14:39:54+00:00,63921.0,medium,pull_request_keyword
63205,2023-02-09T15:33:05+00:00,2023-03-03T17:13:46+00:00,,2023-03-03T17:13:46+00:00,,low,issue_closed_at_fallback
63323,2023-02-13T21:27:48+00:00,2023-03-04T00:06:16+00:00,1aadafe7d88a53ac38dede5dfb192c1deb545287,2023-03-04T00:06:15+00:00,63409.0,medium,pull_request_keyword
52329,2022-07-15T12:53:33+00:00,2023-03-06T08:20:46+00:00,211a999a2a6724185acb650f7fd7ec487d460208,2023-03-06T08:20:44+00:00,64025.0,medium,pull_request_keyword
63369,2023-02-15T14:36:03+00:00,2023-03-06T09:18:18+00:00,,2023-03-06T09:18:18+00:00,,low,issue_closed_at_fallback
63780,2023-02-26T19:59:53+00:00,2023-03-06T10:40:41+00:00,24a4a24a895f8c7a2cfaa12bf03e531b6fcf6d29,2023-03-06T10:40:40+00:00,63804.0,medium,pull_request_keyword
63781,2023-02-26T20:05:03+00:00,2023-03-06T14:10:51+00:00,,2023-03-06T14:10:51+00:00,,low,issue_closed_at_fallback
45459,2022-02-16T11:33:22+00:00,2023-03-06T17:32:11+00:00,,2023-03-06T17:32:11+00:00,,low,issue_closed_at_fallback
57473,2022-10-21T19:19:29+00:00,2023-03-06T21:01:01+00:00,4f3d64e8b7174bfb98da6c1d5004d203c3aea8ae,2023-03-06T21:01:00+00:00,64080.0,medium,pull_request_keyword
56526,2022-10-07T07:54:26+00:00,2023-03-07T08:35:53+00:00,,2023-03-07T08:35:53+00:00,,low,issue_closed_at_fallback
63372,2023-02-15T16:24:07+00:00,2023-03-07T08:36:06+00:00,,2023-03-07T08:36:06+00:00,,low,issue_closed_at_fallback
52010,2022-07-09T08:29:49+00:00,2023-03-07T09:01:30+00:00,,2023-03-07T09:01:30+00:00,,low,issue_closed_at_fallback
64035,2023-03-02T15:24:11+00:00,2023-03-07T10:08:53+00:00,,2023-03-07T10:08:53+00:00,,low,issue_closed_at_fallback
64170,2023-03-03T16:53:11+00:00,2023-03-07T22:57:37+00:00,,2023-03-07T22:57:37+00:00,,low,issue_closed_at_fallback
59425,2022-11-28T17:28:42+00:00,2023-03-08T09:17:29+00:00,a317e48de82e0cf15a4504500abe9fd890ac1252,2023-03-08T09:17:27+00:00,63446.0,medium,pull_request_keyword
52737,2022-07-25T14:59:31+00:00,2023-03-08T11:24:32+00:00,312117bdfe7c19b731999a172dcc7f4dab759eae,2023-03-08T11:24:30+00:00,62617.0,medium,pull_request_keyword
63904,2023-02-28T22:09:11+00:00,2023-03-08T11:28:55+00:00,,2023-03-08T11:29:38+00:00,64011.0,medium,pull_request_keyword
58896,2022-11-17T12:35:00+00:00,2023-03-08T13:57:04+00:00,,2023-03-08T13:57:04+00:00,,low,issue_closed_at_fallback
51813,2022-07-06T13:13:30+00:00,2023-03-09T08:30:22+00:00,366c5217a839d2bb1ed141975bae14311755edee,2023-04-04T13:11:05+00:00,59687.0,medium,pull_request_keyword
63696,2023-02-24T07:11:13+00:00,2023-03-09T16:17:45+00:00,,2023-03-09T16:17:45+00:00,,low,issue_closed_at_fallback
63579,2023-02-22T14:32:01+00:00,2023-03-09T16:19:09+00:00,,2023-03-09T16:19:09+00:00,,low,issue_closed_at_fallback
57048,2022-10-16T15:01:57+00:00,2023-03-09T16:42:49+00:00,3336327306606950192f93e512c9e4ef77a0961e,2023-03-09T16:42:46+00:00,62658.0,medium,pull_request_keyword
64530,2023-03-09T15:10:56+00:00,2023-03-10T11:20:31+00:00,,2023-03-10T11:20:31+00:00,,low,issue_closed_at_fallback
64194,2023-03-06T00:07:54+00:00,2023-03-10T13:14:42+00:00,,2023-03-10T13:14:42+00:00,,low,issue_closed_at_fallback
45442,2022-02-16T08:20:40+00:00,2023-03-10T13:41:49+00:00,73ce20ab48ff9e8e97ae021ba8da3457eee3402e,2023-03-10T13:41:47+00:00,61477.0,medium,pull_request_keyword
64656,2023-03-12T10:05:31+00:00,2023-03-13T04:18:51+00:00,,2023-03-13T04:18:51+00:00,,low,issue_closed_at_fallback
64417,2023-03-08T14:37:58+00:00,2023-03-13T11:45:10+00:00,caf98101e7b6b380e44021ff60fa8d3d39f8b568,2023-03-13T11:45:08+00:00,64677.0,medium,pull_request_keyword
60474,2022-12-16T15:23:39+00:00,2023-03-13T14:59:43+00:00,,2023-03-13T14:59:43+00:00,,low,issue_closed_at_fallback
64402,2023-03-08T13:32:31+00:00,2023-03-14T10:03:07+00:00,bda1a91e80e8d098bcab6a030491d00f72533cf3,2023-03-14T10:03:05+00:00,64520.0,medium,pull_request_keyword
55661,2022-09-23T09:38:40+00:00,2023-03-14T19:05:17+00:00,9b517e42308d87b35e78f65a929bccb2a5ec244f,2023-01-16T10:54:51+00:00,55683.0,medium,pull_request_keyword
63080,2023-02-08T10:33:16+00:00,2023-03-15T08:51:40+00:00,,2023-03-15T08:51:40+00:00,,low,issue_closed_at_fallback
58702,2022-11-14T13:05:10+00:00,2023-03-15T15:44:20+00:00,,2023-03-15T15:44:20+00:00,,low,issue_closed_at_fallback
62431,2023-01-29T10:17:48+00:00,2023-03-16T10:55:08+00:00,,2023-03-16T10:55:08+00:00,,low,issue_closed_at_fallback
60651,2022-12-21T19:22:15+00:00,2023-03-16T18:39:19+00:00,,2023-03-16T18:39:19+00:00,,low,issue_closed_at_fallback
64354,2023-03-07T20:08:18+00:00,2023-03-17T11:47:03+00:00,,2023-03-17T11:47:03+00:00,,low,issue_closed_at_fallback
58549,2022-11-09T21:14:03+00:00,2023-03-17T13:51:31+00:00,,2023-03-17T13:51:31+00:00,,low,issue_closed_at_fallback
55223,2022-09-15T09:25:36+00:00,2023-03-17T15:31:05+00:00,f5cb8c660ee1d2f016f40a365025c96fe2c29164,2023-03-17T15:31:04+00:00,64944.0,medium,pull_request_keyword
61807,2023-01-19T19:09:56+00:00,2023-03-17T16:14:27+00:00,,2023-03-17T16:14:27+00:00,,low,issue_closed_at_fallback
64889,2023-03-16T11:14:10+00:00,2023-03-20T12:32:23+00:00,b3243486e89e1606ebc76698053d0db116ac897e,2023-03-20T12:32:21+00:00,64893.0,medium,pull_request_keyword
64120,2023-03-03T10:09:11+00:00,2023-03-20T13:15:01+00:00,,2023-03-20T13:15:01+00:00,,low,issue_closed_at_fallback
65048,2023-03-20T13:37:02+00:00,2023-03-20T13:42:28+00:00,,2023-03-20T13:42:28+00:00,,low,issue_closed_at_fallback
64886,2023-03-16T10:31:01+00:00,2023-03-20T19:20:48+00:00,,2023-03-20T19:20:48+00:00,,low,issue_closed_at_fallback
58548,2022-11-09T21:04:20+00:00,2023-03-21T16:38:19+00:00,,2023-03-21T16:38:19+00:00,,low,issue_closed_at_fallback
65012,2023-03-19T21:40:34+00:00,2023-03-21T17:33:29+00:00,,2023-03-21T17:33:29+00:00,,low,issue_closed_at_fallback
62295,2023-01-27T10:33:12+00:00,2023-03-22T14:35:20+00:00,14607e78d1d6082dc880800427be37529649650f,2023-03-22T14:35:18+00:00,65098.0,medium,pull_request_keyword
65123,2023-03-21T15:27:32+00:00,2023-03-22T14:54:57+00:00,01a5d5042d1f547a6b322ae13a72da74fb5d8eb7,2023-03-22T14:54:54+00:00,65152.0,medium,pull_request_keyword
64835,2023-03-15T17:07:23+00:00,2023-03-22T15:45:04+00:00,,2023-03-22T15:45:04+00:00,,low,issue_closed_at_fallback
65125,2023-03-21T15:38:35+00:00,2023-03-22T17:02:10+00:00,,2023-03-22T17:02:10+00:00,,low,issue_closed_at_fallback
62417,2023-01-28T17:03:35+00:00,2023-03-23T09:27:36+00:00,,2023-03-23T09:27:36+00:00,,low,issue_closed_at_fallback
64830,2023-03-15T16:12:56+00:00,2023-03-23T14:17:36+00:00,409bd33a8f9b79df4873504cf6b0f496665e227f,2023-03-23T14:17:34+00:00,65257.0,medium,pull_request_keyword
62415,2023-01-28T13:43:08+00:00,2023-03-23T20:11:15+00:00,0871b6aea9588080324cb6dc719ea42762c5fdfb,2023-03-23T20:11:13+00:00,65236.0,medium,pull_request_keyword
64650,2023-03-11T07:41:57+00:00,2023-03-27T10:25:43+00:00,,2023-03-27T10:25:43+00:00,,low,issue_closed_at_fallback
65256,2023-03-23T11:03:43+00:00,2023-03-27T13:55:31+00:00,,2023-03-27T13:55:31+00:00,,low,issue_closed_at_fallback
63869,2023-02-28T14:16:44+00:00,2023-03-27T16:52:00+00:00,21ede347cbf60d5edd166ef92ea36a78a78aef52,2023-03-27T16:51:58+00:00,65321.0,medium,pull_request_keyword
63760,2023-02-24T19:26:20+00:00,2023-03-27T17:26:37+00:00,a8adfe83b56798eb3842e8c2d72ccd33877e19f5,2023-03-27T17:26:35+00:00,65372.0,medium,pull_request_keyword
63187,2023-02-09T13:01:50+00:00,2023-03-27T17:43:49+00:00,,2023-03-27T17:43:49+00:00,,low,issue_closed_at_fallback
63227,2023-02-09T21:55:45+00:00,2023-03-28T00:31:34+00:00,,2023-03-28T00:31:34+00:00,,low,issue_closed_at_fallback
65262,2023-03-23T11:55:36+00:00,2023-03-28T10:45:58+00:00,48f5825499e79c9202c15e17ef44be7c7631f438,2023-03-28T10:45:56+00:00,65428.0,medium,pull_request_keyword
64525,2023-03-09T14:06:11+00:00,2023-03-28T11:24:22+00:00,b210a39cb76840be5db43ffdbf6fd65431b59a14,2023-03-28T11:24:20+00:00,65184.0,medium,pull_request_keyword
64595,2023-03-10T11:15:46+00:00,2023-03-28T11:24:22+00:00,b210a39cb76840be5db43ffdbf6fd65431b59a14,2023-03-28T11:24:20+00:00,65184.0,medium,pull_request_keyword
61559,2023-01-16T13:51:31+00:00,2023-03-28T13:26:13+00:00,,2023-03-28T13:26:13+00:00,,low,issue_closed_at_fallback
65041,2023-03-20T11:48:20+00:00,2023-03-28T13:36:50+00:00,2c978fb0f0dec3db9bf7c87d351734b0b72853c2,2023-03-28T13:36:48+00:00,65357.0,medium,pull_request_keyword
64021,2023-03-02T12:28:17+00:00,2023-03-28T13:59:06+00:00,a7b090c98982c33c8f3cbf0e80e584888d6a34e3,2023-03-28T13:52:50+00:00,65396.0,medium,pull_request_keyword
63698,2023-02-24T07:20:02+00:00,2023-03-28T14:19:49+00:00,4ab3bd6f7e8bff7719c6c8756bfd8a86126a8616,2023-03-28T14:19:47+00:00,65127.0,medium,pull_request_keyword
65394,2023-03-27T18:00:24+00:00,2023-03-28T15:47:52+00:00,,2023-03-28T15:47:52+00:00,,low,issue_closed_at_fallback
63672,2023-02-23T17:28:10+00:00,2023-03-28T16:20:18+00:00,,2023-03-28T16:20:18+00:00,,low,issue_closed_at_fallback
64079,2023-03-02T22:04:41+00:00,2023-03-28T19:03:40+00:00,,2023-03-28T19:03:40+00:00,,low,issue_closed_at_fallback
64032,2023-03-02T14:59:42+00:00,2023-03-29T01:26:39+00:00,aedcbf2a4f9042d60db07855b1f2bce6be3d5053,2023-03-29T01:26:37+00:00,65149.0,medium,pull_request_keyword
63447,2023-02-20T11:50:09+00:00,2023-03-29T11:09:30+00:00,383148bcd11224353bb60832e7e7823d2409e8d1,2023-03-29T11:09:28+00:00,65490.0,medium,pull_request_keyword
65061,2023-03-20T16:08:16+00:00,2023-03-29T14:05:03+00:00,,2023-03-29T14:05:03+00:00,,low,issue_closed_at_fallback
59807,2022-12-05T12:01:37+00:00,2023-03-29T14:57:29+00:00,,2023-03-29T14:57:29+00:00,,low,issue_closed_at_fallback
63582,2023-02-22T16:09:47+00:00,2023-03-29T17:35:02+00:00,,2023-03-29T17:35:02+00:00,,low,issue_closed_at_fallback
65420,2023-03-28T09:06:18+00:00,2023-03-29T20:26:53+00:00,d96b0a71d324abb637e8cd3559dc12f75d5d00e9,2023-04-03T09:17:03+00:00,65169.0,medium,pull_request_keyword
58937,2022-11-18T08:39:37+00:00,2023-03-29T22:46:03+00:00,,2023-03-29T22:46:03+00:00,,low,issue_closed_at_fallback
61915,2023-01-23T12:39:58+00:00,2023-03-30T07:47:02+00:00,3ad4dc1547d4aa59dbac06aa9053760606406439,2023-03-30T07:47:00+00:00,65542.0,medium,pull_request_keyword
65356,2023-03-27T13:52:58+00:00,2023-03-30T09:33:26+00:00,,2023-03-30T09:33:26+00:00,,low,issue_closed_at_fallback
64755,2023-03-14T16:27:55+00:00,2023-03-30T09:53:13+00:00,1c7921770c624b327ccd3b6e226d173182e58514,2023-03-30T09:53:12+00:00,64765.0,medium,pull_request_keyword
64612,2023-03-10T14:09:52+00:00,2023-03-30T12:37:17+00:00,6f6ebf5b18161478175c5450974c9cfa506c3d85,2023-03-30T12:37:16+00:00,64717.0,medium,pull_request_keyword
65476,2023-03-28T17:57:38+00:00,2023-03-30T15:46:45+00:00,31aadeaecdbabfcab4fbbe382f5983ba36710d3e,2023-03-30T15:46:44+00:00,65631.0,medium,pull_request_keyword
63735,2023-02-24T15:00:57+00:00,2023-03-30T21:40:03+00:00,92965578b3cf24fa37e35199c921bbd6d72c31ef,2023-03-30T21:40:02+00:00,65306.0,medium,pull_request_keyword
65590,2023-03-30T08:03:50+00:00,2023-03-31T14:35:37+00:00,c03bf7d8ad8d046abdfe266c4e2871624c0f1411,2023-03-31T14:35:35+00:00,65691.0,medium,pull_request_keyword
60805,2022-12-28T22:14:39+00:00,2023-03-31T20:36:59+00:00,,2023-03-31T20:36:59+00:00,,low,issue_closed_at_fallback
61747,2023-01-19T10:20:13+00:00,2023-04-03T08:45:24+00:00,093498a03b12a677827e6816054ac7e3fd68e28d,2023-04-03T08:45:22+00:00,65755.0,medium,pull_request_keyword
62907,2023-02-03T19:02:01+00:00,2023-04-03T10:34:31+00:00,06ea490cc2fe4c7bbd0bc6e489b0fe534fcd74de,2023-04-03T10:34:29+00:00,65711.0,medium,pull_request_keyword
63345,2023-02-14T17:38:10+00:00,2023-04-03T13:12:45+00:00,,2023-04-03T13:12:45+00:00,,low,issue_closed_at_fallback
63898,2023-02-28T18:50:15+00:00,2023-04-03T13:31:17+00:00,96453c6e69caa37488cc44c844a754eaff56eea2,2023-04-03T13:31:15+00:00,65495.0,medium,pull_request_keyword
52790,2022-07-26T09:58:18+00:00,2023-04-03T13:39:09+00:00,,2023-04-03T13:39:09+00:00,,low,issue_closed_at_fallback
52554,2022-07-20T18:27:22+00:00,2023-04-04T12:44:06+00:00,,2023-04-04T12:44:06+00:00,,low,issue_closed_at_fallback
63050,2023-02-07T16:27:28+00:00,2023-04-04T14:21:25+00:00,,2023-04-04T14:21:25+00:00,,low,issue_closed_at_fallback
62356,2023-01-25T19:05:54+00:00,2023-04-04T18:44:46+00:00,,2023-04-04T18:44:46+00:00,,low,issue_closed_at_fallback
57159,2022-10-18T10:46:01+00:00,2023-04-04T18:56:49+00:00,f932952c68f19b853bb81bd55db03827a90aed67,2023-04-04T21:56:47+03:00,,high,commit_message_keyword
47735,2022-04-13T19:08:31+00:00,2023-04-05T08:28:06+00:00,91a61f1e0d150359c3487f94478c76170c82cdaa,2023-04-05T08:28:04+00:00,65699.0,medium,pull_request_keyword
60587,2022-12-20T15:48:41+00:00,2023-04-05T08:55:57+00:00,caac9838d8554fa61bad1645d8128190040699da,2023-04-05T08:55:55+00:00,64298.0,medium,pull_request_keyword
66012,2023-04-05T11:41:52+00:00,2023-04-05T13:35:03+00:00,,2023-04-05T13:35:03+00:00,,low,issue_closed_at_fallback
65426,2023-03-28T10:21:47+00:00,2023-04-05T14:08:05+00:00,8dded022ecf672578fafb36ed809516bbaedfb25,2023-04-05T14:08:04+00:00,65864.0,medium,pull_request_keyword
54505,2022-08-31T01:02:18+00:00,2023-04-05T18:13:35+00:00,,2023-04-05T18:13:35+00:00,,low,issue_closed_at_fallback
64157,2023-03-03T15:38:05+00:00,2023-04-05T19:08:15+00:00,90b15d41bff7385941807dd709d8fddc56df07f8,2023-04-05T19:08:13+00:00,66006.0,medium,pull_request_keyword
66088,2023-04-06T07:34:55+00:00,2023-04-06T07:36:02+00:00,,2023-04-06T07:36:02+00:00,,low,issue_closed_at_fallback
66090,2023-04-06T07:41:26+00:00,2023-04-06T07:42:12+00:00,9719ee9bd30cd3750fa86558c6ba78dea9b7552e,2023-04-05T05:55:44+00:00,65978.0,medium,pull_request_keyword
63481,2023-02-21T09:10:22+00:00,2023-04-06T12:43:25+00:00,,2023-04-06T12:43:25+00:00,,low,issue_closed_at_fallback
47047,2022-03-30T09:37:22+00:00,2023-04-07T17:01:56+00:00,,2023-04-07T17:01:56+00:00,,low,issue_closed_at_fallback
64750,2023-03-14T15:30:32+00:00,2023-04-07T18:29:16+00:00,,2023-04-07T18:29:16+00:00,,low,issue_closed_at_fallback
66225,2023-04-10T21:48:53+00:00,2023-04-11T09:24:17+00:00,,2023-04-11T09:24:17+00:00,,low,issue_closed_at_fallback
66226,2023-04-10T22:08:00+00:00,2023-04-11T11:01:17+00:00,,2023-04-11T11:01:17+00:00,,low,issue_closed_at_fallback
66229,2023-04-10T23:06:18+00:00,2023-04-11T11:10:03+00:00,,2023-04-11T11:10:03+00:00,,low,issue_closed_at_fallback
66232,2023-04-11T03:34:16+00:00,2023-04-11T12:05:04+00:00,,2023-04-11T12:05:04+00:00,,low,issue_closed_at_fallback
64187,2023-03-04T10:18:53+00:00,2023-04-11T12:54:57+00:00,02a8bc76d20f4fc63b3e9d727dbffd43ce0160f2,2023-04-11T12:54:55+00:00,65937.0,medium,pull_request_keyword
65263,2023-03-23T12:15:49+00:00,2023-04-11T13:16:23+00:00,fda38de293f595be9bf6d1d821fecd9dcbb74082,2023-04-11T13:16:21+00:00,65283.0,medium,pull_request_keyword
61842,2023-01-20T11:49:35+00:00,2023-04-11T14:26:53+00:00,,2023-04-11T14:26:53+00:00,,low,issue_closed_at_fallback
64339,2023-03-07T16:30:53+00:00,2023-04-11T16:37:10+00:00,c4f2b50da9a60eb670912f4a6dbf26b85eb1fc0f,2023-04-11T16:37:09+00:00,66207.0,medium,pull_request_keyword
66235,2023-04-11T07:02:35+00:00,2023-04-12T07:12:56+00:00,,2023-04-12T07:12:56+00:00,,low,issue_closed_at_fallback
64121,2023-03-03T10:48:45+00:00,2023-04-12T14:33:33+00:00,,2023-04-12T14:33:33+00:00,,low,issue_closed_at_fallback
56994,2022-10-14T14:07:38+00:00,2023-04-13T07:23:41+00:00,4cac95d1c22cc553723ceb72218b3167b8d13dcf,2023-04-13T07:23:40+00:00,65984.0,medium,pull_request_keyword
65436,2023-03-28T11:07:41+00:00,2023-04-13T12:11:16+00:00,,2023-04-13T12:11:16+00:00,,low,issue_closed_at_fallback
55804,2022-09-27T10:46:38+00:00,2023-04-13T12:21:38+00:00,725f29e6d0fe9f879a8235778d991c002e644a00,2023-04-13T12:21:36+00:00,66262.0,medium,pull_request_keyword
66520,2023-04-13T18:40:08+00:00,2023-04-13T20:05:22+00:00,,2023-04-13T20:05:22+00:00,,low,issue_closed_at_fallback
65360,2023-03-27T14:00:25+00:00,2023-04-14T09:31:48+00:00,b5e2b0d14cb945852b527b166d1a5ee5ffac7183,2023-04-14T09:31:47+00:00,66422.0,medium,pull_request_keyword
61787,2023-01-19T15:37:32+00:00,2023-04-14T10:46:06+00:00,,2023-04-14T10:46:06+00:00,,low,issue_closed_at_fallback
64273,2023-03-07T01:21:10+00:00,2023-04-14T11:20:15+00:00,,2023-04-14T11:20:15+00:00,,low,issue_closed_at_fallback
66316,2023-04-11T18:45:36+00:00,2023-04-14T11:25:13+00:00,,2023-04-14T11:25:13+00:00,,low,issue_closed_at_fallback
57354,2022-10-20T12:42:44+00:00,2023-04-14T12:30:00+00:00,,2023-04-14T12:30:00+00:00,,low,issue_closed_at_fallback
66574,2023-04-14T11:38:22+00:00,2023-04-14T18:32:10+00:00,,2023-04-14T18:32:10+00:00,,low,issue_closed_at_fallback
64172,2023-03-03T17:57:48+00:00,2023-04-17T08:27:41+00:00,,2023-04-17T08:27:41+00:00,,low,issue_closed_at_fallback
66557,2023-04-14T10:18:38+00:00,2023-04-17T11:05:58+00:00,9a4c7ef758583da5a12e94969fac16e24e8ac5e0,2023-04-17T11:05:57+00:00,66654.0,medium,pull_request_keyword
66665,2023-04-17T12:09:52+00:00,2023-04-17T12:45:20+00:00,,2023-04-17T12:45:20+00:00,,low,issue_closed_at_fallback
65756,2023-04-01T15:54:41+00:00,2023-04-17T15:19:46+00:00,73f1cd7badccdf78f89328783b0ef691fc74cdb3,2023-04-17T15:19:44+00:00,66281.0,medium,pull_request_keyword
65349,2023-03-27T13:32:26+00:00,2023-04-17T15:20:08+00:00,8ffd58a855508192ba85e182ee2d1f70555e2444,2023-04-17T15:20:06+00:00,65899.0,medium,pull_request_keyword
66619,2023-04-14T21:08:55+00:00,2023-04-17T19:15:47+00:00,,2023-04-17T19:15:47+00:00,,low,issue_closed_at_fallback
66478,2023-04-13T14:49:52+00:00,2023-04-18T06:15:37+00:00,,2023-04-18T06:15:37+00:00,,low,issue_closed_at_fallback
66709,2023-04-17T23:31:28+00:00,2023-04-18T13:47:59+00:00,,2023-04-18T13:47:59+00:00,,low,issue_closed_at_fallback
65276,2023-03-23T15:13:27+00:00,2023-04-18T14:52:40+00:00,13c5aadd5d452d835ac1b5a7f51cba461e03ae48,2023-04-18T14:52:38+00:00,65287.0,medium,pull_request_keyword
55806,2022-09-27T10:49:36+00:00,2023-04-19T08:22:27+00:00,98778289cbf66d794b3f05f87f177bba5ff52322,2023-04-19T08:22:24+00:00,65059.0,medium,pull_request_keyword
66132,2023-04-06T15:18:01+00:00,2023-04-19T09:03:48+00:00,,2023-04-19T09:03:48+00:00,,low,issue_closed_at_fallback
65719,2023-03-31T14:17:35+00:00,2023-04-19T11:21:04+00:00,,2023-04-19T11:21:04+00:00,,low,issue_closed_at_fallback
64038,2023-03-02T15:29:46+00:00,2023-04-19T15:04:49+00:00,,2023-04-19T15:04:49+00:00,,low,issue_closed_at_fallback
61107,2023-01-06T20:17:13+00:00,2023-04-20T09:42:27+00:00,,2023-04-20T09:42:27+00:00,,low,issue_closed_at_fallback
66571,2023-04-14T11:25:11+00:00,2023-04-20T09:52:15+00:00,6e8b17efd8a77d696b3ab0a49fd03f79c0311cec,2023-04-20T09:52:13+00:00,66865.0,medium,pull_request_keyword
66922,2023-04-20T08:53:36+00:00,2023-04-20T10:56:29+00:00,,2023-04-20T10:56:29+00:00,,low,issue_closed_at_fallback
66629,2023-04-15T09:17:48+00:00,2023-04-20T13:38:22+00:00,35342a3c76f483826e03b6f3bf89d9fef4983a2f,2023-04-20T13:38:21+00:00,66733.0,medium,pull_request_keyword
66694,2023-04-17T16:19:21+00:00,2023-04-20T15:06:49+00:00,,2023-04-20T15:06:49+00:00,,low,issue_closed_at_fallback
62761,2023-02-02T10:40:41+00:00,2023-04-20T16:22:22+00:00,,2023-04-20T16:22:22+00:00,,low,issue_closed_at_fallback
66905,2023-04-20T05:46:05+00:00,2023-04-21T07:42:01+00:00,,2023-04-21T07:42:01+00:00,,low,issue_closed_at_fallback
66338,2023-04-12T08:40:46+00:00,2023-04-21T08:02:12+00:00,29aaf429ad14e9bd72af7969a31846f6b164dcf5,2023-04-21T08:02:10+00:00,66872.0,medium,pull_request_keyword
60807,2022-12-29T02:13:48+00:00,2023-04-21T14:16:29+00:00,bbce69f295fb80c6bf759f6b1a0688b5e21d438e,2023-04-21T14:16:27+00:00,63819.0,medium,pull_request_keyword
63633,2023-02-23T12:53:02+00:00,2023-04-21T18:24:26+00:00,a2b97547a6fec749791d02a44de781a29205b6fa,2023-04-21T18:24:24+00:00,67050.0,medium,pull_request_keyword
66862,2023-04-19T14:43:15+00:00,2023-04-21T20:50:47+00:00,b992bdb62dca2b3007767b34934047c537a9d43a,2023-04-21T20:50:45+00:00,66869.0,medium,pull_request_keyword
67063,2023-04-21T16:12:04+00:00,2023-04-24T14:13:04+00:00,,2023-04-24T14:13:04+00:00,,low,issue_closed_at_fallback
66849,2023-04-19T12:53:39+00:00,2023-04-24T15:26:07+00:00,,2023-04-24T15:26:07+00:00,,low,issue_closed_at_fallback
47937,2022-04-20T10:46:01+00:00,2023-04-24T15:36:33+00:00,,2023-04-24T15:36:33+00:00,,low,issue_closed_at_fallback
67165,2023-04-24T22:13:03+00:00,2023-04-24T22:38:32+00:00,1a347bfb7bc2dbe00e87f5130b057c8bebf9c676,2023-04-24T22:38:31+00:00,67166.0,medium,pull_request_keyword
64043,2023-03-02T15:43:10+00:00,2023-04-25T09:25:27+00:00,,2023-04-25T09:25:27+00:00,,low,issue_closed_at_fallback
62893,2023-02-03T16:18:14+00:00,2023-04-25T13:28:02+00:00,,2023-04-25T13:28:02+00:00,,low,issue_closed_at_fallback
65588,2023-03-30T06:34:19+00:00,2023-04-25T14:19:00+00:00,,2023-04-25T14:19:00+00:00,,low,issue_closed_at_fallback
66060,2023-04-05T19:04:36+00:00,2023-04-25T21:26:00+00:00,,2023-04-25T21:26:00+00:00,,low,issue_closed_at_fallback
65172,2023-03-22T11:19:51+00:00,2023-04-25T21:38:47+00:00,,2023-04-25T21:38:47+00:00,,low,issue_closed_at_fallback
52676,2022-07-23T09:17:56+00:00,2023-04-26T08:27:39+00:00,c41c638b5289557895f9c908d07a5f1d3eb3883b,2023-04-26T08:27:37+00:00,66000.0,medium,pull_request_keyword
63699,2023-02-24T08:18:21+00:00,2023-04-26T09:52:27+00:00,,2023-04-26T09:52:27+00:00,,low,issue_closed_at_fallback
66545,2023-04-14T08:07:53+00:00,2023-04-26T12:06:40+00:00,,2023-04-26T12:06:40+00:00,,low,issue_closed_at_fallback
65311,2023-03-24T02:34:44+00:00,2023-04-26T15:23:01+00:00,,2023-04-26T15:23:01+00:00,,low,issue_closed_at_fallback
56388,2022-10-05T12:13:15+00:00,2023-04-26T23:24:11+00:00,,2023-04-26T23:24:11+00:00,,low,issue_closed_at_fallback
66472,2023-04-13T13:55:08+00:00,2023-04-27T08:26:17+00:00,bfe1b6880018d1e5ab5bf8e7f7ce45a4d1349a75,2023-04-27T08:26:16+00:00,66492.0,medium,pull_request_keyword
66659,2023-04-17T10:51:26+00:00,2023-04-27T10:11:21+00:00,2dc5872bd68ce996e64551cd757bf8cfa41298c2,2023-04-27T10:11:20+00:00,66816.0,medium,pull_request_keyword
65710,2023-03-31T13:37:46+00:00,2023-04-27T11:12:53+00:00,2306fb38dc6b791bc7a9f669027811309d038cf1,2023-04-27T11:12:52+00:00,67021.0,medium,pull_request_keyword
64486,2023-03-09T08:22:23+00:00,2023-04-27T11:30:13+00:00,cefeef71348cd13d8fee12e7cbdb3990ba0dcd81,2023-04-27T11:30:12+00:00,67279.0,medium,pull_request_keyword
57122,2022-10-17T19:05:25+00:00,2023-04-28T12:39:13+00:00,,2023-04-28T12:39:13+00:00,,low,issue_closed_at_fallback
67444,2023-04-27T19:47:32+00:00,2023-04-28T14:01:52+00:00,15363e416bc8362a134d8820d788e59f41b42770,2023-04-28T14:01:50+00:00,67499.0,medium,pull_request_keyword
61917,2023-01-23T12:53:59+00:00,2023-04-28T14:42:56+00:00,,2023-04-28T14:42:56+00:00,,low,issue_closed_at_fallback
67434,2023-04-27T18:02:46+00:00,2023-04-28T15:11:51+00:00,8a6552a9e535aa550b5a683f90d65ec105e922df,2023-04-28T15:11:50+00:00,67511.0,medium,pull_request_keyword
64256,2023-03-06T18:20:45+00:00,2023-04-28T15:22:37+00:00,,2023-04-28T15:22:37+00:00,,low,issue_closed_at_fallback
66750,2023-04-18T11:17:40+00:00,2023-04-28T18:03:32+00:00,,2023-04-28T18:03:32+00:00,,low,issue_closed_at_fallback
67304,2023-04-26T15:51:24+00:00,2023-05-01T05:43:28+00:00,,2023-05-01T05:43:28+00:00,,low,issue_closed_at_fallback
67494,2023-04-28T11:44:05+00:00,2023-05-02T10:16:52+00:00,,2023-05-02T10:16:52+00:00,,low,issue_closed_at_fallback
67655,2023-05-02T12:44:41+00:00,2023-05-03T07:53:35+00:00,21d28c1cb5db54f6f26544022d41fcc658430c23,2023-05-03T07:53:34+00:00,67664.0,medium,pull_request_keyword
64052,2023-03-02T16:21:29+00:00,2023-05-03T12:37:44+00:00,,2023-05-03T12:37:44+00:00,,low,issue_closed_at_fallback
60802,2022-12-28T20:56:54+00:00,2023-05-03T20:45:21+00:00,,2023-05-03T20:45:21+00:00,,low,issue_closed_at_fallback
67788,2023-05-03T21:18:20+00:00,2023-05-03T21:42:05+00:00,,2023-05-03T21:42:05+00:00,,low,issue_closed_at_fallback
67741,2023-05-03T14:44:02+00:00,2023-05-04T09:32:38+00:00,,2023-05-04T09:32:38+00:00,,low,issue_closed_at_fallback
67804,2023-05-04T08:14:58+00:00,2023-05-04T10:37:17+00:00,8ca9a89cf1ca4f6c99b65f57b808bf4fe1c8c4d2,2023-05-04T10:37:15+00:00,67802.0,medium,pull_request_keyword
67821,2023-05-04T10:38:40+00:00,2023-05-04T10:45:24+00:00,,2023-05-04T10:45:24+00:00,,low,issue_closed_at_fallback
67391,2023-04-27T12:49:53+00:00,2023-05-04T17:33:01+00:00,,2023-05-04T17:33:01+00:00,,low,issue_closed_at_fallback
62390,2022-09-06T16:32:05+00:00,2023-05-04T19:07:35+00:00,,2023-05-04T19:07:35+00:00,,low,issue_closed_at_fallback
67906,2023-05-05T10:56:36+00:00,2023-05-05T13:49:40+00:00,,2023-05-05T13:49:40+00:00,,low,issue_closed_at_fallback
65839,2023-04-03T14:05:46+00:00,2023-05-05T16:03:56+00:00,,2023-05-05T16:03:56+00:00,,low,issue_closed_at_fallback
59334,2022-11-25T11:01:58+00:00,2023-05-05T16:30:10+00:00,,2023-05-05T16:30:10+00:00,,low,issue_closed_at_fallback
67344,2023-04-27T02:29:30+00:00,2023-05-05T16:51:17+00:00,,2023-05-05T16:51:17+00:00,,low,issue_closed_at_fallback
63056,2023-02-07T18:48:05+00:00,2023-05-05T19:57:38+00:00,,2023-05-05T19:57:38+00:00,,low,issue_closed_at_fallback
51108,2022-06-20T10:47:21+00:00,2023-05-05T21:49:45+00:00,,2023-05-05T21:49:45+00:00,,low,issue_closed_at_fallback
63337,2023-02-14T12:39:38+00:00,2023-05-05T22:34:37+00:00,,2023-05-05T22:34:37+00:00,,low,issue_closed_at_fallback
67791,2023-05-03T22:01:28+00:00,2023-05-05T22:52:33+00:00,,2023-05-05T22:52:33+00:00,,low,issue_closed_at_fallback
67890,2023-05-05T08:05:11+00:00,2023-05-06T20:48:27+00:00,,2023-05-06T20:48:27+00:00,,low,issue_closed_at_fallback
67365,2023-04-27T09:18:29+00:00,2023-05-08T07:50:27+00:00,d01ea9902c9cacab2758ff902d516f65987c0ba1,2023-04-27T12:07:27+00:00,67369.0,medium,pull_request_keyword
67481,2023-04-28T09:46:02+00:00,2023-05-08T08:12:20+00:00,,2023-05-08T08:12:20+00:00,,low,issue_closed_at_fallback
67574,2023-04-29T12:07:18+00:00,2023-05-08T09:32:48+00:00,53a320115f0905acc97cbff904bc105b03b9cb51,2023-05-24T02:44:32+00:00,67961.0,medium,pull_request_keyword
66052,2023-04-05T17:13:16+00:00,2023-05-08T12:28:11+00:00,,2023-05-08T12:28:11+00:00,,low,issue_closed_at_fallback
67733,2023-05-03T13:46:11+00:00,2023-05-08T16:02:22+00:00,5416ec4768aa12f994234fbb3da7c4cc57b529e3,2023-05-08T16:02:21+00:00,67842.0,medium,pull_request_keyword
68002,2023-05-08T13:26:08+00:00,2023-05-08T16:33:32+00:00,,2023-05-08T16:33:32+00:00,,low,issue_closed_at_fallback
67805,2023-05-04T08:16:40+00:00,2023-05-08T19:51:46+00:00,,2023-05-08T19:51:46+00:00,,low,issue_closed_at_fallback
67811,2023-05-04T09:07:17+00:00,2023-05-09T05:50:16+00:00,,2023-05-09T05:50:16+00:00,,low,issue_closed_at_fallback
64312,2023-03-07T12:54:23+00:00,2023-05-09T07:07:47+00:00,,2023-05-09T07:07:47+00:00,,low,issue_closed_at_fallback
66416,2023-04-12T19:12:30+00:00,2023-05-09T11:44:43+00:00,,2023-05-09T11:44:43+00:00,,low,issue_closed_at_fallback
60688,2022-12-22T12:51:00+00:00,2023-05-09T12:31:32+00:00,6137e45fe156a969972ccd0719f7464fc81b7db3,2023-05-09T12:31:31+00:00,67839.0,medium,pull_request_keyword
66814,2023-04-19T06:19:52+00:00,2023-05-09T13:18:40+00:00,,2023-05-09T13:18:40+00:00,,low,issue_closed_at_fallback
66625,2023-04-15T03:47:44+00:00,2023-05-09T20:12:04+00:00,13603c7d7157b4fa2fd00f1534718f588cc233e5,2023-05-09T20:12:03+00:00,68038.0,medium,pull_request_keyword
62070,2023-01-25T09:37:42+00:00,2023-05-09T21:24:15+00:00,f100a4c68003300e99d7b6fa86c6f5196c41596f,2023-05-09T21:24:14+00:00,68111.0,medium,pull_request_keyword
64912,2023-03-16T15:26:49+00:00,2023-05-09T21:29:54+00:00,4ee894b0bea4306bc171a16c0cc5f15fd799b414,2023-05-09T21:29:53+00:00,68132.0,medium,pull_request_keyword
65302,2023-03-23T20:58:54+00:00,2023-05-10T04:16:37+00:00,,2023-05-10T04:16:37+00:00,,low,issue_closed_at_fallback
66838,2023-04-19T11:30:41+00:00,2023-05-10T13:12:58+00:00,7801cf6585c08fc3e3ee2d2b4e5066b5e2dc2aac,2023-05-10T13:12:56+00:00,67652.0,medium,pull_request_keyword
67894,2023-05-05T08:24:19+00:00,2023-05-10T16:57:12+00:00,0565c3440fe6553f2ef2a29a5f027fb20e8a7f68,2023-05-10T16:57:10+00:00,68227.0,medium,pull_request_keyword
67700,2023-05-03T08:03:25+00:00,2023-05-10T18:56:02+00:00,cb293ecf1ce3aabea7994d736089904946015fe0,2023-05-10T18:56:01+00:00,68203.0,medium,pull_request_keyword
67731,2023-05-03T13:36:40+00:00,2023-05-11T06:31:36+00:00,d8dfef71e2d6db25e267c07b409a3ba4c568f78d,2023-05-11T06:31:35+00:00,67751.0,medium,pull_request_keyword
63133,2023-02-08T18:13:14+00:00,2023-05-11T08:37:38+00:00,b10b290213998aaff0554637c17b986dae075ba9,2023-05-11T11:37:36+03:00,,high,commit_message_keyword
63835,2023-02-28T09:59:06+00:00,2023-05-11T18:34:10+00:00,,2023-05-11T18:34:10+00:00,,low,issue_closed_at_fallback
66290,2023-04-11T14:20:32+00:00,2023-05-12T13:48:19+00:00,,2023-05-12T13:48:19+00:00,,low,issue_closed_at_fallback
67474,2023-04-28T08:09:34+00:00,2023-05-12T16:30:20+00:00,,2023-05-12T16:30:20+00:00,,low,issue_closed_at_fallback
67941,2023-05-05T18:47:41+00:00,2023-05-12T23:37:45+00:00,24037ddd592d170db52f74f2d70a06bd05d0a335,2023-05-12T23:37:44+00:00,68419.0,medium,pull_request_keyword
52598,2022-07-21T11:12:06+00:00,2023-05-15T10:48:52+00:00,,2023-05-15T10:48:52+00:00,,low,issue_closed_at_fallback
65447,2023-03-28T08:33:21+00:00,2023-05-15T13:18:47+00:00,,2023-05-15T13:18:47+00:00,,low,issue_closed_at_fallback
68440,2023-05-15T09:03:38+00:00,2023-05-15T13:27:29+00:00,,2023-05-15T13:27:29+00:00,,low,issue_closed_at_fallback
61966,2023-01-24T04:13:19+00:00,2023-05-15T15:23:32+00:00,5d42eb1a49bd2ec6960cb5c61187343a1061909b,2023-02-22T20:14:41+00:00,62523.0,medium,pull_request_keyword
67284,2023-04-26T13:00:26+00:00,2023-05-15T19:19:18+00:00,e0d8f3b4a73111e03ef3c5462e904edd9ea0ff5b,2023-05-15T19:19:17+00:00,68491.0,medium,pull_request_keyword
67580,2023-04-30T05:36:23+00:00,2023-05-15T22:34:22+00:00,92d865cccef8779a477eecdb5748e2d3aee246fe,2023-05-15T22:34:21+00:00,68415.0,medium,pull_request_keyword
65632,2023-03-30T15:44:09+00:00,2023-05-16T10:15:55+00:00,,2023-05-16T10:15:55+00:00,,low,issue_closed_at_fallback
68531,2023-05-16T10:49:00+00:00,2023-05-16T15:09:11+00:00,,2023-05-16T15:09:11+00:00,,low,issue_closed_at_fallback
61196,2023-01-09T21:18:52+00:00,2023-05-16T15:57:19+00:00,,2023-05-16T15:57:19+00:00,,low,issue_closed_at_fallback
68564,2023-05-16T15:24:42+00:00,2023-05-17T07:48:47+00:00,,2023-05-17T07:48:47+00:00,,low,issue_closed_at_fallback
68427,2023-05-13T14:50:02+00:00,2023-05-17T12:28:34+00:00,,2023-05-17T12:28:34+00:00,,low,issue_closed_at_fallback
68293,2023-05-11T09:47:23+00:00,2023-05-17T12:29:18+00:00,71e7ec1c83f57118f8b06cba37640b24173d52be,2023-05-17T12:29:17+00:00,68565.0,medium,pull_request_keyword
59733,2022-12-02T16:12:33+00:00,2023-05-17T13:22:23+00:00,,2023-05-17T13:22:23+00:00,,low,issue_closed_at_fallback
68428,2023-05-13T15:30:35+00:00,2023-05-17T13:28:27+00:00,,2023-05-17T13:28:27+00:00,,low,issue_closed_at_fallback
68630,2023-05-17T13:31:23+00:00,2023-05-17T13:32:57+00:00,,2023-05-17T13:32:57+00:00,,low,issue_closed_at_fallback
60801,2022-12-28T20:12:52+00:00,2023-05-18T13:31:28+00:00,,2023-05-18T13:31:28+00:00,,low,issue_closed_at_fallback
67682,2023-05-02T18:20:52+00:00,2023-05-18T15:31:09+00:00,,2023-05-18T15:31:09+00:00,,low,issue_closed_at_fallback
68689,2023-05-18T09:13:24+00:00,2023-05-22T08:56:50+00:00,dc656ecd8abcbdd8dbdd51ac7e00947114be6b47,2023-05-22T08:56:49+00:00,68711.0,medium,pull_request_keyword
68717,2023-05-18T16:08:48+00:00,2023-05-22T11:50:48+00:00,39e57489a1e320b9e264675e653f181e89ed4471,2023-05-22T11:50:47+00:00,68650.0,medium,pull_request_keyword
67897,2023-05-05T09:39:50+00:00,2023-05-22T13:35:15+00:00,,2023-05-22T13:35:15+00:00,,low,issue_closed_at_fallback
68735,2023-05-18T21:11:57+00:00,2023-05-22T13:57:58+00:00,,2023-05-22T13:57:58+00:00,,low,issue_closed_at_fallback
68760,2023-05-22T07:57:56+00:00,2023-05-22T13:58:45+00:00,1016c817445cbc6cce39f5718cb58bf74df989db,2023-05-22T13:58:43+00:00,68791.0,medium,pull_request_keyword
67638,2023-05-02T09:25:28+00:00,2023-05-22T14:20:17+00:00,,2023-05-22T14:20:17+00:00,,low,issue_closed_at_fallback
68825,2023-05-22T13:52:08+00:00,2023-05-22T21:55:20+00:00,9e61172245e6dfc026092d01f905959fd2d88ac3,2023-05-22T21:55:18+00:00,68845.0,medium,pull_request_keyword
67819,2023-05-04T10:28:05+00:00,2023-05-23T12:36:07+00:00,,2023-05-23T12:36:07+00:00,,low,issue_closed_at_fallback
68384,2023-05-12T14:10:59+00:00,2023-05-23T15:11:50+00:00,c4242b8c5e946fffef1fcd92d6765ca6d37eb715,2023-05-23T15:11:49+00:00,68838.0,medium,pull_request_keyword
68362,2023-05-12T11:11:22+00:00,2023-05-23T15:19:12+00:00,e3e8a7965abcda355c99d7b223f4bc748feb7d15,2023-05-23T15:19:10+00:00,68798.0,medium,pull_request_keyword
63916,2023-03-01T08:51:28+00:00,2023-05-23T15:22:07+00:00,,2023-05-23T15:22:07+00:00,,low,issue_closed_at_fallback
56932,2022-10-14T09:35:04+00:00,2023-05-24T08:14:21+00:00,,2023-05-24T08:14:21+00:00,,low,issue_closed_at_fallback
68556,2023-05-16T14:37:55+00:00,2023-05-24T08:28:16+00:00,,2023-05-24T08:28:16+00:00,,low,issue_closed_at_fallback
68884,2023-05-23T12:36:44+00:00,2023-05-24T09:52:23+00:00,,2023-05-24T09:52:23+00:00,,low,issue_closed_at_fallback
65518,2023-03-29T11:30:13+00:00,2023-05-24T13:26:20+00:00,4d74f75470776bd46a0cd9a0e5feac0d7c2f6123,2023-05-24T13:26:18+00:00,67843.0,medium,pull_request_keyword
67851,2023-05-04T14:56:17+00:00,2023-05-24T17:09:19+00:00,,2023-05-24T17:09:19+00:00,,low,issue_closed_at_fallback
69036,2023-05-25T06:42:13+00:00,2023-05-25T07:17:26+00:00,f22d1d14a0850db3b6d5f8f77908f949e82a91ce,2023-05-25T07:17:25+00:00,69037.0,medium,pull_request_keyword
67829,2023-05-04T11:51:38+00:00,2023-05-25T08:49:25+00:00,25b89babacffe4c526dac71ba7d3a64036b8e693,2023-05-25T08:49:24+00:00,68955.0,medium,pull_request_keyword
60908,2023-01-03T13:41:40+00:00,2023-05-25T10:09:31+00:00,,2023-05-25T10:09:31+00:00,,low,issue_closed_at_fallback
48456,2022-04-28T17:58:29+00:00,2023-05-25T15:21:46+00:00,,2023-05-25T15:21:46+00:00,,low,issue_closed_at_fallback
67508,2023-04-28T13:12:49+00:00,2023-05-25T15:39:18+00:00,,2023-05-25T15:39:18+00:00,,low,issue_closed_at_fallback
68824,2023-05-22T13:44:33+00:00,2023-05-25T19:25:28+00:00,,2023-05-25T19:25:28+00:00,,low,issue_closed_at_fallback
63558,2023-02-22T11:17:36+00:00,2023-05-26T08:30:48+00:00,,2023-05-26T08:30:48+00:00,,low,issue_closed_at_fallback
68539,2023-05-16T11:57:42+00:00,2023-05-26T11:23:00+00:00,,2023-05-26T11:23:00+00:00,,low,issue_closed_at_fallback
61620,2023-01-17T13:36:46+00:00,2023-05-26T14:01:56+00:00,,2023-05-26T14:01:56+00:00,,low,issue_closed_at_fallback
68826,2023-05-22T13:54:06+00:00,2023-05-26T14:19:39+00:00,,2023-05-26T14:19:39+00:00,,low,issue_closed_at_fallback
67948,2023-05-05T20:23:42+00:00,2023-05-26T14:39:00+00:00,c9adcc1e979af711d3e038dd5141736125bbda83,2023-05-26T14:38:58+00:00,68875.0,medium,pull_request_keyword
69226,2023-05-29T14:24:04+00:00,2023-05-29T14:24:55+00:00,,2023-05-29T14:24:55+00:00,,low,issue_closed_at_fallback
69022,2023-05-24T21:18:58+00:00,2023-05-29T16:08:30+00:00,,2023-05-29T16:08:30+00:00,,low,issue_closed_at_fallback
66692,2023-04-17T15:55:27+00:00,2023-05-31T13:10:15+00:00,,2023-05-31T13:10:15+00:00,,low,issue_closed_at_fallback
69207,2023-05-28T17:56:13+00:00,2023-05-31T14:46:41+00:00,,2023-05-31T14:46:41+00:00,,low,issue_closed_at_fallback
62655,2023-02-01T10:03:36+00:00,2023-05-31T15:00:37+00:00,,2023-05-31T15:00:37+00:00,,low,issue_closed_at_fallback
69292,2023-05-31T08:56:20+00:00,2023-06-01T10:14:21+00:00,,2023-06-01T10:14:21+00:00,,low,issue_closed_at_fallback
69439,2023-06-02T10:19:56+00:00,2023-06-02T10:23:54+00:00,,2023-06-02T10:23:54+00:00,,low,issue_closed_at_fallback
51984,2022-07-08T15:38:26+00:00,2023-06-02T14:57:05+00:00,,2023-06-02T14:57:05+00:00,,low,issue_closed_at_fallback
55420,2022-09-19T19:12:13+00:00,2023-06-02T15:04:37+00:00,,2023-06-02T15:04:37+00:00,,low,issue_closed_at_fallback
56230,2022-10-04T07:07:03+00:00,2023-06-05T10:25:04+00:00,,2023-06-05T10:25:04+00:00,,low,issue_closed_at_fallback
69331,2023-05-31T16:58:07+00:00,2023-06-05T13:16:14+00:00,,2023-06-05T13:16:14+00:00,,low,issue_closed_at_fallback
65157,2023-03-22T08:09:29+00:00,2023-06-05T14:11:14+00:00,,2023-06-05T14:11:14+00:00,,low,issue_closed_at_fallback
63702,2023-02-24T08:49:03+00:00,2023-06-06T08:44:29+00:00,,2023-06-06T08:44:29+00:00,,low,issue_closed_at_fallback
53388,2022-08-08T12:30:50+00:00,2023-06-06T13:12:13+00:00,07dd90b5a8866273813c6b4a5e7087cea529f908,2023-06-06T13:12:10+00:00,66965.0,medium,pull_request_keyword
69642,2023-06-06T13:37:41+00:00,2023-06-06T22:28:35+00:00,cefcbfa5ed20bfb2acbcda259ab1416561ca6baa,2023-06-06T22:28:33+00:00,69643.0,medium,pull_request_keyword
69463,2023-06-02T13:46:02+00:00,2023-06-08T08:24:51+00:00,e0ce6c3a9496750c4e012e903bb1bc8b81586c49,2023-06-08T08:24:49+00:00,69536.0,medium,pull_request_keyword
69775,2023-06-08T10:11:19+00:00,2023-06-08T11:35:23+00:00,ff89217d66e2bbada472db21dc50368edb648403,2023-06-08T11:35:21+00:00,69780.0,medium,pull_request_keyword
69555,2023-06-05T12:29:39+00:00,2023-06-08T12:40:41+00:00,,2023-06-08T12:40:41+00:00,,low,issue_closed_at_fallback
66427,2023-04-13T05:42:19+00:00,2023-06-08T16:40:27+00:00,,2023-06-08T16:40:27+00:00,,low,issue_closed_at_fallback
66158,2023-04-06T23:28:07+00:00,2023-06-08T22:51:51+00:00,,2023-06-08T22:51:51+00:00,,low,issue_closed_at_fallback
61932,2023-01-23T15:35:47+00:00,2023-06-09T15:23:27+00:00,,2023-06-09T15:23:27+00:00,,low,issue_closed_at_fallback
69877,2023-06-10T05:52:10+00:00,2023-06-11T04:12:31+00:00,cc8bedc1739331456ff27ca46a6ada1cb85f2608,2023-06-11T04:12:30+00:00,69879.0,medium,pull_request_keyword
67698,2023-05-03T08:01:07+00:00,2023-06-12T14:58:41+00:00,9eb8ec9fa9eaa35dfc197449feaebcb640b10b6c,2023-06-12T14:58:39+00:00,69845.0,medium,pull_request_keyword
69935,2023-06-12T15:28:11+00:00,2023-06-12T19:43:01+00:00,,2023-06-12T19:43:01+00:00,,low,issue_closed_at_fallback
69213,2023-05-29T11:44:57+00:00,2023-06-13T09:26:03+00:00,a00d7770bcb93bded753377000aef4c07b62f969,2023-06-13T09:26:02+00:00,69932.0,medium,pull_request_keyword
68702,2023-05-18T12:50:17+00:00,2023-06-14T06:18:53+00:00,9f7776f07378ded215c8a1d801f0d82fe47c065a,2023-06-14T06:18:51+00:00,69919.0,medium,pull_request_keyword
69262,2023-05-30T15:41:22+00:00,2023-06-14T12:51:05+00:00,,2023-06-14T12:51:05+00:00,,low,issue_closed_at_fallback
69661,2023-06-06T17:47:59+00:00,2023-06-15T10:12:29+00:00,,2023-06-15T10:12:29+00:00,,low,issue_closed_at_fallback
65712,2023-03-31T13:50:05+00:00,2023-06-15T13:34:55+00:00,f06ccbdf6e0092237747b97a2de5bc834333511b,2023-06-15T13:34:54+00:00,69989.0,medium,pull_request_keyword
64861,2023-03-15T22:33:36+00:00,2023-06-15T16:32:22+00:00,,2023-06-15T16:32:22+00:00,,low,issue_closed_at_fallback
53357,2022-08-07T13:13:14+00:00,2023-06-15T17:33:44+00:00,,2023-06-15T17:33:44+00:00,,low,issue_closed_at_fallback
64593,2023-03-10T11:01:48+00:00,2023-06-15T17:33:44+00:00,,2023-06-15T17:33:44+00:00,,low,issue_closed_at_fallback
69765,2023-06-08T08:38:00+00:00,2023-06-16T09:18:56+00:00,62ee1fa05a1693e21625f7ce82ab917eae28478a,2023-06-16T09:18:54+00:00,69944.0,medium,pull_request_keyword
65456,2023-03-28T14:18:48+00:00,2023-06-16T14:58:38+00:00,520cd55d54e86818abda87fcef3269911252bb40,2023-06-16T14:58:36+00:00,70240.0,medium,pull_request_keyword
69069,2023-05-25T12:16:11+00:00,2023-06-17T12:07:51+00:00,,2023-06-17T12:07:51+00:00,,low,issue_closed_at_fallback
70260,2023-06-16T16:11:56+00:00,2023-06-19T09:47:01+00:00,6a3c6eb1748a6e449b7d2d988ce86a6167332f2d,2023-06-19T09:46:59+00:00,70307.0,medium,pull_request_keyword
69841,2023-06-09T09:38:34+00:00,2023-06-19T12:28:58+00:00,,2023-06-19T12:28:58+00:00,,low,issue_closed_at_fallback
70259,2023-06-16T16:10:25+00:00,2023-06-20T09:28:26+00:00,,2023-06-20T09:28:26+00:00,,low,issue_closed_at_fallback
70375,2023-06-20T11:06:25+00:00,2023-06-20T12:21:51+00:00,d5d3db9a6e150eaf22314d5f61d4b288fd10d2f7,2023-06-20T12:21:50+00:00,70377.0,medium,pull_request_keyword
68213,2023-05-10T11:41:22+00:00,2023-06-20T15:29:22+00:00,,2023-06-20T15:29:22+00:00,,low,issue_closed_at_fallback
61422,2023-01-12T18:21:05+00:00,2023-06-21T09:06:31+00:00,d3450d75a4916f29369d85f616dba6fd83077236,2023-06-21T09:06:28+00:00,69692.0,medium,pull_request_keyword
69548,2023-06-05T10:36:05+00:00,2023-06-22T08:44:22+00:00,,2023-06-22T08:44:22+00:00,,low,issue_closed_at_fallback
70488,2023-06-22T08:34:10+00:00,2023-06-22T10:34:13+00:00,e60966d9778ae8c4f30f90f6687b73fc0ff5328d,2023-06-22T10:34:12+00:00,70503.0,medium,pull_request_keyword
70049,2023-06-14T09:38:00+00:00,2023-06-22T13:00:26+00:00,cb2cc591da5c16daffc65398091bfc1128b720ce,2023-06-22T13:00:21+00:00,70235.0,medium,pull_request_keyword
70586,2023-06-23T10:37:25+00:00,2023-06-23T12:06:03+00:00,,2023-06-23T12:06:03+00:00,,low,issue_closed_at_fallback
69406,2023-06-01T16:42:58+00:00,2023-06-23T15:50:40+00:00,,2023-06-23T15:50:40+00:00,,low,issue_closed_at_fallback
70383,2023-06-20T13:17:50+00:00,2023-06-23T17:15:26+00:00,,2023-06-23T17:15:26+00:00,,low,issue_closed_at_fallback
69982,2023-06-13T07:43:42+00:00,2023-06-26T10:23:19+00:00,,2023-06-26T10:23:19+00:00,,low,issue_closed_at_fallback
67316,2023-04-26T17:40:04+00:00,2023-06-26T20:34:20+00:00,,2023-06-26T20:34:20+00:00,,low,issue_closed_at_fallback
65299,2023-03-23T20:09:46+00:00,2023-06-26T20:45:42+00:00,,2023-06-26T20:45:42+00:00,,low,issue_closed_at_fallback
70714,2023-06-26T18:06:55+00:00,2023-06-27T12:02:59+00:00,2738a3a6da6e1e91cb8c8b93a3fe72605090aad2,2023-06-27T12:02:57+00:00,70717.0,medium,pull_request_keyword
70638,2023-06-23T18:45:47+00:00,2023-06-27T12:58:48+00:00,,2023-06-27T12:58:48+00:00,,low,issue_closed_at_fallback
70665,2023-06-26T08:19:51+00:00,2023-06-27T12:59:15+00:00,c9c357fc19f502d4dc027560b600d0680790398d,2023-06-27T12:59:14+00:00,70670.0,medium,pull_request_keyword
46497,2022-03-12T02:24:39+00:00,2023-06-28T11:53:55+00:00,db478ced45a2c403ba8b31f89220cf6d48d4fb55,2023-06-28T11:53:53+00:00,68110.0,medium,pull_request_keyword
70230,2023-06-16T09:56:33+00:00,2023-06-29T14:40:58+00:00,,2023-06-29T14:40:58+00:00,,low,issue_closed_at_fallback
67438,2023-04-27T19:00:41+00:00,2023-06-30T12:10:06+00:00,,2023-06-30T12:10:06+00:00,,low,issue_closed_at_fallback
68603,2023-05-17T08:34:50+00:00,2023-06-30T15:36:05+00:00,f32f1859a05dac0de37187a04ff15666f5318993,2023-06-30T15:36:03+00:00,,high,commit_message_keyword
70937,2023-06-29T23:01:51+00:00,2023-06-30T19:00:28+00:00,,2023-06-30T19:00:28+00:00,,low,issue_closed_at_fallback
70889,2023-06-29T10:44:13+00:00,2023-07-04T09:03:12+00:00,1d8628c0cd9001a01db565e0524960ac7ea32017,2023-07-04T09:03:10+00:00,70960.0,medium,pull_request_keyword
70469,2023-06-21T17:39:59+00:00,2023-07-04T12:35:40+00:00,2216e40cc0b59041dc220233f28648c7abae9ac6,2023-07-04T12:34:47+00:00,71011.0,medium,pull_request_keyword
58305,2022-11-07T07:51:08+00:00,2023-07-07T13:21:51+00:00,56f52dc97e4932763d313832436ccefdcbf01f6f,2023-07-07T13:21:49+00:00,71199.0,medium,pull_request_keyword
70560,2023-06-23T00:53:51+00:00,2023-07-07T16:43:51+00:00,d92d3ede794a770dd23b82b7e176673422fa0305,2023-07-07T16:43:50+00:00,71126.0,medium,pull_request_keyword
70158,2023-06-15T13:18:31+00:00,2023-07-10T12:35:57+00:00,,2023-07-10T12:35:57+00:00,,low,issue_closed_at_fallback
59116,2022-11-22T13:27:21+00:00,2023-07-10T12:35:57+00:00,,2023-07-10T12:35:57+00:00,,low,issue_closed_at_fallback
66181,2023-04-07T16:28:17+00:00,2023-07-10T13:16:31+00:00,2c210909312625bf891332a86d2ebf00c3104376,2023-04-12T12:53:06+00:00,66343.0,medium,pull_request_keyword
66373,2023-04-12T12:45:42+00:00,2023-07-10T19:05:41+00:00,5c19272065d6553dc87dfc4699976722715a1607,2023-07-10T19:05:39+00:00,70691.0,medium,pull_request_keyword
71219,2023-07-07T15:15:42+00:00,2023-07-11T06:23:09+00:00,e3787de470b5637d3407185040b8cefc5023b040,2023-07-11T06:23:08+00:00,71307.0,medium,pull_request_keyword
65516,2023-03-29T11:20:50+00:00,2023-07-11T15:37:03+00:00,,2023-07-11T15:37:03+00:00,,low,issue_closed_at_fallback
70767,2023-06-27T16:11:11+00:00,2023-07-11T21:36:16+00:00,,2023-07-11T21:36:16+00:00,,low,issue_closed_at_fallback
71018,2023-07-03T09:57:12+00:00,2023-07-12T14:03:25+00:00,,2023-07-12T14:03:25+00:00,,low,issue_closed_at_fallback
70598,2023-06-23T12:20:09+00:00,2023-07-13T09:03:41+00:00,,2023-07-13T09:03:41+00:00,,low,issue_closed_at_fallback
70813,2023-06-28T09:40:48+00:00,2023-07-13T11:44:44+00:00,,2023-07-13T11:44:44+00:00,,low,issue_closed_at_fallback
71387,2023-07-11T15:50:20+00:00,2023-07-13T12:10:48+00:00,,2023-07-13T12:10:48+00:00,,low,issue_closed_at_fallback
63645,2023-02-23T14:27:27+00:00,2023-07-13T12:24:27+00:00,bd9b0d6d82856c33f31f8872c62a557b95bc3f9a,2023-07-13T12:24:26+00:00,71280.0,medium,pull_request_keyword
70809,2023-06-28T09:16:12+00:00,2023-07-13T12:38:09+00:00,,2023-07-13T12:38:09+00:00,,low,issue_closed_at_fallback
71174,2023-07-07T09:14:34+00:00,2023-07-13T15:00:30+00:00,bb48417ba05dad6931de6d7264a0c0ba913a927f,2023-07-13T15:00:29+00:00,71380.0,medium,pull_request_keyword
45975,2022-02-28T15:37:09+00:00,2023-07-13T18:35:45+00:00,,2023-07-13T18:35:45+00:00,,low,issue_closed_at_fallback
71507,2023-07-12T22:09:30+00:00,2023-07-14T03:21:08+00:00,,2023-07-14T03:21:08+00:00,,low,issue_closed_at_fallback
70812,2023-06-28T09:31:11+00:00,2023-07-14T13:15:52+00:00,,2023-07-14T13:15:52+00:00,,low,issue_closed_at_fallback
71105,2023-07-06T05:30:56+00:00,2023-07-15T09:13:14+00:00,,2023-07-15T09:13:14+00:00,,low,issue_closed_at_fallback
68306,2023-05-11T12:18:12+00:00,2023-07-17T12:01:53+00:00,409eae6ff974199c569df58ac2c55edde7377897,2023-07-17T12:01:52+00:00,71463.0,medium,pull_request_keyword
71406,2023-07-12T07:22:25+00:00,2023-07-18T08:04:02+00:00,,2023-07-18T08:04:02+00:00,,low,issue_closed_at_fallback
71265,2023-07-09T10:52:50+00:00,2023-07-18T10:00:29+00:00,45fec1ae262c50106eb43382454e419ee2d800de,2023-07-18T10:00:27+00:00,71825.0,medium,pull_request_keyword
71637,2023-07-14T11:01:30+00:00,2023-07-18T14:44:38+00:00,,2023-07-18T14:44:38+00:00,,low,issue_closed_at_fallback
69046,2023-05-25T08:26:47+00:00,2023-07-18T14:53:04+00:00,,2023-07-18T14:53:04+00:00,,low,issue_closed_at_fallback
71622,2023-07-14T07:51:11+00:00,2023-07-19T06:39:54+00:00,173c87beb5b846f06cf629b691038d9050d43f23,2023-07-19T06:39:52+00:00,71630.0,medium,pull_request_keyword
58855,2022-11-16T17:46:26+00:00,2023-07-19T08:49:23+00:00,b1555c95950f2f36a7cb9debd0af66b69c624504,2023-07-19T08:49:22+00:00,70747.0,medium,pull_request_keyword
65846,2023-04-03T14:43:03+00:00,2023-07-20T18:44:13+00:00,,2023-07-20T18:44:13+00:00,,low,issue_closed_at_fallback
70026,2023-06-13T18:57:44+00:00,2023-07-21T10:38:32+00:00,1df4d332c982dc5e394201bb2ef35b442727ce63,2023-07-21T10:38:30+00:00,71658.0,medium,pull_request_keyword
69974,2023-06-13T04:04:04+00:00,2023-07-24T15:21:39+00:00,,2023-07-24T15:21:39+00:00,,low,issue_closed_at_fallback
71880,2023-07-18T16:44:05+00:00,2023-07-24T16:48:41+00:00,c2a6dcf2b5c7be54c85d07387083d42f8de38330,2023-07-24T16:48:39+00:00,72170.0,medium,pull_request_keyword
45752,2022-02-22T22:09:16+00:00,2023-07-24T16:53:56+00:00,,2023-07-24T16:53:56+00:00,,low,issue_closed_at_fallback
71976,2023-07-19T19:28:29+00:00,2023-07-24T19:30:41+00:00,425c92a92b8059d1577d3e175d88a1862e6cc3d6,2023-07-24T19:30:39+00:00,72163.0,medium,pull_request_keyword
71769,2023-07-17T14:54:56+00:00,2023-07-25T09:01:03+00:00,,2023-07-25T09:01:03+00:00,,low,issue_closed_at_fallback
59761,2022-12-03T00:26:23+00:00,2023-07-25T13:56:48+00:00,,2023-07-25T13:56:48+00:00,,low,issue_closed_at_fallback
70523,2023-06-22T14:52:06+00:00,2023-07-25T14:18:05+00:00,722f787eaa888757da911f9bdf6ffd5228179357,2023-07-25T14:18:04+00:00,71886.0,medium,pull_request_keyword
71593,2023-07-13T16:31:32+00:00,2023-07-26T08:37:24+00:00,e094adb5a129157a510b41086c0dc8dacaab9aea,2023-07-26T08:37:23+00:00,72242.0,medium,pull_request_keyword
69109,2023-05-25T19:05:32+00:00,2023-07-26T13:02:06+00:00,,2023-07-26T13:02:06+00:00,,low,issue_closed_at_fallback
69649,2023-06-06T14:31:03+00:00,2023-07-26T13:54:04+00:00,,2023-07-26T13:54:04+00:00,,low,issue_closed_at_fallback
72304,2023-07-25T18:46:06+00:00,2023-07-26T14:18:57+00:00,,2023-07-26T14:18:57+00:00,,low,issue_closed_at_fallback
72243,2023-07-25T08:17:52+00:00,2023-07-26T15:01:45+00:00,259a6623e4724cac4184b3510c4592d6593ebe3e,2023-07-26T15:01:44+00:00,72251.0,medium,pull_request_keyword
71467,2023-07-12T14:15:56+00:00,2023-07-26T15:41:48+00:00,,2023-07-26T15:41:48+00:00,,low,issue_closed_at_fallback
71993,2023-07-20T02:07:52+00:00,2023-07-26T15:42:06+00:00,,2023-07-26T15:42:06+00:00,,low,issue_closed_at_fallback
72401,2023-07-26T16:56:27+00:00,2023-07-26T19:00:39+00:00,,2023-07-26T19:00:39+00:00,,low,issue_closed_at_fallback
72399,2023-07-26T16:53:37+00:00,2023-07-26T19:00:58+00:00,,2023-07-26T19:00:58+00:00,,low,issue_closed_at_fallback
68538,2023-05-16T11:46:54+00:00,2023-07-28T08:32:21+00:00,,2023-07-28T08:32:21+00:00,,low,issue_closed_at_fallback
71843,2023-07-18T13:19:15+00:00,2023-07-28T08:37:58+00:00,7406c4ff5141f410a4935cb4dbf86c587516ee59,2023-07-28T08:37:57+00:00,72264.0,medium,pull_request_keyword
71876,2023-07-18T16:35:33+00:00,2023-07-28T10:01:10+00:00,a7deca396e1d2d3fc7aaef22cb85786cc70b7fd8,2023-07-28T10:01:08+00:00,72487.0,medium,pull_request_keyword
72008,2023-07-20T10:34:07+00:00,2023-07-28T12:49:04+00:00,,2023-07-28T12:49:04+00:00,,low,issue_closed_at_fallback
65399,2023-03-27T19:53:07+00:00,2023-07-28T13:08:43+00:00,,2023-07-28T13:08:43+00:00,,low,issue_closed_at_fallback
62365,2023-01-27T18:23:46+00:00,2023-07-28T14:03:58+00:00,50bd27b66554b11f6d32b296eff7880ccce88e51,2023-07-28T14:03:57+00:00,62816.0,medium,pull_request_keyword
72435,2023-07-27T09:00:48+00:00,2023-07-31T12:11:46+00:00,,2023-07-31T12:11:46+00:00,,low,issue_closed_at_fallback
72504,2023-07-28T11:07:58+00:00,2023-07-31T13:47:27+00:00,,2023-07-31T13:47:27+00:00,,low,issue_closed_at_fallback
71326,2023-07-11T08:20:09+00:00,2023-07-31T13:54:56+00:00,,2023-07-31T13:54:56+00:00,,low,issue_closed_at_fallback
60692,2022-12-22T14:26:06+00:00,2023-07-31T21:03:14+00:00,,2023-07-31T21:03:14+00:00,,low,issue_closed_at_fallback
66803,2023-04-18T17:47:02+00:00,2023-08-01T08:49:54+00:00,,2023-08-01T08:49:54+00:00,,low,issue_closed_at_fallback
72536,2023-07-28T16:08:38+00:00,2023-08-02T04:53:38+00:00,79cef4fd1257ae2365e8902e8845682866672774,2023-08-02T04:53:37+00:00,72571.0,medium,pull_request_keyword
72497,2023-07-28T09:12:27+00:00,2023-08-02T09:56:55+00:00,,2023-08-02T09:56:55+00:00,,low,issue_closed_at_fallback
72354,2023-07-26T12:59:33+00:00,2023-08-02T10:37:21+00:00,,2023-08-02T10:37:21+00:00,,low,issue_closed_at_fallback
72469,2023-07-27T17:43:22+00:00,2023-08-03T09:15:44+00:00,,2023-08-03T09:15:44+00:00,,low,issue_closed_at_fallback
72729,2023-08-02T10:38:52+00:00,2023-08-03T12:56:46+00:00,f8c44676df238b7ecc14e84c7abb9b0e46a03c53,2023-08-03T12:56:45+00:00,72804.0,medium,pull_request_keyword
63295,2023-02-11T08:23:12+00:00,2023-08-04T08:43:15+00:00,1aed2ede7e82551ef6b51e5ad09d330cd5a7b8f2,2023-08-04T08:43:14+00:00,71130.0,medium,pull_request_keyword
64756,2023-03-14T16:44:25+00:00,2023-08-04T09:43:49+00:00,,2023-08-04T09:43:49+00:00,,low,issue_closed_at_fallback
72853,2023-08-03T20:22:06+00:00,2023-08-04T15:21:15+00:00,92e7829e7a9836f78990d98b6b6cfb7c3c4adf0b,2023-08-04T15:21:14+00:00,72863.0,medium,pull_request_keyword
72861,2023-08-03T21:36:15+00:00,2023-08-04T17:12:53+00:00,,2023-08-04T17:12:53+00:00,,low,issue_closed_at_fallback
66964,2023-04-20T13:45:03+00:00,2023-08-07T13:13:10+00:00,,2023-08-07T13:13:10+00:00,,low,issue_closed_at_fallback
67832,2023-05-04T12:41:45+00:00,2023-08-08T07:28:16+00:00,,2023-08-08T07:28:16+00:00,,low,issue_closed_at_fallback
71258,2023-07-08T01:10:34+00:00,2023-08-08T13:00:54+00:00,,2023-08-08T13:00:54+00:00,,low,issue_closed_at_fallback
72676,2023-08-01T13:20:11+00:00,2023-08-09T12:42:46+00:00,,2023-08-09T12:42:46+00:00,,low,issue_closed_at_fallback
73021,2023-08-08T01:27:31+00:00,2023-08-10T16:01:59+00:00,207dc44fbdb4bc45f00ca34723f3f61d75998f6f,2023-08-10T15:50:22+00:00,73136.0,medium,pull_request_keyword
73120,2023-08-09T16:28:55+00:00,2023-08-10T21:41:18+00:00,,2023-08-10T21:41:18+00:00,,low,issue_closed_at_fallback
72341,2023-07-26T10:30:05+00:00,2023-08-11T08:03:57+00:00,,2023-08-11T08:03:57+00:00,,low,issue_closed_at_fallback
73012,2023-08-07T18:26:30+00:00,2023-08-14T09:49:27+00:00,,2023-08-14T09:49:27+00:00,,low,issue_closed_at_fallback
72709,2023-08-02T06:44:18+00:00,2023-08-15T08:19:16+00:00,57d8997b86df7a6388dcab01394b971048399fe3,2023-08-15T08:19:14+00:00,73030.0,medium,pull_request_keyword
72579,2023-07-31T08:29:17+00:00,2023-08-15T11:48:23+00:00,,2023-08-15T11:48:23+00:00,,low,issue_closed_at_fallback
69833,2023-06-09T07:45:09+00:00,2023-08-15T11:54:51+00:00,cd6ed02256ecf547ea96d6399e24f15f3cd56477,2023-08-15T14:54:50+03:00,,high,commit_message_keyword
66790,2023-04-18T16:06:32+00:00,2023-08-15T14:27:17+00:00,,2023-08-15T14:27:17+00:00,,low,issue_closed_at_fallback
65101,2023-03-21T11:44:59+00:00,2023-08-15T17:47:58+00:00,,2023-08-15T17:47:58+00:00,,low,issue_closed_at_fallback
70323,2023-06-19T12:43:14+00:00,2023-08-16T15:32:50+00:00,8e7fa507751b5f84bef1534589ed0490371bd72f,2023-08-16T15:32:48+00:00,72566.0,medium,pull_request_keyword
73269,2023-08-15T09:23:35+00:00,2023-08-16T15:51:20+00:00,,2023-08-16T15:51:20+00:00,,low,issue_closed_at_fallback
72505,2023-07-28T11:13:28+00:00,2023-08-17T15:53:13+00:00,,2023-08-17T15:53:13+00:00,,low,issue_closed_at_fallback
71747,2023-07-17T12:03:17+00:00,2023-08-17T16:01:32+00:00,,2023-08-17T16:01:32+00:00,,low,issue_closed_at_fallback
73312,2023-08-15T20:04:00+00:00,2023-08-18T12:42:57+00:00,,2023-08-18T12:42:57+00:00,,low,issue_closed_at_fallback
71358,2023-07-11T12:14:06+00:00,2023-08-18T15:01:38+00:00,,2023-08-18T15:01:38+00:00,,low,issue_closed_at_fallback
73089,2023-08-09T09:33:34+00:00,2023-08-21T12:19:22+00:00,,2023-08-21T12:19:22+00:00,,low,issue_closed_at_fallback
45810,2022-02-23T20:52:26+00:00,2023-08-21T17:10:38+00:00,,2023-08-21T17:10:38+00:00,,low,issue_closed_at_fallback
66221,2023-04-10T18:44:56+00:00,2023-08-21T21:36:38+00:00,,2023-08-21T21:36:38+00:00,,low,issue_closed_at_fallback
73531,2023-08-19T15:19:48+00:00,2023-08-22T13:19:53+00:00,997d21f6e560573e9aa78886122c1bbced647747,2023-08-22T13:19:51+00:00,73612.0,medium,pull_request_keyword
48545,2022-04-29T15:01:24+00:00,2023-08-23T09:55:16+00:00,,2023-08-23T09:55:16+00:00,,low,issue_closed_at_fallback
63197,2023-02-09T08:57:25+00:00,2023-08-23T12:26:56+00:00,,2023-08-23T12:26:56+00:00,,low,issue_closed_at_fallback
69939,2023-06-12T15:53:37+00:00,2023-08-23T12:57:34+00:00,,2023-08-23T12:57:34+00:00,,low,issue_closed_at_fallback
56175,2022-10-03T12:28:24+00:00,2023-08-23T14:02:51+00:00,,2023-08-23T14:02:51+00:00,,low,issue_closed_at_fallback
73573,2023-08-21T15:23:18+00:00,2023-08-23T15:12:25+00:00,a01a9034926c231fff1cba93585e22a9ea17217f,2023-08-23T15:12:24+00:00,73675.0,medium,pull_request_keyword
72259,2023-07-25T10:13:47+00:00,2023-08-24T07:39:31+00:00,,2023-08-24T07:39:31+00:00,,low,issue_closed_at_fallback
73100,2023-08-09T11:35:44+00:00,2023-08-24T12:10:15+00:00,d293b08e525c6b30f7d10bd6c589680bcb705793,2023-08-24T12:10:14+00:00,73259.0,medium,pull_request_keyword
67549,2023-04-28T17:21:10+00:00,2023-08-24T19:26:29+00:00,9f17482318d658f5cb39864e0c274310aff1f095,2023-05-09T09:05:08+00:00,68012.0,medium,pull_request_keyword
73744,2023-08-24T10:54:14+00:00,2023-08-25T08:25:14+00:00,,2023-08-25T08:25:14+00:00,,low,issue_closed_at_fallback
73786,2023-08-24T17:17:42+00:00,2023-08-25T11:59:46+00:00,5d14b6ba195e790d9cf9a0290985e8b90ec9b1b4,2023-08-25T11:59:45+00:00,73802.0,medium,pull_request_keyword
73814,2023-08-25T10:42:22+00:00,2023-08-25T18:24:51+00:00,39077769a8c1a2565f53023880905636cbdb6ecd,2023-08-25T18:24:50+00:00,73854.0,medium,pull_request_keyword
68447,2023-05-15T10:45:02+00:00,2023-08-28T08:33:10+00:00,,2023-08-28T08:33:10+00:00,,low,issue_closed_at_fallback
73563,2023-08-21T12:18:20+00:00,2023-08-28T08:53:32+00:00,aa0d4b3e455b97910abd1875e353c80730c4a3f1,2023-08-28T08:53:31+00:00,73889.0,medium,pull_request_keyword
73670,2023-08-23T10:32:09+00:00,2023-08-28T10:08:59+00:00,,2023-08-28T10:08:59+00:00,,low,issue_closed_at_fallback
64887,2023-03-16T10:37:16+00:00,2023-08-28T12:38:34+00:00,97c3cd1af3f4c41e7473cdac1ee5400a404541ec,2023-08-28T12:38:32+00:00,69839.0,medium,pull_request_keyword
73747,2023-08-24T12:21:53+00:00,2023-08-28T12:53:52+00:00,38603b1a9e0e71f6cb9dce8752ef64c3a6b376b4,2023-08-28T15:53:50+03:00,,high,commit_message_keyword
73863,2023-08-25T20:42:20+00:00,2023-08-28T15:44:00+00:00,,2023-08-28T15:44:00+00:00,,low,issue_closed_at_fallback
73890,2023-08-28T07:59:07+00:00,2023-08-29T12:05:04+00:00,45a8ca3111276db92a2a7d33a7c19265faf1f996,2023-08-29T12:05:03+00:00,73983.0,medium,pull_request_keyword
73796,2023-08-24T21:31:22+00:00,2023-08-29T15:41:46+00:00,6f368d51fd96460b46916d1474a2788ce56f1595,2023-08-29T15:41:44+00:00,73958.0,medium,pull_request_keyword
73912,2023-08-28T11:14:51+00:00,2023-08-30T09:11:07+00:00,,2023-08-30T09:11:07+00:00,,low,issue_closed_at_fallback
67556,2023-04-28T18:40:28+00:00,2023-08-30T12:38:14+00:00,,2023-08-30T12:38:14+00:00,,low,issue_closed_at_fallback
71781,2023-07-17T16:29:52+00:00,2023-08-30T15:45:22+00:00,3e272d2bdaf116b5a1738fb80388a044547c0683,2023-08-30T15:45:20+00:00,73789.0,medium,pull_request_keyword
72260,2023-07-25T10:30:28+00:00,2023-08-30T16:41:21+00:00,,2023-08-30T16:41:21+00:00,,low,issue_closed_at_fallback
74233,2023-08-31T19:44:06+00:00,2023-09-04T08:29:41+00:00,4ebf5109114d9c41c7f45828c19fdcab3e153256,2023-09-01T16:17:41+00:00,74254.0,medium,pull_request_keyword
59665,2022-12-01T16:37:29+00:00,2023-09-04T09:38:37+00:00,7369ec9e9856ffa6347309d5266b6259aafedc15,2023-08-12T01:46:28+00:00,66737.0,medium,pull_request_keyword
71619,2023-07-14T03:41:01+00:00,2023-09-04T17:31:28+00:00,c15717be28206d99c32f030070612d239c3dc818,2023-09-04T17:44:06+00:00,71620.0,medium,pull_request_keyword
74348,2023-09-04T18:44:26+00:00,2023-09-04T21:19:23+00:00,,2023-09-04T21:19:23+00:00,,low,issue_closed_at_fallback
59805,2022-12-05T11:48:17+00:00,2023-09-05T11:06:40+00:00,,2023-09-05T11:06:40+00:00,,low,issue_closed_at_fallback
74333,2023-09-04T14:50:09+00:00,2023-09-05T11:10:02+00:00,c5a0d64652b03b506e3f9a60add80ffe585db223,2023-09-05T11:10:01+00:00,74351.0,medium,pull_request_keyword
66503,2023-04-13T17:44:05+00:00,2023-09-05T19:15:13+00:00,,2023-09-05T19:15:13+00:00,,low,issue_closed_at_fallback
64880,2023-03-16T10:00:40+00:00,2023-09-05T20:41:12+00:00,,2023-09-05T20:41:12+00:00,,low,issue_closed_at_fallback
73888,2023-08-28T07:44:59+00:00,2023-09-06T16:08:26+00:00,,2023-09-06T16:08:26+00:00,,low,issue_closed_at_fallback
74590,2023-09-08T10:03:57+00:00,2023-09-08T14:07:01+00:00,a31b02035ad67f0fe1f9fd474eef9d468b490429,2023-09-08T14:07:00+00:00,74604.0,medium,pull_request_keyword
73818,2023-08-25T11:32:22+00:00,2023-09-08T18:57:12+00:00,,2023-09-08T18:57:12+00:00,,low,issue_closed_at_fallback
62904,2023-02-03T18:28:48+00:00,2023-09-08T19:09:37+00:00,,2023-09-08T19:09:37+00:00,,low,issue_closed_at_fallback
73805,2023-08-25T09:16:12+00:00,2023-09-09T12:11:38+00:00,,2023-09-09T12:11:38+00:00,,low,issue_closed_at_fallback
74587,2023-09-08T09:49:55+00:00,2023-09-11T11:43:59+00:00,,2023-09-11T11:43:59+00:00,,low,issue_closed_at_fallback
69870,2023-06-09T21:03:59+00:00,2023-09-11T17:34:34+00:00,,2023-09-11T17:34:34+00:00,,low,issue_closed_at_fallback
61955,2023-01-23T20:08:37+00:00,2023-09-11T20:46:59+00:00,,2023-09-11T20:46:59+00:00,,low,issue_closed_at_fallback
66639,2023-04-16T16:06:28+00:00,2023-09-11T20:48:48+00:00,,2023-09-11T20:48:48+00:00,,low,issue_closed_at_fallback
72293,2023-07-25T15:41:50+00:00,2023-09-12T07:31:40+00:00,29238c19fd6ffc25d36047e2c093573e1ec01604,2023-09-12T07:31:39+00:00,74595.0,medium,pull_request_keyword
45281,2022-02-11T10:33:34+00:00,2023-09-12T08:33:10+00:00,8cb93bf3e785273d67fdd6f0e157210e442aae2e,2023-09-12T08:33:09+00:00,74444.0,medium,pull_request_keyword
74648,2023-09-11T07:45:54+00:00,2023-09-12T08:34:14+00:00,1a8a19a9edeb2896f04409382eb72c95ebdc2eae,2023-09-12T08:34:13+00:00,74654.0,medium,pull_request_keyword
74692,2023-09-11T19:13:47+00:00,2023-09-12T14:57:16+00:00,,2023-09-12T14:57:16+00:00,,low,issue_closed_at_fallback
74799,2023-09-13T08:40:29+00:00,2023-09-13T09:47:41+00:00,e4ea62b3af673e4db686fc8684d81194eb48ed20,2023-09-13T09:47:40+00:00,74798.0,medium,pull_request_keyword
59543,2022-11-30T11:07:23+00:00,2023-09-13T10:00:22+00:00,,2023-09-13T10:00:22+00:00,,low,issue_closed_at_fallback
74727,2023-09-12T12:00:35+00:00,2023-09-13T11:29:13+00:00,,2023-09-13T11:29:13+00:00,,low,issue_closed_at_fallback
64242,2023-03-06T16:16:40+00:00,2023-09-13T12:46:51+00:00,,2023-09-13T12:46:51+00:00,,low,issue_closed_at_fallback
69002,2023-05-24T15:32:47+00:00,2023-09-13T19:04:51+00:00,4b7b323061a803125db161219c5452d7e2f27e6f,2023-09-13T19:04:50+00:00,74497.0,medium,pull_request_keyword
74269,2023-09-01T11:29:54+00:00,2023-09-14T14:12:40+00:00,a046c043d7c4470ec675319ebdd6a5722a15fd24,2023-09-14T14:12:39+00:00,74913.0,medium,pull_request_keyword
74645,2023-09-11T04:31:53+00:00,2023-09-14T16:26:02+00:00,,2023-09-14T16:26:02+00:00,,low,issue_closed_at_fallback
74258,2023-09-01T08:46:28+00:00,2023-09-18T12:44:57+00:00,,2023-09-18T12:44:57+00:00,,low,issue_closed_at_fallback
71364,2023-07-11T12:47:33+00:00,2023-09-19T09:16:36+00:00,,2023-09-19T09:16:36+00:00,,low,issue_closed_at_fallback
74972,2023-09-16T16:13:16+00:00,2023-09-19T14:23:03+00:00,,2023-09-19T14:23:03+00:00,,low,issue_closed_at_fallback
52371,2022-07-17T23:04:27+00:00,2023-09-19T14:44:33+00:00,,2023-09-19T14:44:33+00:00,,low,issue_closed_at_fallback
74975,2023-09-17T21:57:12+00:00,2023-09-19T19:44:52+00:00,,2023-09-19T19:44:52+00:00,,low,issue_closed_at_fallback
70902,2023-06-29T13:37:06+00:00,2023-09-20T06:51:38+00:00,d852aed4f350255d29c1881da074c2de1262e9fe,2023-09-20T06:51:37+00:00,75089.0,medium,pull_request_keyword
75101,2023-09-19T13:22:43+00:00,2023-09-20T14:54:26+00:00,480aa1ccca03f267907c685a0f2358a9793ff677,2023-09-20T14:54:25+00:00,75152.0,medium,pull_request_keyword
70301,2023-06-19T07:41:25+00:00,2023-09-20T15:10:25+00:00,0884f7811069cbfd24d9fb2d7bc438ca569cc083,2023-09-20T15:10:24+00:00,75159.0,medium,pull_request_keyword
74222,2023-08-31T18:50:38+00:00,2023-09-21T20:36:04+00:00,b5da762477d0e568d8db94106d59142e0974fbdd,2023-09-21T20:36:03+00:00,74942.0,medium,pull_request_keyword
75259,2023-09-21T23:49:58+00:00,2023-09-22T09:32:34+00:00,,2023-09-22T09:32:34+00:00,,low,issue_closed_at_fallback
51743,2022-07-05T13:59:31+00:00,2023-09-22T15:32:21+00:00,,2023-09-22T15:32:21+00:00,,low,issue_closed_at_fallback
74987,2023-09-18T09:25:25+00:00,2023-09-22T15:40:21+00:00,,2023-09-22T15:40:21+00:00,,low,issue_closed_at_fallback
65581,2023-03-30T01:23:31+00:00,2023-09-22T16:33:42+00:00,,2023-09-22T16:33:42+00:00,,low,issue_closed_at_fallback
69610,2023-06-06T08:28:06+00:00,2023-09-22T16:33:42+00:00,,2023-09-22T16:33:42+00:00,,low,issue_closed_at_fallback
63840,2023-02-28T10:17:31+00:00,2023-09-22T16:33:43+00:00,,2023-09-22T16:33:43+00:00,,low,issue_closed_at_fallback
75179,2023-09-20T16:04:34+00:00,2023-09-25T09:52:57+00:00,,2023-09-25T09:52:57+00:00,,low,issue_closed_at_fallback
74685,2023-09-11T15:53:05+00:00,2023-09-26T18:27:35+00:00,,2023-09-26T18:27:35+00:00,,low,issue_closed_at_fallback
75093,2023-09-19T12:44:50+00:00,2023-09-27T12:15:45+00:00,,2023-09-27T12:15:45+00:00,,low,issue_closed_at_fallback
69568,2023-06-05T14:46:32+00:00,2023-09-27T13:53:40+00:00,,2023-09-27T13:53:40+00:00,,low,issue_closed_at_fallback
72172,2023-07-23T10:18:37+00:00,2023-09-27T14:41:51+00:00,06a35f55ac56ca5699031b2af9202ac7a26918fc,2023-09-27T14:41:49+00:00,74847.0,medium,pull_request_keyword
75279,2023-09-22T10:42:23+00:00,2023-09-28T09:23:55+00:00,8eadc94d3e8f3c6acf675ea623dfb544cad2654e,2023-09-28T09:23:53+00:00,75559.0,medium,pull_request_keyword
75255,2023-09-21T19:43:16+00:00,2023-09-28T13:16:52+00:00,,2023-09-28T13:16:52+00:00,,low,issue_closed_at_fallback
74189,2023-08-31T14:14:00+00:00,2023-09-29T07:27:26+00:00,,2023-09-29T07:27:26+00:00,,low,issue_closed_at_fallback
73608,2023-08-22T11:16:39+00:00,2023-09-29T09:12:07+00:00,a2ee9833dc329af4d4a1b55ab214a47d37d4ef48,2023-09-29T09:12:06+00:00,75650.0,medium,pull_request_keyword
75694,2023-09-28T16:36:47+00:00,2023-09-29T12:47:55+00:00,,2023-09-29T12:47:55+00:00,,low,issue_closed_at_fallback
75352,2023-09-25T08:03:00+00:00,2023-09-29T14:54:18+00:00,f39ed59662a862bf62d8869d0365b411bc4b0e25,2023-09-29T14:54:17+00:00,75750.0,medium,pull_request_keyword
75422,2023-09-26T09:29:15+00:00,2023-10-02T17:11:29+00:00,,2023-10-02T17:11:29+00:00,,low,issue_closed_at_fallback
75244,2023-09-21T14:23:38+00:00,2023-10-03T12:55:44+00:00,,2023-10-03T12:55:44+00:00,,low,issue_closed_at_fallback
72594,2023-07-31T11:05:26+00:00,2023-10-03T13:54:52+00:00,5108430aec4b9a31ca0a1eda41d8af61cb3f2127,2023-10-03T13:54:50+00:00,74339.0,medium,pull_request_keyword
73232,2023-08-14T12:45:13+00:00,2023-10-03T14:16:05+00:00,,2023-10-03T14:16:05+00:00,,low,issue_closed_at_fallback
75512,2023-09-27T08:59:21+00:00,2023-10-03T15:37:34+00:00,,2023-10-03T15:37:34+00:00,,low,issue_closed_at_fallback
73976,2023-08-29T06:58:03+00:00,2023-10-03T20:43:14+00:00,,2023-10-03T20:43:14+00:00,,low,issue_closed_at_fallback
74225,2023-08-31T18:52:29+00:00,2023-10-04T04:33:00+00:00,549acf09b153dc828f4beee604e931e7c523d82c,2023-10-04T04:32:59+00:00,75387.0,medium,pull_request_keyword
74807,2023-09-13T09:37:33+00:00,2023-10-04T11:48:57+00:00,,2023-10-04T11:48:57+00:00,,low,issue_closed_at_fallback
64210,2023-03-06T11:08:50+00:00,2023-10-05T10:14:12+00:00,,2023-10-05T10:14:12+00:00,,low,issue_closed_at_fallback
51825,2022-07-06T15:29:48+00:00,2023-10-05T10:14:12+00:00,,2023-10-05T10:14:12+00:00,,low,issue_closed_at_fallback
74500,2023-09-07T03:34:06+00:00,2023-10-05T19:58:37+00:00,,2023-10-05T19:58:37+00:00,,low,issue_closed_at_fallback
74501,2023-09-07T03:34:11+00:00,2023-10-05T19:58:38+00:00,b9e371dcd302624d3ca8bbf6ea033b270be6ca8d,2023-10-05T17:06:20+00:00,75704.0,medium,pull_request_keyword
75962,2023-10-04T14:00:15+00:00,2023-10-06T13:03:22+00:00,,2023-10-06T13:03:22+00:00,,low,issue_closed_at_fallback
75493,2023-09-26T18:50:04+00:00,2023-10-06T17:23:50+00:00,,2023-10-06T17:23:50+00:00,,low,issue_closed_at_fallback
74297,2023-09-03T08:44:24+00:00,2023-10-09T09:01:38+00:00,,2023-10-09T09:01:38+00:00,,low,issue_closed_at_fallback
74989,2023-09-18T09:48:40+00:00,2023-10-09T13:23:17+00:00,8bf914ac0b61c32b71191d7ce701e951c033564b,2023-10-09T13:22:40+00:00,75748.0,medium,pull_request_keyword
74711,2023-09-12T09:23:22+00:00,2023-10-09T13:23:18+00:00,8bf914ac0b61c32b71191d7ce701e951c033564b,2023-10-09T13:22:40+00:00,75748.0,medium,pull_request_keyword
74703,2023-09-12T08:31:57+00:00,2023-10-09T13:26:46+00:00,,2023-10-09T13:26:46+00:00,,low,issue_closed_at_fallback
76211,2023-10-09T16:10:34+00:00,2023-10-10T14:23:10+00:00,2a2401e673a7828b937a66b03b928ca25ad52a00,2023-10-10T14:23:08+00:00,76212.0,medium,pull_request_keyword
72797,2023-08-03T08:58:41+00:00,2023-10-10T16:07:26+00:00,,2023-10-10T16:07:26+00:00,,low,issue_closed_at_fallback
72525,2023-07-28T15:03:39+00:00,2023-10-10T16:28:29+00:00,,2023-10-10T16:28:29+00:00,,low,issue_closed_at_fallback
71081,2023-07-05T13:52:37+00:00,2023-10-10T18:14:58+00:00,56043052714c216a1617cb1a19e0b94714e34bb7,2023-10-10T18:14:57+00:00,74122.0,medium,pull_request_keyword
76041,2023-10-05T13:00:38+00:00,2023-10-11T13:51:22+00:00,05e12e787bc002eccb30a3085aaa397f4fc11e6f,2023-10-11T13:51:20+00:00,76252.0,medium,pull_request_keyword
51235,2022-06-22T11:22:20+00:00,2023-10-11T15:24:07+00:00,,2023-10-11T15:24:07+00:00,,low,issue_closed_at_fallback
76090,2023-10-05T23:46:37+00:00,2023-10-12T05:43:34+00:00,4dfffa3c32089f0d888f1b62690ae031c38e6079,2023-10-12T05:43:33+00:00,76317.0,medium,pull_request_keyword
74443,2023-09-06T13:29:47+00:00,2023-10-12T08:39:25+00:00,,2023-10-12T08:39:25+00:00,,low,issue_closed_at_fallback
71529,2023-07-13T08:48:00+00:00,2023-10-12T22:12:42+00:00,,2023-10-12T22:12:42+00:00,,low,issue_closed_at_fallback
67448,2023-04-27T20:28:22+00:00,2023-10-12T22:23:53+00:00,,2023-10-12T22:23:53+00:00,,low,issue_closed_at_fallback
75091,2023-09-19T12:04:00+00:00,2023-10-13T06:53:41+00:00,03bb6d6f741f7dfa9db13e9f859745cb38fe9356,2023-10-13T06:53:39+00:00,76323.0,medium,pull_request_keyword
57565,2022-10-24T20:34:28+00:00,2023-10-13T10:48:32+00:00,,2023-10-13T10:48:32+00:00,,low,issue_closed_at_fallback
54887,2022-09-08T10:00:23+00:00,2023-10-13T12:51:01+00:00,,2023-10-13T12:51:01+00:00,,low,issue_closed_at_fallback
63782,2023-02-27T07:09:18+00:00,2023-10-13T13:43:43+00:00,,2023-10-13T13:43:43+00:00,,low,issue_closed_at_fallback
76448,2023-10-12T12:46:58+00:00,2023-10-13T14:23:26+00:00,,2023-10-13T14:23:26+00:00,,low,issue_closed_at_fallback
73425,2023-08-17T19:04:24+00:00,2023-10-16T14:10:03+00:00,,2023-10-16T14:10:03+00:00,,low,issue_closed_at_fallback
76714,2023-10-17T17:09:01+00:00,2023-10-17T21:26:33+00:00,41e3b3bea2d91f9da38d65bfee89f321499ea3f9,2023-10-17T21:26:32+00:00,76719.0,medium,pull_request_keyword
76713,2023-10-17T17:08:54+00:00,2023-10-17T21:26:34+00:00,,2023-10-17T21:26:34+00:00,,low,issue_closed_at_fallback
76718,2023-10-17T17:41:21+00:00,2023-10-17T22:00:29+00:00,,2023-10-17T22:00:29+00:00,,low,issue_closed_at_fallback
76802,2023-10-19T11:42:05+00:00,2023-10-19T17:31:08+00:00,8f6a3c18c58a5f1f193ed9570ad0501ee8e3ce96,2023-10-19T17:31:07+00:00,76806.0,medium,pull_request_keyword
76542,2023-10-13T12:33:09+00:00,2023-10-19T17:31:25+00:00,aa7ea872e70e84383406b5fe91aaf50966ef7180,2023-10-19T13:03:55+00:00,76575.0,medium,pull_request_keyword
76734,2023-10-18T08:23:35+00:00,2023-10-20T09:09:10+00:00,a0476741f2974bbba9f995daeb3166e959a55c34,2023-10-20T09:09:09+00:00,76739.0,medium,pull_request_keyword
57497,2022-10-23T15:29:41+00:00,2023-10-20T13:00:42+00:00,7028406b6d99d3058c52e547ab60e2bc7ef6b18f,2023-10-20T13:00:41+00:00,76787.0,medium,pull_request_keyword
76715,2023-10-17T17:09:05+00:00,2023-10-20T17:29:54+00:00,,2023-10-20T17:29:54+00:00,,low,issue_closed_at_fallback
76878,2023-10-20T12:43:48+00:00,2023-10-21T18:21:23+00:00,152e0e21f986f78d0922fab42efb40e2476876ed,2023-10-21T18:21:22+00:00,76877.0,medium,pull_request_keyword
76897,2023-10-20T15:46:46+00:00,2023-10-23T17:21:33+00:00,,2023-10-23T17:21:33+00:00,,low,issue_closed_at_fallback
76995,2023-10-23T18:44:31+00:00,2023-10-23T20:14:03+00:00,,2023-10-23T20:14:03+00:00,,low,issue_closed_at_fallback
77020,2023-10-24T08:11:42+00:00,2023-10-24T08:52:16+00:00,,2023-10-24T08:52:16+00:00,,low,issue_closed_at_fallback
57207,2022-10-18T18:13:33+00:00,2023-10-24T11:16:35+00:00,,2023-10-24T11:16:35+00:00,,low,issue_closed_at_fallback
47991,2022-04-20T17:19:24+00:00,2023-10-24T17:11:41+00:00,,2023-10-24T17:11:41+00:00,,low,issue_closed_at_fallback
77105,2023-10-25T07:03:31+00:00,2023-10-25T13:56:12+00:00,,2023-10-25T13:56:12+00:00,,low,issue_closed_at_fallback
77093,2023-10-24T20:50:40+00:00,2023-10-25T23:14:43+00:00,,2023-10-25T23:14:43+00:00,,low,issue_closed_at_fallback
77100,2023-10-24T23:37:36+00:00,2023-10-26T09:37:37+00:00,,2023-10-26T09:37:37+00:00,,low,issue_closed_at_fallback
77200,2023-10-26T11:03:54+00:00,2023-10-26T12:17:41+00:00,,2023-10-26T12:17:41+00:00,,low,issue_closed_at_fallback
76768,2023-10-18T15:37:24+00:00,2023-10-26T13:16:25+00:00,2c92e370dd3369eeb2d1f63da57e4b7177006932,2023-10-26T13:16:23+00:00,76904.0,medium,pull_request_keyword
77106,2023-10-25T07:03:56+00:00,2023-10-27T07:20:21+00:00,,2023-10-27T07:20:21+00:00,,low,issue_closed_at_fallback
76024,2023-10-05T10:40:52+00:00,2023-10-27T08:14:09+00:00,45bcbff115984f7df20c2f67483beccef074068a,2023-10-27T08:14:08+00:00,77206.0,medium,pull_request_keyword
77237,2023-10-26T18:52:35+00:00,2023-10-27T13:37:25+00:00,bf554d121cc116457f3432f2448314381b234016,2023-10-27T13:37:24+00:00,77281.0,medium,pull_request_keyword
76291,2023-10-10T17:10:45+00:00,2023-10-27T15:30:51+00:00,71e3814c469e6d407cf5458951258c000ffc861c,2023-10-27T15:30:49+00:00,76801.0,medium,pull_request_keyword
62313,2023-01-27T12:35:03+00:00,2023-10-27T16:35:59+00:00,,2023-10-27T16:35:59+00:00,,low,issue_closed_at_fallback
77202,2023-10-26T11:06:20+00:00,2023-10-30T08:56:28+00:00,dae49fbb3431bd026e5b12ebfd5aa9e0ae3a2225,2023-10-30T08:56:27+00:00,77284.0,medium,pull_request_keyword
72507,2023-07-28T11:15:35+00:00,2023-10-30T12:40:46+00:00,03ca9c7c66d219b521f6440080ea2272d5770f8f,2023-10-30T12:40:45+00:00,77268.0,medium,pull_request_keyword
76764,2023-10-18T14:59:46+00:00,2023-10-30T19:31:31+00:00,1ba30b4de3f1ab47083c83b0b027d00b589b1aa7,2023-10-30T19:31:30+00:00,77395.0,medium,pull_request_keyword
63919,2023-03-01T09:10:44+00:00,2023-10-31T08:39:40+00:00,,2023-10-31T08:39:40+00:00,,low,issue_closed_at_fallback
75591,2023-09-27T18:43:18+00:00,2023-10-31T15:33:38+00:00,,2023-10-31T15:33:38+00:00,,low,issue_closed_at_fallback
77451,2023-10-31T15:07:41+00:00,2023-11-01T15:49:47+00:00,7737226786c68cc4c323a717f6cb5dfc56d5ea03,2023-11-01T15:49:46+00:00,77486.0,medium,pull_request_keyword
71303,2023-07-10T17:36:16+00:00,2023-11-01T15:55:04+00:00,,2023-11-01T15:55:04+00:00,,low,issue_closed_at_fallback
71877,2023-07-18T16:36:03+00:00,2023-11-01T16:42:26+00:00,9116043453a2673a748336cce47b940c93ea7ad8,2023-11-01T16:42:25+00:00,76414.0,medium,pull_request_keyword
77384,2023-10-30T15:15:06+00:00,2023-11-02T09:46:45+00:00,,2023-11-02T09:46:45+00:00,,low,issue_closed_at_fallback
76973,2023-10-23T14:23:14+00:00,2023-11-02T10:23:20+00:00,,2023-11-02T10:23:20+00:00,,low,issue_closed_at_fallback
77306,2023-10-27T16:22:45+00:00,2023-11-02T15:36:49+00:00,,2023-11-02T15:36:49+00:00,,low,issue_closed_at_fallback
72331,2023-07-26T09:07:07+00:00,2023-11-02T15:47:44+00:00,0eda368d32dbd7f57635cabd6b7d6870ca7b58ee,2023-11-02T15:47:43+00:00,77569.0,medium,pull_request_keyword
77194,2023-10-26T09:06:50+00:00,2023-11-02T16:16:16+00:00,,2023-11-02T16:16:16+00:00,,low,issue_closed_at_fallback
77149,2023-10-25T14:37:25+00:00,2023-11-03T15:36:55+00:00,,2023-11-03T15:36:55+00:00,,low,issue_closed_at_fallback
77593,2023-11-02T19:34:31+00:00,2023-11-03T16:34:01+00:00,c98add6e5a1653f3c0b494704c63807bcbe744e3,2023-11-03T18:33:59+02:00,,high,commit_message_keyword
74971,2023-09-16T14:00:31+00:00,2023-11-06T07:35:44+00:00,f88a0f36ecf16a88124759b22367f9b50fbecad1,2023-11-06T07:35:43+00:00,77631.0,medium,pull_request_keyword
57270,2022-10-19T12:20:05+00:00,2023-11-06T09:05:57+00:00,,2023-11-06T09:05:57+00:00,,low,issue_closed_at_fallback
77502,2023-11-01T15:17:56+00:00,2023-11-06T14:23:25+00:00,,2023-11-06T14:23:25+00:00,,low,issue_closed_at_fallback
76699,2023-10-17T15:21:52+00:00,2023-11-06T16:30:01+00:00,8aa5d470ca34831757e7aa4b47822210505a6db5,2023-11-06T16:30:00+00:00,77614.0,medium,pull_request_keyword
75223,2023-09-21T10:54:37+00:00,2023-11-07T11:17:05+00:00,b7f854a06cfbbd13024d8d7ef6f98e681eec07da,2023-11-07T11:17:03+00:00,77434.0,medium,pull_request_keyword
76958,2023-10-23T12:29:37+00:00,2023-11-07T12:06:55+00:00,,2023-11-07T12:06:55+00:00,,low,issue_closed_at_fallback
77740,2023-11-06T16:26:36+00:00,2023-11-07T14:40:33+00:00,,2023-11-07T14:40:33+00:00,,low,issue_closed_at_fallback
74212,2023-08-31T17:08:00+00:00,2023-11-08T10:43:40+00:00,,2023-11-08T10:43:40+00:00,,low,issue_closed_at_fallback
75046,2023-09-18T21:21:07+00:00,2023-11-08T11:51:30+00:00,,2023-11-08T11:51:30+00:00,,low,issue_closed_at_fallback
58628,2022-11-11T09:52:42+00:00,2023-11-08T12:49:41+00:00,,2023-11-08T12:49:41+00:00,,low,issue_closed_at_fallback
76800,2023-10-19T11:06:01+00:00,2023-11-08T13:04:32+00:00,,2023-11-08T13:04:32+00:00,,low,issue_closed_at_fallback
55977,2022-09-29T07:25:29+00:00,2023-11-09T14:33:27+00:00,,2023-11-09T14:33:27+00:00,,low,issue_closed_at_fallback
66827,2023-04-19T10:18:06+00:00,2023-11-10T16:48:33+00:00,,2023-11-10T16:48:33+00:00,,low,issue_closed_at_fallback
77535,2023-11-02T04:21:59+00:00,2023-11-13T02:55:01+00:00,,2023-11-13T02:55:01+00:00,,low,issue_closed_at_fallback
77572,2023-11-02T15:09:56+00:00,2023-11-13T13:31:21+00:00,,2023-11-13T13:31:21+00:00,,low,issue_closed_at_fallback
59235,2022-11-23T15:36:03+00:00,2023-11-13T15:38:59+00:00,,2023-11-13T15:38:59+00:00,,low,issue_closed_at_fallback
63918,2023-03-01T09:04:55+00:00,2023-11-14T10:58:56+00:00,,2023-11-14T10:58:56+00:00,,low,issue_closed_at_fallback
74714,2023-09-12T09:32:39+00:00,2023-11-14T16:40:08+00:00,,2023-11-14T16:40:08+00:00,,low,issue_closed_at_fallback
78025,2023-11-12T09:54:13+00:00,2023-11-15T09:12:06+00:00,20f541d7e759dd9c7683f37fd1394151cde280cb,2023-11-15T09:12:05+00:00,78026.0,medium,pull_request_keyword
77673,2023-11-04T19:05:39+00:00,2023-11-15T14:00:48+00:00,,2023-11-15T14:00:48+00:00,,low,issue_closed_at_fallback
78166,2023-11-15T07:49:24+00:00,2023-11-15T20:56:23+00:00,,2023-11-15T20:56:23+00:00,,low,issue_closed_at_fallback
78124,2023-11-14T16:11:25+00:00,2023-11-15T21:06:38+00:00,1ebdf390e6bcfae73a23b9b4076381fd0a9a9256,2023-11-15T21:06:37+00:00,78230.0,medium,pull_request_keyword
78099,2023-11-14T11:16:13+00:00,2023-11-16T07:42:46+00:00,,2023-11-16T07:42:46+00:00,,low,issue_closed_at_fallback
76068,2023-10-05T16:02:17+00:00,2023-11-16T11:11:37+00:00,,2023-11-16T11:11:37+00:00,,low,issue_closed_at_fallback
78236,2023-11-15T20:15:02+00:00,2023-11-16T14:06:39+00:00,3d4940cf8559d4676077e522a8d24a55c017bdfc,2023-11-16T14:06:38+00:00,78255.0,medium,pull_request_keyword
78234,2023-11-15T20:09:54+00:00,2023-11-17T09:02:54+00:00,f32f8a160eca77a909a1195eaf8ca94f15e5f08c,2023-11-17T09:02:53+00:00,78283.0,medium,pull_request_keyword
78063,2023-11-13T15:23:31+00:00,2023-11-17T16:10:29+00:00,,2023-11-17T16:10:29+00:00,,low,issue_closed_at_fallback
71317,2023-07-11T02:59:34+00:00,2023-11-17T21:43:19+00:00,,2023-11-17T21:43:19+00:00,,low,issue_closed_at_fallback
78185,2023-11-15T11:35:47+00:00,2023-11-18T02:31:51+00:00,e5c2e123efdc73c650e1b92524678e01848e1db9,2023-11-18T02:31:50+00:00,78331.0,medium,pull_request_keyword
77114,2023-10-25T08:01:22+00:00,2023-11-20T11:01:42+00:00,,2023-11-20T11:01:42+00:00,,low,issue_closed_at_fallback
70883,2023-06-29T09:05:25+00:00,2023-11-20T11:36:51+00:00,,2023-11-20T11:36:51+00:00,,low,issue_closed_at_fallback
75763,2023-09-29T17:59:45+00:00,2023-11-20T11:36:51+00:00,,2023-11-20T11:36:51+00:00,,low,issue_closed_at_fallback
76065,2023-10-05T15:47:57+00:00,2023-11-20T16:51:34+00:00,,2023-11-20T16:51:34+00:00,,low,issue_closed_at_fallback
78079,2023-11-13T20:06:27+00:00,2023-11-20T19:33:17+00:00,,2023-11-20T19:33:17+00:00,,low,issue_closed_at_fallback
78186,2023-11-15T11:36:50+00:00,2023-11-20T21:36:08+00:00,efdfa29fe281945193a5f4072ac4550285049c13,2023-11-20T21:36:07+00:00,78242.0,medium,pull_request_keyword
74872,2023-09-13T18:19:35+00:00,2023-11-20T22:44:24+00:00,7f7d912af7e5730f749b7b4c9e9bde9765e952fa,2023-11-20T22:44:22+00:00,77532.0,medium,pull_request_keyword
78405,2023-11-20T15:43:47+00:00,2023-11-21T09:40:32+00:00,ee42f41e0e1e6a9a1fa8a1e32f507b45291138cf,2023-11-21T09:40:31+00:00,78407.0,medium,pull_request_keyword
78059,2023-11-13T13:33:06+00:00,2023-11-21T12:20:59+00:00,bd6f8e6ef7e46f96fa340b7ad567227a8061dbbf,2023-11-21T12:20:57+00:00,78149.0,medium,pull_request_keyword
78047,2023-11-13T12:25:41+00:00,2023-11-21T13:07:26+00:00,,2023-11-21T13:07:26+00:00,,low,issue_closed_at_fallback
72501,2023-07-28T10:36:26+00:00,2023-11-21T15:44:42+00:00,,2023-11-21T15:44:42+00:00,,low,issue_closed_at_fallback
74816,2023-09-13T10:44:02+00:00,2023-11-22T08:04:55+00:00,,2023-11-22T08:04:55+00:00,,low,issue_closed_at_fallback
78473,2023-11-21T14:40:40+00:00,2023-11-22T13:15:31+00:00,,2023-11-22T13:15:31+00:00,,low,issue_closed_at_fallback
75951,2023-10-04T11:56:27+00:00,2023-11-23T11:18:17+00:00,,2023-11-23T11:18:17+00:00,,low,issue_closed_at_fallback
70820,2023-06-28T11:30:24+00:00,2023-11-24T13:21:19+00:00,,2023-11-24T13:21:19+00:00,,low,issue_closed_at_fallback
57627,2022-10-25T16:31:49+00:00,2023-11-24T14:15:26+00:00,,2023-11-24T14:15:26+00:00,,low,issue_closed_at_fallback
78184,2023-11-15T11:34:49+00:00,2023-11-24T16:21:21+00:00,53e618225714e1d131726798a9cd0d577f64fa45,2023-11-24T16:21:20+00:00,78569.0,medium,pull_request_keyword
78606,2023-11-23T17:03:15+00:00,2023-11-24T16:27:45+00:00,4b439b7f52fc2ef567ee1383400132a61479e005,2023-11-24T16:27:44+00:00,78614.0,medium,pull_request_keyword
78644,2023-11-24T13:45:01+00:00,2023-11-27T09:25:57+00:00,1ab23108c4accf01e2b65db6010d7b5453422a6f,2023-11-27T09:25:55+00:00,78645.0,medium,pull_request_keyword
78707,2023-11-27T19:13:51+00:00,2023-11-28T13:31:00+00:00,fc4b0faacd5dd2cfc8e03b488944e17751f860b2,2023-11-28T13:30:58+00:00,78710.0,medium,pull_request_keyword
76273,2023-10-10T14:41:37+00:00,2023-11-29T08:52:51+00:00,d1777705608a6cd6cb290e6c5fb994bae35a20b0,2023-11-29T08:52:49+00:00,76587.0,medium,pull_request_keyword
77828,2023-11-07T20:29:16+00:00,2023-11-29T16:01:46+00:00,931c8e99b9a721dab2a62ee158afa9973eebcc39,2023-11-29T16:01:44+00:00,78556.0,medium,pull_request_keyword
75495,2023-09-26T19:22:11+00:00,2023-11-29T17:35:28+00:00,,2023-11-29T17:35:28+00:00,,low,issue_closed_at_fallback
70048,2023-06-14T09:34:37+00:00,2023-11-29T19:07:56+00:00,99b75178de331451424b0b8a34c33772c411e678,2023-08-15T01:46:18+00:00,70908.0,medium,pull_request_keyword
78629,2023-11-24T10:25:01+00:00,2023-11-30T11:51:42+00:00,f26ad881ed6631f3899f8e3d4bec106455206090,2023-11-30T11:51:41+00:00,78633.0,medium,pull_request_keyword
78509,2023-11-22T00:51:26+00:00,2023-11-30T18:28:39+00:00,,2023-11-30T18:28:39+00:00,,low,issue_closed_at_fallback
78810,2023-11-29T14:41:01+00:00,2023-12-01T09:15:43+00:00,8d7314bb9a296fb9f8bf1e4f9a21cf478bb5945d,2023-12-01T09:15:41+00:00,78918.0,medium,pull_request_keyword
69873,2023-06-09T22:22:16+00:00,2023-12-01T14:23:39+00:00,,2023-12-01T14:23:39+00:00,,low,issue_closed_at_fallback
78947,2023-12-01T11:06:40+00:00,2023-12-01T14:30:49+00:00,,2023-12-01T14:30:49+00:00,,low,issue_closed_at_fallback
73868,2023-08-26T09:49:43+00:00,2023-12-01T19:37:11+00:00,d894f4cc79df18a55c75ff9fc5992eb708d1ea5f,2023-12-01T19:37:10+00:00,78958.0,medium,pull_request_keyword
68545,2023-05-16T12:49:18+00:00,2023-12-04T10:52:43+00:00,,2023-12-04T10:52:43+00:00,,low,issue_closed_at_fallback
78020,2023-11-11T18:38:07+00:00,2023-12-04T21:57:39+00:00,ab83bc73461d39db6c18f43ab4458c877c550bb0,2023-12-04T21:57:37+00:00,78021.0,medium,pull_request_keyword
78982,2023-12-01T21:54:59+00:00,2023-12-08T15:16:32+00:00,1833539c322964ac2ef0b59995515dbcb98da5a3,2023-12-08T15:16:30+00:00,78990.0,medium,pull_request_keyword
79374,2023-12-12T09:22:40+00:00,2023-12-12T10:34:44+00:00,,2023-12-12T10:34:44+00:00,,low,issue_closed_at_fallback
79105,2023-12-05T17:56:50+00:00,2023-12-12T11:55:23+00:00,,2023-12-12T11:55:23+00:00,,low,issue_closed_at_fallback
78096,2023-11-14T10:38:45+00:00,2023-12-13T13:08:32+00:00,,2023-12-13T13:08:32+00:00,,low,issue_closed_at_fallback
49495,2022-05-24T13:54:35+00:00,2023-12-13T13:40:11+00:00,d28284c8f14a027f5ccb19a85b4dcf026ea00dae,2023-12-13T13:40:09+00:00,78915.0,medium,pull_request_keyword
77380,2023-10-30T14:40:15+00:00,2023-12-13T16:06:09+00:00,70b980e47f8c2b846d60015d60ad1b7126808a67,2023-12-13T16:06:07+00:00,79468.0,medium,pull_request_keyword
74015,2023-08-29T13:55:52+00:00,2023-12-15T09:03:01+00:00,,2023-12-15T09:03:01+00:00,,low,issue_closed_at_fallback
79510,2023-12-14T12:51:47+00:00,2023-12-15T10:57:54+00:00,,2023-12-15T10:57:54+00:00,,low,issue_closed_at_fallback
79529,2023-12-14T18:06:34+00:00,2023-12-15T10:57:55+00:00,,2023-12-15T10:57:55+00:00,,low,issue_closed_at_fallback
79401,2023-12-12T14:14:52+00:00,2023-12-15T17:34:10+00:00,d89a8a3a82cfe78bf0e473126c167ee3cdd4b9aa,2023-12-15T17:34:08+00:00,79447.0,medium,pull_request_keyword
78793,2023-11-29T09:40:42+00:00,2023-12-18T14:33:21+00:00,,2023-12-18T14:33:21+00:00,,low,issue_closed_at_fallback
53480,2022-08-09T15:58:29+00:00,2023-12-18T15:12:47+00:00,adf5532ccf03138dd0f49b1ac75386a6d551ea7f,2022-09-27T09:00:36+00:00,53520.0,medium,pull_request_keyword
78700,2023-11-27T15:46:02+00:00,2023-12-19T10:56:41+00:00,,2023-12-19T10:56:41+00:00,,low,issue_closed_at_fallback
71291,2023-07-10T15:41:35+00:00,2023-12-19T15:19:53+00:00,,2023-12-19T15:19:53+00:00,,low,issue_closed_at_fallback
78100,2023-11-14T11:18:04+00:00,2023-12-20T13:34:00+00:00,,2023-12-20T13:34:00+00:00,,low,issue_closed_at_fallback
53612,2022-08-11T18:07:24+00:00,2023-12-20T17:12:02+00:00,03624c413751ec4ce918be5bff5d588c02676cea,2022-09-26T02:16:28+00:00,53614.0,medium,pull_request_keyword
52378,2022-07-18T07:31:55+00:00,2023-12-21T15:58:35+00:00,,2023-12-21T15:58:35+00:00,,low,issue_closed_at_fallback
61205,2023-01-10T04:38:28+00:00,2023-12-28T15:23:04+00:00,,2023-12-28T15:23:04+00:00,,low,issue_closed_at_fallback
79476,2023-12-13T17:33:56+00:00,2024-01-02T13:16:26+00:00,5e9e6ddaf7de3504e9eea17aba0123db933ec0b4,2024-01-02T13:16:25+00:00,79725.0,medium,pull_request_keyword
78431,2023-11-20T22:48:16+00:00,2024-01-03T10:31:00+00:00,,2024-01-03T10:31:00+00:00,,low,issue_closed_at_fallback
59350,2022-11-27T06:40:45+00:00,2024-01-03T12:42:27+00:00,92eb3e0c9995d56f536fa3c80e3db5c35bd3e9c5,2023-02-24T15:23:01+00:00,61939.0,medium,pull_request_keyword
77045,2023-10-24T13:06:36+00:00,2024-01-03T15:43:35+00:00,,2024-01-03T15:43:35+00:00,,low,issue_closed_at_fallback
79797,2023-12-21T14:32:21+00:00,2024-01-04T04:00:43+00:00,,2024-01-04T04:00:43+00:00,,low,issue_closed_at_fallback
78115,2023-11-14T14:18:39+00:00,2024-01-04T09:50:29+00:00,2d18961768a74275e55d5b675b0577454b1ea9cc,2024-01-04T09:50:27+00:00,79584.0,medium,pull_request_keyword
75586,2023-09-27T17:07:59+00:00,2024-01-04T17:41:30+00:00,,2024-01-04T17:41:30+00:00,,low,issue_closed_at_fallback
79736,2023-12-20T08:35:46+00:00,2024-01-05T14:50:21+00:00,,2024-01-05T14:50:21+00:00,,low,issue_closed_at_fallback
79221,2023-12-07T13:38:56+00:00,2024-01-05T16:19:18+00:00,,2024-01-05T16:19:18+00:00,,low,issue_closed_at_fallback
79731,2023-12-20T06:50:38+00:00,2024-01-05T16:58:48+00:00,,2024-01-05T16:58:48+00:00,,low,issue_closed_at_fallback
79194,2023-12-07T01:23:20+00:00,2024-01-08T16:17:21+00:00,,2024-01-08T16:17:21+00:00,,low,issue_closed_at_fallback
80123,2024-01-08T08:17:45+00:00,2024-01-09T10:08:29+00:00,229c1f417f7d1af17b5efd17cc4864e997b020de,2024-01-09T10:08:28+00:00,80126.0,medium,pull_request_keyword
80182,2024-01-09T05:12:24+00:00,2024-01-09T19:47:20+00:00,1d4419fbe497ea4f3b66364a5840cbdb643d4b04,2024-01-09T19:47:19+00:00,80184.0,medium,pull_request_keyword
78743,2023-11-28T14:05:08+00:00,2024-01-10T09:17:59+00:00,282a3f9a66c8ee20691cc4cfa8940e2ec2b0a3a8,2024-01-10T09:17:57+00:00,80078.0,medium,pull_request_keyword
54703,2022-09-05T12:10:16+00:00,2024-01-10T14:07:14+00:00,,2024-01-10T14:07:14+00:00,,low,issue_closed_at_fallback
76182,2023-10-09T10:32:20+00:00,2024-01-10T14:32:15+00:00,,2024-01-10T14:32:15+00:00,,low,issue_closed_at_fallback
71311,2023-07-10T19:48:45+00:00,2024-01-10T22:01:53+00:00,,2024-01-10T22:01:53+00:00,,low,issue_closed_at_fallback
80156,2024-01-08T14:29:47+00:00,2024-01-11T11:01:21+00:00,,2024-01-11T11:01:21+00:00,,low,issue_closed_at_fallback
79883,2023-12-28T08:36:02+00:00,2024-01-11T17:41:21+00:00,,2024-01-11T17:41:21+00:00,,low,issue_closed_at_fallback
78362,2023-11-17T22:50:59+00:00,2024-01-12T09:36:11+00:00,,2024-01-12T09:36:11+00:00,,low,issue_closed_at_fallback
55044,2022-09-12T16:27:35+00:00,2024-01-12T09:46:56+00:00,,2024-01-12T09:46:56+00:00,,low,issue_closed_at_fallback
75714,2023-09-29T05:45:44+00:00,2024-01-12T11:04:35+00:00,,2024-01-12T11:04:35+00:00,,low,issue_closed_at_fallback
60214,2022-12-13T09:51:37+00:00,2024-01-12T14:17:31+00:00,,2024-01-12T14:17:31+00:00,,low,issue_closed_at_fallback
68397,2023-05-12T16:04:56+00:00,2024-01-12T14:32:06+00:00,76c4facb19a8ee0aa7d837baf2244a5d372919e3,2023-08-25T01:47:16+00:00,71172.0,medium,pull_request_keyword
80348,2024-01-11T10:26:06+00:00,2024-01-12T15:47:28+00:00,,2024-01-12T15:47:28+00:00,,low,issue_closed_at_fallback
72775,2023-08-02T20:34:29+00:00,2024-01-12T18:59:48+00:00,11662e18b397a516bbb0c342bdfb23dd5f94922e,2024-01-12T18:59:47+00:00,80420.0,medium,pull_request_keyword
79402,2023-12-12T14:27:05+00:00,2024-01-15T10:26:37+00:00,,2024-01-15T10:26:37+00:00,,low,issue_closed_at_fallback
80194,2024-01-09T09:24:13+00:00,2024-01-15T12:36:28+00:00,,2024-01-15T12:36:28+00:00,,low,issue_closed_at_fallback
64979,2023-03-17T16:03:02+00:00,2024-01-15T15:43:55+00:00,,2024-01-15T15:43:55+00:00,,low,issue_closed_at_fallback
78819,2023-11-29T15:46:08+00:00,2024-01-15T16:19:28+00:00,,2024-01-15T16:19:28+00:00,,low,issue_closed_at_fallback
78451,2023-11-21T10:41:38+00:00,2024-01-19T09:50:58+00:00,0e4c6742c802a03a86ee0a09ea2f3491105d55a2,2024-01-19T09:50:57+00:00,80410.0,medium,pull_request_keyword
80377,2024-01-11T15:36:02+00:00,2024-01-19T10:14:29+00:00,,2024-01-19T10:14:29+00:00,,low,issue_closed_at_fallback
78790,2023-11-29T09:31:16+00:00,2024-01-19T14:05:38+00:00,,2024-01-19T14:05:38+00:00,,low,issue_closed_at_fallback
80454,2024-01-12T15:03:36+00:00,2024-01-19T16:46:12+00:00,,2024-01-19T16:46:12+00:00,,low,issue_closed_at_fallback
80648,2024-01-16T16:54:28+00:00,2024-01-19T17:43:06+00:00,91e747d8ab2a40cf248bdd659cb3402997c8e44d,2024-01-19T17:43:05+00:00,80849.0,medium,pull_request_keyword
52789,2022-07-26T09:55:53+00:00,2024-01-20T01:40:45+00:00,d7af7d01c8daf1c5b393f767a7590b5ed9c61b38,2024-01-20T01:40:43+00:00,78986.0,medium,pull_request_keyword
74140,2023-08-30T20:02:27+00:00,2024-01-23T13:14:59+00:00,,2024-01-23T13:14:59+00:00,,low,issue_closed_at_fallback
67639,2023-05-02T09:36:39+00:00,2024-01-23T15:56:22+00:00,,2024-01-23T15:56:22+00:00,,low,issue_closed_at_fallback
65880,2023-04-04T02:36:35+00:00,2024-01-23T17:08:19+00:00,,2024-01-23T17:08:19+00:00,,low,issue_closed_at_fallback
70030,2023-06-13T20:28:00+00:00,2024-01-23T17:28:13+00:00,,2024-01-23T17:28:13+00:00,,low,issue_closed_at_fallback
80478,2024-01-12T17:56:44+00:00,2024-01-23T21:59:24+00:00,,2024-01-23T21:59:24+00:00,,low,issue_closed_at_fallback
80462,2024-01-12T15:54:25+00:00,2024-01-24T11:41:27+00:00,,2024-01-24T11:41:27+00:00,,low,issue_closed_at_fallback
79852,2023-12-25T09:22:22+00:00,2024-01-24T13:18:02+00:00,3f1e97cb070e92d6e21f65c3a25c66be9a6d9f57,2024-01-24T13:18:01+00:00,81114.0,medium,pull_request_keyword
80767,2024-01-17T22:24:08+00:00,2024-01-24T16:16:17+00:00,,2024-01-24T16:16:17+00:00,,low,issue_closed_at_fallback
79777,2023-12-21T08:12:21+00:00,2024-01-25T07:51:18+00:00,ebe8c005cec6e4a4716ae6fadbc3ba180cf40341,2024-01-25T07:51:16+00:00,81135.0,medium,pull_request_keyword
73966,2023-08-28T19:41:50+00:00,2024-01-25T11:43:55+00:00,,2024-01-25T11:43:55+00:00,,low,issue_closed_at_fallback
61418,2023-01-12T17:55:37+00:00,2024-01-26T09:30:16+00:00,,2024-01-26T09:30:16+00:00,,low,issue_closed_at_fallback
76783,2023-10-19T02:45:43+00:00,2024-01-26T13:38:07+00:00,bdcf5ee472811868ebb39f13504ae60a994e20c1,2024-01-04T01:48:30+00:00,76785.0,medium,pull_request_keyword
80503,2024-01-13T03:53:44+00:00,2024-01-26T17:15:01+00:00,,2024-01-26T17:15:01+00:00,,low,issue_closed_at_fallback
80039,2024-01-04T17:34:49+00:00,2024-01-26T23:49:16+00:00,,2024-01-26T23:49:16+00:00,,low,issue_closed_at_fallback
81393,2024-01-26T17:56:41+00:00,2024-01-29T16:22:45+00:00,de662810cfd841b6febaf0477406d4f780a38089,2024-01-29T16:22:43+00:00,81394.0,medium,pull_request_keyword
64760,2023-03-14T17:27:12+00:00,2024-01-29T20:25:15+00:00,,2024-01-29T20:25:15+00:00,,low,issue_closed_at_fallback
81192,2024-01-24T17:32:39+00:00,2024-01-31T09:08:07+00:00,,2024-01-31T09:08:07+00:00,,low,issue_closed_at_fallback
81193,2024-01-24T17:47:26+00:00,2024-01-31T09:08:08+00:00,,2024-01-31T09:08:08+00:00,,low,issue_closed_at_fallback
79856,2023-12-26T13:01:53+00:00,2024-01-31T10:01:22+00:00,39057552dc2ddfe8ee770c67a71cf55159aca741,2024-01-31T10:01:20+00:00,81484.0,medium,pull_request_keyword
79692,2023-12-19T14:18:36+00:00,2024-01-31T23:30:23+00:00,,2024-01-31T23:30:23+00:00,,low,issue_closed_at_fallback
79765,2023-12-20T16:17:41+00:00,2024-01-31T23:30:24+00:00,,2024-01-31T23:30:24+00:00,,low,issue_closed_at_fallback
81191,2024-01-24T17:18:28+00:00,2024-02-01T09:48:20+00:00,,2024-02-01T09:48:20+00:00,,low,issue_closed_at_fallback
81009,2024-01-22T17:12:18+00:00,2024-02-01T14:07:03+00:00,,2024-02-01T14:07:03+00:00,,low,issue_closed_at_fallback
81225,2024-01-25T07:00:58+00:00,2024-02-02T11:59:41+00:00,,2024-02-02T11:59:41+00:00,,low,issue_closed_at_fallback
81080,2024-01-23T13:45:27+00:00,2024-02-05T08:06:13+00:00,ec5bc7c4ab5396ee68f8851de50957a8f578e783,2024-02-05T08:06:12+00:00,81795.0,medium,pull_request_keyword
81766,2024-02-02T09:39:31+00:00,2024-02-05T08:32:59+00:00,,2024-02-05T08:32:59+00:00,,low,issue_closed_at_fallback
81640,2024-01-31T13:34:06+00:00,2024-02-05T10:48:10+00:00,ded0554bac006c23cec2871c6322d348cc770dd3,2024-02-05T10:48:09+00:00,81799.0,medium,pull_request_keyword
80708,2024-01-17T10:36:03+00:00,2024-02-05T14:45:49+00:00,96772e1a3236e891038a29782018fa5b9da6233b,2024-02-05T14:45:48+00:00,81669.0,medium,pull_request_keyword
44509,2022-01-27T05:02:46+00:00,2024-02-05T15:25:56+00:00,b02f0b926afb25b5eb895fb8527ed2dfbf3426a0,2024-02-05T15:25:54+00:00,81667.0,medium,pull_request_keyword
81931,2024-02-06T07:49:17+00:00,2024-02-06T08:46:35+00:00,,2024-02-06T08:46:35+00:00,,low,issue_closed_at_fallback
46440,2022-03-11T09:12:39+00:00,2024-02-06T18:44:43+00:00,,2024-02-06T18:44:43+00:00,,low,issue_closed_at_fallback
81619,2024-01-31T08:15:05+00:00,2024-02-07T14:17:14+00:00,26bc87b60e4983053824fdb4efce8645a17436ce,2024-02-07T14:17:13+00:00,81877.0,medium,pull_request_keyword
81469,2024-01-29T11:35:54+00:00,2024-02-07T23:40:23+00:00,,2024-02-07T23:40:23+00:00,,low,issue_closed_at_fallback
76180,2023-10-09T10:01:12+00:00,2024-02-08T11:19:29+00:00,99feb928cf87269d80c3322e1265d793933870b9,2024-02-08T11:19:28+00:00,81658.0,medium,pull_request_keyword
82150,2024-02-08T11:55:21+00:00,2024-02-08T12:36:10+00:00,4dc1ebbb66e8d78889c8828399d5c55321a96571,2024-02-08T12:36:09+00:00,82153.0,medium,pull_request_keyword
80408,2024-01-12T06:49:28+00:00,2024-02-12T09:15:47+00:00,,2024-02-12T09:15:47+00:00,,low,issue_closed_at_fallback
81788,2024-02-02T12:06:54+00:00,2024-02-12T10:26:40+00:00,e2ea20b44642a8cb74611df8cab809d0b47e09ed,2024-02-12T10:26:39+00:00,82287.0,medium,pull_request_keyword
81846,2024-02-03T08:20:06+00:00,2024-02-12T21:37:30+00:00,,2024-02-12T21:37:30+00:00,,low,issue_closed_at_fallback
79745,2023-12-20T09:29:53+00:00,2024-02-13T15:02:51+00:00,6f245121d09cc5cfb048334316c6e8bf60f8b635,2024-01-29T09:31:50+00:00,79746.0,medium,pull_request_keyword
69374,2023-06-01T13:11:57+00:00,2024-02-13T15:05:53+00:00,,2024-02-13T15:05:53+00:00,,low,issue_closed_at_fallback
82348,2024-02-13T08:55:04+00:00,2024-02-14T10:07:12+00:00,222b2370a72918be65b8db7c3d2671a2173ca1b9,2024-02-14T10:08:17+00:00,82349.0,medium,pull_request_keyword
81387,2024-01-26T16:35:07+00:00,2024-02-14T14:04:17+00:00,44ecb26ea1e9bd1cbfd12317e52736d0085c9718,2024-02-14T14:04:15+00:00,82420.0,medium,pull_request_keyword
82323,2024-02-09T16:04:16+00:00,2024-02-14T16:24:58+00:00,e422309bc4475e1ab790788665ee26abcf1464af,2024-02-14T16:24:57+00:00,82325.0,medium,pull_request_keyword
80308,2024-01-10T16:53:47+00:00,2024-02-15T12:02:27+00:00,,2024-02-15T12:02:27+00:00,,low,issue_closed_at_fallback
82530,2024-02-15T11:29:54+00:00,2024-02-15T15:28:07+00:00,7ec97f4ad82d45be9a1ecb1d49fd2f94a7aff81f,2024-02-15T15:28:06+00:00,82582.0,medium,pull_request_keyword
82210,2024-02-08T21:22:36+00:00,2024-02-15T18:54:45+00:00,,2024-02-15T18:54:45+00:00,,low,issue_closed_at_fallback
82008,2024-02-06T18:38:37+00:00,2024-02-15T22:37:17+00:00,,2024-02-15T22:37:17+00:00,,low,issue_closed_at_fallback
82248,2024-02-09T12:19:57+00:00,2024-02-16T11:13:52+00:00,,2024-02-16T11:13:52+00:00,,low,issue_closed_at_fallback
73038,2023-08-08T10:10:53+00:00,2024-02-16T16:11:04+00:00,,2024-02-16T16:11:04+00:00,,low,issue_closed_at_fallback
44417,2022-01-25T10:57:27+00:00,2024-02-17T11:28:52+00:00,,2024-02-17T11:28:52+00:00,,low,issue_closed_at_fallback
45462,2022-02-16T12:53:31+00:00,2024-02-19T01:48:11+00:00,,2024-02-19T01:48:11+00:00,,low,issue_closed_at_fallback
45558,2022-02-17T17:55:47+00:00,2024-02-19T01:48:14+00:00,,2024-02-19T01:48:14+00:00,,low,issue_closed_at_fallback
46456,2022-03-11T14:39:39+00:00,2024-02-19T01:48:21+00:00,,2024-02-19T01:48:21+00:00,,low,issue_closed_at_fallback
46556,2022-03-14T21:50:15+00:00,2024-02-19T01:48:22+00:00,,2024-02-19T01:48:22+00:00,,low,issue_closed_at_fallback
48586,2022-05-02T14:27:32+00:00,2024-02-19T01:49:00+00:00,be48ab689f20dafea3abddc66825cd6519701704,2022-05-02T18:44:25+00:00,48587.0,medium,pull_request_keyword
78003,2023-11-10T15:21:44+00:00,2024-02-20T11:48:52+00:00,ac866aceeade3c12ae27dde20f32b263980cb363,2024-02-15T08:50:48+00:00,80739.0,medium,pull_request_keyword
80947,2024-01-22T04:43:07+00:00,2024-02-20T22:22:10+00:00,,2024-02-20T22:22:10+00:00,,low,issue_closed_at_fallback
82037,2024-02-07T05:02:59+00:00,2024-02-21T11:28:58+00:00,6b31b1fc037a473d9a3a3d7f2b084ae45473392a,2024-02-21T11:28:57+00:00,82887.0,medium,pull_request_keyword
82984,2024-02-17T01:06:19+00:00,2024-02-21T15:57:55+00:00,5460d75e74b0f6f477deed177683a2160477a8ba,2024-02-21T15:57:54+00:00,83144.0,medium,pull_request_keyword
45021,2022-02-08T00:34:04+00:00,2024-02-22T01:50:01+00:00,,2024-02-22T01:50:01+00:00,,low,issue_closed_at_fallback
48923,2022-05-12T05:50:59+00:00,2024-02-22T01:50:07+00:00,,2024-02-22T01:50:07+00:00,,low,issue_closed_at_fallback
49265,2022-05-19T16:05:18+00:00,2024-02-22T01:50:09+00:00,,2024-02-22T01:50:09+00:00,,low,issue_closed_at_fallback
49625,2022-05-25T15:33:41+00:00,2024-02-22T01:50:14+00:00,3f21cfde6cf07184f1da81cb516224d67599a0bf,2022-05-25T17:49:12+00:00,49640.0,medium,pull_request_keyword
49779,2022-05-30T02:57:04+00:00,2024-02-22T01:50:16+00:00,,2024-02-22T01:50:16+00:00,,low,issue_closed_at_fallback
49795,2022-05-30T09:16:47+00:00,2024-02-22T01:50:17+00:00,,2024-02-22T01:50:17+00:00,,low,issue_closed_at_fallback
50045,2022-06-01T21:32:49+00:00,2024-02-22T01:50:21+00:00,,2024-02-22T01:50:21+00:00,,low,issue_closed_at_fallback
50418,2022-06-08T12:26:31+00:00,2024-02-23T01:47:19+00:00,,2024-02-23T01:47:19+00:00,,low,issue_closed_at_fallback
50422,2022-06-08T12:38:36+00:00,2024-02-23T01:47:20+00:00,,2024-02-23T01:47:20+00:00,,low,issue_closed_at_fallback
54402,2022-08-29T15:56:31+00:00,2024-02-23T01:47:54+00:00,,2024-02-23T01:47:54+00:00,,low,issue_closed_at_fallback
54926,2022-09-08T16:26:09+00:00,2024-02-23T01:48:11+00:00,,2024-02-23T01:48:11+00:00,,low,issue_closed_at_fallback
55192,2022-09-14T18:54:12+00:00,2024-02-23T01:48:16+00:00,,2024-02-23T01:48:16+00:00,,low,issue_closed_at_fallback
56151,2022-10-03T02:42:36+00:00,2024-02-23T01:48:18+00:00,,2024-02-23T01:48:18+00:00,,low,issue_closed_at_fallback
56412,2022-10-05T15:30:35+00:00,2024-02-23T01:48:23+00:00,,2024-02-23T01:48:23+00:00,,low,issue_closed_at_fallback
82925,2024-02-16T17:18:03+00:00,2024-02-23T22:03:36+00:00,e4276a4ede829cb2e30e6dd32a9dc4ca09845054,2024-02-23T22:03:35+00:00,83114.0,medium,pull_request_keyword
55704,2022-09-23T20:53:30+00:00,2024-02-24T01:46:25+00:00,,2024-02-24T01:46:25+00:00,,low,issue_closed_at_fallback
55950,2022-09-28T15:52:55+00:00,2024-02-24T01:46:37+00:00,,2024-02-24T01:46:37+00:00,,low,issue_closed_at_fallback
58198,2022-11-03T20:40:07+00:00,2024-02-24T01:46:43+00:00,,2024-02-24T01:46:43+00:00,,low,issue_closed_at_fallback
58324,2022-11-07T11:41:18+00:00,2024-02-24T01:46:44+00:00,,2024-02-24T01:46:44+00:00,,low,issue_closed_at_fallback
59159,2022-11-22T19:08:10+00:00,2024-02-24T01:46:59+00:00,,2024-02-24T01:46:59+00:00,,low,issue_closed_at_fallback
60107,2022-12-09T16:20:16+00:00,2024-02-24T01:47:26+00:00,,2024-02-24T01:47:26+00:00,,low,issue_closed_at_fallback
60427,2022-12-15T22:01:31+00:00,2024-02-24T01:47:32+00:00,,2024-02-24T01:47:32+00:00,,low,issue_closed_at_fallback
56085,2022-09-30T11:27:15+00:00,2024-02-25T01:47:29+00:00,,2024-02-25T01:47:29+00:00,,low,issue_closed_at_fallback
59034,2022-11-21T13:13:10+00:00,2024-02-25T01:47:32+00:00,,2024-02-25T01:47:32+00:00,,low,issue_closed_at_fallback
58672,2022-11-11T17:39:02+00:00,2024-02-26T09:52:53+00:00,,2024-02-26T09:52:53+00:00,,low,issue_closed_at_fallback
80185,2024-01-09T05:55:51+00:00,2024-02-26T12:36:16+00:00,,2024-02-26T12:36:16+00:00,,low,issue_closed_at_fallback
81593,2024-01-30T18:55:10+00:00,2024-02-26T15:48:18+00:00,,2024-02-26T15:48:18+00:00,,low,issue_closed_at_fallback
64084,2023-03-02T22:34:57+00:00,2024-02-27T00:35:47+00:00,99271441fb9a8a56c839e03302a784dbf6762720,2024-02-27T00:35:45+00:00,83319.0,medium,pull_request_keyword
55060,2022-09-13T00:02:56+00:00,2024-02-27T15:20:45+00:00,,2024-02-27T15:20:45+00:00,,low,issue_closed_at_fallback
55282,2022-09-16T08:11:56+00:00,2024-02-27T15:22:30+00:00,,2024-02-27T15:22:30+00:00,,low,issue_closed_at_fallback
81631,2024-01-31T12:18:36+00:00,2024-02-27T15:48:10+00:00,30965d47a35b20a21cc07c627d2761ac96498fac,2024-02-27T15:48:08+00:00,83218.0,medium,pull_request_keyword
81995,2024-02-06T17:37:51+00:00,2024-02-27T16:21:29+00:00,,2024-02-27T16:21:29+00:00,,low,issue_closed_at_fallback
80893,2024-01-19T14:16:22+00:00,2024-02-28T10:03:04+00:00,,2024-02-28T10:03:04+00:00,,low,issue_closed_at_fallback
79987,2024-01-03T15:31:04+00:00,2024-02-28T10:11:19+00:00,,2024-02-28T10:11:19+00:00,,low,issue_closed_at_fallback
50552,2022-06-09T20:37:43+00:00,2024-02-28T10:37:56+00:00,,2024-02-28T10:37:56+00:00,,low,issue_closed_at_fallback
56751,2022-10-11T19:21:51+00:00,2024-02-28T10:48:21+00:00,,2024-02-28T10:48:21+00:00,,low,issue_closed_at_fallback
53032,2022-08-01T11:21:10+00:00,2024-02-28T11:14:13+00:00,,2024-02-28T11:14:13+00:00,,low,issue_closed_at_fallback
59453,2022-11-29T06:41:40+00:00,2024-02-28T13:01:56+00:00,,2024-02-28T13:01:56+00:00,,low,issue_closed_at_fallback
80434,2024-01-12T12:02:20+00:00,2024-02-28T13:59:26+00:00,,2024-02-28T13:59:26+00:00,,low,issue_closed_at_fallback
71635,2023-07-14T09:44:19+00:00,2024-02-28T14:27:34+00:00,,2024-02-28T14:27:34+00:00,,low,issue_closed_at_fallback
68172,2023-05-10T07:55:40+00:00,2024-02-28T14:49:28+00:00,,2024-02-28T14:49:28+00:00,,low,issue_closed_at_fallback
68408,2023-05-12T17:21:32+00:00,2024-02-28T14:53:17+00:00,,2024-02-28T14:53:17+00:00,,low,issue_closed_at_fallback
83538,2024-02-27T16:57:36+00:00,2024-02-28T14:59:07+00:00,,2024-02-28T14:59:07+00:00,,low,issue_closed_at_fallback
83472,2024-02-27T08:50:17+00:00,2024-02-28T15:32:57+00:00,,2024-02-28T15:32:57+00:00,,low,issue_closed_at_fallback
69732,2023-06-07T16:13:13+00:00,2024-02-29T06:38:11+00:00,,2024-02-29T06:38:11+00:00,,low,issue_closed_at_fallback
78564,2023-11-22T22:24:46+00:00,2024-03-01T00:56:41+00:00,,2024-03-01T00:56:41+00:00,,low,issue_closed_at_fallback
43733,2022-01-05T22:29:41+00:00,2024-03-01T01:47:56+00:00,,2024-03-01T01:47:56+00:00,,low,issue_closed_at_fallback
43909,2022-01-11T15:10:55+00:00,2024-03-01T01:48:00+00:00,,2024-03-01T01:48:00+00:00,,low,issue_closed_at_fallback
44416,2022-01-25T10:50:12+00:00,2024-03-01T01:48:08+00:00,,2024-03-01T01:48:08+00:00,,low,issue_closed_at_fallback
83734,2024-02-29T20:59:06+00:00,2024-03-01T15:56:46+00:00,,2024-03-01T15:56:46+00:00,,low,issue_closed_at_fallback
64088,2023-03-02T23:28:17+00:00,2024-03-04T08:38:17+00:00,,2024-03-04T08:38:17+00:00,,low,issue_closed_at_fallback
83717,2024-02-29T18:09:45+00:00,2024-03-05T10:22:34+00:00,,2024-03-05T10:22:34+00:00,,low,issue_closed_at_fallback
79611,2023-12-17T01:12:02+00:00,2024-03-05T11:10:47+00:00,112c0e7a79c00c7057ef362b6b8a9b7e4471f1b5,2024-03-05T11:10:46+00:00,83879.0,medium,pull_request_keyword
76848,2023-10-20T07:06:24+00:00,2024-03-05T11:40:09+00:00,,2024-03-05T11:40:09+00:00,,low,issue_closed_at_fallback
83344,2024-02-23T20:21:32+00:00,2024-03-05T23:23:12+00:00,,2024-03-05T23:23:12+00:00,,low,issue_closed_at_fallback
51357,2022-06-23T23:38:22+00:00,2024-03-06T01:46:28+00:00,,2024-03-06T01:46:28+00:00,,low,issue_closed_at_fallback
83912,2024-03-05T14:23:19+00:00,2024-03-06T11:58:10+00:00,,2024-03-06T11:58:10+00:00,,low,issue_closed_at_fallback
83783,2024-03-01T16:50:33+00:00,2024-03-06T13:57:12+00:00,,2024-03-06T13:57:12+00:00,,low,issue_closed_at_fallback
83375,2024-02-26T10:20:07+00:00,2024-03-07T16:32:39+00:00,81ca577441af43df10e4193585cd0afddfeb5e33,2024-03-07T16:30:31+00:00,83458.0,medium,pull_request_keyword
76752,2023-10-18T11:45:03+00:00,2024-03-11T11:28:30+00:00,,2024-03-11T11:28:30+00:00,,low,issue_closed_at_fallback
53049,2022-08-01T14:31:04+00:00,2024-03-11T13:27:00+00:00,,2024-03-11T13:27:00+00:00,,low,issue_closed_at_fallback
79024,2023-12-04T14:53:32+00:00,2024-03-11T13:58:21+00:00,,2024-03-11T13:58:21+00:00,,low,issue_closed_at_fallback
56827,2022-10-12T20:22:34+00:00,2024-03-11T14:23:23+00:00,5d7d54d07694f694b88e1523e7b7f686b134f299,2022-10-21T14:53:17+00:00,57381.0,medium,pull_request_keyword
84182,2024-03-11T13:12:29+00:00,2024-03-11T14:37:54+00:00,,2024-03-11T14:37:54+00:00,,low,issue_closed_at_fallback
84047,2024-03-07T03:36:15+00:00,2024-03-12T11:13:30+00:00,,2024-03-12T11:13:30+00:00,,low,issue_closed_at_fallback
82137,2024-02-08T08:56:17+00:00,2024-03-12T12:54:49+00:00,,2024-03-12T12:54:49+00:00,,low,issue_closed_at_fallback
84174,2024-03-11T11:47:58+00:00,2024-03-12T12:54:49+00:00,,2024-03-12T12:54:49+00:00,,low,issue_closed_at_fallback
83827,2024-03-04T12:40:40+00:00,2024-03-12T13:49:37+00:00,,2024-03-12T13:49:37+00:00,,low,issue_closed_at_fallback
83345,2024-02-23T20:27:45+00:00,2024-03-12T19:37:51+00:00,e552e21221d9e958b1f9ff6bb162fe764bd81d8d,2024-03-12T19:37:50+00:00,84074.0,medium,pull_request_keyword
84229,2024-03-11T20:12:21+00:00,2024-03-12T20:30:55+00:00,,2024-03-12T20:30:55+00:00,,low,issue_closed_at_fallback
64714,2023-03-13T18:22:05+00:00,2024-03-13T09:20:53+00:00,,2024-03-13T09:20:53+00:00,,low,issue_closed_at_fallback
76945,2023-10-23T08:47:48+00:00,2024-03-13T12:01:26+00:00,,2024-03-13T12:01:26+00:00,,low,issue_closed_at_fallback
83624,2024-02-28T16:48:59+00:00,2024-03-13T13:41:05+00:00,c0d0f13a8d12f3cbf35c8bde4a33521adfe52026,2024-03-13T13:41:04+00:00,84347.0,medium,pull_request_keyword
83690,2024-02-29T13:23:45+00:00,2024-03-13T16:24:27+00:00,,2024-03-13T16:24:27+00:00,,low,issue_closed_at_fallback
65816,2023-04-03T11:47:08+00:00,2024-03-14T08:18:37+00:00,9bbd9cf4caf9f728195a11edc9f4edea87703fbd,2024-03-12T10:55:31+00:00,84249.0,medium,pull_request_keyword
80415,2024-01-12T09:09:01+00:00,2024-03-14T10:39:10+00:00,,2024-03-14T10:39:10+00:00,,low,issue_closed_at_fallback
53151,2022-08-02T14:45:59+00:00,2024-03-14T13:58:27+00:00,8690a42e331cbf0f8b1bb3a162ebeedd474323d7,2024-03-14T13:58:26+00:00,83938.0,medium,pull_request_keyword
84296,2024-03-12T14:40:39+00:00,2024-03-15T14:49:06+00:00,85bd116a1071b71d290487112e5532487f256781,2024-03-15T15:49:05+01:00,,high,commit_message_keyword
74849,2023-09-13T14:58:36+00:00,2024-03-18T09:30:29+00:00,,2024-03-18T09:30:29+00:00,,low,issue_closed_at_fallback
83613,2024-02-28T15:39:47+00:00,2024-03-18T12:02:14+00:00,26e1a5887ac4116a5e9c50d35e0132dc81a706d9,2024-03-18T12:02:13+00:00,84589.0,medium,pull_request_keyword
84054,2024-03-07T09:33:29+00:00,2024-03-18T17:03:10+00:00,,2024-03-18T17:03:10+00:00,,low,issue_closed_at_fallback
83968,2024-03-06T12:39:55+00:00,2024-03-18T17:03:11+00:00,,2024-03-18T17:03:11+00:00,,low,issue_closed_at_fallback
84679,2024-03-18T16:31:12+00:00,2024-03-18T17:04:59+00:00,3ea5c08c88ba13885746fd2289476cdd5a604951,2024-03-18T17:04:57+00:00,84681.0,medium,pull_request_keyword
79833,2023-12-22T12:03:20+00:00,2024-03-18T21:31:01+00:00,0606a8e413d4253df7f5a6d0edaecc13c0dedd5a,2024-03-18T21:30:59+00:00,84611.0,medium,pull_request_keyword
65380,2023-03-27T15:13:23+00:00,2024-03-19T09:01:13+00:00,6d98d06f6e9680635515e16f8cb09c28c38aa104,2023-08-01T07:23:48+00:00,69829.0,medium,pull_request_keyword
84466,2024-03-14T13:06:35+00:00,2024-03-20T15:00:20+00:00,,2024-03-20T15:00:20+00:00,,low,issue_closed_at_fallback
81840,2024-02-03T00:45:12+00:00,2024-03-20T17:10:41+00:00,6d16cf2699102363c1d0867a58866a57cd198d1f,2024-03-20T17:10:39+00:00,84692.0,medium,pull_request_keyword
81750,2024-02-01T23:53:31+00:00,2024-03-21T09:18:40+00:00,,2024-03-21T09:18:40+00:00,,low,issue_closed_at_fallback
84288,2024-03-12T13:52:57+00:00,2024-03-21T13:11:19+00:00,,2024-03-21T13:11:19+00:00,,low,issue_closed_at_fallback
84937,2024-03-21T17:02:35+00:00,2024-03-21T17:37:55+00:00,,2024-03-21T17:37:55+00:00,,low,issue_closed_at_fallback
81517,2024-01-29T20:50:09+00:00,2024-03-21T19:42:55+00:00,,2024-03-21T19:42:55+00:00,,low,issue_closed_at_fallback
84717,2024-03-19T10:33:51+00:00,2024-03-22T11:05:26+00:00,bb1133d6d9a815fa3eabd49c0baddc95670e4d07,2024-03-22T11:05:25+00:00,84928.0,medium,pull_request_keyword
84929,2024-03-21T16:03:55+00:00,2024-03-22T15:14:12+00:00,,2024-03-22T15:14:12+00:00,,low,issue_closed_at_fallback
84606,2024-03-15T17:00:01+00:00,2024-03-22T23:54:11+00:00,cdb64cb7ebb5b0f3ba7a86f8e84c259353e6ca13,2024-03-22T23:54:10+00:00,85026.0,medium,pull_request_keyword
56506,2022-10-06T20:11:42+00:00,2024-03-25T01:47:18+00:00,,2024-03-25T01:47:18+00:00,,low,issue_closed_at_fallback
71217,2023-07-07T15:03:11+00:00,2024-03-25T09:11:20+00:00,,2024-03-25T09:11:20+00:00,,low,issue_closed_at_fallback
80304,2024-01-10T16:35:32+00:00,2024-03-25T12:33:25+00:00,,2024-03-25T12:33:25+00:00,,low,issue_closed_at_fallback
80183,2024-01-09T05:34:27+00:00,2024-03-25T13:16:58+00:00,,2024-03-25T13:16:58+00:00,,low,issue_closed_at_fallback
80523,2024-01-15T06:10:33+00:00,2024-03-25T19:19:37+00:00,,2024-03-25T19:19:37+00:00,,low,issue_closed_at_fallback
85081,2024-03-25T14:38:39+00:00,2024-03-25T19:36:57+00:00,,2024-03-25T19:36:57+00:00,,low,issue_closed_at_fallback
61815,2023-01-19T20:59:44+00:00,2024-03-26T01:46:51+00:00,,2024-03-26T01:46:51+00:00,,low,issue_closed_at_fallback
62447,2023-01-30T09:46:40+00:00,2024-03-26T01:47:03+00:00,,2024-03-26T01:47:03+00:00,,low,issue_closed_at_fallback
63266,2023-02-10T15:17:44+00:00,2024-03-26T01:47:12+00:00,,2024-03-26T01:47:12+00:00,,low,issue_closed_at_fallback
84818,2024-03-20T13:39:16+00:00,2024-03-26T13:01:36+00:00,,2024-03-26T13:01:36+00:00,,low,issue_closed_at_fallback
81883,2024-02-05T13:01:00+00:00,2024-03-26T14:55:56+00:00,08ef6e1a42a7f374870fc055127fe075cf272503,2024-03-26T14:55:54+00:00,,high,commit_message_keyword
63607,2023-02-23T08:53:06+00:00,2024-03-27T01:47:21+00:00,,2024-03-27T01:47:21+00:00,,low,issue_closed_at_fallback
69285,2023-05-30T20:40:15+00:00,2024-03-27T15:12:00+00:00,618cf8e5a103b0cf14c1ed9202b0c36b69d3564a,2024-03-27T15:11:59+00:00,,high,commit_message_keyword
85252,2024-03-26T12:00:08+00:00,2024-03-28T09:47:50+00:00,,2024-03-28T09:47:50+00:00,,low,issue_closed_at_fallback
84542,2024-03-15T08:43:22+00:00,2024-03-28T14:19:50+00:00,,2024-03-28T14:19:50+00:00,,low,issue_closed_at_fallback
85080,2024-03-25T13:56:24+00:00,2024-03-28T14:29:49+00:00,,2024-03-28T14:29:49+00:00,,low,issue_closed_at_fallback
84194,2024-03-11T14:51:50+00:00,2024-03-28T14:45:34+00:00,,2024-03-28T14:45:34+00:00,,low,issue_closed_at_fallback
84564,2024-03-15T12:01:54+00:00,2024-03-28T15:40:40+00:00,,2024-03-28T15:40:40+00:00,,low,issue_closed_at_fallback
80877,2024-01-19T11:12:53+00:00,2024-03-28T15:40:40+00:00,2d0e78e2fe9d66d589f256748e3f4ce326d367f7,2024-03-30T17:35:03+00:00,85288.0,medium,pull_request_keyword
84871,2024-03-21T00:27:05+00:00,2024-03-28T22:27:00+00:00,726a6660599f4fb605de1946d9ac5dbc0fa79d2e,2024-03-28T22:26:59+00:00,85078.0,medium,pull_request_keyword
84869,2024-03-20T23:31:53+00:00,2024-03-29T06:10:45+00:00,20eac8d264d3a6605ddc256e0b68fd1009962c21,2024-03-29T06:10:44+00:00,85184.0,medium,pull_request_keyword
85405,2024-03-29T14:53:20+00:00,2024-03-30T17:34:28+00:00,,2024-03-30T17:34:28+00:00,,low,issue_closed_at_fallback
84570,2024-03-15T12:11:26+00:00,2024-03-30T17:34:28+00:00,,2024-03-30T17:34:28+00:00,,low,issue_closed_at_fallback
84569,2024-03-15T12:09:51+00:00,2024-03-30T17:34:28+00:00,,2024-03-30T17:34:28+00:00,,low,issue_closed_at_fallback
64112,2023-03-03T09:22:28+00:00,2024-04-02T01:48:14+00:00,,2024-04-02T01:48:14+00:00,,low,issue_closed_at_fallback
84199,2024-03-11T15:21:49+00:00,2024-04-02T10:34:16+00:00,,2024-04-02T10:34:16+00:00,,low,issue_closed_at_fallback
84212,2024-03-11T16:48:38+00:00,2024-04-02T10:50:33+00:00,,2024-04-02T10:50:33+00:00,,low,issue_closed_at_fallback
84563,2024-03-15T11:59:11+00:00,2024-04-02T10:53:47+00:00,,2024-04-02T10:53:47+00:00,,low,issue_closed_at_fallback
84843,2024-03-20T16:20:15+00:00,2024-04-02T16:04:38+00:00,,2024-04-02T16:04:38+00:00,,low,issue_closed_at_fallback
85139,2024-03-26T08:59:41+00:00,2024-04-03T10:06:39+00:00,,2024-04-03T10:06:39+00:00,,low,issue_closed_at_fallback
84577,2024-03-15T12:25:20+00:00,2024-04-03T14:39:03+00:00,85127464a3a6454adcd5e18dc83af76f4d950a7b,2024-04-03T15:39:01+01:00,,high,commit_message_keyword
85457,2024-04-02T10:46:00+00:00,2024-04-04T09:45:25+00:00,9537de26a53b6f4dff8fcd7dee8fbaf17db884eb,2024-04-04T10:45:24+01:00,,high,commit_message_keyword
84985,2024-03-22T11:21:24+00:00,2024-04-04T10:25:16+00:00,,2024-04-04T10:25:16+00:00,,low,issue_closed_at_fallback
81121,2024-01-23T20:35:16+00:00,2024-04-04T11:14:51+00:00,4e60f44d98c9fc740e798a18e001f53ce8b8d2c3,2024-04-04T11:14:49+00:00,85507.0,medium,pull_request_keyword
84576,2024-03-15T12:24:12+00:00,2024-04-04T13:45:28+00:00,,2024-04-04T13:45:28+00:00,,low,issue_closed_at_fallback
83154,2024-02-21T10:54:26+00:00,2024-04-04T15:24:19+00:00,,2024-04-04T15:24:19+00:00,,low,issue_closed_at_fallback
84848,2024-03-20T16:29:48+00:00,2024-04-04T18:08:25+00:00,5a53041c49404154b795cc5d8ee37cbfaa0419a1,2024-04-04T18:08:24+00:00,85590.0,medium,pull_request_keyword
83916,2024-03-05T15:22:53+00:00,2024-04-05T09:19:28+00:00,,2024-04-05T09:19:28+00:00,,low,issue_closed_at_fallback
85124,2024-03-25T21:04:29+00:00,2024-04-05T14:29:02+00:00,,2024-04-05T14:29:02+00:00,,low,issue_closed_at_fallback
84575,2024-03-15T12:22:36+00:00,2024-04-05T14:47:34+00:00,,2024-04-05T14:47:34+00:00,,low,issue_closed_at_fallback
85076,2024-03-25T13:06:54+00:00,2024-04-05T15:31:42+00:00,9d44c8e8cf3e934e68e3ff8e78e752e2773f83ca,2024-04-05T15:31:41+00:00,85584.0,medium,pull_request_keyword
81465,2024-01-29T11:10:33+00:00,2024-04-05T17:24:58+00:00,d23918fd955a89613f0bb7dde1c250d98c4058a7,2024-04-05T11:24:57-06:00,,high,commit_message_keyword
52388,2022-07-18T09:51:58+00:00,2024-04-05T17:40:48+00:00,,2024-04-05T17:40:48+00:00,,low,issue_closed_at_fallback
49763,2022-05-27T23:54:05+00:00,2024-04-07T01:48:09+00:00,,2024-04-07T01:48:09+00:00,,low,issue_closed_at_fallback
85023,2024-03-22T20:39:30+00:00,2024-04-08T07:28:25+00:00,,2024-04-08T07:28:25+00:00,,low,issue_closed_at_fallback
84562,2024-03-15T11:56:33+00:00,2024-04-08T10:06:51+00:00,d983629650885ea480c00e2e0f83e9281cc42d72,2024-04-08T10:06:50+00:00,85378.0,medium,pull_request_keyword
84302,2024-03-12T15:16:57+00:00,2024-04-09T15:48:12+00:00,27bc0c19ab845094c5d4cbf83532fb4bb99474dd,2024-04-09T15:48:11+00:00,85708.0,medium,pull_request_keyword
84568,2024-03-15T12:08:42+00:00,2024-04-09T15:53:11+00:00,,2024-04-09T15:53:11+00:00,,low,issue_closed_at_fallback
84573,2024-03-15T12:19:59+00:00,2024-04-09T17:59:39+00:00,,2024-04-09T17:59:39+00:00,,low,issue_closed_at_fallback
85783,2024-04-09T09:14:44+00:00,2024-04-09T18:39:32+00:00,96abe65fe4cc6961fdbc52793e23fcff3d9661c7,2024-04-09T18:39:30+00:00,85807.0,medium,pull_request_keyword
82622,2024-02-15T15:38:59+00:00,2024-04-10T09:17:19+00:00,,2024-04-10T09:17:19+00:00,,low,issue_closed_at_fallback
84567,2024-03-15T12:06:08+00:00,2024-04-10T10:13:20+00:00,,2024-04-10T10:13:20+00:00,,low,issue_closed_at_fallback
83307,2024-02-23T13:14:00+00:00,2024-04-10T12:41:31+00:00,,2024-04-10T12:41:31+00:00,,low,issue_closed_at_fallback
85820,2024-04-09T18:03:09+00:00,2024-04-10T13:21:32+00:00,98c575d28f6e615bc19c5d7ffacf542a5a81b655,2024-04-10T13:21:30+00:00,85821.0,medium,pull_request_keyword
84830,2024-03-20T15:18:11+00:00,2024-04-10T17:39:45+00:00,79631bdd154120d71010983bc0780bad801e579f,2024-04-10T17:39:43+00:00,85869.0,medium,pull_request_keyword
84155,2024-03-11T09:26:41+00:00,2024-04-11T06:02:44+00:00,,2024-04-11T06:02:44+00:00,,low,issue_closed_at_fallback
83908,2024-03-05T13:52:57+00:00,2024-04-11T06:41:35+00:00,,2024-04-11T06:41:35+00:00,,low,issue_closed_at_fallback
80842,2024-01-18T20:32:10+00:00,2024-04-11T09:31:48+00:00,62c512662c717ace7d40a3c1142ea8e93fa65d5e,2024-04-11T09:31:47+00:00,85581.0,medium,pull_request_keyword
84959,2024-03-21T21:54:21+00:00,2024-04-11T20:36:34+00:00,,2024-04-11T20:36:34+00:00,,low,issue_closed_at_fallback
83471,2024-02-27T08:49:56+00:00,2024-04-12T08:13:30+00:00,ce5fc59d54d3add3853ecb010de8e78fa77bc6b5,2024-04-12T08:13:29+00:00,85667.0,medium,pull_request_keyword
84958,2024-03-21T21:51:35+00:00,2024-04-12T21:35:37+00:00,,2024-04-12T21:35:37+00:00,,low,issue_closed_at_fallback
62336,2023-01-27T15:05:56+00:00,2024-04-14T02:03:57+00:00,,2024-04-14T02:03:57+00:00,,low,issue_closed_at_fallback
54499,2022-08-30T20:57:04+00:00,2024-04-15T02:49:48+00:00,,2024-04-15T02:49:48+00:00,,low,issue_closed_at_fallback
85925,2024-04-11T09:59:20+00:00,2024-04-15T07:18:04+00:00,,2024-04-15T07:18:04+00:00,,low,issue_closed_at_fallback
86039,2024-04-12T11:25:18+00:00,2024-04-15T07:43:39+00:00,,2024-04-15T07:43:39+00:00,,low,issue_closed_at_fallback
59293,2022-11-24T12:43:40+00:00,2024-04-15T09:11:35+00:00,,2024-04-15T09:11:35+00:00,,low,issue_closed_at_fallback
86082,2024-04-12T23:54:04+00:00,2024-04-15T12:21:04+00:00,44adfea0493fc42aa84587d1eccc8ebcb50bddf2,2024-04-15T12:21:03+00:00,86083.0,medium,pull_request_keyword
82276,2024-02-09T20:12:02+00:00,2024-04-15T15:40:18+00:00,,2024-04-15T15:40:18+00:00,,low,issue_closed_at_fallback
85924,2024-04-11T09:54:15+00:00,2024-04-16T01:10:25+00:00,869814ea3ea459c303be9874c9ba73a55dca850c,2024-04-16T01:10:24+00:00,86095.0,medium,pull_request_keyword
84578,2024-03-15T12:27:57+00:00,2024-04-16T01:13:43+00:00,e15beab362ed2f8eb6c19c96fccc07619f50c031,2024-04-16T01:13:42+00:00,86098.0,medium,pull_request_keyword
84566,2024-03-15T12:05:19+00:00,2024-04-16T08:04:27+00:00,,2024-04-16T08:04:27+00:00,,low,issue_closed_at_fallback
86153,2024-04-15T14:02:18+00:00,2024-04-16T12:46:27+00:00,,2024-04-16T12:46:27+00:00,,low,issue_closed_at_fallback
86005,2024-04-11T23:28:57+00:00,2024-04-16T16:14:40+00:00,533bed6d94063da0785edd05feb2767f5fd1c6fb,2024-04-16T16:14:39+00:00,86006.0,medium,pull_request_keyword
77260,2023-10-27T08:43:24+00:00,2024-04-17T06:05:24+00:00,989e7c2c113d4482b78017363619608ec5a33683,2024-04-17T06:05:23+00:00,86256.0,medium,pull_request_keyword
86296,2024-04-16T11:38:29+00:00,2024-04-17T07:24:11+00:00,,2024-04-17T07:24:11+00:00,,low,issue_closed_at_fallback
86158,2024-04-15T14:22:53+00:00,2024-04-17T08:19:52+00:00,,2024-04-17T08:19:52+00:00,,low,issue_closed_at_fallback
85859,2024-04-10T11:46:22+00:00,2024-04-17T14:07:24+00:00,,2024-04-17T14:07:24+00:00,,low,issue_closed_at_fallback
85850,2024-04-10T09:48:22+00:00,2024-04-17T14:38:44+00:00,,2024-04-17T14:38:44+00:00,,low,issue_closed_at_fallback
85031,2024-03-23T00:02:35+00:00,2024-04-17T17:18:19+00:00,ed8eacbc7ed73b35419668958cc07a1e92bb02b4,2024-04-17T17:18:17+00:00,85443.0,medium,pull_request_keyword
85295,2024-03-27T16:21:04+00:00,2024-04-17T17:19:36+00:00,,2024-04-17T17:19:36+00:00,,low,issue_closed_at_fallback
85689,2024-04-05T22:03:29+00:00,2024-04-17T20:03:34+00:00,82dd573ea41c461fea19fdd94a71f48a099c3491,2024-04-17T20:03:33+00:00,86372.0,medium,pull_request_keyword
82214,2024-02-08T23:26:51+00:00,2024-04-17T21:06:43+00:00,8d415611c5e8cbcc735df81d909845aa91d4625a,2024-04-17T21:07:41+00:00,82218.0,medium,pull_request_keyword
86457,2024-04-17T18:01:24+00:00,2024-04-17T21:24:15+00:00,,2024-04-17T21:24:15+00:00,,low,issue_closed_at_fallback
86167,2024-04-15T14:34:36+00:00,2024-04-18T06:46:26+00:00,,2024-04-18T06:46:26+00:00,,low,issue_closed_at_fallback
86380,2024-04-16T17:23:17+00:00,2024-04-18T09:21:42+00:00,,2024-04-18T09:21:42+00:00,,low,issue_closed_at_fallback
81632,2024-01-31T12:29:41+00:00,2024-04-18T10:02:17+00:00,,2024-04-18T10:02:17+00:00,,low,issue_closed_at_fallback
84981,2024-03-22T10:38:26+00:00,2024-04-18T13:46:06+00:00,817f7879478dede2394c262501cb64364272cdfb,2024-04-18T13:46:05+00:00,86410.0,medium,pull_request_keyword
86208,2024-04-15T16:58:06+00:00,2024-04-18T23:14:31+00:00,,2024-04-18T23:14:31+00:00,,low,issue_closed_at_fallback
64968,2023-03-17T15:05:05+00:00,2024-04-19T01:47:37+00:00,,2024-04-19T01:47:37+00:00,,low,issue_closed_at_fallback
84727,2024-03-19T12:20:16+00:00,2024-04-19T11:04:02+00:00,65afe90124cd57deae18f6955b5f286a4dd438e9,2024-04-19T11:04:01+00:00,86446.0,medium,pull_request_keyword
75280,2023-09-22T10:42:40+00:00,2024-04-19T19:56:13+00:00,74ee675732083c74eb716da26f865a71b7a666c4,2024-04-19T19:56:12+00:00,86288.0,medium,pull_request_keyword
54126,2022-08-24T00:44:04+00:00,2024-04-21T01:48:23+00:00,6f125994b38d6a917cf333ba98cd9e2a8e06e8bf,2023-08-31T01:47:43+00:00,63290.0,medium,pull_request_keyword
85027,2024-03-22T23:39:55+00:00,2024-04-23T03:24:41+00:00,,2024-04-23T03:24:41+00:00,,low,issue_closed_at_fallback
86435,2024-04-17T12:27:17+00:00,2024-04-23T04:52:27+00:00,dccad4e0811132e9d992e07faa4ad2048d50f2d3,2024-04-23T04:52:26+00:00,86595.0,medium,pull_request_keyword
86554,2024-04-18T22:28:23+00:00,2024-04-23T06:33:06+00:00,b28e6bc5d8547eda9754dac94a3faa4bb340e360,2024-04-23T13:25:16+00:00,86687.0,medium,pull_request_keyword
84807,2024-03-20T11:49:59+00:00,2024-04-23T11:59:55+00:00,,2024-04-23T11:59:55+00:00,,low,issue_closed_at_fallback
84633,2024-03-18T09:10:20+00:00,2024-04-23T12:08:36+00:00,,2024-04-23T12:08:36+00:00,,low,issue_closed_at_fallback
86555,2024-04-18T22:36:28+00:00,2024-04-23T13:25:17+00:00,b28e6bc5d8547eda9754dac94a3faa4bb340e360,2024-04-23T13:25:16+00:00,86687.0,medium,pull_request_keyword
86556,2024-04-18T22:44:38+00:00,2024-04-23T13:25:18+00:00,b28e6bc5d8547eda9754dac94a3faa4bb340e360,2024-04-23T13:25:16+00:00,86687.0,medium,pull_request_keyword
86557,2024-04-18T22:52:20+00:00,2024-04-23T13:25:18+00:00,b28e6bc5d8547eda9754dac94a3faa4bb340e360,2024-04-23T13:25:16+00:00,86687.0,medium,pull_request_keyword
86559,2024-04-18T23:08:28+00:00,2024-04-23T13:25:19+00:00,b28e6bc5d8547eda9754dac94a3faa4bb340e360,2024-04-23T13:25:16+00:00,86687.0,medium,pull_request_keyword
86558,2024-04-18T22:57:41+00:00,2024-04-23T13:25:19+00:00,b28e6bc5d8547eda9754dac94a3faa4bb340e360,2024-04-23T13:25:16+00:00,86687.0,medium,pull_request_keyword
86769,2024-04-23T12:10:41+00:00,2024-04-23T13:50:44+00:00,,2024-04-23T13:50:44+00:00,,low,issue_closed_at_fallback
86210,2024-04-15T17:08:21+00:00,2024-04-23T14:54:43+00:00,173ba73a8a5280cac48ef2414ba1355097f0c426,2024-04-23T14:54:42+00:00,86543.0,medium,pull_request_keyword
85582,2024-04-04T11:28:56+00:00,2024-04-24T08:00:40+00:00,a8424f483123e37f40c9fb625ef19fbed0b80e19,2024-04-24T08:00:39+00:00,86825.0,medium,pull_request_keyword
86500,2024-04-18T10:06:01+00:00,2024-04-24T08:21:02+00:00,de589b98c7f5e4d8cb5235a090e82aa8a726662c,2024-04-24T08:21:01+00:00,86789.0,medium,pull_request_keyword
84632,2024-03-18T09:07:53+00:00,2024-04-24T10:05:22+00:00,,2024-04-24T10:05:22+00:00,,low,issue_closed_at_fallback
85020,2024-03-22T19:07:17+00:00,2024-04-24T16:32:02+00:00,,2024-04-24T16:32:02+00:00,,low,issue_closed_at_fallback
77597,2023-11-02T20:47:30+00:00,2024-04-24T18:57:20+00:00,,2024-04-24T18:57:20+00:00,,low,issue_closed_at_fallback
86948,2024-04-25T18:02:29+00:00,2024-04-25T18:38:14+00:00,,2024-04-25T18:38:14+00:00,,low,issue_closed_at_fallback
65034,2023-03-20T10:24:15+00:00,2024-04-26T01:47:48+00:00,,2024-04-26T01:47:48+00:00,,low,issue_closed_at_fallback
86949,2024-04-25T18:03:40+00:00,2024-04-26T14:34:56+00:00,,2024-04-26T14:34:56+00:00,,low,issue_closed_at_fallback
84565,2024-03-15T12:04:07+00:00,2024-04-26T17:44:19+00:00,1dbb3bfdea76da4b6d6604288c91b547c9e0baa1,2024-04-26T18:44:18+01:00,,high,commit_message_keyword
45433,2022-02-16T03:50:39+00:00,2024-04-27T01:47:13+00:00,,2024-04-27T01:47:13+00:00,,low,issue_closed_at_fallback
55670,2022-09-23T11:10:09+00:00,2024-04-28T01:48:40+00:00,,2024-04-28T01:48:40+00:00,,low,issue_closed_at_fallback
86943,2024-04-25T16:34:52+00:00,2024-04-29T07:41:45+00:00,fdc102358659385b1643de961a8ed0e2428e682a,2024-04-29T07:41:43+00:00,86962.0,medium,pull_request_keyword
86966,2024-04-26T08:52:06+00:00,2024-04-29T07:49:48+00:00,67968df70e76ba7c78971018f0e59448eabe0709,2024-04-29T07:49:47+00:00,86980.0,medium,pull_request_keyword
86437,2024-04-17T12:37:22+00:00,2024-04-29T08:28:42+00:00,01f83015047d0026f3d7083430e930ad5d6e6c34,2024-04-29T08:28:41+00:00,86910.0,medium,pull_request_keyword
86420,2024-04-17T09:27:56+00:00,2024-04-29T08:53:59+00:00,,2024-04-29T08:53:59+00:00,,low,issue_closed_at_fallback
86305,2024-04-16T12:11:18+00:00,2024-04-29T09:46:46+00:00,,2024-04-29T09:46:46+00:00,,low,issue_closed_at_fallback
86964,2024-04-26T08:43:56+00:00,2024-04-29T12:33:01+00:00,5830d6761d745740db5c81c9c2be58bcb7b94601,2024-04-29T12:33:00+00:00,86965.0,medium,pull_request_keyword
86933,2024-04-25T15:04:53+00:00,2024-04-29T16:16:03+00:00,49fbe970fb9dceca72a7455f5c2a77cf85c4f2a8,2024-04-29T16:16:01+00:00,87002.0,medium,pull_request_keyword
87064,2024-04-29T15:42:35+00:00,2024-04-29T17:13:30+00:00,70ff229bed758374de1faecbb058cf9dcb9ee0d7,2024-04-29T17:13:29+00:00,87065.0,medium,pull_request_keyword
85382,2024-03-28T17:29:13+00:00,2024-04-29T21:02:40+00:00,e3719471d5daccbad3fcc736144c942f2a4cd4cb,2024-04-29T21:02:39+00:00,86955.0,medium,pull_request_keyword
87134,2024-04-30T14:00:56+00:00,2024-05-01T09:17:49+00:00,7a5c17d61388d201d49c3feb875e2f2887259c3a,2024-05-01T09:17:48+00:00,87161.0,medium,pull_request_keyword
86988,2024-04-26T12:32:49+00:00,2024-05-01T12:30:55+00:00,,2024-05-01T12:30:55+00:00,,low,issue_closed_at_fallback
85033,2024-03-23T00:20:34+00:00,2024-05-01T14:55:13+00:00,0fbfb67b159fd30e164207e0d82cffc71c643b48,2024-05-01T14:55:11+00:00,87153.0,medium,pull_request_keyword
85029,2024-03-22T23:46:52+00:00,2024-05-01T18:19:56+00:00,ee4422d1e2de0cb00cd14a068bdf83c787924df0,2024-05-01T18:19:55+00:00,87192.0,medium,pull_request_keyword
86774,2024-04-23T13:21:48+00:00,2024-05-02T08:30:20+00:00,,2024-05-02T08:30:20+00:00,,low,issue_closed_at_fallback
87133,2024-04-30T13:58:28+00:00,2024-05-02T12:07:14+00:00,4d37e11ce94644858ad5725a3fc7d981526514e2,2024-05-02T12:07:13+00:00,87172.0,medium,pull_request_keyword
87135,2024-04-30T14:04:02+00:00,2024-05-02T12:10:08+00:00,37ca484aad6f20ba584c74ba04156ac53b6e2532,2024-05-02T12:10:07+00:00,87174.0,medium,pull_request_keyword
86547,2024-04-18T17:57:26+00:00,2024-05-02T13:15:13+00:00,6851ad9f8cd685c7953b0a8e2e1ae6c97f075bda,2024-05-02T13:15:11+00:00,87182.0,medium,pull_request_keyword
87051,2024-04-29T13:43:39+00:00,2024-05-02T15:23:30+00:00,,2024-05-02T15:23:30+00:00,,low,issue_closed_at_fallback
85829,2024-04-09T20:23:38+00:00,2024-05-02T20:06:42+00:00,21afe3dc62c05c6c38af2fe266a96eae8d29bf19,2024-05-02T20:06:40+00:00,87150.0,medium,pull_request_keyword
54494,2022-08-30T18:43:20+00:00,2024-05-03T01:48:32+00:00,,2024-05-03T01:48:32+00:00,,low,issue_closed_at_fallback
57588,2022-10-25T08:57:52+00:00,2024-05-03T01:48:38+00:00,,2024-05-03T01:48:38+00:00,,low,issue_closed_at_fallback
66691,2023-04-17T15:41:59+00:00,2024-05-03T08:02:16+00:00,,2024-05-03T08:02:16+00:00,,low,issue_closed_at_fallback
87171,2024-05-01T12:19:26+00:00,2024-05-03T09:50:11+00:00,b3f173f15319544cb1e4f8cd5cb72879b3505f8a,2024-05-03T11:50:10+02:00,,high,commit_message_keyword
87169,2024-05-01T11:51:31+00:00,2024-05-03T15:33:50+00:00,64330534799cd1e222c69a0a07ba5dc8f39366e1,2024-05-03T15:33:49+00:00,87316.0,medium,pull_request_keyword
85299,2024-03-27T17:03:05+00:00,2024-05-03T21:17:06+00:00,,2024-05-03T21:17:06+00:00,,low,issue_closed_at_fallback
85034,2024-03-23T00:31:05+00:00,2024-05-03T22:06:06+00:00,8a96fcedb2f29f60d9a1fffeb0828e38a9cd4f4a,2024-05-03T22:06:05+00:00,87155.0,medium,pull_request_keyword
85036,2024-03-23T00:41:59+00:00,2024-05-03T22:21:47+00:00,,2024-05-03T22:21:47+00:00,,low,issue_closed_at_fallback
87359,2024-05-03T22:51:47+00:00,2024-05-03T23:47:31+00:00,,2024-05-03T23:47:31+00:00,,low,issue_closed_at_fallback
65933,2023-04-04T14:45:25+00:00,2024-05-05T01:49:15+00:00,,2024-05-05T01:49:15+00:00,,low,issue_closed_at_fallback
66099,2023-04-06T08:59:46+00:00,2024-05-06T01:48:26+00:00,167c370589750a649c751a893f2b672518c4eada,2023-10-10T01:47:27+00:00,66280.0,medium,pull_request_keyword
87229,2024-05-02T12:15:31+00:00,2024-05-06T06:56:16+00:00,,2024-05-06T06:56:16+00:00,,low,issue_closed_at_fallback
87184,2024-05-01T15:21:08+00:00,2024-05-06T12:13:10+00:00,8173bd89bf0b233485f42c87acf8461d353a09a9,2024-05-06T12:13:09+00:00,87198.0,medium,pull_request_keyword
55842,2022-09-27T14:50:14+00:00,2024-05-06T15:03:34+00:00,,2024-05-06T15:03:34+00:00,,low,issue_closed_at_fallback
70635,2023-06-23T18:32:10+00:00,2024-05-06T16:07:05+00:00,fae9bfccb2f8d813b142561212c4d02c05fe9e26,2024-05-06T16:07:04+00:00,87360.0,medium,pull_request_keyword
79737,2023-12-20T08:46:58+00:00,2024-05-07T06:50:12+00:00,,2024-05-07T06:50:12+00:00,,low,issue_closed_at_fallback
86963,2024-04-26T08:40:30+00:00,2024-05-07T12:02:53+00:00,c6975e06d241e31295ec55327c641d73d483dcf9,2024-05-07T12:02:52+00:00,87411.0,medium,pull_request_keyword
87455,2024-05-07T15:40:40+00:00,2024-05-07T15:44:55+00:00,,2024-05-07T15:44:55+00:00,,low,issue_closed_at_fallback
64193,2023-03-05T13:58:43+00:00,2024-05-08T09:48:13+00:00,,2024-05-08T09:48:13+00:00,,low,issue_closed_at_fallback
57278,2022-10-19T13:05:11+00:00,2024-05-08T09:50:05+00:00,,2024-05-08T09:50:05+00:00,,low,issue_closed_at_fallback
87361,2024-05-03T22:57:01+00:00,2024-05-09T17:01:00+00:00,9bd44aed2eeee4d6c56c49af418d1143dc972968,2024-05-09T17:00:59+00:00,87409.0,medium,pull_request_keyword
71846,2023-07-18T13:26:51+00:00,2024-05-10T10:26:53+00:00,,2024-05-10T10:26:53+00:00,,low,issue_closed_at_fallback
74560,2023-09-07T16:30:47+00:00,2024-05-10T10:30:33+00:00,,2024-05-10T10:30:33+00:00,,low,issue_closed_at_fallback
82154,2024-02-08T12:28:29+00:00,2024-05-10T13:09:14+00:00,,2024-05-10T13:09:14+00:00,,low,issue_closed_at_fallback
83844,2024-03-04T15:39:54+00:00,2024-05-10T13:15:02+00:00,,2024-05-10T13:15:02+00:00,,low,issue_closed_at_fallback
82044,2024-02-07T08:12:33+00:00,2024-05-10T13:42:25+00:00,c203a030e8e6123b9abe5d580ea00a16aa81e0ba,2024-05-10T13:42:23+00:00,87511.0,medium,pull_request_keyword
74561,2023-09-07T16:35:35+00:00,2024-05-10T17:06:28+00:00,,2024-05-10T17:06:28+00:00,,low,issue_closed_at_fallback
85521,2024-04-03T10:52:13+00:00,2024-05-10T17:58:55+00:00,,2024-05-10T17:58:55+00:00,,low,issue_closed_at_fallback
85035,2024-03-23T00:39:09+00:00,2024-05-10T23:59:04+00:00,,2024-05-10T23:59:04+00:00,,low,issue_closed_at_fallback
76433,2023-10-12T12:04:50+00:00,2024-05-13T08:48:15+00:00,,2024-05-13T08:48:15+00:00,,low,issue_closed_at_fallback
84795,2024-03-20T08:54:24+00:00,2024-05-14T07:53:19+00:00,,2024-05-14T07:53:19+00:00,,low,issue_closed_at_fallback
87536,2024-05-09T07:38:18+00:00,2024-05-14T10:39:11+00:00,,2024-05-14T10:39:11+00:00,,low,issue_closed_at_fallback
87495,2024-05-08T09:25:49+00:00,2024-05-14T14:51:00+00:00,5f147644d4e9fd639f5ffc237dd9595edd5ea258,2024-05-14T14:50:59+00:00,87561.0,medium,pull_request_keyword
79791,2023-12-21T11:30:09+00:00,2024-05-14T14:57:36+00:00,b07b927a9457a33c270b4515711768f56c2a7784,2024-05-14T16:57:35+02:00,,high,commit_message_keyword
62725,2023-02-01T19:37:33+00:00,2024-05-15T11:49:54+00:00,,2024-05-15T11:49:54+00:00,,low,issue_closed_at_fallback
87911,2024-05-15T12:50:38+00:00,2024-05-15T13:20:01+00:00,,2024-05-15T13:20:01+00:00,,low,issue_closed_at_fallback
82682,2024-02-15T17:29:29+00:00,2024-05-15T13:41:50+00:00,,2024-05-15T13:41:50+00:00,,low,issue_closed_at_fallback
87446,2024-05-07T13:41:03+00:00,2024-05-16T00:17:51+00:00,,2024-05-16T00:17:51+00:00,,low,issue_closed_at_fallback
86981,2024-04-26T11:44:12+00:00,2024-05-16T08:34:08+00:00,9e29c215c38290d2b7120343b76d9e8c1a0c81b0,2024-05-16T08:34:07+00:00,87320.0,medium,pull_request_keyword
79463,2023-12-13T14:52:13+00:00,2024-05-16T16:09:51+00:00,,2024-05-16T16:09:51+00:00,,low,issue_closed_at_fallback
87856,2024-05-14T18:19:32+00:00,2024-05-16T16:50:03+00:00,edae5fc7916011bedf1f58388785e731b1e825de,2024-05-16T16:50:02+00:00,87853.0,medium,pull_request_keyword
82741,2024-02-15T18:56:19+00:00,2024-05-17T14:54:54+00:00,,2024-05-17T14:54:54+00:00,,low,issue_closed_at_fallback
87547,2024-05-09T11:35:52+00:00,2024-05-20T07:48:08+00:00,fe991a9a7bcdc060e61fddfe65c45cb4ef3505a4,2024-05-20T07:48:07+00:00,87904.0,medium,pull_request_keyword
69401,2023-06-01T15:52:00+00:00,2024-05-20T09:39:54+00:00,cf407fe8dee08b049c37e1e28e49baea80cc1c16,2024-05-20T09:39:52+00:00,87516.0,medium,pull_request_keyword
69659,2023-06-06T16:25:02+00:00,2024-05-20T17:42:25+00:00,28992f0488e0555493041675ee30f77b9442ab94,2024-05-20T17:42:24+00:00,88019.0,medium,pull_request_keyword
87608,2024-05-10T04:40:35+00:00,2024-05-21T11:12:28+00:00,,2024-05-21T11:12:28+00:00,,low,issue_closed_at_fallback
66292,2023-04-11T14:29:30+00:00,2024-05-22T01:48:51+00:00,,2024-05-22T01:48:51+00:00,,low,issue_closed_at_fallback
85238,2024-03-27T10:15:51+00:00,2024-05-22T09:28:40+00:00,,2024-05-22T09:28:40+00:00,,low,issue_closed_at_fallback
86659,2024-04-22T08:57:05+00:00,2024-05-22T12:15:57+00:00,,2024-05-22T12:15:57+00:00,,low,issue_closed_at_fallback
86464,2024-04-17T20:29:45+00:00,2024-05-22T16:36:02+00:00,,2024-05-22T16:36:02+00:00,,low,issue_closed_at_fallback
86705,2024-04-22T15:27:32+00:00,2024-05-23T19:17:56+00:00,,2024-05-23T19:17:56+00:00,,low,issue_closed_at_fallback
63834,2023-02-28T09:11:32+00:00,2024-05-24T01:48:43+00:00,,2024-05-24T01:48:43+00:00,,low,issue_closed_at_fallback
67162,2023-04-24T21:27:41+00:00,2024-05-24T01:48:52+00:00,,2024-05-24T01:48:52+00:00,,low,issue_closed_at_fallback
83263,2024-02-22T17:25:04+00:00,2024-05-24T11:49:54+00:00,,2024-05-24T11:49:54+00:00,,low,issue_closed_at_fallback
65298,2023-03-23T19:39:38+00:00,2024-05-25T01:48:27+00:00,,2024-05-25T01:48:27+00:00,,low,issue_closed_at_fallback
74262,2023-09-01T09:20:48+00:00,2024-05-28T08:59:12+00:00,,2024-05-28T08:59:12+00:00,,low,issue_closed_at_fallback
47005,2022-03-29T09:37:45+00:00,2024-05-29T07:11:25+00:00,06304894a13ab9fbf3386eddcf5e870adc477989,2024-05-29T07:11:23+00:00,87317.0,medium,pull_request_keyword
88391,2024-05-28T15:56:59+00:00,2024-05-29T09:54:41+00:00,,2024-05-29T09:54:41+00:00,,low,issue_closed_at_fallback
87924,2024-05-15T15:02:59+00:00,2024-05-30T08:46:06+00:00,56a544668fa4c7e3ac2335f38a8fa708ce07863e,2024-05-30T08:46:05+00:00,88429.0,medium,pull_request_keyword
88494,2024-05-30T11:37:13+00:00,2024-05-30T17:34:02+00:00,fddf77ee35677f33d0ce64c032aa51b7374c9655,2024-05-30T17:34:00+00:00,88495.0,medium,pull_request_keyword
79829,2023-12-22T10:52:37+00:00,2024-05-31T18:36:39+00:00,be2e420e6bb8d7d08015df9640fa15ee13eee042,2024-05-31T18:36:38+00:00,88524.0,medium,pull_request_keyword
67640,2023-05-02T09:38:13+00:00,2024-06-01T01:51:49+00:00,,2024-06-01T01:51:49+00:00,,low,issue_closed_at_fallback
67641,2023-05-02T09:45:04+00:00,2024-06-01T01:51:50+00:00,,2024-06-01T01:51:50+00:00,,low,issue_closed_at_fallback
48565,2022-04-30T13:39:30+00:00,2024-06-02T01:51:26+00:00,,2024-06-02T01:51:26+00:00,,low,issue_closed_at_fallback
88359,2024-05-28T07:41:17+00:00,2024-06-03T08:02:42+00:00,,2024-06-03T08:02:42+00:00,,low,issue_closed_at_fallback
85730,2024-04-08T12:05:07+00:00,2024-06-03T11:58:31+00:00,,2024-06-03T11:58:31+00:00,,low,issue_closed_at_fallback
88482,2024-05-30T09:39:11+00:00,2024-06-03T13:19:54+00:00,,2024-06-03T13:19:54+00:00,,low,issue_closed_at_fallback
65769,2023-04-03T07:48:42+00:00,2024-06-04T01:49:38+00:00,,2024-06-04T01:49:38+00:00,,low,issue_closed_at_fallback
67923,2023-05-05T14:56:15+00:00,2024-06-04T01:49:45+00:00,,2024-06-04T01:49:45+00:00,,low,issue_closed_at_fallback
67942,2023-05-05T19:02:31+00:00,2024-06-04T01:49:46+00:00,,2024-06-04T01:49:46+00:00,,low,issue_closed_at_fallback
67946,2023-05-05T19:54:51+00:00,2024-06-04T01:49:48+00:00,,2024-06-04T01:49:48+00:00,,low,issue_closed_at_fallback
85079,2024-03-25T13:49:03+00:00,2024-06-04T09:46:43+00:00,,2024-06-04T09:46:43+00:00,,low,issue_closed_at_fallback
88686,2024-06-04T12:15:29+00:00,2024-06-04T12:39:02+00:00,,2024-06-04T12:39:02+00:00,,low,issue_closed_at_fallback
81044,2024-01-23T10:20:01+00:00,2024-06-04T13:04:37+00:00,,2024-06-04T13:04:37+00:00,,low,issue_closed_at_fallback
88688,2024-06-04T12:31:11+00:00,2024-06-04T14:57:02+00:00,,2024-06-04T14:57:02+00:00,,low,issue_closed_at_fallback
86851,2024-04-24T12:13:17+00:00,2024-06-05T11:36:16+00:00,fe3e5917f1bc83ab29b6a57578316e054718aa4a,2024-06-05T11:36:14+00:00,86859.0,medium,pull_request_keyword
76207,2023-10-09T15:37:54+00:00,2024-06-06T09:47:19+00:00,,2024-06-06T09:47:19+00:00,,low,issue_closed_at_fallback
88723,2024-06-04T18:23:53+00:00,2024-06-06T09:50:00+00:00,a23174849c2a31b49c461fdf8bf7b66f3977a1cf,2024-06-06T09:49:59+00:00,88795.0,medium,pull_request_keyword
88821,2024-06-06T08:29:39+00:00,2024-06-06T12:09:50+00:00,,2024-06-06T12:09:50+00:00,,low,issue_closed_at_fallback
69409,2023-06-01T17:25:15+00:00,2024-06-06T18:08:07+00:00,,2024-06-06T18:08:07+00:00,,low,issue_closed_at_fallback
67378,2023-04-27T10:52:51+00:00,2024-06-09T01:53:57+00:00,,2024-06-09T01:53:57+00:00,,low,issue_closed_at_fallback
67689,2023-05-02T21:06:54+00:00,2024-06-09T01:53:59+00:00,,2024-06-09T01:53:59+00:00,,low,issue_closed_at_fallback
85697,2024-04-07T20:49:55+00:00,2024-06-10T12:27:18+00:00,80bdfbe2eb9a06b37cebed123c2c8091f99d861e,2024-06-10T12:27:17+00:00,88614.0,medium,pull_request_keyword
82520,2024-02-15T10:13:51+00:00,2024-06-10T13:14:40+00:00,0a05ac6aeda8a4f41b5609c2ba1887365a79ee79,2024-06-10T13:14:38+00:00,88912.0,medium,pull_request_keyword
86544,2024-04-18T16:48:52+00:00,2024-06-10T16:00:53+00:00,,2024-06-10T16:00:53+00:00,,low,issue_closed_at_fallback
46806,2022-03-21T18:24:20+00:00,2024-06-11T01:50:51+00:00,,2024-06-11T01:50:51+00:00,,low,issue_closed_at_fallback
68414,2023-05-12T18:49:03+00:00,2024-06-11T01:51:02+00:00,,2024-06-11T01:51:02+00:00,,low,issue_closed_at_fallback
88775,2024-06-05T13:00:58+00:00,2024-06-11T12:10:27+00:00,55dfc76b232ff62d2330e7db507f0f5857f21565,2024-06-11T12:10:25+00:00,89017.0,medium,pull_request_keyword
76820,2023-10-19T14:19:32+00:00,2024-06-11T13:35:43+00:00,,2024-06-11T13:35:43+00:00,,low,issue_closed_at_fallback
87568,2024-05-09T16:08:59+00:00,2024-06-12T13:31:07+00:00,9877aa70399b54fd728bab406eba2bf37960ef0f,2024-06-12T13:31:05+00:00,88950.0,medium,pull_request_keyword
80777,2024-01-18T06:33:51+00:00,2024-06-12T16:22:01+00:00,,2024-06-12T16:22:01+00:00,,low,issue_closed_at_fallback
89145,2024-06-13T07:31:41+00:00,2024-06-13T09:24:30+00:00,99e5e1c8bd6d66f60fa72c6ac84d5aa73c577201,2024-06-13T09:24:29+00:00,89152.0,medium,pull_request_keyword
89164,2024-06-13T12:53:27+00:00,2024-06-13T13:39:36+00:00,,2024-06-13T13:39:36+00:00,,low,issue_closed_at_fallback
63584,2023-02-22T16:43:02+00:00,2024-06-14T01:50:20+00:00,b71ef9b6670c18f8e93cafc5d0ac97d08818239e,2023-04-26T19:51:55+00:00,67324.0,medium,pull_request_keyword
89203,2024-06-14T09:17:45+00:00,2024-06-14T15:58:35+00:00,,2024-06-14T15:58:35+00:00,,low,issue_closed_at_fallback
88906,2024-06-07T11:03:32+00:00,2024-06-17T15:58:49+00:00,0abe4fc709133521cae92ba044b641a6caebd150,2024-06-17T15:58:48+00:00,88920.0,medium,pull_request_keyword
88683,2024-06-04T12:01:50+00:00,2024-06-18T11:21:41+00:00,0afbaa39dfe59bd6428e8ab1b999cfa25b6ce8d2,2024-06-18T11:21:40+00:00,89020.0,medium,pull_request_keyword
88983,2024-06-10T14:26:32+00:00,2024-06-19T06:23:22+00:00,,2024-06-19T06:23:22+00:00,,low,issue_closed_at_fallback
88008,2024-05-16T21:33:31+00:00,2024-06-19T06:39:54+00:00,,2024-06-19T06:39:54+00:00,,low,issue_closed_at_fallback
89459,2024-06-20T10:32:09+00:00,2024-06-20T10:32:15+00:00,,2024-06-20T10:32:15+00:00,,low,issue_closed_at_fallback
84360,2024-03-13T11:43:08+00:00,2024-06-20T16:50:49+00:00,,2024-06-20T16:50:49+00:00,,low,issue_closed_at_fallback
82786,2024-02-15T20:10:24+00:00,2024-06-20T17:00:27+00:00,,2024-06-20T17:00:27+00:00,,low,issue_closed_at_fallback
81836,2024-02-02T22:06:11+00:00,2024-06-20T18:09:50+00:00,,2024-06-20T18:09:50+00:00,,low,issue_closed_at_fallback
89270,2024-06-17T08:51:12+00:00,2024-06-21T09:07:36+00:00,,2024-06-21T09:07:36+00:00,,low,issue_closed_at_fallback
89458,2024-06-20T10:29:03+00:00,2024-06-21T10:18:54+00:00,d750af0c482ca8cc80617f3b14005ddf7ba6f8fd,2024-06-21T10:18:53+00:00,89495.0,medium,pull_request_keyword
68877,2023-05-23T10:07:08+00:00,2024-06-22T01:49:06+00:00,,2024-06-22T01:49:06+00:00,,low,issue_closed_at_fallback
74666,2023-09-11T12:36:08+00:00,2024-06-25T07:42:19+00:00,fd96edaef763ce6ba236e07c99684570efff2c98,2024-06-25T07:42:18+00:00,89539.0,medium,pull_request_keyword
69182,2023-05-26T14:40:38+00:00,2024-06-26T01:50:25+00:00,,2024-06-26T01:50:25+00:00,,low,issue_closed_at_fallback
73369,2023-08-17T08:55:15+00:00,2024-06-26T11:06:34+00:00,,2024-06-26T11:06:34+00:00,,low,issue_closed_at_fallback
64568,2023-03-09T22:06:29+00:00,2024-06-27T15:10:29+00:00,,2024-06-27T15:10:29+00:00,,low,issue_closed_at_fallback
89489,2024-06-20T15:05:21+00:00,2024-07-01T19:01:21+00:00,,2024-07-01T19:01:21+00:00,,low,issue_closed_at_fallback
88415,2024-05-29T10:49:28+00:00,2024-07-03T15:27:17+00:00,,2024-07-03T15:27:17+00:00,,low,issue_closed_at_fallback
69532,2023-06-05T07:50:03+00:00,2024-07-05T01:51:10+00:00,,2024-07-05T01:51:10+00:00,,low,issue_closed_at_fallback
90141,2024-07-05T14:22:24+00:00,2024-07-05T14:58:56+00:00,,2024-07-05T14:58:56+00:00,,low,issue_closed_at_fallback
89960,2024-07-02T16:54:16+00:00,2024-07-05T15:17:46+00:00,,2024-07-05T15:17:46+00:00,,low,issue_closed_at_fallback
88356,2024-05-28T03:13:59+00:00,2024-07-05T17:06:38+00:00,,2024-07-05T17:06:38+00:00,,low,issue_closed_at_fallback
52213,2022-07-14T10:06:58+00:00,2024-07-08T17:43:56+00:00,,2024-07-08T17:43:56+00:00,,low,issue_closed_at_fallback
65270,2023-03-23T13:43:39+00:00,2024-07-09T13:22:59+00:00,,2024-07-09T13:22:59+00:00,,low,issue_closed_at_fallback
88990,2024-06-10T15:37:33+00:00,2024-07-09T15:07:10+00:00,,2024-07-09T15:07:10+00:00,,low,issue_closed_at_fallback
69849,2023-06-09T12:24:04+00:00,2024-07-10T01:52:27+00:00,,2024-07-10T01:52:27+00:00,,low,issue_closed_at_fallback
89530,2024-06-21T09:09:10+00:00,2024-07-11T10:37:48+00:00,fe1ab29ce413e823c2f5b7af5281a16517f91514,2024-07-11T10:38:12+00:00,90010.0,medium,pull_request_keyword
67209,2023-04-25T13:18:11+00:00,2024-07-12T01:51:37+00:00,,2024-07-12T01:51:37+00:00,,low,issue_closed_at_fallback
87785,2024-05-13T15:56:45+00:00,2024-07-12T14:04:09+00:00,,2024-07-12T14:04:09+00:00,,low,issue_closed_at_fallback
88017,2024-05-17T12:45:47+00:00,2024-07-12T15:42:23+00:00,,2024-07-12T15:42:23+00:00,,low,issue_closed_at_fallback
90374,2024-07-12T15:11:18+00:00,2024-07-12T15:49:24+00:00,,2024-07-12T15:49:24+00:00,,low,issue_closed_at_fallback
80996,2024-01-22T14:53:25+00:00,2024-07-12T16:26:59+00:00,ba800692c6c2afba3bec24cb585a05df72d9eeff,2024-07-12T16:26:58+00:00,89135.0,medium,pull_request_keyword
90000,2024-07-03T14:20:43+00:00,2024-07-12T18:24:10+00:00,9a8be1785a65774b6d951806622ca161a8fc021a,2024-07-12T18:24:09+00:00,90348.0,medium,pull_request_keyword
89647,2024-06-24T21:38:38+00:00,2024-07-12T18:51:39+00:00,,2024-07-12T18:51:39+00:00,,low,issue_closed_at_fallback
64548,2023-03-09T17:44:03+00:00,2024-07-13T01:51:32+00:00,,2024-07-13T01:51:32+00:00,,low,issue_closed_at_fallback
78106,2023-11-14T11:50:15+00:00,2024-07-15T09:27:33+00:00,,2024-07-15T09:27:33+00:00,,low,issue_closed_at_fallback
59007,2022-11-21T03:22:38+00:00,2024-07-17T01:53:08+00:00,,2024-07-17T01:53:08+00:00,,low,issue_closed_at_fallback
67057,2023-04-21T14:40:41+00:00,2024-07-17T01:53:21+00:00,,2024-07-17T01:53:21+00:00,,low,issue_closed_at_fallback
71061,2023-07-05T07:57:44+00:00,2024-07-17T16:23:10+00:00,bc2cdd82dc03a1e0fda87dd1f39eaee0ba4bceb7,2024-07-17T16:23:09+00:00,90536.0,medium,pull_request_keyword
89312,2024-06-17T17:38:49+00:00,2024-07-18T19:56:20+00:00,,2024-07-18T19:56:20+00:00,,low,issue_closed_at_fallback
60937,2023-01-04T03:33:13+00:00,2024-07-21T01:55:45+00:00,,2024-07-21T01:55:45+00:00,,low,issue_closed_at_fallback
90652,2024-07-19T11:46:34+00:00,2024-07-22T13:07:58+00:00,,2024-07-22T13:07:58+00:00,,low,issue_closed_at_fallback
89836,2024-06-27T13:06:19+00:00,2024-07-22T17:26:54+00:00,,2024-07-22T17:26:54+00:00,,low,issue_closed_at_fallback
90738,2024-07-22T13:15:44+00:00,2024-07-23T09:28:17+00:00,474ea9615dd5dde7995226f98bc41b225d846daa,2024-07-23T09:28:16+00:00,90755.0,medium,pull_request_keyword
89039,2024-06-11T12:09:02+00:00,2024-07-29T09:07:07+00:00,58285e37a24bcf1de323b2783e80cf66972a1fa4,2024-07-17T09:05:10+00:00,90259.0,medium,pull_request_keyword
90981,2024-07-25T16:55:11+00:00,2024-07-29T09:31:27+00:00,c694c97651c77849a1d640e7b73a0418cd08c5f0,2024-07-29T09:31:26+00:00,91037.0,medium,pull_request_keyword
90924,2024-07-25T07:37:57+00:00,2024-07-30T09:06:43+00:00,,2024-07-30T09:06:43+00:00,,low,issue_closed_at_fallback
91144,2024-07-29T15:51:32+00:00,2024-07-30T11:41:09+00:00,,2024-07-30T11:41:09+00:00,,low,issue_closed_at_fallback
88156,2024-05-22T05:24:01+00:00,2024-07-30T12:27:24+00:00,,2024-07-30T12:27:24+00:00,,low,issue_closed_at_fallback
90168,2024-07-08T04:31:46+00:00,2024-07-31T08:10:13+00:00,95f340738c206b49f6cdf2f88d15ee55e7ae51c4,2024-07-31T08:10:12+00:00,91194.0,medium,pull_request_keyword
91196,2024-07-30T12:59:59+00:00,2024-07-31T10:07:09+00:00,57323e1104b9ed35c4b60489eed9603798112c77,2024-07-31T10:07:08+00:00,91197.0,medium,pull_request_keyword
91120,2024-07-29T10:17:30+00:00,2024-07-31T12:56:41+00:00,85d0e17dc4ad106f1e45f5d130b0e9360c881e3b,2024-07-31T12:56:40+00:00,91121.0,medium,pull_request_keyword
88722,2024-06-04T17:34:05+00:00,2024-07-31T18:10:53+00:00,a0268a9ad258efe408a4325e33b513c16ce4182c,2024-07-19T19:44:58+00:00,88735.0,medium,pull_request_keyword
91362,2024-07-31T20:55:23+00:00,2024-08-01T13:58:13+00:00,,2024-08-01T13:58:13+00:00,,low,issue_closed_at_fallback
90927,2024-07-25T09:59:12+00:00,2024-08-02T09:29:52+00:00,,2024-08-02T09:29:52+00:00,,low,issue_closed_at_fallback
70946,2023-06-30T09:05:26+00:00,2024-08-03T01:53:27+00:00,,2024-08-03T01:53:27+00:00,,low,issue_closed_at_fallback
54872,2022-09-07T21:08:23+00:00,2024-08-05T08:16:08+00:00,,2024-08-05T08:16:08+00:00,,low,issue_closed_at_fallback
90633,2024-07-18T21:29:00+00:00,2024-08-06T08:21:42+00:00,9300c1bbeaaabd924094a63074f9da23ea13e500,2024-08-06T08:21:41+00:00,91213.0,medium,pull_request_keyword
90930,2024-07-25T10:05:50+00:00,2024-08-06T08:51:33+00:00,,2024-08-06T08:51:33+00:00,,low,issue_closed_at_fallback
90929,2024-07-25T10:04:05+00:00,2024-08-06T08:51:33+00:00,,2024-08-06T08:51:33+00:00,,low,issue_closed_at_fallback
65486,2023-03-28T19:49:37+00:00,2024-08-07T01:54:37+00:00,,2024-08-07T01:54:37+00:00,,low,issue_closed_at_fallback
91592,2024-08-06T16:37:32+00:00,2024-08-07T19:35:19+00:00,,2024-08-07T19:35:19+00:00,,low,issue_closed_at_fallback
70356,2023-06-20T01:15:02+00:00,2024-08-10T01:54:18+00:00,c9c15aba0af63db36e4ea9d35f6f427473b05d38,2023-07-14T13:13:31+00:00,71600.0,medium,pull_request_keyword
71274,2023-07-10T10:49:49+00:00,2024-08-11T01:58:25+00:00,,2024-08-11T01:58:25+00:00,,low,issue_closed_at_fallback
46932,2022-03-24T15:09:29+00:00,2024-08-12T01:55:44+00:00,,2024-08-12T01:55:44+00:00,,low,issue_closed_at_fallback
90722,2024-07-22T10:42:23+00:00,2024-08-12T13:31:02+00:00,b9cece8f9eb66df6f9405ab721b923fde315b6ee,2024-08-12T13:31:01+00:00,91538.0,medium,pull_request_keyword
70139,2023-06-15T10:21:29+00:00,2024-08-12T19:57:55+00:00,,2024-08-12T19:57:55+00:00,,low,issue_closed_at_fallback
84481,2024-03-14T15:14:21+00:00,2024-08-13T06:31:08+00:00,b67bcdb9b85fee973141a9ed2e20ad3eb4d6c944,2024-08-13T06:31:07+00:00,91533.0,medium,pull_request_keyword
91553,2024-08-05T20:44:03+00:00,2024-08-13T12:13:27+00:00,7ce308d4a56d563d94ecd2c5efe4d07e8e673415,2024-08-09T12:00:52+00:00,91528.0,medium,pull_request_keyword
71691,2023-07-15T01:34:06+00:00,2024-08-15T02:40:45+00:00,,2024-08-15T02:40:45+00:00,,low,issue_closed_at_fallback
89653,2024-06-25T08:12:35+00:00,2024-08-15T10:18:24+00:00,,2024-08-15T10:18:24+00:00,,low,issue_closed_at_fallback
91029,2024-07-26T04:15:33+00:00,2024-08-15T12:35:22+00:00,42efb14989b0b5542bc113da36f518a1e9d216a4,2024-08-15T12:35:20+00:00,91849.0,medium,pull_request_keyword
89402,2024-06-19T12:33:16+00:00,2024-08-16T10:38:41+00:00,8dfa0ddcd68e9b9059a31c3654480050964250b5,2024-08-27T12:34:22+00:00,90823.0,medium,pull_request_keyword
89403,2024-06-19T12:35:39+00:00,2024-08-16T10:39:16+00:00,,2024-08-16T10:39:16+00:00,,low,issue_closed_at_fallback
91950,2024-08-15T12:07:02+00:00,2024-08-16T12:47:40+00:00,b0031c0781689c71a5ba30d0e6146a1ce4216e83,2024-08-16T12:47:39+00:00,91951.0,medium,pull_request_keyword
72766,2023-08-02T18:01:05+00:00,2024-08-19T07:57:30+00:00,,2024-08-19T07:57:30+00:00,,low,issue_closed_at_fallback
90176,2024-07-08T10:54:29+00:00,2024-08-19T08:45:59+00:00,dcdef1a02d35f98d7ce8f2efacfd2510917e42a7,2024-08-19T08:45:58+00:00,92019.0,medium,pull_request_keyword
90020,2024-07-03T20:22:15+00:00,2024-08-19T10:06:38+00:00,,2024-08-19T10:06:38+00:00,,low,issue_closed_at_fallback
91452,2024-08-02T00:10:45+00:00,2024-08-20T13:48:38+00:00,,2024-08-20T13:48:38+00:00,,low,issue_closed_at_fallback
90413,2024-07-14T09:30:54+00:00,2024-08-20T13:48:38+00:00,,2024-08-20T13:48:38+00:00,,low,issue_closed_at_fallback
91740,2024-08-09T10:49:10+00:00,2024-08-20T13:48:39+00:00,,2024-08-20T13:48:39+00:00,,low,issue_closed_at_fallback
85654,2024-04-05T12:32:52+00:00,2024-08-20T15:05:13+00:00,cd4b7ef9dbf4551966546c47d11173b54a94a3ae,2024-08-20T15:05:12+00:00,88967.0,medium,pull_request_keyword
79062,2023-12-05T10:41:21+00:00,2024-08-22T10:41:07+00:00,,2024-08-22T10:41:07+00:00,,low,issue_closed_at_fallback
66056,2023-04-05T18:03:58+00:00,2024-08-24T01:53:15+00:00,,2024-08-24T01:53:15+00:00,,low,issue_closed_at_fallback
46581,2022-03-15T12:49:34+00:00,2024-08-25T00:02:30+00:00,,2024-08-25T00:02:30+00:00,,low,issue_closed_at_fallback
63413,2023-02-18T12:52:14+00:00,2024-08-25T00:25:38+00:00,,2024-08-25T00:25:38+00:00,,low,issue_closed_at_fallback
65643,2023-03-30T17:28:46+00:00,2024-08-25T01:58:55+00:00,,2024-08-25T01:58:55+00:00,,low,issue_closed_at_fallback
61561,2023-01-16T14:08:32+00:00,2024-08-28T01:56:28+00:00,,2024-08-28T01:56:28+00:00,,low,issue_closed_at_fallback
91565,2024-08-06T09:57:21+00:00,2024-08-29T09:22:51+00:00,7e92cea000eb12cf7de4a2bf694c810edb9e37a2,2024-08-29T09:22:50+00:00,92599.0,medium,pull_request_keyword
91186,2024-07-30T11:33:38+00:00,2024-08-30T13:50:23+00:00,,2024-08-30T13:50:23+00:00,,low,issue_closed_at_fallback
70939,2023-06-30T05:58:57+00:00,2024-09-01T02:05:52+00:00,,2024-09-01T02:05:52+00:00,,low,issue_closed_at_fallback
47040,2022-03-30T06:18:13+00:00,2024-09-02T01:58:24+00:00,,2024-09-02T01:58:24+00:00,,low,issue_closed_at_fallback
47964,2022-04-20T14:03:03+00:00,2024-09-02T01:58:25+00:00,,2024-09-02T01:58:25+00:00,,low,issue_closed_at_fallback
50465,2022-06-08T22:11:58+00:00,2024-09-02T01:58:26+00:00,,2024-09-02T01:58:26+00:00,,low,issue_closed_at_fallback
51733,2022-07-05T09:56:19+00:00,2024-09-02T01:58:27+00:00,,2024-09-02T01:58:27+00:00,,low,issue_closed_at_fallback
51770,2022-07-06T00:17:50+00:00,2024-09-02T01:58:29+00:00,,2024-09-02T01:58:29+00:00,,low,issue_closed_at_fallback
52745,2022-07-25T16:27:15+00:00,2024-09-02T01:58:30+00:00,,2024-09-02T01:58:30+00:00,,low,issue_closed_at_fallback
54783,2022-09-06T13:41:08+00:00,2024-09-02T01:58:34+00:00,5183939d4358b6229379ff765718cdafff515359,2022-10-12T08:51:28+00:00,56438.0,medium,pull_request_keyword
55154,2022-09-14T09:27:47+00:00,2024-09-02T01:58:36+00:00,,2024-09-02T01:58:36+00:00,,low,issue_closed_at_fallback
58010,2022-11-01T18:09:44+00:00,2024-09-02T01:58:46+00:00,,2024-09-02T01:58:46+00:00,,low,issue_closed_at_fallback
58558,2022-11-10T08:30:42+00:00,2024-09-02T01:58:48+00:00,,2024-09-02T01:58:48+00:00,,low,issue_closed_at_fallback
60093,2022-12-09T13:00:47+00:00,2024-09-02T01:58:52+00:00,,2024-09-02T01:58:52+00:00,,low,issue_closed_at_fallback
67217,2023-04-25T14:14:34+00:00,2024-09-02T01:59:07+00:00,,2024-09-02T01:59:07+00:00,,low,issue_closed_at_fallback
68288,2023-05-11T09:20:12+00:00,2024-09-02T01:59:09+00:00,,2024-09-02T01:59:09+00:00,,low,issue_closed_at_fallback
70327,2023-06-19T13:39:24+00:00,2024-09-02T01:59:15+00:00,,2024-09-02T01:59:15+00:00,,low,issue_closed_at_fallback
72173,2023-07-23T11:57:02+00:00,2024-09-02T01:59:23+00:00,,2024-09-02T01:59:23+00:00,,low,issue_closed_at_fallback
72859,2023-08-03T21:06:51+00:00,2024-09-02T01:59:26+00:00,,2024-09-02T01:59:26+00:00,,low,issue_closed_at_fallback
91188,2024-07-30T11:39:40+00:00,2024-09-02T09:05:15+00:00,,2024-09-02T09:05:15+00:00,,low,issue_closed_at_fallback
54326,2022-08-26T13:18:41+00:00,2024-09-03T01:56:24+00:00,,2024-09-03T01:56:24+00:00,,low,issue_closed_at_fallback
54768,2022-09-06T11:33:44+00:00,2024-09-03T01:56:25+00:00,,2024-09-03T01:56:25+00:00,,low,issue_closed_at_fallback
72856,2023-08-03T20:51:42+00:00,2024-09-03T01:56:37+00:00,,2024-09-03T01:56:37+00:00,,low,issue_closed_at_fallback
72857,2023-08-03T20:57:24+00:00,2024-09-03T01:56:39+00:00,,2024-09-03T01:56:39+00:00,,low,issue_closed_at_fallback
72858,2023-08-03T21:02:23+00:00,2024-09-03T01:56:40+00:00,,2024-09-03T01:56:40+00:00,,low,issue_closed_at_fallback
57179,2022-10-18T12:45:20+00:00,2024-09-04T01:57:13+00:00,,2024-09-04T01:57:13+00:00,,low,issue_closed_at_fallback
72392,2023-07-26T15:38:12+00:00,2024-09-04T01:57:24+00:00,,2024-09-04T01:57:24+00:00,,low,issue_closed_at_fallback
91948,2024-08-15T10:42:37+00:00,2024-09-04T15:20:02+00:00,,2024-09-04T15:20:02+00:00,,low,issue_closed_at_fallback
92614,2024-08-28T17:42:17+00:00,2024-09-04T20:25:45+00:00,c00a3bed42db25a3d88b01edd5c00b9625f770d0,2024-09-04T20:25:44+00:00,92786.0,medium,pull_request_keyword
50767,2022-06-14T10:48:28+00:00,2024-09-05T01:57:32+00:00,19e9a6af490503db6a645123d75ed465b82fd538,2023-11-21T01:50:26+00:00,68847.0,medium,pull_request_keyword
90669,2024-07-19T14:16:16+00:00,2024-09-05T21:18:53+00:00,,2024-09-05T21:18:53+00:00,,low,issue_closed_at_fallback
90625,2024-07-18T18:12:29+00:00,2024-09-06T13:23:07+00:00,,2024-09-06T13:23:07+00:00,,low,issue_closed_at_fallback
82206,2024-02-08T20:23:29+00:00,2024-09-09T13:18:28+00:00,,2024-09-09T13:18:28+00:00,,low,issue_closed_at_fallback
93061,2024-09-07T00:12:34+00:00,2024-09-09T17:58:23+00:00,,2024-09-09T17:58:23+00:00,,low,issue_closed_at_fallback
73202,2023-08-11T14:31:31+00:00,2024-09-11T01:57:50+00:00,,2024-09-11T01:57:50+00:00,,low,issue_closed_at_fallback
92411,2024-08-26T15:38:11+00:00,2024-09-11T13:17:43+00:00,,2024-09-11T13:17:43+00:00,,low,issue_closed_at_fallback
89205,2024-06-14T09:30:21+00:00,2024-09-11T15:40:09+00:00,,2024-09-11T15:40:09+00:00,,low,issue_closed_at_fallback
90135,2024-07-05T12:51:15+00:00,2024-09-12T11:22:05+00:00,,2024-09-12T11:22:05+00:00,,low,issue_closed_at_fallback
64041,2023-03-02T15:38:52+00:00,2024-09-13T01:58:28+00:00,,2024-09-13T01:58:28+00:00,,low,issue_closed_at_fallback
59351,2022-11-27T08:09:22+00:00,2024-09-13T09:44:25+00:00,,2024-09-13T09:44:25+00:00,,low,issue_closed_at_fallback
72854,2023-08-03T20:37:57+00:00,2024-09-14T01:57:30+00:00,,2024-09-14T01:57:30+00:00,,low,issue_closed_at_fallback
93398,2024-09-17T12:05:11+00:00,2024-09-17T12:13:30+00:00,,2024-09-17T12:13:30+00:00,,low,issue_closed_at_fallback
93348,2024-09-13T16:23:37+00:00,2024-09-17T16:07:32+00:00,0f788d8d830c5182ac13071adf009b15fb1d6af1,2024-09-17T16:07:31+00:00,93349.0,medium,pull_request_keyword
61368,2023-01-12T12:45:23+00:00,2024-09-18T01:58:03+00:00,,2024-09-18T01:58:03+00:00,,low,issue_closed_at_fallback
73126,2023-08-09T19:09:27+00:00,2024-09-18T01:58:13+00:00,,2024-09-18T01:58:13+00:00,,low,issue_closed_at_fallback
73210,2023-08-12T07:42:28+00:00,2024-09-18T01:58:15+00:00,,2024-09-18T01:58:15+00:00,,low,issue_closed_at_fallback
77592,2023-11-02T19:18:37+00:00,2024-09-18T09:00:43+00:00,98a4d2858a3aaaa01d54187e506af830ef2d0b12,2024-09-18T09:00:42+00:00,93326.0,medium,pull_request_keyword
72431,2023-07-27T07:58:43+00:00,2024-09-20T01:59:47+00:00,,2024-09-20T01:59:47+00:00,,low,issue_closed_at_fallback
93530,2024-09-20T11:39:11+00:00,2024-09-20T11:55:23+00:00,,2024-09-20T11:55:23+00:00,,low,issue_closed_at_fallback
88837,2024-06-06T12:02:57+00:00,2024-09-20T13:35:59+00:00,,2024-09-20T13:35:59+00:00,,low,issue_closed_at_fallback
73445,2023-08-17T21:59:06+00:00,2024-09-21T01:58:31+00:00,,2024-09-21T01:58:31+00:00,,low,issue_closed_at_fallback
91907,2024-08-14T15:15:55+00:00,2024-09-23T09:22:08+00:00,bca8bd3c8b83e2c2258ce9298fc883517c3023f7,2024-09-23T09:22:06+00:00,93450.0,medium,pull_request_keyword
92414,2024-08-26T15:40:31+00:00,2024-09-23T15:38:02+00:00,,2024-09-23T15:38:02+00:00,,low,issue_closed_at_fallback
92636,2024-08-29T04:33:43+00:00,2024-09-24T03:17:17+00:00,,2024-09-24T03:17:17+00:00,,low,issue_closed_at_fallback
93252,2024-09-12T08:18:28+00:00,2024-09-24T10:23:02+00:00,,2024-09-24T10:23:02+00:00,,low,issue_closed_at_fallback
93653,2024-09-24T09:54:52+00:00,2024-09-24T11:13:59+00:00,,2024-09-24T11:13:59+00:00,,low,issue_closed_at_fallback
93510,2024-09-19T22:38:25+00:00,2024-09-24T13:11:55+00:00,,2024-09-24T13:11:55+00:00,,low,issue_closed_at_fallback
92883,2024-09-03T16:02:25+00:00,2024-09-24T13:13:03+00:00,,2024-09-24T13:13:03+00:00,,low,issue_closed_at_fallback
93435,2024-09-18T13:48:37+00:00,2024-09-24T13:47:23+00:00,,2024-09-24T13:47:23+00:00,,low,issue_closed_at_fallback
93518,2024-09-20T07:22:54+00:00,2024-09-24T14:02:03+00:00,813e1c136406e0ab78fdc568873606411a652cc8,2024-09-24T14:02:02+00:00,93519.0,medium,pull_request_keyword
92154,2024-08-20T17:38:55+00:00,2024-09-24T17:45:09+00:00,76c8975b4f25a62a71e631642dfb2c8d0bac6d5f,2024-09-24T17:45:08+00:00,93129.0,medium,pull_request_keyword
93667,2024-09-24T13:14:44+00:00,2024-09-25T09:21:58+00:00,,2024-09-25T09:21:58+00:00,,low,issue_closed_at_fallback
93564,2024-09-22T10:16:55+00:00,2024-09-25T09:49:52+00:00,,2024-09-25T09:49:52+00:00,,low,issue_closed_at_fallback
62870,2023-02-03T13:47:45+00:00,2024-09-25T11:44:59+00:00,,2024-09-25T11:44:59+00:00,,low,issue_closed_at_fallback
65999,2023-04-05T10:12:19+00:00,2024-09-25T11:46:00+00:00,,2024-09-25T11:46:00+00:00,,low,issue_closed_at_fallback
66630,2023-04-15T09:22:05+00:00,2024-09-25T11:47:07+00:00,,2024-09-25T11:47:07+00:00,,low,issue_closed_at_fallback
93413,2024-09-18T02:18:13+00:00,2024-09-25T15:53:28+00:00,,2024-09-25T15:53:28+00:00,,low,issue_closed_at_fallback
93240,2024-09-11T18:47:54+00:00,2024-09-25T19:47:22+00:00,,2024-09-25T19:47:22+00:00,,low,issue_closed_at_fallback
93459,2024-09-18T22:41:10+00:00,2024-09-26T01:47:05+00:00,,2024-09-26T01:47:05+00:00,,low,issue_closed_at_fallback
93251,2024-09-12T08:15:12+00:00,2024-09-26T05:43:18+00:00,,2024-09-26T05:43:18+00:00,,low,issue_closed_at_fallback
93388,2024-09-17T09:34:40+00:00,2024-09-26T15:47:58+00:00,1418e8869545b62b733e5f8ceb913c33d6989b75,2024-09-26T15:47:57+00:00,93840.0,medium,pull_request_keyword
73918,2023-08-28T12:01:29+00:00,2024-09-27T02:01:36+00:00,,2024-09-27T02:01:36+00:00,,low,issue_closed_at_fallback
90335,2024-07-11T15:15:32+00:00,2024-09-27T16:11:10+00:00,157ded7c3fc13f8bcb25c5fc2a7ee89807d40928,2024-09-27T16:11:09+00:00,93923.0,medium,pull_request_keyword
89570,2024-06-21T16:18:21+00:00,2024-09-28T04:11:07+00:00,,2024-09-28T04:11:07+00:00,,low,issue_closed_at_fallback
92719,2024-08-30T07:16:39+00:00,2024-09-28T04:11:07+00:00,,2024-09-28T04:11:07+00:00,,low,issue_closed_at_fallback
93372,2024-09-16T20:00:52+00:00,2024-09-28T14:04:41+00:00,e23ba32722d40930404b7e32012eb5ec3d875f44,2024-09-28T14:04:40+00:00,93427.0,medium,pull_request_keyword
93732,2024-09-25T11:20:47+00:00,2024-09-28T17:09:19+00:00,fe93e4687c349c34b56a46c55cec645f93b9fdfe,2024-10-08T10:44:41+00:00,93951.0,medium,pull_request_keyword
73982,2023-08-29T08:07:38+00:00,2024-09-30T02:03:35+00:00,,2024-09-30T02:03:35+00:00,,low,issue_closed_at_fallback
45370,2022-02-14T23:04:45+00:00,2024-09-30T08:20:54+00:00,,2024-09-30T08:20:54+00:00,,low,issue_closed_at_fallback
93964,2024-09-29T13:45:40+00:00,2024-09-30T08:46:32+00:00,fcaeae4555ca0b38a83c278d083b13b9451a6292,2024-09-30T08:17:00+00:00,93965.0,medium,pull_request_keyword
92707,2024-08-29T18:29:37+00:00,2024-09-30T16:50:36+00:00,,2024-09-30T16:50:36+00:00,,low,issue_closed_at_fallback
93943,2024-09-27T19:13:54+00:00,2024-09-30T21:16:44+00:00,,2024-09-30T21:16:44+00:00,,low,issue_closed_at_fallback
74281,2023-09-01T15:22:03+00:00,2024-10-01T02:07:21+00:00,,2024-10-01T02:07:21+00:00,,low,issue_closed_at_fallback
93664,2024-09-24T12:55:52+00:00,2024-10-01T12:00:17+00:00,,2024-10-01T12:00:17+00:00,,low,issue_closed_at_fallback
74848,2023-09-13T14:41:08+00:00,2024-10-01T13:22:18+00:00,,2024-10-01T13:22:18+00:00,,low,issue_closed_at_fallback
94079,2024-10-01T13:28:13+00:00,2024-10-02T06:03:37+00:00,,2024-10-02T06:03:37+00:00,,low,issue_closed_at_fallback
92747,2024-08-30T11:38:46+00:00,2024-10-02T18:22:43+00:00,4be5ccaece209effe2bd1c3379989905ecb6efee,2024-10-02T18:22:41+00:00,94155.0,medium,pull_request_keyword
68395,2023-05-12T15:57:36+00:00,2024-10-03T09:19:07+00:00,,2024-10-03T09:19:07+00:00,,low,issue_closed_at_fallback
93469,2024-09-19T09:27:40+00:00,2024-10-03T11:20:02+00:00,,2024-10-03T11:20:02+00:00,,low,issue_closed_at_fallback
93337,2024-09-13T15:07:27+00:00,2024-10-03T15:35:49+00:00,,2024-10-03T15:35:49+00:00,,low,issue_closed_at_fallback
93755,2024-09-25T16:53:11+00:00,2024-10-04T13:20:56+00:00,,2024-10-04T13:20:56+00:00,,low,issue_closed_at_fallback
92307,2024-08-22T14:40:53+00:00,2024-10-04T19:54:14+00:00,,2024-10-04T19:54:14+00:00,,low,issue_closed_at_fallback
73856,2023-08-25T16:30:11+00:00,2024-10-04T21:31:23+00:00,f444e44cb94bca211deb17c139b642b6f417d8af,2023-11-25T01:47:42+00:00,76084.0,medium,pull_request_keyword
73801,2023-08-25T07:50:33+00:00,2024-10-05T02:00:37+00:00,,2024-10-05T02:00:37+00:00,,low,issue_closed_at_fallback
74278,2023-09-01T14:21:49+00:00,2024-10-06T02:05:10+00:00,,2024-10-06T02:05:10+00:00,,low,issue_closed_at_fallback
94303,2024-10-07T08:55:46+00:00,2024-10-07T10:40:01+00:00,,2024-10-07T10:40:01+00:00,,low,issue_closed_at_fallback
94212,2024-10-03T13:30:54+00:00,2024-10-07T13:41:20+00:00,f9361bf5bf83d71895d457c9401af243b32e0419,2024-10-07T13:41:19+00:00,94213.0,medium,pull_request_keyword
93151,2024-09-10T08:20:02+00:00,2024-10-07T14:22:19+00:00,63bdbb67fce896f848257b5d989e6cc56e0ffed6,2024-10-07T14:22:18+00:00,93208.0,medium,pull_request_keyword
94156,2024-10-02T14:55:34+00:00,2024-10-07T21:19:59+00:00,,2024-10-07T21:19:59+00:00,,low,issue_closed_at_fallback
94368,2024-10-08T06:00:22+00:00,2024-10-08T11:12:33+00:00,,2024-10-08T11:12:33+00:00,,low,issue_closed_at_fallback
91510,2024-08-02T20:06:45+00:00,2024-10-08T13:15:10+00:00,ff7a96d60e1d73eb75267238fda78049bb4becc1,2024-10-08T13:15:08+00:00,94355.0,medium,pull_request_keyword
92349,2024-08-23T08:15:44+00:00,2024-10-09T09:49:30+00:00,,2024-10-09T09:49:30+00:00,,low,issue_closed_at_fallback
92277,2024-08-22T10:10:11+00:00,2024-10-09T10:01:42+00:00,,2024-10-09T10:01:42+00:00,,low,issue_closed_at_fallback
92415,2024-08-26T15:41:17+00:00,2024-10-09T14:05:45+00:00,38827e5a16d97dd0cde1b10233dbe9c962354301,2024-10-09T14:05:43+00:00,94441.0,medium,pull_request_keyword
73233,2023-08-14T12:49:57+00:00,2024-10-09T17:23:56+00:00,,2024-10-09T17:23:56+00:00,,low,issue_closed_at_fallback
94250,2024-10-04T12:56:05+00:00,2024-10-10T08:40:20+00:00,,2024-10-10T08:40:20+00:00,,low,issue_closed_at_fallback
92787,2024-08-30T22:42:25+00:00,2024-10-12T00:08:52+00:00,,2024-10-12T00:08:52+00:00,,low,issue_closed_at_fallback
73907,2023-08-28T09:59:13+00:00,2024-10-13T02:05:00+00:00,7828e9a20cd70a5e18a83cd012dc2657742196de,2023-11-09T01:48:06+00:00,73902.0,medium,pull_request_keyword
57748,2022-10-27T12:40:23+00:00,2024-10-14T02:02:40+00:00,,2024-10-14T02:02:40+00:00,,low,issue_closed_at_fallback
93458,2024-09-18T22:24:05+00:00,2024-10-14T06:15:50+00:00,,2024-10-14T06:15:50+00:00,,low,issue_closed_at_fallback
94641,2024-10-11T16:58:59+00:00,2024-10-14T07:33:28+00:00,,2024-10-14T07:33:28+00:00,,low,issue_closed_at_fallback
94783,2024-10-15T20:58:36+00:00,2024-10-16T04:43:02+00:00,,2024-10-16T04:43:02+00:00,,low,issue_closed_at_fallback
94589,2024-10-11T09:11:09+00:00,2024-10-16T07:41:41+00:00,,2024-10-16T07:41:41+00:00,,low,issue_closed_at_fallback
94486,2024-10-09T15:00:04+00:00,2024-10-16T10:29:30+00:00,cc9881343e6d1a980966d70fe673339c7b8990bd,2024-10-16T10:29:29+00:00,94519.0,medium,pull_request_keyword
94296,2024-10-07T04:24:07+00:00,2024-10-16T10:29:30+00:00,cc9881343e6d1a980966d70fe673339c7b8990bd,2024-10-16T12:29:29+02:00,,high,commit_message_keyword
90805,2024-07-23T06:57:41+00:00,2024-10-16T15:15:15+00:00,,2024-10-16T15:15:15+00:00,,low,issue_closed_at_fallback
90472,2024-07-16T13:25:04+00:00,2024-10-16T15:18:43+00:00,,2024-10-16T15:18:43+00:00,,low,issue_closed_at_fallback
90274,2024-07-10T13:48:10+00:00,2024-10-16T15:20:49+00:00,,2024-10-16T15:20:49+00:00,,low,issue_closed_at_fallback
90260,2024-07-10T08:57:52+00:00,2024-10-16T15:26:02+00:00,,2024-10-16T15:26:02+00:00,,low,issue_closed_at_fallback
94798,2024-10-16T08:40:59+00:00,2024-10-17T12:57:28+00:00,8f5edb09ef945264ab557146ee30850cc3688dd2,2024-10-17T12:57:27+00:00,94866.0,medium,pull_request_keyword
94298,2024-10-07T06:23:45+00:00,2024-10-17T15:44:20+00:00,,2024-10-17T15:44:20+00:00,,low,issue_closed_at_fallback
94580,2024-10-11T03:25:10+00:00,2024-10-17T16:14:40+00:00,9ec48075eee71502195fb22569d84bdb7c0b6d7f,2024-10-24T13:12:09+00:00,95067.0,medium,pull_request_keyword
94639,2024-10-11T15:49:27+00:00,2024-10-18T15:21:27+00:00,053a806ab11421041175446f4d70e572fb96f0c9,2024-10-18T15:21:26+00:00,94643.0,medium,pull_request_keyword
88310,2024-05-24T17:54:07+00:00,2024-10-18T15:31:06+00:00,fd5f351a6fc72436f7d26b2d1569212122811f0a,2024-10-18T15:31:05+00:00,94930.0,medium,pull_request_keyword
94645,2024-10-11T19:25:34+00:00,2024-10-21T13:26:14+00:00,,2024-10-21T13:26:14+00:00,,low,issue_closed_at_fallback
82257,2024-02-09T13:54:58+00:00,2024-10-21T18:04:42+00:00,,2024-10-21T18:04:42+00:00,,low,issue_closed_at_fallback
94616,2024-10-11T12:41:24+00:00,2024-10-21T19:29:52+00:00,aeb116a784234d6a6998d41b191a81240e034504,2024-10-18T02:00:25+00:00,94797.0,medium,pull_request_keyword
94938,2024-10-18T03:56:25+00:00,2024-10-22T09:14:54+00:00,,2024-10-22T09:14:54+00:00,,low,issue_closed_at_fallback
94721,2024-10-15T11:30:16+00:00,2024-10-22T12:24:55+00:00,986bd2f9f8006858fc05c30ec482273ff3af3550,2024-10-22T12:24:54+00:00,94722.0,medium,pull_request_keyword
94665,2024-10-14T03:40:45+00:00,2024-10-23T03:05:14+00:00,,2024-10-23T03:05:14+00:00,,low,issue_closed_at_fallback
92268,2024-08-22T07:16:07+00:00,2024-10-23T06:16:03+00:00,,2024-10-23T06:16:03+00:00,,low,issue_closed_at_fallback
95219,2024-10-23T06:11:52+00:00,2024-10-23T09:08:10+00:00,,2024-10-23T09:08:10+00:00,,low,issue_closed_at_fallback
94932,2024-10-17T20:43:43+00:00,2024-10-23T13:49:28+00:00,008c51b5b19c76971962554a39a5ddc92d34ce25,2024-10-23T13:49:27+00:00,94940.0,medium,pull_request_keyword
95268,2024-10-23T15:03:02+00:00,2024-10-24T10:02:28+00:00,,2024-10-24T10:02:28+00:00,,low,issue_closed_at_fallback
94320,2024-10-07T11:44:46+00:00,2024-10-24T13:12:10+00:00,9ec48075eee71502195fb22569d84bdb7c0b6d7f,2024-10-24T13:12:09+00:00,95067.0,medium,pull_request_keyword
91358,2024-07-31T20:01:38+00:00,2024-10-24T13:32:10+00:00,2a65de8aaa98ddf5db9f69afe0cfb13a052b98de,2024-10-24T13:32:09+00:00,93901.0,medium,pull_request_keyword
94476,2024-10-09T13:32:30+00:00,2024-10-24T14:12:53+00:00,06e826d3af1b8819cb78c2f1f768add7573b9569,2024-10-24T14:12:52+00:00,94654.0,medium,pull_request_keyword
95017,2024-10-21T01:40:57+00:00,2024-10-25T07:12:53+00:00,,2024-10-25T07:12:53+00:00,,low,issue_closed_at_fallback
94222,2024-10-03T15:19:17+00:00,2024-10-25T10:44:57+00:00,,2024-10-25T10:44:57+00:00,,low,issue_closed_at_fallback
95346,2024-10-24T12:59:27+00:00,2024-10-25T12:04:44+00:00,,2024-10-25T12:04:44+00:00,,low,issue_closed_at_fallback
95438,2024-10-25T21:24:19+00:00,2024-10-25T21:31:27+00:00,,2024-10-25T21:31:27+00:00,,low,issue_closed_at_fallback
72334,2023-07-26T09:22:21+00:00,2024-10-27T02:05:13+00:00,,2024-10-27T02:05:13+00:00,,low,issue_closed_at_fallback
75122,2023-09-19T17:43:12+00:00,2024-10-28T02:04:06+00:00,,2024-10-28T02:04:06+00:00,,low,issue_closed_at_fallback
95465,2024-10-28T07:43:42+00:00,2024-10-28T14:34:09+00:00,6f888720de3434b4cbe1546e2b2f8515a97161a4,2024-10-28T14:34:07+00:00,95491.0,medium,pull_request_keyword
93289,2024-09-12T17:12:10+00:00,2024-10-29T14:51:55+00:00,,2024-10-29T14:51:55+00:00,,low,issue_closed_at_fallback
94813,2024-10-16T14:37:40+00:00,2024-10-29T16:15:21+00:00,6be787dd4781e1d5294ebfd346caba8e6bff860b,2024-10-29T16:15:19+00:00,95003.0,medium,pull_request_keyword
95567,2024-10-29T16:35:49+00:00,2024-10-29T17:47:33+00:00,,2024-10-29T17:47:33+00:00,,low,issue_closed_at_fallback
95323,2024-10-24T09:40:22+00:00,2024-10-30T08:17:04+00:00,,2024-10-30T08:17:04+00:00,,low,issue_closed_at_fallback
78563,2023-11-22T22:04:11+00:00,2024-10-30T09:57:36+00:00,,2024-10-30T09:57:36+00:00,,low,issue_closed_at_fallback
95560,2024-10-29T15:41:27+00:00,2024-10-30T13:33:16+00:00,,2024-10-30T13:33:16+00:00,,low,issue_closed_at_fallback
95537,2024-10-29T09:00:57+00:00,2024-10-30T14:14:03+00:00,,2024-10-30T14:14:03+00:00,,low,issue_closed_at_fallback
95403,2024-10-25T12:27:13+00:00,2024-10-30T15:28:55+00:00,08e880a823e635405bb7ca0c35a649716e594438,2024-10-30T15:28:53+00:00,95613.0,medium,pull_request_keyword
92686,2024-08-29T14:48:19+00:00,2024-10-31T11:42:08+00:00,,2024-10-31T11:42:08+00:00,,low,issue_closed_at_fallback
89540,2024-06-21T11:12:57+00:00,2024-10-31T13:58:54+00:00,6c45f7f5565f44e38d8aa6deb4f93bd858112299,2024-10-31T13:58:53+00:00,95276.0,medium,pull_request_keyword
95675,2024-10-31T16:30:55+00:00,2024-10-31T17:44:13+00:00,,2024-10-31T17:44:13+00:00,,low,issue_closed_at_fallback
95532,2024-10-29T07:58:17+00:00,2024-11-02T12:23:40+00:00,,2024-11-02T12:23:40+00:00,,low,issue_closed_at_fallback
76013,2023-10-05T09:00:48+00:00,2024-11-04T02:03:20+00:00,,2024-11-04T02:03:20+00:00,,low,issue_closed_at_fallback
95513,2024-10-28T16:39:29+00:00,2024-11-04T10:11:37+00:00,,2024-11-04T10:11:37+00:00,,low,issue_closed_at_fallback
95757,2024-11-02T16:29:34+00:00,2024-11-05T09:56:56+00:00,,2024-11-05T09:56:56+00:00,,low,issue_closed_at_fallback
92634,2024-08-29T04:09:58+00:00,2024-11-05T10:23:09+00:00,,2024-11-05T10:23:09+00:00,,low,issue_closed_at_fallback
95762,2024-11-03T07:28:01+00:00,2024-11-05T10:41:50+00:00,,2024-11-05T10:41:50+00:00,,low,issue_closed_at_fallback
93088,2024-09-09T08:55:37+00:00,2024-11-05T11:25:02+00:00,,2024-11-05T11:25:02+00:00,,low,issue_closed_at_fallback
95377,2024-10-25T05:23:05+00:00,2024-11-05T15:40:45+00:00,,2024-11-05T15:40:45+00:00,,low,issue_closed_at_fallback
95355,2024-10-24T14:14:27+00:00,2024-11-06T08:47:33+00:00,ab974ddf1476179e27d1ebad433e1c359c328d4d,2024-11-06T08:47:32+00:00,95916.0,medium,pull_request_keyword
93375,2024-09-16T20:42:03+00:00,2024-11-06T13:41:05+00:00,,2024-11-06T13:41:05+00:00,,low,issue_closed_at_fallback
93455,2024-09-18T20:52:36+00:00,2024-11-06T14:44:03+00:00,,2024-11-06T14:44:03+00:00,,low,issue_closed_at_fallback
95616,2024-10-30T15:26:03+00:00,2024-11-06T15:03:07+00:00,,2024-11-06T15:03:07+00:00,,low,issue_closed_at_fallback
93381,2024-09-17T07:52:44+00:00,2024-11-06T16:56:09+00:00,,2024-11-06T16:56:09+00:00,,low,issue_closed_at_fallback
96001,2024-11-07T01:04:26+00:00,2024-11-07T10:51:19+00:00,,2024-11-07T10:51:19+00:00,,low,issue_closed_at_fallback
95447,2024-10-27T07:28:07+00:00,2024-11-07T13:48:52+00:00,1e58747a3944619c55df36dd61b0304b879e3509,2024-11-07T13:48:51+00:00,95451.0,medium,pull_request_keyword
95904,2024-11-05T17:50:49+00:00,2024-11-07T13:51:08+00:00,,2024-11-07T13:51:08+00:00,,low,issue_closed_at_fallback
96027,2024-11-07T12:48:14+00:00,2024-11-08T09:42:17+00:00,,2024-11-08T09:42:17+00:00,,low,issue_closed_at_fallback
91727,2024-08-09T07:38:27+00:00,2024-11-08T15:15:15+00:00,,2024-11-08T15:15:15+00:00,,low,issue_closed_at_fallback
73534,2023-08-21T06:03:56+00:00,2024-11-08T16:43:25+00:00,95692b3d6831dcd6e086233de9760d614479444b,2024-11-08T16:43:24+00:00,95737.0,medium,pull_request_keyword
95832,2024-11-05T11:18:11+00:00,2024-11-08T20:42:51+00:00,,2024-11-08T20:42:51+00:00,,low,issue_closed_at_fallback
50934,2022-06-16T10:12:12+00:00,2024-11-09T01:58:16+00:00,,2024-11-09T01:58:16+00:00,,low,issue_closed_at_fallback
61190,2023-01-09T18:02:46+00:00,2024-11-10T02:03:11+00:00,,2024-11-10T02:03:11+00:00,,low,issue_closed_at_fallback
71054,2023-07-04T18:53:23+00:00,2024-11-10T02:03:21+00:00,,2024-11-10T02:03:21+00:00,,low,issue_closed_at_fallback
83088,2024-02-20T10:49:37+00:00,2024-11-11T09:31:44+00:00,,2024-11-11T09:31:44+00:00,,low,issue_closed_at_fallback
96094,2024-11-08T12:32:55+00:00,2024-11-11T12:27:55+00:00,a459f648b5012e55926dfce286eb0c799884f81b,2024-11-11T12:27:54+00:00,96208.0,medium,pull_request_keyword
90681,2024-07-19T16:05:37+00:00,2024-11-12T08:21:14+00:00,,2024-11-12T08:21:14+00:00,,low,issue_closed_at_fallback
96040,2024-11-07T15:29:52+00:00,2024-11-12T10:35:03+00:00,,2024-11-12T10:35:03+00:00,,low,issue_closed_at_fallback
96143,2024-11-08T17:08:12+00:00,2024-11-12T13:15:23+00:00,,2024-11-12T13:15:23+00:00,,low,issue_closed_at_fallback
94651,2024-10-11T22:28:33+00:00,2024-11-12T13:38:35+00:00,06f2f622234e8a54a3aa128f0feebf762f0346ef,2024-11-12T13:38:33+00:00,96141.0,medium,pull_request_keyword
86887,2024-04-24T17:41:08+00:00,2024-11-12T15:41:37+00:00,,2024-11-12T15:41:37+00:00,,low,issue_closed_at_fallback
94169,2024-10-02T18:05:15+00:00,2024-11-12T18:44:08+00:00,,2024-11-12T18:44:08+00:00,,low,issue_closed_at_fallback
93068,2024-09-08T14:04:51+00:00,2024-11-12T18:57:20+00:00,,2024-11-12T18:57:20+00:00,,low,issue_closed_at_fallback
96288,2024-11-12T12:36:14+00:00,2024-11-13T09:22:03+00:00,,2024-11-13T09:22:03+00:00,,low,issue_closed_at_fallback
96375,2024-11-13T10:49:41+00:00,2024-11-13T21:22:20+00:00,,2024-11-13T21:22:20+00:00,,low,issue_closed_at_fallback
95980,2024-11-06T17:23:17+00:00,2024-11-14T14:24:27+00:00,b23fdd63a6963af8e95a53b3a36d564a2f9b0345,2024-11-14T14:24:26+00:00,96026.0,medium,pull_request_keyword
96189,2024-11-10T16:46:54+00:00,2024-11-14T16:13:59+00:00,,2024-11-14T16:13:59+00:00,,low,issue_closed_at_fallback
93018,2024-09-06T01:59:53+00:00,2024-11-14T16:32:44+00:00,,2024-11-14T16:32:44+00:00,,low,issue_closed_at_fallback
95542,2024-10-29T10:03:07+00:00,2024-11-14T18:03:39+00:00,,2024-11-14T18:03:39+00:00,,low,issue_closed_at_fallback
96233,2024-11-11T15:33:18+00:00,2024-11-15T21:21:31+00:00,,2024-11-15T21:21:31+00:00,,low,issue_closed_at_fallback
75804,2023-10-02T10:26:06+00:00,2024-11-16T02:03:59+00:00,,2024-11-16T02:03:59+00:00,,low,issue_closed_at_fallback
96595,2024-11-16T11:19:12+00:00,2024-11-18T08:49:57+00:00,,2024-11-18T08:49:57+00:00,,low,issue_closed_at_fallback
96209,2024-11-11T10:37:52+00:00,2024-11-18T11:00:25+00:00,30bbcf82005241b1bf087cd601efd1316e6a3a22,2024-11-18T11:00:24+00:00,96545.0,medium,pull_request_keyword
96529,2024-11-15T09:57:19+00:00,2024-11-18T14:38:41+00:00,,2024-11-18T14:38:41+00:00,,low,issue_closed_at_fallback
96269,2024-11-12T10:17:02+00:00,2024-11-18T16:57:53+00:00,9cd2598e8ceab833a399db36475a108b5a2a63c3,2024-11-18T16:57:51+00:00,96287.0,medium,pull_request_keyword
96349,2024-11-12T18:57:24+00:00,2024-11-18T17:12:26+00:00,466688436eb9061a03cc59101b2cd60af7901199,2024-11-18T17:12:25+00:00,96580.0,medium,pull_request_keyword
63429,2023-02-20T08:56:17+00:00,2024-11-19T09:46:25+00:00,3fa8df6b6244bb96f44b63467bc8161e0015871c,2024-11-19T09:46:24+00:00,96475.0,medium,pull_request_keyword
93838,2024-09-26T14:53:03+00:00,2024-11-19T10:41:32+00:00,0929feba06f829351368d3ad4aed2938f2b8c049,2024-11-19T10:41:31+00:00,96398.0,medium,pull_request_keyword
96346,2024-11-12T17:47:10+00:00,2024-11-19T14:53:47+00:00,,2024-11-19T14:53:47+00:00,,low,issue_closed_at_fallback
94075,2024-10-01T12:57:18+00:00,2024-11-19T15:06:17+00:00,32de1a00d3c05cd0a5327fea45eb67928b49add1,2024-11-19T15:06:16+00:00,94088.0,medium,pull_request_keyword
91870,2024-08-14T07:40:37+00:00,2024-11-19T19:43:51+00:00,,2024-11-19T19:43:51+00:00,,low,issue_closed_at_fallback
74974,2023-09-17T18:08:47+00:00,2024-11-20T02:04:18+00:00,,2024-11-20T02:04:18+00:00,,low,issue_closed_at_fallback
96596,2024-11-16T14:24:37+00:00,2024-11-21T13:20:23+00:00,afb4f6c0ce21dbf3336d45f731aed471aa270253,2024-11-21T13:20:22+00:00,96601.0,medium,pull_request_keyword
96519,2024-11-15T08:06:56+00:00,2024-11-21T13:57:44+00:00,,2024-11-21T13:57:44+00:00,,low,issue_closed_at_fallback
96602,2024-11-06T15:56:43+00:00,2024-11-22T15:33:44+00:00,,2024-11-22T15:33:44+00:00,,low,issue_closed_at_fallback
96572,2024-11-15T15:54:34+00:00,2024-11-22T16:39:39+00:00,,2024-11-22T16:39:39+00:00,,low,issue_closed_at_fallback
76901,2023-10-20T16:16:16+00:00,2024-11-23T02:02:58+00:00,,2024-11-23T02:02:58+00:00,,low,issue_closed_at_fallback
77036,2023-10-24T11:16:21+00:00,2024-11-23T02:03:00+00:00,,2024-11-23T02:03:00+00:00,,low,issue_closed_at_fallback
77201,2023-10-26T11:03:59+00:00,2024-11-25T02:06:57+00:00,,2024-11-25T02:06:57+00:00,,low,issue_closed_at_fallback
93697,2024-09-24T17:17:36+00:00,2024-11-25T08:39:28+00:00,,2024-11-25T08:39:28+00:00,,low,issue_closed_at_fallback
92371,2024-08-23T15:35:45+00:00,2024-11-25T14:13:58+00:00,,2024-11-25T14:13:58+00:00,,low,issue_closed_at_fallback
95928,2024-11-06T07:32:17+00:00,2024-11-25T17:37:15+00:00,,2024-11-25T17:37:15+00:00,,low,issue_closed_at_fallback
96115,2024-11-08T14:05:09+00:00,2024-11-26T11:42:43+00:00,,2024-11-26T11:42:43+00:00,,low,issue_closed_at_fallback
96020,2024-11-07T11:20:21+00:00,2024-11-26T15:45:46+00:00,,2024-11-26T15:45:46+00:00,,low,issue_closed_at_fallback
96790,2024-11-20T18:26:14+00:00,2024-11-27T07:45:56+00:00,,2024-11-27T07:45:56+00:00,,low,issue_closed_at_fallback
92718,2024-08-30T07:03:18+00:00,2024-11-27T11:06:46+00:00,,2024-11-27T11:06:46+00:00,,low,issue_closed_at_fallback
95732,2024-11-01T13:15:45+00:00,2024-11-27T12:50:45+00:00,5b0b9c9ecc11e3a6c130f6e780208159f23cdabe,2024-11-27T12:50:44+00:00,96023.0,medium,pull_request_keyword
79485,2023-12-13T22:39:19+00:00,2024-11-27T17:33:53+00:00,,2024-11-27T17:33:53+00:00,,low,issue_closed_at_fallback
97044,2024-11-26T14:17:08+00:00,2024-11-28T08:07:27+00:00,,2024-11-28T08:07:27+00:00,,low,issue_closed_at_fallback
96193,2024-11-11T04:13:30+00:00,2024-11-28T10:26:25+00:00,,2024-11-28T10:26:25+00:00,,low,issue_closed_at_fallback
94649,2024-10-11T21:49:20+00:00,2024-11-28T16:44:13+00:00,fa634e14765f397e959bbb8f2792176e97ba352b,2024-11-28T16:44:12+00:00,97162.0,medium,pull_request_keyword
97203,2024-11-29T15:21:36+00:00,2024-12-01T20:10:50+00:00,,2024-12-01T20:10:50+00:00,,low,issue_closed_at_fallback
97074,2024-11-27T03:31:59+00:00,2024-12-02T01:30:22+00:00,,2024-12-02T01:30:22+00:00,,low,issue_closed_at_fallback
96140,2024-11-08T16:52:18+00:00,2024-12-03T05:19:24+00:00,ee07c86ac6fc0ca623e7f3176a3c850a5b8e4ff3,2024-11-28T15:25:24+00:00,96961.0,medium,pull_request_keyword
58313,2022-11-07T10:41:45+00:00,2024-12-03T18:47:12+00:00,,2024-12-03T18:47:12+00:00,,low,issue_closed_at_fallback
96980,2024-11-25T12:32:35+00:00,2024-12-04T10:50:34+00:00,,2024-12-04T10:50:34+00:00,,low,issue_closed_at_fallback
92574,2024-08-28T10:37:03+00:00,2024-12-04T15:35:53+00:00,f78cd0761b566d8d43af131af5a30c8bd5260530,2024-12-04T15:35:52+00:00,96977.0,medium,pull_request_keyword
96953,2024-11-23T06:30:04+00:00,2024-12-05T07:43:16+00:00,,2024-12-05T07:43:16+00:00,,low,issue_closed_at_fallback
96809,2024-11-20T23:04:22+00:00,2024-12-05T22:59:24+00:00,,2024-12-05T22:59:24+00:00,,low,issue_closed_at_fallback
47215,2022-04-01T17:36:37+00:00,2024-12-06T02:07:26+00:00,,2024-12-06T02:07:26+00:00,,low,issue_closed_at_fallback
48294,2022-04-26T16:09:11+00:00,2024-12-06T02:07:28+00:00,,2024-12-06T02:07:28+00:00,,low,issue_closed_at_fallback
48581,2022-05-02T13:16:02+00:00,2024-12-06T02:07:31+00:00,3200bfbb4cdd4ab07f8360e204fc2d01f78ca07f,2022-05-14T23:19:39+00:00,48604.0,medium,pull_request_keyword
55202,2022-09-14T21:36:39+00:00,2024-12-06T02:07:44+00:00,,2024-12-06T02:07:44+00:00,,low,issue_closed_at_fallback
56752,2022-10-11T19:43:36+00:00,2024-12-06T02:07:48+00:00,,2024-12-06T02:07:48+00:00,,low,issue_closed_at_fallback
59698,2022-12-02T10:30:15+00:00,2024-12-06T02:07:52+00:00,,2024-12-06T02:07:52+00:00,,low,issue_closed_at_fallback
59936,2022-12-07T09:19:27+00:00,2024-12-06T02:07:54+00:00,,2024-12-06T02:07:54+00:00,,low,issue_closed_at_fallback
60053,2022-12-08T19:48:23+00:00,2024-12-06T02:07:55+00:00,,2024-12-06T02:07:55+00:00,,low,issue_closed_at_fallback
60320,2022-12-14T13:55:22+00:00,2024-12-06T02:07:59+00:00,,2024-12-06T02:07:59+00:00,,low,issue_closed_at_fallback
62084,2023-01-25T10:21:13+00:00,2024-12-06T02:08:01+00:00,,2024-12-06T02:08:01+00:00,,low,issue_closed_at_fallback
66384,2023-04-12T14:12:37+00:00,2024-12-06T02:08:21+00:00,,2024-12-06T02:08:21+00:00,,low,issue_closed_at_fallback
69511,2023-06-03T00:31:30+00:00,2024-12-06T02:08:26+00:00,,2024-12-06T02:08:26+00:00,,low,issue_closed_at_fallback
69513,2023-06-03T00:44:15+00:00,2024-12-06T02:08:27+00:00,,2024-12-06T02:08:27+00:00,,low,issue_closed_at_fallback
94071,2024-10-01T11:54:29+00:00,2024-12-06T18:04:15+00:00,,2024-12-06T18:04:15+00:00,,low,issue_closed_at_fallback
97451,2024-12-05T02:43:11+00:00,2024-12-06T18:05:11+00:00,,2024-12-06T18:05:11+00:00,,low,issue_closed_at_fallback
66058,2023-04-05T18:36:44+00:00,2024-12-07T02:06:36+00:00,,2024-12-07T02:06:36+00:00,,low,issue_closed_at_fallback
92949,2024-09-04T16:46:38+00:00,2024-12-07T16:05:08+00:00,,2024-12-07T16:05:08+00:00,,low,issue_closed_at_fallback
77898,2023-11-08T22:06:49+00:00,2024-12-09T02:09:54+00:00,,2024-12-09T02:09:54+00:00,,low,issue_closed_at_fallback
77956,2023-11-09T17:25:15+00:00,2024-12-09T02:09:58+00:00,,2024-12-09T02:09:58+00:00,,low,issue_closed_at_fallback
97618,2024-12-09T07:34:14+00:00,2024-12-10T11:11:20+00:00,,2024-12-10T11:11:20+00:00,,low,issue_closed_at_fallback
62791,2023-02-02T14:50:53+00:00,2024-12-10T13:27:52+00:00,,2024-12-10T13:27:52+00:00,,low,issue_closed_at_fallback
97634,2024-12-09T11:23:11+00:00,2024-12-10T14:13:13+00:00,,2024-12-10T14:13:13+00:00,,low,issue_closed_at_fallback
95558,2024-10-29T14:52:45+00:00,2024-12-10T14:30:33+00:00,,2024-12-10T14:30:33+00:00,,low,issue_closed_at_fallback
50823,2022-06-14T18:21:53+00:00,2024-12-11T02:07:45+00:00,,2024-12-11T02:07:45+00:00,,low,issue_closed_at_fallback
77124,2023-10-25T10:31:23+00:00,2024-12-11T02:08:03+00:00,,2024-12-11T02:08:03+00:00,,low,issue_closed_at_fallback
96547,2024-11-15T12:57:45+00:00,2024-12-12T09:22:51+00:00,e3e7086a91c706206217237906e69d76c27aba12,2024-12-12T09:22:49+00:00,97151.0,medium,pull_request_keyword
97821,2024-12-12T08:27:02+00:00,2024-12-12T13:21:48+00:00,,2024-12-12T13:21:48+00:00,,low,issue_closed_at_fallback
79196,2023-12-07T02:36:51+00:00,2024-12-12T14:05:26+00:00,,2024-12-12T14:05:26+00:00,,low,issue_closed_at_fallback
97185,2024-11-29T09:53:18+00:00,2024-12-12T14:05:48+00:00,,2024-12-12T14:05:48+00:00,,low,issue_closed_at_fallback
96676,2024-11-19T13:22:15+00:00,2024-12-12T17:25:55+00:00,,2024-12-12T17:25:55+00:00,,low,issue_closed_at_fallback
97501,2024-12-05T18:54:05+00:00,2024-12-12T21:14:06+00:00,,2024-12-12T21:14:06+00:00,,low,issue_closed_at_fallback
96934,2024-11-22T18:23:38+00:00,2024-12-12T23:26:45+00:00,cc4afff8896823f0330bd4a7f842aa8ed83c844d,2024-12-12T23:26:44+00:00,97178.0,medium,pull_request_keyword
97897,2024-12-13T03:34:41+00:00,2024-12-13T04:03:09+00:00,,2024-12-13T04:03:09+00:00,,low,issue_closed_at_fallback
94312,2024-10-07T10:18:50+00:00,2024-12-13T10:11:26+00:00,,2024-12-13T10:11:26+00:00,,low,issue_closed_at_fallback
97157,2024-11-28T12:41:31+00:00,2024-12-16T13:51:05+00:00,7698968f05ed530917b844bb27437e4daed7b11b,2024-12-16T11:58:47+00:00,97159.0,medium,pull_request_keyword
94224,2024-10-03T15:42:23+00:00,2024-12-17T11:35:27+00:00,,2024-12-17T11:35:27+00:00,,low,issue_closed_at_fallback
96262,2024-11-12T09:50:12+00:00,2024-12-17T14:20:19+00:00,4477cad1ba05c8938771a82df4c98a4646643707,2024-12-17T14:20:18+00:00,96521.0,medium,pull_request_keyword
97712,2024-12-10T02:32:58+00:00,2024-12-17T14:21:04+00:00,,2024-12-17T14:21:04+00:00,,low,issue_closed_at_fallback
98101,2024-12-17T12:34:06+00:00,2024-12-17T15:31:30+00:00,7c583ed8fb11838ff8324f46b1356617f32745b8,2024-12-17T15:31:28+00:00,98098.0,medium,pull_request_keyword
76292,2023-10-10T17:21:43+00:00,2024-12-18T02:04:33+00:00,,2024-12-18T02:04:33+00:00,,low,issue_closed_at_fallback
97093,2024-11-27T10:18:04+00:00,2024-12-18T12:54:27+00:00,,2024-12-18T12:54:27+00:00,,low,issue_closed_at_fallback
97715,2024-12-10T07:12:13+00:00,2024-12-18T16:25:37+00:00,,2024-12-18T16:25:37+00:00,,low,issue_closed_at_fallback
98195,2024-12-18T14:34:16+00:00,2024-12-18T19:56:40+00:00,,2024-12-18T19:56:40+00:00,,low,issue_closed_at_fallback
96063,2024-11-07T20:49:36+00:00,2024-12-18T21:31:09+00:00,721c50a304588ebd7cea76e301ec0f68a5a55d68,2024-12-18T21:31:08+00:00,96067.0,medium,pull_request_keyword
64732,2023-03-14T11:18:15+00:00,2024-12-19T02:05:09+00:00,,2024-12-19T02:05:09+00:00,,low,issue_closed_at_fallback
96104,2024-11-08T13:19:58+00:00,2024-12-20T12:25:41+00:00,,2024-12-20T12:25:41+00:00,,low,issue_closed_at_fallback
64418,2023-03-08T14:38:45+00:00,2024-12-21T02:00:02+00:00,,2024-12-21T02:00:02+00:00,,low,issue_closed_at_fallback
66666,2023-04-17T12:29:30+00:00,2024-12-22T02:05:36+00:00,,2024-12-22T02:05:36+00:00,,low,issue_closed_at_fallback
76596,2023-10-16T06:08:15+00:00,2024-12-22T02:05:44+00:00,,2024-12-22T02:05:44+00:00,,low,issue_closed_at_fallback
77097,2023-10-24T21:47:06+00:00,2024-12-22T02:05:46+00:00,,2024-12-22T02:05:46+00:00,,low,issue_closed_at_fallback
92762,2024-08-30T13:59:39+00:00,2024-12-23T22:04:40+00:00,,2024-12-23T22:04:40+00:00,,low,issue_closed_at_fallback
98072,2024-12-16T22:24:47+00:00,2024-12-25T06:29:08+00:00,967c13f5b7d381842fb470febe7860b836c5226a,2024-12-25T06:29:07+00:00,98360.0,medium,pull_request_keyword
98346,2024-12-22T12:31:52+00:00,2024-12-26T11:44:09+00:00,,2024-12-26T11:44:09+00:00,,low,issue_closed_at_fallback
70729,2023-06-27T07:11:29+00:00,2024-12-28T01:59:32+00:00,,2024-12-28T01:59:32+00:00,,low,issue_closed_at_fallback
46299,2022-03-07T15:43:02+00:00,2024-12-29T02:06:17+00:00,,2024-12-29T02:06:17+00:00,,low,issue_closed_at_fallback
96451,2024-11-14T11:56:55+00:00,2024-12-30T14:18:16+00:00,,2024-12-30T14:18:16+00:00,,low,issue_closed_at_fallback
78175,2023-11-15T10:48:35+00:00,2024-12-31T02:00:49+00:00,,2024-12-31T02:00:49+00:00,,low,issue_closed_at_fallback
78900,2023-11-30T12:33:40+00:00,2024-12-31T02:00:53+00:00,,2024-12-31T02:00:53+00:00,,low,issue_closed_at_fallback
83806,2024-03-04T01:57:31+00:00,2024-12-31T12:57:03+00:00,,2024-12-31T12:57:03+00:00,,low,issue_closed_at_fallback
95335,2024-10-24T11:04:02+00:00,2025-01-02T08:04:46+00:00,,2025-01-02T08:04:46+00:00,,low,issue_closed_at_fallback
98364,2024-12-24T13:30:25+00:00,2025-01-02T09:29:03+00:00,,2025-01-02T09:29:03+00:00,,low,issue_closed_at_fallback
93961,2024-09-29T06:04:31+00:00,2025-01-02T13:14:20+00:00,,2025-01-02T13:14:20+00:00,,low,issue_closed_at_fallback
97881,2024-12-12T17:08:26+00:00,2025-01-02T15:45:04+00:00,,2025-01-02T15:45:04+00:00,,low,issue_closed_at_fallback
98447,2025-01-02T14:05:32+00:00,2025-01-02T22:42:39+00:00,,2025-01-02T22:42:39+00:00,,low,issue_closed_at_fallback
78836,2023-11-29T17:47:35+00:00,2025-01-04T02:00:01+00:00,,2025-01-04T02:00:01+00:00,,low,issue_closed_at_fallback
67082,2023-04-23T21:13:13+00:00,2025-01-06T12:08:17+00:00,c48406753f5cc39aed17ac1710ef0725f24716d9,2025-01-06T12:08:16+00:00,,high,commit_message_keyword
98468,2025-01-03T01:18:01+00:00,2025-01-06T12:45:26+00:00,,2025-01-06T12:45:26+00:00,,low,issue_closed_at_fallback
95433,2024-10-25T17:29:30+00:00,2025-01-06T15:17:10+00:00,,2025-01-06T15:17:10+00:00,,low,issue_closed_at_fallback
98131,2024-12-17T17:50:14+00:00,2025-01-06T17:16:31+00:00,,2025-01-06T17:16:31+00:00,,low,issue_closed_at_fallback
98357,2024-12-23T21:20:23+00:00,2025-01-06T19:53:56+00:00,,2025-01-06T19:53:56+00:00,,low,issue_closed_at_fallback
98532,2025-01-06T15:38:58+00:00,2025-01-07T13:43:47+00:00,,2025-01-07T13:43:47+00:00,,low,issue_closed_at_fallback
98197,2024-12-18T14:56:32+00:00,2025-01-07T15:27:40+00:00,,2025-01-07T15:27:40+00:00,,low,issue_closed_at_fallback
71006,2023-06-30T22:30:50+00:00,2025-01-07T22:09:28+00:00,25538bcfdf249447f133ed63bbfb30e7ce038fe4,2025-01-07T22:09:27+00:00,97985.0,medium,pull_request_keyword
73349,2023-08-16T20:11:24+00:00,2025-01-08T02:01:22+00:00,,2025-01-08T02:01:22+00:00,,low,issue_closed_at_fallback
98483,2025-01-03T14:33:11+00:00,2025-01-08T17:14:20+00:00,121a9162ffbf08ec21e52f11b7990062eba3bea7,2025-01-08T17:14:19+00:00,98655.0,medium,pull_request_keyword
70484,2023-06-22T05:31:53+00:00,2025-01-08T18:43:59+00:00,,2025-01-08T18:43:59+00:00,,low,issue_closed_at_fallback
95759,2024-11-02T19:41:04+00:00,2025-01-08T18:45:37+00:00,,2025-01-08T18:45:37+00:00,,low,issue_closed_at_fallback
67342,2023-04-27T02:08:11+00:00,2025-01-09T02:15:23+00:00,,2025-01-09T02:15:23+00:00,,low,issue_closed_at_fallback
98431,2025-01-01T01:39:23+00:00,2025-01-09T02:41:54+00:00,,2025-01-09T02:41:54+00:00,,low,issue_closed_at_fallback
98005,2024-12-16T09:15:11+00:00,2025-01-09T04:39:28+00:00,64967051206263788d05a09a08ac06bb1235e2b4,2025-02-03T13:55:42+00:00,98922.0,medium,pull_request_keyword
98373,2024-12-25T09:06:20+00:00,2025-01-09T09:27:47+00:00,,2025-01-09T09:27:47+00:00,,low,issue_closed_at_fallback
68734,2023-05-18T20:32:10+00:00,2025-01-10T14:27:38+00:00,f4b4fca79e834c3e86ab8fd9c1dbea65487348a6,2023-05-22T09:51:44+00:00,68736.0,medium,pull_request_keyword
97960,2024-12-13T16:38:32+00:00,2025-01-13T08:21:19+00:00,5282b7ca8c96eded59c17142be6b48a8196f9b33,2025-01-13T08:21:18+00:00,98804.0,medium,pull_request_keyword
98873,2025-01-13T11:00:39+00:00,2025-01-13T12:54:21+00:00,,2025-01-13T12:54:21+00:00,,low,issue_closed_at_fallback
98063,2024-12-16T18:50:19+00:00,2025-01-13T15:51:16+00:00,,2025-01-13T15:51:16+00:00,,low,issue_closed_at_fallback
60335,2022-12-14T15:11:39+00:00,2025-01-13T16:43:58+00:00,,2025-01-13T16:43:58+00:00,,low,issue_closed_at_fallback
97768,2024-12-10T19:45:12+00:00,2025-01-13T17:57:32+00:00,743b8c084988d3c537eb913ff591e62d84a2a0d9,2024-12-18T09:39:43+00:00,98141.0,medium,pull_request_keyword
98831,2025-01-10T16:59:03+00:00,2025-01-14T08:35:56+00:00,,2025-01-14T08:35:56+00:00,,low,issue_closed_at_fallback
98975,2025-01-14T16:17:21+00:00,2025-01-14T16:51:36+00:00,,2025-01-14T16:51:36+00:00,,low,issue_closed_at_fallback
67334,2023-04-26T21:45:29+00:00,2025-01-14T21:35:48+00:00,,2025-01-14T21:35:48+00:00,,low,issue_closed_at_fallback
98140,2024-12-17T19:28:25+00:00,2025-01-14T21:38:36+00:00,69da0bb22c9d23351e651ce25e39995b312948e8,2025-01-14T21:38:34+00:00,98184.0,medium,pull_request_keyword
79588,2023-12-15T16:57:17+00:00,2025-01-15T01:59:42+00:00,,2025-01-15T01:59:42+00:00,,low,issue_closed_at_fallback
98736,2025-01-09T15:20:38+00:00,2025-01-15T14:13:57+00:00,a290db6a7eda4f85bdab451dd1ccb8d6edc335d1,2025-01-15T08:13:56-06:00,,high,commit_message_keyword
97404,2024-12-04T14:03:47+00:00,2025-01-16T08:54:36+00:00,,2025-01-16T08:54:36+00:00,,low,issue_closed_at_fallback
97697,2024-12-09T18:50:34+00:00,2025-01-16T12:40:03+00:00,,2025-01-16T12:40:03+00:00,,low,issue_closed_at_fallback
96951,2024-11-23T00:43:02+00:00,2025-01-16T14:45:24+00:00,,2025-01-16T14:45:24+00:00,,low,issue_closed_at_fallback
98453,2025-01-02T15:50:14+00:00,2025-01-16T15:38:19+00:00,,2025-01-16T15:38:19+00:00,,low,issue_closed_at_fallback
79100,2023-12-05T17:43:41+00:00,2025-01-16T21:25:11+00:00,,2025-01-16T21:25:11+00:00,,low,issue_closed_at_fallback
91034,2024-07-26T09:00:54+00:00,2025-01-17T14:13:32+00:00,,2025-01-17T14:13:32+00:00,,low,issue_closed_at_fallback
90226,2024-07-09T13:12:54+00:00,2025-01-17T14:14:29+00:00,,2025-01-17T14:14:29+00:00,,low,issue_closed_at_fallback
88875,2024-06-06T19:51:43+00:00,2025-01-17T14:14:59+00:00,,2025-01-17T14:14:59+00:00,,low,issue_closed_at_fallback
91074,2024-07-26T16:24:59+00:00,2025-01-17T14:15:12+00:00,,2025-01-17T14:15:12+00:00,,low,issue_closed_at_fallback
79639,2023-12-18T13:35:25+00:00,2025-01-18T01:57:43+00:00,,2025-01-18T01:57:43+00:00,,low,issue_closed_at_fallback
79756,2023-12-20T14:35:33+00:00,2025-01-19T02:03:29+00:00,,2025-01-19T02:03:29+00:00,,low,issue_closed_at_fallback
79779,2023-12-21T09:00:54+00:00,2025-01-20T02:00:56+00:00,,2025-01-20T02:00:56+00:00,,low,issue_closed_at_fallback
98099,2024-12-17T12:26:49+00:00,2025-01-20T10:04:44+00:00,55ec66c416d517d7591559a08874e6ce5ef93f48,2025-01-20T10:04:43+00:00,98375.0,medium,pull_request_keyword
93972,2024-09-30T07:35:46+00:00,2025-01-20T16:09:33+00:00,,2025-01-20T16:09:33+00:00,,low,issue_closed_at_fallback
99031,2025-01-15T17:03:27+00:00,2025-01-21T08:26:07+00:00,,2025-01-21T08:26:07+00:00,,low,issue_closed_at_fallback
99297,2025-01-21T06:28:05+00:00,2025-01-21T09:19:02+00:00,,2025-01-21T09:19:02+00:00,,low,issue_closed_at_fallback
98847,2025-01-12T12:19:42+00:00,2025-01-21T10:32:55+00:00,da7ba27f19e024195fa3bfba7fdfc2bdc0f092bc,2025-01-21T10:37:26+00:00,98995.0,medium,pull_request_keyword
99146,2025-01-17T09:21:18+00:00,2025-01-21T13:39:35+00:00,,2025-01-21T13:39:35+00:00,,low,issue_closed_at_fallback
99115,2025-01-16T19:22:30+00:00,2025-01-21T23:11:23+00:00,,2025-01-21T23:11:23+00:00,,low,issue_closed_at_fallback
79842,2023-12-22T19:53:15+00:00,2025-01-22T02:01:38+00:00,,2025-01-22T02:01:38+00:00,,low,issue_closed_at_fallback
99158,2025-01-17T09:58:26+00:00,2025-01-22T11:51:26+00:00,,2025-01-22T11:51:26+00:00,,low,issue_closed_at_fallback
79776,2023-12-21T07:06:06+00:00,2025-01-22T13:57:43+00:00,,2025-01-22T13:57:43+00:00,,low,issue_closed_at_fallback
67330,2023-04-26T21:20:30+00:00,2025-01-22T15:51:07+00:00,,2025-01-22T15:51:07+00:00,,low,issue_closed_at_fallback
89117,2024-06-12T13:14:09+00:00,2025-01-22T16:22:20+00:00,,2025-01-22T16:22:20+00:00,,low,issue_closed_at_fallback
81801,2024-02-02T14:35:08+00:00,2025-01-22T16:37:23+00:00,,2025-01-22T16:37:23+00:00,,low,issue_closed_at_fallback
98353,2024-12-23T07:29:09+00:00,2025-01-23T09:46:33+00:00,d476b65d344176ef5e3ee73a15266c810f7f7125,2025-01-23T09:46:32+00:00,98354.0,medium,pull_request_keyword
49465,2022-05-24T07:51:05+00:00,2025-01-23T11:50:26+00:00,,2025-01-23T11:50:26+00:00,,low,issue_closed_at_fallback
99198,2025-01-17T15:23:41+00:00,2025-01-23T16:17:39+00:00,,2025-01-23T16:17:39+00:00,,low,issue_closed_at_fallback
97720,2024-12-10T09:58:24+00:00,2025-01-23T20:20:42+00:00,fdbac6fb5421f1f9ac6fae373015e1e39e1f7e66,2025-01-23T20:20:40+00:00,99480.0,medium,pull_request_keyword
98739,2025-01-09T15:31:40+00:00,2025-01-23T20:24:00+00:00,,2025-01-23T20:24:00+00:00,,low,issue_closed_at_fallback
80264,2024-01-10T00:47:18+00:00,2025-01-25T13:11:55+00:00,,2025-01-25T13:11:55+00:00,,low,issue_closed_at_fallback
64685,2023-03-13T13:04:23+00:00,2025-01-26T17:08:45+00:00,,2025-01-26T17:08:45+00:00,,low,issue_closed_at_fallback
79889,2023-12-28T14:51:20+00:00,2025-01-27T02:01:26+00:00,,2025-01-27T02:01:26+00:00,,low,issue_closed_at_fallback
99021,2025-01-15T15:05:17+00:00,2025-01-27T19:15:24+00:00,,2025-01-27T19:15:24+00:00,,low,issue_closed_at_fallback
98807,2025-01-10T13:01:52+00:00,2025-01-28T13:32:58+00:00,,2025-01-28T13:32:58+00:00,,low,issue_closed_at_fallback
95937,2024-11-06T09:15:27+00:00,2025-01-28T13:49:48+00:00,,2025-01-28T13:49:48+00:00,,low,issue_closed_at_fallback
99240,2025-01-20T10:52:37+00:00,2025-01-28T14:00:18+00:00,52a6c27d99e5d984032cc36802e7cc4dcd2bf79d,2025-01-28T14:00:16+00:00,99655.0,medium,pull_request_keyword
63866,2023-02-28T14:10:19+00:00,2025-01-28T15:32:52+00:00,,2025-01-28T15:32:52+00:00,,low,issue_closed_at_fallback
93189,2024-09-10T19:56:27+00:00,2025-01-28T18:14:05+00:00,,2025-01-28T18:14:05+00:00,,low,issue_closed_at_fallback
81306,2024-01-25T19:51:30+00:00,2025-01-28T18:37:21+00:00,f8e6c02a40fd75859c529d01881b62592f207dfa,2024-05-10T01:51:00+00:00,84732.0,medium,pull_request_keyword
98434,2025-01-02T05:22:46+00:00,2025-01-28T19:57:55+00:00,046754c3c2610cf075b06cdec3a78fc663447ab0,2025-01-28T19:57:54+00:00,98749.0,medium,pull_request_keyword
99541,2025-01-26T16:47:08+00:00,2025-01-29T12:14:37+00:00,,2025-01-29T12:14:37+00:00,,low,issue_closed_at_fallback
89226,2024-06-14T13:33:19+00:00,2025-01-29T19:02:57+00:00,1795a2b4e3a88d0fcdf562d6fdfffbd47ef8bdab,2025-01-29T19:02:56+00:00,99722.0,medium,pull_request_keyword
96897,2024-11-22T10:07:43+00:00,2025-01-29T19:02:58+00:00,1795a2b4e3a88d0fcdf562d6fdfffbd47ef8bdab,2025-01-29T19:02:56+00:00,99722.0,medium,pull_request_keyword
98374,2024-12-25T18:32:42+00:00,2025-01-29T22:01:16+00:00,,2025-01-29T22:01:16+00:00,,low,issue_closed_at_fallback
99628,2025-01-28T08:35:10+00:00,2025-01-29T23:28:29+00:00,,2025-01-29T23:28:29+00:00,,low,issue_closed_at_fallback
99349,2025-01-22T01:13:03+00:00,2025-01-30T10:24:30+00:00,408e3e91a8355fff3ef62315c5f34e6cebdcf8cd,2025-01-30T10:24:29+00:00,99770.0,medium,pull_request_keyword
58757,2022-11-15T15:01:07+00:00,2025-01-30T20:36:46+00:00,8ce8c1635fc5822faed1fbae67ee0f6671c225eb,2025-01-30T20:36:45+00:00,99754.0,medium,pull_request_keyword
91101,2024-07-27T14:55:39+00:00,2025-01-31T09:39:23+00:00,,2025-01-31T09:39:23+00:00,,low,issue_closed_at_fallback
99538,2025-01-25T20:46:42+00:00,2025-01-31T10:46:40+00:00,,2025-01-31T10:46:40+00:00,,low,issue_closed_at_fallback
99726,2025-01-29T04:56:43+00:00,2025-01-31T14:00:25+00:00,,2025-01-31T14:00:25+00:00,,low,issue_closed_at_fallback
79945,2024-01-02T17:23:31+00:00,2025-02-01T02:02:55+00:00,,2025-02-01T02:02:55+00:00,,low,issue_closed_at_fallback
72837,2023-08-03T15:47:56+00:00,2025-02-02T02:02:08+00:00,,2025-02-02T02:02:08+00:00,,low,issue_closed_at_fallback
79950,2024-01-02T21:33:10+00:00,2025-02-03T02:00:36+00:00,,2025-02-03T02:00:36+00:00,,low,issue_closed_at_fallback
79951,2024-01-02T21:38:28+00:00,2025-02-03T02:00:37+00:00,,2025-02-03T02:00:37+00:00,,low,issue_closed_at_fallback
99860,2025-01-31T07:33:01+00:00,2025-02-03T13:31:22+00:00,,2025-02-03T13:31:22+00:00,,low,issue_closed_at_fallback
92984,2024-09-05T14:23:20+00:00,2025-02-04T09:29:25+00:00,,2025-02-04T09:29:25+00:00,,low,issue_closed_at_fallback
99354,2025-01-22T08:13:45+00:00,2025-02-04T10:44:55+00:00,73e3b04565c6f491a984c91082ac055cf72db31f,2025-02-04T10:44:53+00:00,99401.0,medium,pull_request_keyword
97838,2024-12-12T12:21:56+00:00,2025-02-04T13:00:56+00:00,,2025-02-04T13:00:56+00:00,,low,issue_closed_at_fallback
77319,2023-10-27T19:56:36+00:00,2025-02-05T02:01:13+00:00,,2025-02-05T02:01:13+00:00,,low,issue_closed_at_fallback
79311,2023-12-11T13:01:08+00:00,2025-02-05T02:01:19+00:00,,2025-02-05T02:01:19+00:00,,low,issue_closed_at_fallback
75268,2023-09-22T08:46:55+00:00,2025-02-05T12:13:02+00:00,,2025-02-05T12:13:02+00:00,,low,issue_closed_at_fallback
99640,2025-01-28T11:08:47+00:00,2025-02-06T13:15:45+00:00,,2025-02-06T13:15:45+00:00,,low,issue_closed_at_fallback
96651,2024-11-19T00:52:34+00:00,2025-02-06T14:25:42+00:00,,2025-02-06T14:25:42+00:00,,low,issue_closed_at_fallback
65767,2023-04-03T06:39:00+00:00,2025-02-06T15:44:29+00:00,,2025-02-06T15:44:29+00:00,,low,issue_closed_at_fallback
100137,2025-02-05T17:25:10+00:00,2025-02-06T16:14:39+00:00,,2025-02-06T16:14:39+00:00,,low,issue_closed_at_fallback
69172,2023-05-26T13:56:30+00:00,2025-02-06T16:27:00+00:00,,2025-02-06T16:27:00+00:00,,low,issue_closed_at_fallback
69777,2023-06-08T10:27:08+00:00,2025-02-06T16:33:58+00:00,,2025-02-06T16:33:58+00:00,,low,issue_closed_at_fallback
96677,2024-11-19T13:31:15+00:00,2025-02-06T18:44:45+00:00,,2025-02-06T18:44:45+00:00,,low,issue_closed_at_fallback
100217,2025-02-06T16:19:11+00:00,2025-02-06T18:45:31+00:00,,2025-02-06T18:45:31+00:00,,low,issue_closed_at_fallback
100283,2025-02-07T15:06:22+00:00,2025-02-07T15:26:06+00:00,,2025-02-07T15:26:06+00:00,,low,issue_closed_at_fallback
99870,2025-01-31T09:53:27+00:00,2025-02-07T15:27:52+00:00,,2025-02-07T15:27:52+00:00,,low,issue_closed_at_fallback
100104,2025-02-05T09:03:18+00:00,2025-02-07T17:47:08+00:00,f5d8f4263554c51956c63ecf60219a72f297256f,2025-02-07T17:47:07+00:00,100158.0,medium,pull_request_keyword
57060,2022-10-17T08:34:05+00:00,2025-02-10T02:01:21+00:00,,2025-02-10T02:01:21+00:00,,low,issue_closed_at_fallback
80268,2024-01-10T08:56:48+00:00,2025-02-10T02:01:56+00:00,,2025-02-10T02:01:56+00:00,,low,issue_closed_at_fallback
100324,2025-02-08T23:39:27+00:00,2025-02-10T09:55:56+00:00,,2025-02-10T09:55:56+00:00,,low,issue_closed_at_fallback
100321,2025-02-08T14:32:09+00:00,2025-02-10T11:09:48+00:00,,2025-02-10T11:09:48+00:00,,low,issue_closed_at_fallback
99976,2025-02-03T14:21:26+00:00,2025-02-10T11:16:22+00:00,,2025-02-10T11:16:22+00:00,,low,issue_closed_at_fallback
98283,2024-12-19T17:10:45+00:00,2025-02-10T15:28:35+00:00,,2025-02-10T15:28:35+00:00,,low,issue_closed_at_fallback
98223,2024-12-18T20:00:47+00:00,2025-02-10T17:30:01+00:00,,2025-02-10T17:30:01+00:00,,low,issue_closed_at_fallback
96740,2024-11-20T09:24:03+00:00,2025-02-10T18:16:47+00:00,,2025-02-10T18:16:47+00:00,,low,issue_closed_at_fallback
95114,2024-10-22T03:18:05+00:00,2025-02-10T18:27:48+00:00,,2025-02-10T18:27:48+00:00,,low,issue_closed_at_fallback
98347,2024-12-22T15:00:09+00:00,2025-02-10T20:52:29+00:00,,2025-02-10T20:52:29+00:00,,low,issue_closed_at_fallback
99418,2025-01-23T09:30:31+00:00,2025-02-11T07:52:01+00:00,f2d34254d3b2d7e23e39cf17c99374f96a0d09e7,2025-02-11T07:52:00+00:00,99621.0,medium,pull_request_keyword
99801,2025-01-30T11:19:42+00:00,2025-02-11T10:31:18+00:00,,2025-02-11T10:31:18+00:00,,low,issue_closed_at_fallback
100388,2025-02-10T21:00:31+00:00,2025-02-11T11:08:20+00:00,cbe5741096a283fcbe7d0da15475365fdccbd843,2025-02-11T11:08:19+00:00,100406.0,medium,pull_request_keyword
100439,2025-02-11T14:58:20+00:00,2025-02-11T15:21:59+00:00,b8eb8ad7d0ee800ba3bbc447464a56c5067cb271,2025-02-11T15:08:58+00:00,100441.0,medium,pull_request_keyword
99574,2025-01-27T15:24:09+00:00,2025-02-11T19:26:48+00:00,,2025-02-11T19:26:48+00:00,,low,issue_closed_at_fallback
80488,2024-01-12T20:15:05+00:00,2025-02-12T02:01:32+00:00,,2025-02-12T02:01:32+00:00,,low,issue_closed_at_fallback
99841,2025-01-30T19:23:32+00:00,2025-02-12T06:16:02+00:00,9b37e9249aac66b4b63fcfd1d51f4d2fd5e6271a,2025-02-12T06:16:01+00:00,100394.0,medium,pull_request_keyword
100166,2025-02-06T06:03:05+00:00,2025-02-12T08:05:11+00:00,,2025-02-12T08:05:11+00:00,,low,issue_closed_at_fallback
98781,2025-01-10T05:23:15+00:00,2025-02-12T10:13:35+00:00,,2025-02-12T10:13:35+00:00,,low,issue_closed_at_fallback
98564,2025-01-06T22:12:49+00:00,2025-02-12T16:29:49+00:00,,2025-02-12T16:29:49+00:00,,low,issue_closed_at_fallback
97785,2024-12-11T12:00:32+00:00,2025-02-13T14:46:23+00:00,,2025-02-13T14:46:23+00:00,,low,issue_closed_at_fallback
100630,2025-02-13T15:32:58+00:00,2025-02-13T16:02:53+00:00,,2025-02-13T16:02:53+00:00,,low,issue_closed_at_fallback
100246,2025-02-07T07:58:24+00:00,2025-02-13T16:28:50+00:00,,2025-02-13T16:28:50+00:00,,low,issue_closed_at_fallback
53832,2022-08-17T13:30:48+00:00,2025-02-14T02:00:42+00:00,,2025-02-14T02:00:42+00:00,,low,issue_closed_at_fallback
77937,2023-11-09T14:22:59+00:00,2025-02-14T02:01:09+00:00,,2025-02-14T02:01:09+00:00,,low,issue_closed_at_fallback
100594,2025-02-13T12:01:13+00:00,2025-02-14T09:48:32+00:00,,2025-02-14T09:48:32+00:00,,low,issue_closed_at_fallback
99499,2025-01-24T11:49:26+00:00,2025-02-14T11:38:34+00:00,,2025-02-14T11:38:34+00:00,,low,issue_closed_at_fallback
100723,2025-02-14T12:55:36+00:00,2025-02-14T13:25:27+00:00,196a73ec7282467992601811e4e980efc8d0670c,2025-02-14T08:25:26-05:00,,high,commit_message_keyword
45249,2022-02-10T15:58:02+00:00,2025-02-15T01:59:33+00:00,,2025-02-15T01:59:33+00:00,,low,issue_closed_at_fallback
62384,2022-10-03T19:00:51+00:00,2025-02-15T01:59:47+00:00,,2025-02-15T01:59:47+00:00,,low,issue_closed_at_fallback
61441,2023-01-13T01:34:12+00:00,2025-02-15T01:59:51+00:00,,2025-02-15T01:59:51+00:00,,low,issue_closed_at_fallback
63585,2023-02-22T16:58:39+00:00,2025-02-15T01:59:52+00:00,,2025-02-15T01:59:52+00:00,,low,issue_closed_at_fallback
63796,2023-02-27T13:07:16+00:00,2025-02-15T01:59:53+00:00,,2025-02-15T01:59:53+00:00,,low,issue_closed_at_fallback
64953,2023-03-17T11:54:21+00:00,2025-02-15T01:59:54+00:00,,2025-02-15T01:59:54+00:00,,low,issue_closed_at_fallback
66626,2023-04-15T03:52:41+00:00,2025-02-15T01:59:56+00:00,,2025-02-15T01:59:56+00:00,,low,issue_closed_at_fallback
67790,2023-05-03T22:00:51+00:00,2025-02-15T01:59:58+00:00,,2025-02-15T01:59:58+00:00,,low,issue_closed_at_fallback
67940,2023-05-05T18:41:08+00:00,2025-02-15T01:59:59+00:00,,2025-02-15T01:59:59+00:00,,low,issue_closed_at_fallback
68211,2023-05-10T11:00:40+00:00,2025-02-15T02:00:00+00:00,,2025-02-15T02:00:00+00:00,,low,issue_closed_at_fallback
68277,2023-05-11T03:52:52+00:00,2025-02-15T02:00:02+00:00,,2025-02-15T02:00:02+00:00,,low,issue_closed_at_fallback
68551,2023-05-16T14:06:15+00:00,2025-02-15T02:00:04+00:00,,2025-02-15T02:00:04+00:00,,low,issue_closed_at_fallback
69421,2023-06-01T22:34:16+00:00,2025-02-15T02:00:06+00:00,,2025-02-15T02:00:06+00:00,,low,issue_closed_at_fallback
69510,2023-06-03T00:24:14+00:00,2025-02-15T02:00:07+00:00,,2025-02-15T02:00:07+00:00,,low,issue_closed_at_fallback
71237,2023-07-07T18:34:04+00:00,2025-02-15T02:00:10+00:00,,2025-02-15T02:00:10+00:00,,low,issue_closed_at_fallback
73274,2023-08-15T10:24:22+00:00,2025-02-15T02:00:12+00:00,,2025-02-15T02:00:12+00:00,,low,issue_closed_at_fallback
73611,2023-08-22T12:39:27+00:00,2025-02-15T02:00:14+00:00,,2025-02-15T02:00:14+00:00,,low,issue_closed_at_fallback
74044,2023-08-29T16:06:17+00:00,2025-02-15T02:00:16+00:00,,2025-02-15T02:00:16+00:00,,low,issue_closed_at_fallback
74338,2023-09-04T15:13:59+00:00,2025-02-15T02:00:17+00:00,,2025-02-15T02:00:17+00:00,,low,issue_closed_at_fallback
74517,2023-09-07T09:38:24+00:00,2025-02-15T02:00:18+00:00,,2025-02-15T02:00:18+00:00,,low,issue_closed_at_fallback
75083,2023-09-19T10:56:20+00:00,2025-02-15T02:00:20+00:00,,2025-02-15T02:00:20+00:00,,low,issue_closed_at_fallback
76645,2023-10-16T16:30:38+00:00,2025-02-15T02:00:23+00:00,,2025-02-15T02:00:23+00:00,,low,issue_closed_at_fallback
79153,2023-12-06T16:41:58+00:00,2025-02-15T02:00:27+00:00,,2025-02-15T02:00:27+00:00,,low,issue_closed_at_fallback
80299,2024-01-10T16:18:00+00:00,2025-02-15T02:00:38+00:00,,2025-02-15T02:00:38+00:00,,low,issue_closed_at_fallback
80630,2024-01-16T15:03:20+00:00,2025-02-15T02:00:43+00:00,,2025-02-15T02:00:43+00:00,,low,issue_closed_at_fallback
100794,2025-02-16T18:11:55+00:00,2025-02-16T18:42:54+00:00,,2025-02-16T18:42:54+00:00,,low,issue_closed_at_fallback
75124,2023-09-19T18:37:04+00:00,2025-02-17T02:02:59+00:00,,2025-02-17T02:02:59+00:00,,low,issue_closed_at_fallback
69138,2023-05-26T09:42:36+00:00,2025-02-17T04:13:59+00:00,,2025-02-17T04:13:59+00:00,,low,issue_closed_at_fallback
66642,2023-04-16T19:36:05+00:00,2025-02-17T10:24:12+00:00,,2025-02-17T10:24:12+00:00,,low,issue_closed_at_fallback
95577,2024-10-29T20:08:29+00:00,2025-02-17T11:02:42+00:00,,2025-02-17T11:02:42+00:00,,low,issue_closed_at_fallback
94184,2024-10-03T08:07:28+00:00,2025-02-17T11:24:00+00:00,,2025-02-17T11:24:00+00:00,,low,issue_closed_at_fallback
95788,2024-11-04T15:10:02+00:00,2025-02-17T11:24:38+00:00,,2025-02-17T11:24:38+00:00,,low,issue_closed_at_fallback
73685,2023-08-23T13:28:34+00:00,2025-02-17T11:43:21+00:00,,2025-02-17T11:43:21+00:00,,low,issue_closed_at_fallback
99824,2025-01-30T16:11:03+00:00,2025-02-17T12:07:12+00:00,6a197d7249e86038b6535d0081bea27bbfbead58,2025-02-17T12:07:13+00:00,100102.0,medium,pull_request_keyword
99627,2025-01-28T08:02:11+00:00,2025-02-17T14:17:41+00:00,,2025-02-17T14:17:41+00:00,,low,issue_closed_at_fallback
94292,2024-10-05T20:02:26+00:00,2025-02-18T14:03:13+00:00,870c65a80f91b36546100de27b2ebd0f01a8b5b6,2025-02-18T14:03:11+00:00,96197.0,medium,pull_request_keyword
80834,2024-01-18T17:39:18+00:00,2025-02-19T02:01:39+00:00,,2025-02-19T02:01:39+00:00,,low,issue_closed_at_fallback
80890,2024-01-19T13:45:52+00:00,2025-02-19T02:01:40+00:00,,2025-02-19T02:01:40+00:00,,low,issue_closed_at_fallback
100871,2025-02-18T12:15:37+00:00,2025-02-19T05:26:35+00:00,,2025-02-19T05:26:35+00:00,,low,issue_closed_at_fallback
97793,2024-12-11T14:34:43+00:00,2025-02-19T19:57:02+00:00,,2025-02-19T19:57:02+00:00,,low,issue_closed_at_fallback
70257,2023-06-16T16:05:37+00:00,2025-02-20T02:01:34+00:00,,2025-02-20T02:01:34+00:00,,low,issue_closed_at_fallback
97840,2024-12-12T12:52:51+00:00,2025-02-20T08:17:15+00:00,,2025-02-20T08:17:15+00:00,,low,issue_closed_at_fallback
101110,2025-02-21T03:51:35+00:00,2025-02-21T03:55:55+00:00,,2025-02-21T03:55:55+00:00,,low,issue_closed_at_fallback
97445,2024-12-04T22:22:47+00:00,2025-02-21T10:33:59+00:00,,2025-02-21T10:33:59+00:00,,low,issue_closed_at_fallback
99654,2025-01-28T12:53:51+00:00,2025-02-21T13:52:59+00:00,,2025-02-21T13:52:59+00:00,,low,issue_closed_at_fallback
101148,2025-02-21T14:33:23+00:00,2025-02-21T15:09:48+00:00,,2025-02-21T15:09:48+00:00,,low,issue_closed_at_fallback
91943,2024-08-15T08:17:11+00:00,2025-02-21T20:22:31+00:00,c33e908baff25768d86e7ffb7e80a58940730acf,2025-02-21T21:02:40+00:00,101177.0,medium,pull_request_keyword
72649,2023-07-31T21:32:32+00:00,2025-02-23T02:05:29+00:00,,2025-02-23T02:05:29+00:00,,low,issue_closed_at_fallback
77698,2023-11-06T10:51:43+00:00,2025-02-23T02:05:36+00:00,1f840600b68a0e01d7fa973b79183e56193d2551,2024-01-22T08:22:49+00:00,78662.0,medium,pull_request_keyword
100798,2025-02-17T08:38:33+00:00,2025-02-24T10:33:01+00:00,,2025-02-24T10:33:01+00:00,,low,issue_closed_at_fallback
99719,2025-01-28T22:40:23+00:00,2025-02-24T13:45:34+00:00,ec14822dd010c18eafd5f3513b206d221a58ec65,2025-02-24T13:45:32+00:00,100163.0,medium,pull_request_keyword
100326,2025-02-09T04:46:08+00:00,2025-02-25T04:53:53+00:00,24f9126cdff7440087e6c04b2eb1dee1546ebccf,2025-02-25T04:53:51+00:00,100479.0,medium,pull_request_keyword
100359,2025-02-10T13:53:30+00:00,2025-02-25T15:18:42+00:00,,2025-02-25T15:18:42+00:00,,low,issue_closed_at_fallback
94150,2024-10-02T13:21:41+00:00,2025-02-25T15:18:53+00:00,,2025-02-25T15:18:53+00:00,,low,issue_closed_at_fallback
101308,2025-02-25T17:07:19+00:00,2025-02-26T07:23:36+00:00,,2025-02-26T07:23:36+00:00,,low,issue_closed_at_fallback
100429,2025-02-11T13:52:18+00:00,2025-02-26T10:32:33+00:00,,2025-02-26T10:32:33+00:00,,low,issue_closed_at_fallback
101335,2025-02-26T07:37:22+00:00,2025-02-26T13:45:03+00:00,,2025-02-26T13:45:03+00:00,,low,issue_closed_at_fallback
101305,2025-02-25T16:14:53+00:00,2025-02-27T16:18:29+00:00,,2025-02-27T16:18:29+00:00,,low,issue_closed_at_fallback
97804,2024-12-11T16:29:44+00:00,2025-02-27T16:20:16+00:00,,2025-02-27T16:20:16+00:00,,low,issue_closed_at_fallback
93200,2024-09-11T05:31:33+00:00,2025-02-27T17:09:45+00:00,,2025-02-27T17:09:45+00:00,,low,issue_closed_at_fallback
69350,2023-05-31T22:10:09+00:00,2025-02-28T02:03:23+00:00,,2025-02-28T02:03:23+00:00,,low,issue_closed_at_fallback
70346,2023-06-19T17:14:58+00:00,2025-02-28T02:03:25+00:00,,2025-02-28T02:03:25+00:00,,low,issue_closed_at_fallback
101448,2025-02-28T09:08:20+00:00,2025-02-28T12:00:29+00:00,,2025-02-28T12:00:29+00:00,,low,issue_closed_at_fallback
81567,2024-01-30T13:13:27+00:00,2025-03-01T02:07:33+00:00,,2025-03-01T02:07:33+00:00,,low,issue_closed_at_fallback
81697,2024-02-01T11:22:14+00:00,2025-03-04T02:04:32+00:00,,2025-03-04T02:04:32+00:00,,low,issue_closed_at_fallback
81699,2024-02-01T11:26:38+00:00,2025-03-04T02:04:33+00:00,,2025-03-04T02:04:33+00:00,,low,issue_closed_at_fallback
49000,2022-05-16T09:41:18+00:00,2025-03-05T02:03:34+00:00,,2025-03-05T02:03:34+00:00,,low,issue_closed_at_fallback
101593,2025-03-05T00:15:47+00:00,2025-03-05T02:06:26+00:00,,2025-03-05T02:06:26+00:00,,low,issue_closed_at_fallback
101605,2025-03-05T09:45:33+00:00,2025-03-05T15:56:04+00:00,,2025-03-05T15:56:04+00:00,,low,issue_closed_at_fallback
99774,2025-01-29T17:56:11+00:00,2025-03-05T22:33:11+00:00,,2025-03-05T22:33:11+00:00,,low,issue_closed_at_fallback
75319,2023-09-22T18:59:17+00:00,2025-03-06T11:00:51+00:00,,2025-03-06T11:00:51+00:00,,low,issue_closed_at_fallback
101493,2025-03-02T23:15:48+00:00,2025-03-06T14:59:33+00:00,,2025-03-06T14:59:33+00:00,,low,issue_closed_at_fallback
75738,2023-09-29T11:49:50+00:00,2025-03-07T02:04:39+00:00,,2025-03-07T02:04:39+00:00,,low,issue_closed_at_fallback
78169,2023-11-15T08:23:40+00:00,2025-03-10T01:53:17+00:00,,2025-03-10T01:53:17+00:00,,low,issue_closed_at_fallback
97984,2024-12-13T23:49:02+00:00,2025-03-10T14:27:58+00:00,,2025-03-10T14:27:58+00:00,,low,issue_closed_at_fallback
101421,2025-02-27T14:45:35+00:00,2025-03-10T14:44:58+00:00,,2025-03-10T14:44:58+00:00,,low,issue_closed_at_fallback
100477,2025-02-12T01:55:43+00:00,2025-03-10T15:04:09+00:00,,2025-03-10T15:04:09+00:00,,low,issue_closed_at_fallback
100274,2025-02-07T13:35:49+00:00,2025-03-10T15:14:15+00:00,d4c3b8f6c6cd4c25f9243eeff8cbe821472b117a,2025-04-07T02:11:13+00:00,100284.0,medium,pull_request_keyword
97759,2024-12-10T17:11:17+00:00,2025-03-10T16:30:17+00:00,,2025-03-10T16:30:17+00:00,,low,issue_closed_at_fallback
99752,2025-01-29T13:56:26+00:00,2025-03-10T20:07:01+00:00,,2025-03-10T20:07:01+00:00,,low,issue_closed_at_fallback
97557,2024-12-06T13:30:44+00:00,2025-03-11T09:59:17+00:00,,2025-03-11T09:59:17+00:00,,low,issue_closed_at_fallback
98351,2024-12-23T06:59:29+00:00,2025-03-11T11:07:37+00:00,,2025-03-11T11:07:37+00:00,,low,issue_closed_at_fallback
101759,2025-03-07T07:27:56+00:00,2025-03-12T13:21:16+00:00,4f0b5d33d25b08de49a16153d262b43605d3e988,2025-06-27T12:23:33+00:00,106968.0,medium,pull_request_keyword
99052,2025-01-16T01:41:30+00:00,2025-03-12T14:50:47+00:00,,2025-03-12T14:50:47+00:00,,low,issue_closed_at_fallback
100599,2025-02-13T12:57:36+00:00,2025-03-13T09:42:13+00:00,f3fb9592da11a5f8343699ea307e591e522af627,2025-03-13T09:42:12+00:00,102021.0,medium,pull_request_keyword
93528,2024-09-20T11:35:41+00:00,2025-03-13T11:26:49+00:00,,2025-03-13T11:26:49+00:00,,low,issue_closed_at_fallback
101719,2025-03-06T15:54:29+00:00,2025-03-13T16:49:28+00:00,,2025-03-13T16:49:28+00:00,,low,issue_closed_at_fallback
101797,2025-03-07T14:37:45+00:00,2025-03-14T10:26:19+00:00,,2025-03-14T10:26:19+00:00,,low,issue_closed_at_fallback
86136,2024-04-15T13:14:59+00:00,2025-03-14T14:54:23+00:00,,2025-03-14T14:54:23+00:00,,low,issue_closed_at_fallback
102053,2025-03-12T16:52:50+00:00,2025-03-14T17:49:19+00:00,,2025-03-14T17:49:19+00:00,,low,issue_closed_at_fallback
82341,2024-02-13T07:01:06+00:00,2025-03-15T02:03:30+00:00,,2025-03-15T02:03:30+00:00,,low,issue_closed_at_fallback
49515,2022-05-24T15:38:13+00:00,2025-03-16T02:08:47+00:00,,2025-03-16T02:08:47+00:00,,low,issue_closed_at_fallback
81197,2024-01-24T19:20:46+00:00,2025-03-16T02:09:25+00:00,,2025-03-16T02:09:25+00:00,,low,issue_closed_at_fallback
101635,2025-03-05T17:08:28+00:00,2025-03-17T16:07:34+00:00,3bdb2aa34994dca804cef4ad13b1f5d281772d75,2025-03-17T12:07:33-04:00,,high,commit_message_keyword
102324,2025-03-17T21:10:15+00:00,2025-03-18T00:39:49+00:00,,2025-03-18T00:39:49+00:00,,low,issue_closed_at_fallback
102315,2025-03-17T18:22:57+00:00,2025-03-18T09:23:09+00:00,,2025-03-18T09:23:09+00:00,,low,issue_closed_at_fallback
96916,2024-11-22T12:53:41+00:00,2025-03-18T13:19:00+00:00,8c5a4591fdedee0cf2e59059c829ea6477e51141,2025-03-18T13:18:59+00:00,102244.0,medium,pull_request_keyword
97252,2024-12-02T13:31:43+00:00,2025-03-18T15:56:34+00:00,,2025-03-18T15:56:34+00:00,,low,issue_closed_at_fallback
95209,2024-10-22T20:32:27+00:00,2025-03-18T18:46:24+00:00,,2025-03-18T18:46:24+00:00,,low,issue_closed_at_fallback
82507,2024-02-15T08:28:50+00:00,2025-03-19T02:06:16+00:00,,2025-03-19T02:06:16+00:00,,low,issue_closed_at_fallback
96741,2024-11-20T09:24:25+00:00,2025-03-19T10:37:30+00:00,ede278c767f5c081500cedbf50b8917203644ada,2025-01-09T17:30:07+00:00,98747.0,medium,pull_request_keyword
102317,2025-03-17T19:09:03+00:00,2025-03-19T12:28:29+00:00,,2025-03-19T12:28:29+00:00,,low,issue_closed_at_fallback
95790,2024-11-04T15:45:05+00:00,2025-03-19T12:30:51+00:00,,2025-03-19T12:30:51+00:00,,low,issue_closed_at_fallback
99988,2025-02-03T16:05:55+00:00,2025-03-19T12:53:23+00:00,,2025-03-19T12:53:23+00:00,,low,issue_closed_at_fallback
102428,2025-03-19T09:57:56+00:00,2025-03-19T13:43:01+00:00,,2025-03-19T13:43:01+00:00,,low,issue_closed_at_fallback
84071,2024-03-07T13:23:53+00:00,2025-03-19T13:53:04+00:00,,2025-03-19T13:53:04+00:00,,low,issue_closed_at_fallback
102313,2025-03-17T18:16:16+00:00,2025-03-19T14:33:35+00:00,,2025-03-19T14:33:35+00:00,,low,issue_closed_at_fallback
101267,2025-02-25T08:10:22+00:00,2025-03-19T14:36:21+00:00,,2025-03-19T14:36:21+00:00,,low,issue_closed_at_fallback
102422,2025-03-19T08:10:39+00:00,2025-03-20T04:13:22+00:00,,2025-03-20T04:13:22+00:00,,low,issue_closed_at_fallback
97439,2024-12-04T20:29:42+00:00,2025-03-20T10:19:59+00:00,,2025-03-20T10:19:59+00:00,,low,issue_closed_at_fallback
102078,2025-03-13T04:26:12+00:00,2025-03-20T13:43:33+00:00,,2025-03-20T13:43:33+00:00,,low,issue_closed_at_fallback
101793,2025-03-07T14:12:38+00:00,2025-03-21T09:08:24+00:00,,2025-03-21T09:08:24+00:00,,low,issue_closed_at_fallback
102432,2025-03-19T10:14:03+00:00,2025-03-21T12:35:45+00:00,,2025-03-21T12:35:45+00:00,,low,issue_closed_at_fallback
101344,2025-02-26T11:10:23+00:00,2025-03-21T13:28:54+00:00,,2025-03-21T13:28:54+00:00,,low,issue_closed_at_fallback
102459,2025-03-19T14:13:21+00:00,2025-03-21T13:51:51+00:00,,2025-03-21T13:51:51+00:00,,low,issue_closed_at_fallback
99972,2025-02-03T14:03:05+00:00,2025-03-24T10:47:58+00:00,d4a4aac8d109826416491bbf9ae3141edcf5940d,2025-03-24T10:47:57+00:00,102693.0,medium,pull_request_keyword
101371,2025-02-25T15:41:06+00:00,2025-03-24T12:56:53+00:00,,2025-03-24T12:56:53+00:00,,low,issue_closed_at_fallback
96899,2024-11-22T10:10:10+00:00,2025-03-24T18:39:01+00:00,,2025-03-24T18:39:01+00:00,,low,issue_closed_at_fallback
102743,2025-03-24T19:11:28+00:00,2025-03-24T21:38:51+00:00,,2025-03-24T21:38:51+00:00,,low,issue_closed_at_fallback
102037,2025-03-12T15:11:55+00:00,2025-03-25T16:35:47+00:00,,2025-03-31T09:35:33+00:00,102047.0,medium,pull_request_keyword
102507,2025-03-20T02:51:40+00:00,2025-03-26T02:39:10+00:00,,2025-03-26T02:39:10+00:00,,low,issue_closed_at_fallback
102480,2025-03-19T16:42:04+00:00,2025-03-26T09:38:57+00:00,,2025-03-26T09:38:57+00:00,,low,issue_closed_at_fallback
102742,2025-03-24T19:04:50+00:00,2025-03-26T16:58:33+00:00,,2025-03-26T16:58:33+00:00,,low,issue_closed_at_fallback
102215,2025-03-14T15:38:42+00:00,2025-03-26T19:43:37+00:00,4539e007bbaa2bce6baf9263c3836bb331960e59,2025-03-26T19:43:36+00:00,102749.0,medium,pull_request_keyword
59719,2022-12-02T13:58:07+00:00,2025-03-27T02:06:03+00:00,,2025-03-27T02:06:03+00:00,,low,issue_closed_at_fallback
61010,2023-01-04T22:56:35+00:00,2025-03-27T09:12:20+00:00,,2025-03-27T09:12:20+00:00,,low,issue_closed_at_fallback
101516,2025-03-03T14:02:32+00:00,2025-03-27T12:49:16+00:00,,2025-03-27T12:49:16+00:00,,low,issue_closed_at_fallback
102678,2025-03-24T06:41:43+00:00,2025-03-27T14:00:18+00:00,1a87f8e5bf458053b349a04181fa313374856844,2025-03-27T14:00:16+00:00,102679.0,medium,pull_request_keyword
90556,2024-07-17T19:02:11+00:00,2025-03-27T14:57:00+00:00,b2ab99c10d1714e7dcff1ac2cd6e5f126dc3fff5,2025-03-27T14:56:59+00:00,102871.0,medium,pull_request_keyword
102889,2025-03-26T12:57:22+00:00,2025-03-27T19:24:28+00:00,,2025-03-27T19:24:28+00:00,,low,issue_closed_at_fallback
80131,2024-01-08T11:16:43+00:00,2025-03-29T02:05:36+00:00,,2025-03-29T02:05:36+00:00,,low,issue_closed_at_fallback
83473,2024-02-27T08:52:17+00:00,2025-03-29T02:06:00+00:00,,2025-03-29T02:06:00+00:00,,low,issue_closed_at_fallback
83537,2024-02-27T16:55:44+00:00,2025-03-29T02:06:03+00:00,,2025-03-29T02:06:03+00:00,,low,issue_closed_at_fallback
62379,2022-10-21T19:58:05+00:00,2025-03-30T02:11:07+00:00,,2025-03-30T02:11:07+00:00,,low,issue_closed_at_fallback
74627,2023-09-08T21:10:09+00:00,2025-03-30T02:11:49+00:00,,2025-03-30T02:11:49+00:00,,low,issue_closed_at_fallback
75471,2023-09-26T16:32:20+00:00,2025-03-30T02:11:53+00:00,,2025-03-30T02:11:53+00:00,,low,issue_closed_at_fallback
75751,2023-09-29T14:02:17+00:00,2025-03-30T02:11:54+00:00,,2025-03-30T02:11:54+00:00,,low,issue_closed_at_fallback
63791,2023-02-27T11:35:34+00:00,2025-03-31T02:10:16+00:00,1968e6e244d671001b0a1e91aee018ce4a2ad14b,2023-06-08T09:20:33+00:00,63809.0,medium,pull_request_keyword
67789,2023-05-03T21:22:10+00:00,2025-03-31T02:10:24+00:00,,2025-03-31T02:10:24+00:00,,low,issue_closed_at_fallback
82903,2024-02-16T14:30:33+00:00,2025-03-31T02:11:02+00:00,,2025-03-31T02:11:02+00:00,,low,issue_closed_at_fallback
82906,2024-02-16T14:56:48+00:00,2025-03-31T02:11:03+00:00,,2025-03-31T02:11:03+00:00,,low,issue_closed_at_fallback
101468,2025-02-28T15:14:48+00:00,2025-03-31T10:00:07+00:00,,2025-03-31T10:00:07+00:00,,low,issue_closed_at_fallback
102811,2025-03-25T16:36:55+00:00,2025-03-31T11:28:21+00:00,5668ab9676f80b586e4351b35059b54d2e82dd0a,2025-03-31T11:28:20+00:00,103022.0,medium,pull_request_keyword
103081,2025-03-31T08:20:22+00:00,2025-03-31T14:26:00+00:00,,2025-03-31T14:26:00+00:00,,low,issue_closed_at_fallback
97051,2024-11-26T15:17:44+00:00,2025-03-31T14:52:13+00:00,,2025-03-31T14:52:13+00:00,,low,issue_closed_at_fallback
89127,2024-06-12T16:17:18+00:00,2025-03-31T15:02:23+00:00,,2025-03-31T15:02:23+00:00,,low,issue_closed_at_fallback
102483,2025-03-19T17:22:22+00:00,2025-03-31T15:12:33+00:00,,2025-03-31T15:12:33+00:00,,low,issue_closed_at_fallback
102059,2025-03-12T18:21:24+00:00,2025-03-31T16:43:45+00:00,,2025-03-31T16:43:45+00:00,,low,issue_closed_at_fallback
63740,2023-02-24T13:46:52+00:00,2025-04-01T02:13:56+00:00,,2025-04-01T02:13:56+00:00,,low,issue_closed_at_fallback
63987,2023-03-01T23:34:18+00:00,2025-04-01T02:13:58+00:00,,2025-04-01T02:13:58+00:00,,low,issue_closed_at_fallback
80139,2024-01-08T12:20:07+00:00,2025-04-01T02:14:11+00:00,,2025-04-01T02:14:11+00:00,,low,issue_closed_at_fallback
99417,2025-01-23T09:25:37+00:00,2025-04-01T12:13:01+00:00,feadd37f27b58d3cb17b4384b4620ce6484cfefb,2025-04-01T12:13:00+00:00,102944.0,medium,pull_request_keyword
100545,2025-02-12T18:17:30+00:00,2025-04-01T12:41:27+00:00,fa8dafec77a45e5050858d57b40dccc64a61842f,2025-04-01T12:41:25+00:00,100546.0,medium,pull_request_keyword
103078,2025-03-31T06:48:42+00:00,2025-04-01T21:24:57+00:00,,2025-04-01T21:24:57+00:00,,low,issue_closed_at_fallback
83675,2024-02-29T11:07:11+00:00,2025-04-02T02:08:07+00:00,,2025-04-02T02:08:07+00:00,,low,issue_closed_at_fallback
83686,2024-02-29T12:24:29+00:00,2025-04-02T02:08:09+00:00,,2025-04-02T02:08:09+00:00,,low,issue_closed_at_fallback
83777,2024-03-01T16:20:02+00:00,2025-04-02T02:08:14+00:00,a3f5452dc49a42c765116dfc461f82d539471ed6,2024-05-30T10:43:48+00:00,87677.0,medium,pull_request_keyword
102114,2025-03-13T14:16:22+00:00,2025-04-02T09:01:50+00:00,d6b71f171dbfd4f5634a905260dfb12b2069aac7,2025-04-02T09:01:48+00:00,103233.0,medium,pull_request_keyword
103225,2025-04-01T18:03:29+00:00,2025-04-02T09:49:37+00:00,,2025-04-02T09:49:37+00:00,,low,issue_closed_at_fallback
79785,2023-12-21T10:27:42+00:00,2025-04-02T11:38:12+00:00,,2025-04-02T11:38:12+00:00,,low,issue_closed_at_fallback
101507,2025-03-03T10:02:04+00:00,2025-04-02T14:25:06+00:00,,2025-04-02T14:25:06+00:00,,low,issue_closed_at_fallback
103295,2025-04-02T16:07:38+00:00,2025-04-03T11:50:43+00:00,,2025-04-03T11:50:43+00:00,,low,issue_closed_at_fallback
100103,2025-02-05T08:24:48+00:00,2025-04-03T12:58:16+00:00,,2025-04-03T12:58:16+00:00,,low,issue_closed_at_fallback
102964,2025-03-27T09:12:41+00:00,2025-04-03T13:24:21+00:00,,2025-04-03T13:24:21+00:00,,low,issue_closed_at_fallback
102895,2025-03-26T13:53:33+00:00,2025-04-03T15:19:41+00:00,,2025-04-03T15:19:41+00:00,,low,issue_closed_at_fallback
103245,2025-04-02T01:14:41+00:00,2025-04-03T16:31:38+00:00,,2025-04-03T16:31:38+00:00,,low,issue_closed_at_fallback
103287,2025-04-02T14:34:20+00:00,2025-04-03T21:54:11+00:00,,2025-04-03T21:54:11+00:00,,low,issue_closed_at_fallback
76651,2023-10-16T19:23:07+00:00,2025-04-04T02:06:38+00:00,,2025-04-04T02:06:38+00:00,,low,issue_closed_at_fallback
102882,2025-03-26T11:47:40+00:00,2025-04-04T12:12:53+00:00,e2bc620466be189faadd5cba7094305b0c3fc1d8,2025-04-04T12:12:52+00:00,102881.0,medium,pull_request_keyword
99675,2025-01-28T15:14:06+00:00,2025-04-04T14:19:10+00:00,d16dbc5ac94881491b9b6454b431aa2cb43a9654,2025-04-04T14:19:09+00:00,103304.0,medium,pull_request_keyword
103510,2025-04-07T08:16:06+00:00,2025-04-07T09:12:24+00:00,,2025-04-07T09:12:24+00:00,,low,issue_closed_at_fallback
102111,2025-03-13T13:44:20+00:00,2025-04-07T13:54:02+00:00,,2025-04-07T13:54:02+00:00,,low,issue_closed_at_fallback
102840,2025-03-25T20:58:07+00:00,2025-04-07T15:53:17+00:00,,2025-04-07T15:53:17+00:00,,low,issue_closed_at_fallback
103264,2025-04-02T09:44:03+00:00,2025-04-08T10:23:17+00:00,11bed7b25d989ef7ccc09518bff31cb0dd138dc3,2025-04-08T10:23:16+00:00,103329.0,medium,pull_request_keyword
84042,2024-03-06T23:05:12+00:00,2025-04-08T15:48:38+00:00,,2025-04-08T15:48:38+00:00,,low,issue_closed_at_fallback
103167,2025-04-01T07:36:41+00:00,2025-04-09T07:10:19+00:00,,2025-04-09T07:10:19+00:00,,low,issue_closed_at_fallback
92270,2024-08-22T08:28:55+00:00,2025-04-09T08:23:32+00:00,,2025-04-09T08:23:32+00:00,,low,issue_closed_at_fallback
103637,2025-04-08T16:48:20+00:00,2025-04-09T10:50:50+00:00,,2025-04-09T10:50:50+00:00,,low,issue_closed_at_fallback
103695,2025-04-09T10:52:40+00:00,2025-04-09T12:41:05+00:00,,2025-04-09T12:41:05+00:00,,low,issue_closed_at_fallback
99946,2025-02-02T20:34:18+00:00,2025-04-09T12:51:24+00:00,,2025-04-09T12:51:24+00:00,,low,issue_closed_at_fallback
102718,2025-03-24T14:43:21+00:00,2025-04-09T13:13:34+00:00,,2025-04-09T13:13:34+00:00,,low,issue_closed_at_fallback
102967,2025-03-27T09:34:17+00:00,2025-04-09T16:26:15+00:00,,2025-04-09T16:26:15+00:00,,low,issue_closed_at_fallback
103672,2025-04-09T07:55:48+00:00,2025-04-10T09:21:41+00:00,,2025-04-10T09:21:41+00:00,,low,issue_closed_at_fallback
103675,2025-04-09T08:00:43+00:00,2025-04-10T11:31:29+00:00,,2025-04-10T11:31:29+00:00,,low,issue_closed_at_fallback
103538,2025-04-07T13:39:15+00:00,2025-04-10T14:30:15+00:00,52eaf3f16daa0019e2e92294bdea4f425037a5df,2025-04-10T14:30:14+00:00,103542.0,medium,pull_request_keyword
103569,2025-04-08T03:22:33+00:00,2025-04-10T15:11:29+00:00,,2025-04-10T15:11:29+00:00,,low,issue_closed_at_fallback
103597,2025-04-08T11:17:56+00:00,2025-04-10T15:15:27+00:00,,2025-04-10T15:15:27+00:00,,low,issue_closed_at_fallback
103306,2025-04-02T17:35:00+00:00,2025-04-10T15:19:14+00:00,,2025-04-10T15:19:14+00:00,,low,issue_closed_at_fallback
102141,2025-03-13T16:45:40+00:00,2025-04-10T15:25:16+00:00,,2025-04-10T15:25:16+00:00,,low,issue_closed_at_fallback
103575,2025-04-08T08:01:47+00:00,2025-04-10T19:07:51+00:00,3551e6074cfd113a7fb04dd989d949e64f36e4c4,2025-04-10T19:07:49+00:00,103594.0,medium,pull_request_keyword
103432,2025-04-04T05:15:14+00:00,2025-04-11T02:33:33+00:00,,2025-04-11T02:33:33+00:00,,low,issue_closed_at_fallback
103567,2025-04-08T02:30:43+00:00,2025-04-11T08:56:27+00:00,,2025-04-11T08:56:27+00:00,,low,issue_closed_at_fallback
96976,2024-11-25T11:11:04+00:00,2025-04-11T10:58:16+00:00,,2025-04-11T10:58:16+00:00,,low,issue_closed_at_fallback
102130,2025-03-13T16:02:11+00:00,2025-04-11T13:10:03+00:00,,2025-04-11T13:10:03+00:00,,low,issue_closed_at_fallback
103859,2025-04-11T09:29:32+00:00,2025-04-11T15:27:39+00:00,,2025-04-11T15:27:39+00:00,,low,issue_closed_at_fallback
102969,2025-03-27T09:53:04+00:00,2025-04-11T16:30:52+00:00,,2025-04-11T16:30:52+00:00,,low,issue_closed_at_fallback
82932,2024-02-16T18:04:57+00:00,2025-04-13T02:18:48+00:00,,2025-04-13T02:18:48+00:00,,low,issue_closed_at_fallback
70218,2023-06-16T06:06:18+00:00,2025-04-14T02:10:16+00:00,,2025-04-14T02:10:16+00:00,,low,issue_closed_at_fallback
97072,2024-11-26T22:08:08+00:00,2025-04-14T09:11:27+00:00,,2025-04-14T09:11:27+00:00,,low,issue_closed_at_fallback
103992,2025-04-14T14:52:55+00:00,2025-04-14T15:08:30+00:00,,2025-04-14T15:08:30+00:00,,low,issue_closed_at_fallback
97893,2024-12-13T00:27:44+00:00,2025-04-14T17:42:07+00:00,6fb8028abf4f68a7355e7fbb92466c82fd7c43f1,2025-04-14T17:42:06+00:00,103742.0,medium,pull_request_keyword
103865,2025-04-11T11:10:25+00:00,2025-04-15T09:07:15+00:00,91687735b862377a8dd80e2e7e02215305f14f32,2025-04-15T09:07:14+00:00,103998.0,medium,pull_request_keyword
103974,2025-04-14T11:56:03+00:00,2025-04-16T14:48:29+00:00,,2025-04-16T14:48:29+00:00,,low,issue_closed_at_fallback
104113,2025-04-16T14:40:37+00:00,2025-04-16T15:20:25+00:00,,2025-04-16T15:20:25+00:00,,low,issue_closed_at_fallback
84252,2024-03-12T10:36:53+00:00,2025-04-17T02:08:51+00:00,,2025-04-17T02:08:51+00:00,,low,issue_closed_at_fallback
84386,2024-03-13T15:35:13+00:00,2025-04-17T02:08:58+00:00,,2025-04-17T02:08:58+00:00,,low,issue_closed_at_fallback
84513,2024-03-14T18:38:16+00:00,2025-04-17T02:09:02+00:00,,2025-04-17T02:09:02+00:00,,low,issue_closed_at_fallback
103312,2025-04-02T19:06:17+00:00,2025-04-17T05:11:30+00:00,,2025-04-17T05:11:30+00:00,,low,issue_closed_at_fallback
103279,2025-04-02T13:13:57+00:00,2025-04-17T12:13:51+00:00,,2025-04-17T12:13:51+00:00,,low,issue_closed_at_fallback
95054,2024-10-21T12:50:54+00:00,2025-04-17T16:56:10+00:00,8b28c84017e2a839c6fa9f7226d3ec77e1e52cc9,2025-04-17T12:56:09-04:00,,high,commit_message_keyword
55139,2022-09-13T21:38:43+00:00,2025-04-18T14:57:30+00:00,,2025-04-18T14:57:30+00:00,,low,issue_closed_at_fallback
84957,2024-03-21T21:49:15+00:00,2025-04-21T02:12:45+00:00,,2025-04-21T02:12:45+00:00,,low,issue_closed_at_fallback
101116,2025-02-21T07:58:47+00:00,2025-04-21T08:17:22+00:00,,2025-04-21T08:17:22+00:00,,low,issue_closed_at_fallback
102797,2025-03-25T14:31:44+00:00,2025-04-22T10:53:45+00:00,,2025-04-22T10:53:45+00:00,,low,issue_closed_at_fallback
103658,2025-04-08T23:24:52+00:00,2025-04-22T13:37:42+00:00,,2025-04-22T13:37:42+00:00,,low,issue_closed_at_fallback
85051,2024-03-24T23:01:01+00:00,2025-04-23T01:42:40+00:00,,2025-04-23T01:42:40+00:00,,low,issue_closed_at_fallback
84956,2024-03-21T21:46:12+00:00,2025-04-23T02:09:55+00:00,,2025-04-23T02:09:55+00:00,,low,issue_closed_at_fallback
85025,2024-03-22T23:35:24+00:00,2025-04-23T02:09:57+00:00,,2025-04-23T02:09:57+00:00,,low,issue_closed_at_fallback
85032,2024-03-23T00:16:56+00:00,2025-04-23T02:10:01+00:00,86dd410da85fb01e4e1f4007ab59bd910726e5e1,2024-05-15T18:32:31+00:00,87879.0,medium,pull_request_keyword
104172,2025-04-17T13:02:51+00:00,2025-04-23T08:11:47+00:00,,2025-04-23T08:11:47+00:00,,low,issue_closed_at_fallback
100849,2025-02-17T21:00:44+00:00,2025-04-23T08:48:33+00:00,,2025-04-23T08:48:33+00:00,,low,issue_closed_at_fallback
90427,2024-07-15T08:54:44+00:00,2025-04-23T14:36:00+00:00,,2025-04-23T14:36:00+00:00,,low,issue_closed_at_fallback
103213,2025-04-01T16:30:04+00:00,2025-04-24T11:06:46+00:00,,2025-04-24T11:06:46+00:00,,low,issue_closed_at_fallback
100040,2025-02-04T10:45:09+00:00,2025-04-24T12:10:43+00:00,,2025-04-24T12:10:43+00:00,,low,issue_closed_at_fallback
103524,2025-04-07T11:44:57+00:00,2025-04-24T13:27:53+00:00,,2025-04-24T13:27:53+00:00,,low,issue_closed_at_fallback
62884,2023-02-03T15:13:58+00:00,2025-04-24T16:36:13+00:00,5a10e3b43e1936fa20552bb2772cac4ceb83ac6f,2025-04-24T16:36:12+00:00,104476.0,medium,pull_request_keyword
71119,2023-07-06T11:59:49+00:00,2025-04-25T02:09:50+00:00,,2025-04-25T02:09:50+00:00,,low,issue_closed_at_fallback
85092,2024-03-25T15:52:08+00:00,2025-04-25T02:10:51+00:00,,2025-04-25T02:10:51+00:00,,low,issue_closed_at_fallback
104514,2025-04-25T09:07:25+00:00,2025-04-25T22:03:00+00:00,,2025-04-25T22:03:00+00:00,,low,issue_closed_at_fallback
80993,2024-01-22T14:43:06+00:00,2025-04-26T02:06:39+00:00,,2025-04-26T02:06:39+00:00,,low,issue_closed_at_fallback
85166,2024-03-26T13:29:42+00:00,2025-04-27T02:13:45+00:00,,2025-04-27T02:13:45+00:00,,low,issue_closed_at_fallback
104592,2025-04-26T13:17:32+00:00,2025-04-28T08:23:25+00:00,,2025-04-28T08:23:25+00:00,,low,issue_closed_at_fallback
103349,2025-04-03T10:37:05+00:00,2025-04-28T11:05:24+00:00,,2025-04-28T11:05:24+00:00,,low,issue_closed_at_fallback
85392,2024-03-28T20:59:39+00:00,2025-04-30T02:10:26+00:00,,2025-04-30T02:10:26+00:00,,low,issue_closed_at_fallback
104591,2025-04-26T05:04:25+00:00,2025-04-30T02:56:28+00:00,,2025-04-30T02:56:28+00:00,,low,issue_closed_at_fallback
104371,2025-04-23T05:49:13+00:00,2025-04-30T07:43:26+00:00,,2025-04-30T07:43:26+00:00,,low,issue_closed_at_fallback
104240,2025-04-21T18:44:29+00:00,2025-04-30T08:07:22+00:00,,2025-04-30T08:07:22+00:00,,low,issue_closed_at_fallback
104026,2025-04-15T10:57:10+00:00,2025-04-30T08:26:47+00:00,,2025-04-30T08:26:47+00:00,,low,issue_closed_at_fallback
104755,2025-04-30T03:16:41+00:00,2025-05-01T12:33:45+00:00,,2025-05-01T12:33:45+00:00,,low,issue_closed_at_fallback
98572,2025-01-07T09:15:50+00:00,2025-05-01T13:20:51+00:00,,2025-05-01T13:20:51+00:00,,low,issue_closed_at_fallback
104596,2025-04-27T15:52:14+00:00,2025-05-01T15:16:50+00:00,,2025-05-01T15:16:50+00:00,,low,issue_closed_at_fallback
83738,2024-02-29T23:48:00+00:00,2025-05-02T02:10:49+00:00,,2025-05-02T02:10:49+00:00,,low,issue_closed_at_fallback
87202,2024-05-01T21:05:08+00:00,2025-05-02T02:21:29+00:00,,2025-05-02T02:21:29+00:00,,low,issue_closed_at_fallback
101498,2025-03-03T07:08:55+00:00,2025-05-02T09:12:51+00:00,,2025-05-02T09:12:51+00:00,,low,issue_closed_at_fallback
101186,2025-02-24T03:38:16+00:00,2025-05-02T09:13:55+00:00,,2025-05-02T09:13:55+00:00,,low,issue_closed_at_fallback
103136,2025-03-31T17:06:56+00:00,2025-05-02T09:21:12+00:00,,2025-05-02T09:21:12+00:00,,low,issue_closed_at_fallback
101681,2025-03-06T10:55:20+00:00,2025-05-02T09:27:59+00:00,,2025-05-02T09:27:59+00:00,,low,issue_closed_at_fallback
99727,2025-01-29T06:43:06+00:00,2025-05-02T09:34:04+00:00,,2025-05-02T09:34:04+00:00,,low,issue_closed_at_fallback
99552,2025-01-27T09:56:30+00:00,2025-05-02T09:38:53+00:00,,2025-05-02T09:38:53+00:00,,low,issue_closed_at_fallback
104852,2025-05-02T10:07:34+00:00,2025-05-02T22:40:27+00:00,,2025-05-02T22:40:27+00:00,,low,issue_closed_at_fallback
79202,2023-12-07T04:46:21+00:00,2025-05-03T02:08:32+00:00,,2025-05-03T02:08:32+00:00,,low,issue_closed_at_fallback
85497,2024-04-02T20:28:12+00:00,2025-05-03T02:09:10+00:00,,2025-05-03T02:09:10+00:00,,low,issue_closed_at_fallback
80001,2024-01-03T20:52:36+00:00,2025-05-04T02:15:28+00:00,,2025-05-04T02:15:28+00:00,,low,issue_closed_at_fallback
84960,2024-03-21T22:18:36+00:00,2025-05-04T02:15:49+00:00,,2025-05-04T02:15:49+00:00,,low,issue_closed_at_fallback
79461,2023-12-13T14:34:32+00:00,2025-05-05T02:12:59+00:00,,2025-05-05T02:12:59+00:00,,low,issue_closed_at_fallback
79838,2023-12-22T16:48:49+00:00,2025-05-05T09:25:13+00:00,,2025-05-05T09:25:13+00:00,,low,issue_closed_at_fallback
101936,2025-03-11T12:36:39+00:00,2025-05-05T13:27:54+00:00,,2025-05-05T13:27:54+00:00,,low,issue_closed_at_fallback
102886,2025-03-26T12:45:29+00:00,2025-05-05T17:20:33+00:00,,2025-05-05T17:20:33+00:00,,low,issue_closed_at_fallback
73901,2023-08-28T09:44:44+00:00,2025-05-05T19:12:30+00:00,,2025-05-05T19:12:30+00:00,,low,issue_closed_at_fallback
104104,2025-04-16T13:42:09+00:00,2025-05-05T19:16:06+00:00,cab241fbb6327273f9ca0307fc4150989c1b34ee,2025-05-05T19:16:05+00:00,104561.0,medium,pull_request_keyword
81529,2024-01-30T00:16:30+00:00,2025-05-06T02:11:09+00:00,,2025-05-06T02:11:09+00:00,,low,issue_closed_at_fallback
104137,2025-04-16T20:31:29+00:00,2025-05-06T05:29:08+00:00,7a2fc797fb4aded72996105a240a0b4c4801bce7,2025-05-06T05:29:07+00:00,104612.0,medium,pull_request_keyword
91102,2024-07-27T15:52:40+00:00,2025-05-06T09:34:37+00:00,,2025-05-06T09:34:37+00:00,,low,issue_closed_at_fallback
105022,2025-05-06T15:24:58+00:00,2025-05-06T17:42:34+00:00,,2025-05-06T17:42:34+00:00,,low,issue_closed_at_fallback
85679,2024-04-05T18:57:16+00:00,2025-05-07T02:11:47+00:00,,2025-05-07T02:11:47+00:00,,low,issue_closed_at_fallback
100396,2025-02-11T04:42:23+00:00,2025-05-08T01:05:37+00:00,,2025-05-08T01:05:37+00:00,,low,issue_closed_at_fallback
103185,2025-04-01T12:54:24+00:00,2025-05-08T10:52:24+00:00,,2025-05-08T10:52:24+00:00,,low,issue_closed_at_fallback
104688,2025-04-29T14:11:55+00:00,2025-05-08T13:16:20+00:00,e14c17ef69ca86bf5397a6c0d0d2459316f1cf0a,2025-05-08T13:16:19+00:00,105061.0,medium,pull_request_keyword
102855,2025-03-26T07:49:32+00:00,2025-05-08T13:23:51+00:00,,2025-05-08T13:23:51+00:00,,low,issue_closed_at_fallback
102926,2025-03-26T16:52:56+00:00,2025-05-08T15:10:43+00:00,,2025-05-08T15:10:43+00:00,,low,issue_closed_at_fallback
80084,2024-01-05T14:37:00+00:00,2025-05-09T02:11:18+00:00,,2025-05-09T02:11:18+00:00,,low,issue_closed_at_fallback
85755,2024-04-08T16:47:13+00:00,2025-05-09T02:11:54+00:00,,2025-05-09T02:11:54+00:00,,low,issue_closed_at_fallback
101299,2025-02-25T14:59:28+00:00,2025-05-09T09:30:25+00:00,,2025-05-09T09:30:25+00:00,,low,issue_closed_at_fallback
55237,2022-09-15T11:52:25+00:00,2025-05-10T02:07:56+00:00,,2025-05-10T02:07:56+00:00,,low,issue_closed_at_fallback
83443,2024-02-26T20:20:02+00:00,2025-05-10T02:08:17+00:00,b79119b810f7eb4c8d4f52a8301cf6a38a125a1b,2024-05-01T09:09:00+00:00,85646.0,medium,pull_request_keyword
102763,2025-03-25T09:19:53+00:00,2025-05-12T13:38:21+00:00,,2025-05-12T13:38:21+00:00,,low,issue_closed_at_fallback
104056,2025-04-15T15:37:28+00:00,2025-05-12T14:34:02+00:00,,2025-05-12T14:34:02+00:00,,low,issue_closed_at_fallback
105248,2025-05-12T10:36:30+00:00,2025-05-12T16:43:48+00:00,,2025-05-12T16:43:48+00:00,,low,issue_closed_at_fallback
104948,2025-05-05T15:06:49+00:00,2025-05-13T07:54:15+00:00,,2025-05-13T07:54:15+00:00,,low,issue_closed_at_fallback
83648,2024-02-29T00:00:12+00:00,2025-05-14T02:11:31+00:00,,2025-05-14T02:11:31+00:00,,low,issue_closed_at_fallback
105129,2025-05-08T15:11:38+00:00,2025-05-14T18:53:51+00:00,,2025-05-14T18:53:51+00:00,,low,issue_closed_at_fallback
105432,2025-05-15T03:57:03+00:00,2025-05-15T04:03:55+00:00,,2025-05-15T04:03:55+00:00,,low,issue_closed_at_fallback
104459,2025-04-24T12:19:10+00:00,2025-05-15T07:12:28+00:00,,2025-05-15T07:12:28+00:00,,low,issue_closed_at_fallback
105048,2025-05-07T05:10:01+00:00,2025-05-15T15:50:56+00:00,0041c7e9b7b7c07829831ab1e38309150af3f37e,2025-05-15T15:50:55+00:00,105133.0,medium,pull_request_keyword
101696,2025-03-06T12:37:50+00:00,2025-05-16T10:08:26+00:00,,2025-05-16T10:08:26+00:00,,low,issue_closed_at_fallback
105566,2025-05-16T17:53:08+00:00,2025-05-16T17:58:58+00:00,,2025-05-16T17:58:58+00:00,,low,issue_closed_at_fallback
85851,2024-04-10T10:09:26+00:00,2025-05-17T02:10:31+00:00,,2025-05-17T02:10:31+00:00,,low,issue_closed_at_fallback
86378,2024-04-16T16:33:30+00:00,2025-05-17T02:10:33+00:00,,2025-05-17T02:10:33+00:00,,low,issue_closed_at_fallback
50896,2022-06-15T16:22:20+00:00,2025-05-18T02:15:08+00:00,,2025-05-18T02:15:08+00:00,,low,issue_closed_at_fallback
85037,2024-03-23T01:13:06+00:00,2025-05-19T02:14:53+00:00,,2025-05-19T02:14:53+00:00,,low,issue_closed_at_fallback
104608,2025-04-28T09:31:58+00:00,2025-05-19T07:47:34+00:00,,2025-05-19T07:47:34+00:00,,low,issue_closed_at_fallback
105560,2025-05-16T15:14:22+00:00,2025-05-19T12:05:51+00:00,,2025-05-19T12:05:51+00:00,,low,issue_closed_at_fallback
103883,2025-04-11T12:57:50+00:00,2025-05-19T16:28:16+00:00,c03957d805edfd6d8e21d1cebfc91146cc619628,2025-05-19T16:28:15+00:00,105578.0,medium,pull_request_keyword
92628,2024-08-28T21:48:48+00:00,2025-05-19T20:22:01+00:00,,2025-05-19T20:22:01+00:00,,low,issue_closed_at_fallback
94278,2024-10-04T16:41:06+00:00,2025-05-19T20:24:58+00:00,,2025-05-19T20:24:58+00:00,,low,issue_closed_at_fallback
105660,2025-05-20T09:53:11+00:00,2025-05-20T14:00:22+00:00,,2025-05-20T14:00:22+00:00,,low,issue_closed_at_fallback
104990,2025-05-06T09:21:19+00:00,2025-05-20T17:57:06+00:00,,2025-05-20T17:57:06+00:00,,low,issue_closed_at_fallback
97993,2024-12-16T02:14:54+00:00,2025-05-20T18:07:07+00:00,,2025-05-20T18:07:07+00:00,,low,issue_closed_at_fallback
97797,2024-12-11T14:44:38+00:00,2025-05-20T18:34:42+00:00,,2025-05-20T18:34:42+00:00,,low,issue_closed_at_fallback
105134,2025-05-08T15:57:20+00:00,2025-05-21T15:02:44+00:00,43e2bf5e3837467368adc032bd1b1791b60a55b3,2025-05-21T15:02:42+00:00,105567.0,medium,pull_request_keyword
105770,2025-05-21T18:19:31+00:00,2025-05-22T09:04:11+00:00,,2025-05-22T09:04:11+00:00,,low,issue_closed_at_fallback
101146,2025-02-21T14:08:50+00:00,2025-05-22T14:18:50+00:00,,2025-05-22T14:18:50+00:00,,low,issue_closed_at_fallback
103826,2025-04-10T19:03:21+00:00,2025-05-22T14:43:36+00:00,,2025-04-15T13:11:33+00:00,104016.0,medium,pull_request_keyword
91206,2024-07-30T14:28:16+00:00,2025-05-22T15:21:09+00:00,,2025-05-22T15:21:09+00:00,,low,issue_closed_at_fallback
93495,2024-09-10T18:00:45+00:00,2025-05-22T15:30:31+00:00,,2025-05-22T15:30:31+00:00,,low,issue_closed_at_fallback
93346,2024-09-13T15:52:54+00:00,2025-05-22T15:31:38+00:00,,2025-05-22T15:31:38+00:00,,low,issue_closed_at_fallback
98480,2025-01-03T13:21:58+00:00,2025-05-22T15:44:32+00:00,,2025-05-22T15:44:32+00:00,,low,issue_closed_at_fallback
101201,2025-02-24T09:44:27+00:00,2025-05-22T15:46:49+00:00,,2025-05-22T15:46:49+00:00,,low,issue_closed_at_fallback
101932,2025-03-11T12:17:59+00:00,2025-05-22T16:56:30+00:00,,2025-05-22T16:56:30+00:00,,low,issue_closed_at_fallback
85066,2024-03-25T11:19:35+00:00,2025-05-23T02:12:01+00:00,,2025-05-23T02:12:01+00:00,,low,issue_closed_at_fallback
100256,2025-02-07T10:34:28+00:00,2025-05-23T12:11:23+00:00,392c1a71c98c51ff5600ff7363814b984f525a7e,2025-05-23T12:11:22+00:00,105938.0,medium,pull_request_keyword
105294,2025-05-12T17:13:33+00:00,2025-05-23T18:29:29+00:00,ff23cb1293bdcd9fbf4997ac24cbc3cf274fb474,2025-05-23T14:29:28-04:00,,high,commit_message_keyword
60061,2022-12-08T21:52:03+00:00,2025-05-25T02:15:07+00:00,,2025-05-25T02:15:07+00:00,,low,issue_closed_at_fallback
86819,2024-04-24T00:33:08+00:00,2025-05-25T02:15:50+00:00,,2025-05-25T02:15:50+00:00,,low,issue_closed_at_fallback
70531,2023-06-22T15:29:18+00:00,2025-05-26T02:13:51+00:00,,2025-05-26T02:13:51+00:00,,low,issue_closed_at_fallback
78460,2023-11-21T12:05:28+00:00,2025-05-26T02:13:55+00:00,,2025-05-26T02:13:55+00:00,,low,issue_closed_at_fallback
105655,2025-05-20T08:17:34+00:00,2025-05-27T06:58:59+00:00,,2025-05-27T06:58:59+00:00,,low,issue_closed_at_fallback
105465,2025-05-15T11:46:18+00:00,2025-05-27T16:51:00+00:00,,2025-05-27T16:51:00+00:00,,low,issue_closed_at_fallback
97249,2024-12-02T12:52:21+00:00,2025-05-27T17:42:16+00:00,,2025-05-27T17:42:16+00:00,,low,issue_closed_at_fallback
102816,2025-03-25T18:17:16+00:00,2025-05-27T17:44:00+00:00,,2025-05-27T17:44:00+00:00,,low,issue_closed_at_fallback
102427,2025-03-19T09:41:07+00:00,2025-05-27T17:44:44+00:00,,2025-05-27T17:44:44+00:00,,low,issue_closed_at_fallback
103555,2025-04-07T17:48:59+00:00,2025-05-27T17:49:54+00:00,,2025-05-27T17:49:54+00:00,,low,issue_closed_at_fallback
106006,2025-05-26T12:15:15+00:00,2025-05-28T08:51:31+00:00,72357659983fe2885990606850a2f180275d7dec,2025-05-28T08:51:30+00:00,106125.0,medium,pull_request_keyword
75363,2023-09-25T11:05:52+00:00,2025-05-28T14:57:24+00:00,,2025-05-28T14:57:24+00:00,,low,issue_closed_at_fallback
103124,2025-03-31T15:32:19+00:00,2025-05-28T16:00:39+00:00,7f1a286ffb94b8b14caca7f1ba8025a3ddc62d1a,2025-05-28T12:00:37-04:00,,high,commit_message_keyword
103209,2025-04-01T15:29:36+00:00,2025-05-28T16:07:53+00:00,f151efd3cc7984287f0cc1ee4c56dfea28b882e3,2025-05-28T12:07:51-04:00,,high,commit_message_keyword
104988,2025-05-06T08:57:05+00:00,2025-05-29T06:40:07+00:00,,2025-05-29T06:40:07+00:00,,low,issue_closed_at_fallback
106198,2025-05-29T09:24:35+00:00,2025-05-29T09:30:04+00:00,,2025-05-29T09:30:04+00:00,,low,issue_closed_at_fallback
105571,2025-05-16T20:44:56+00:00,2025-05-29T21:22:36+00:00,,2025-05-29T21:22:36+00:00,,low,issue_closed_at_fallback
87203,2024-05-01T21:09:25+00:00,2025-06-01T02:16:25+00:00,,2025-06-01T02:16:25+00:00,,low,issue_closed_at_fallback
99071,2025-01-16T12:30:38+00:00,2025-06-03T08:34:09+00:00,28e8947c7e0a12920c5730175c5e3487dba05d9c,2025-05-28T10:09:37+00:00,104614.0,medium,pull_request_keyword
105982,2025-05-24T10:39:18+00:00,2025-06-03T19:44:08+00:00,,2025-06-03T19:44:08+00:00,,low,issue_closed_at_fallback
105914,2025-05-23T02:42:14+00:00,2025-06-04T14:05:16+00:00,,2025-06-04T14:05:16+00:00,,low,issue_closed_at_fallback
106253,2025-06-01T21:56:58+00:00,2025-06-05T13:41:45+00:00,6fd66dd690678dfb3f59c3ae560817ecfd1c1bb6,2025-06-05T13:41:43+00:00,106284.0,medium,pull_request_keyword
87515,2024-05-08T15:52:28+00:00,2025-06-08T02:15:49+00:00,,2025-06-08T02:15:49+00:00,,low,issue_closed_at_fallback
101551,2025-03-04T12:08:56+00:00,2025-06-09T10:14:50+00:00,24870931e0dbd31444105a1154d5c41dd3f916ef,2025-04-11T11:34:15+00:00,101920.0,medium,pull_request_keyword
99181,2025-01-17T12:13:08+00:00,2025-06-10T11:45:18+00:00,,2025-06-10T11:45:18+00:00,,low,issue_closed_at_fallback
83941,2024-03-05T23:01:14+00:00,2025-06-10T11:53:26+00:00,,2025-06-10T11:53:26+00:00,,low,issue_closed_at_fallback
105733,2025-05-21T13:02:16+00:00,2025-06-11T12:53:09+00:00,,2025-06-11T12:53:09+00:00,,low,issue_closed_at_fallback
106232,2025-05-30T07:15:22+00:00,2025-06-12T12:41:34+00:00,6156e9c2d8c67ff067b2e88172cd626d5ac3c707,2025-06-12T14:41:33+02:00,,high,commit_message_keyword
92785,2024-08-30T19:54:30+00:00,2025-06-12T13:31:50+00:00,,2025-06-12T13:31:50+00:00,,low,issue_closed_at_fallback
105362,2025-05-14T07:07:39+00:00,2025-06-12T14:39:14+00:00,,2025-06-12T14:39:14+00:00,,low,issue_closed_at_fallback
105411,2025-05-14T15:14:38+00:00,2025-06-12T14:46:54+00:00,,2025-06-12T14:46:54+00:00,,low,issue_closed_at_fallback
106592,2025-06-12T03:18:19+00:00,2025-06-12T15:17:29+00:00,,2025-06-12T15:17:29+00:00,,low,issue_closed_at_fallback
92944,2024-09-04T16:14:04+00:00,2025-06-12T19:13:27+00:00,1e41c07920eb312dcf13604aef4451e437d8a357,2025-06-12T19:13:26+00:00,105638.0,medium,pull_request_keyword
105413,2025-05-14T15:26:41+00:00,2025-06-12T22:07:08+00:00,,2025-06-12T22:07:08+00:00,,low,issue_closed_at_fallback
84045,2024-03-06T23:40:46+00:00,2025-06-13T06:36:34+00:00,,2025-06-13T06:36:34+00:00,,low,issue_closed_at_fallback
105146,2025-05-08T19:53:08+00:00,2025-06-13T16:04:40+00:00,,2025-06-13T16:04:40+00:00,,low,issue_closed_at_fallback
106769,2025-06-16T12:39:57+00:00,2025-06-17T08:52:08+00:00,,2025-06-17T08:52:08+00:00,,low,issue_closed_at_fallback
106749,2025-06-16T07:15:56+00:00,2025-06-17T12:26:42+00:00,,2025-06-17T12:26:42+00:00,,low,issue_closed_at_fallback
85910,2024-04-10T22:45:57+00:00,2025-06-17T15:16:03+00:00,,2025-06-17T15:16:03+00:00,,low,issue_closed_at_fallback
105582,2025-05-17T09:18:30+00:00,2025-06-18T06:57:29+00:00,806068b9de7d3cd4a1482bdaae447f9423a7dd6e,2025-06-18T06:57:28+00:00,105646.0,medium,pull_request_keyword
102015,2025-03-12T10:38:10+00:00,2025-06-18T11:21:47+00:00,,2025-06-18T11:21:47+00:00,,low,issue_closed_at_fallback
106898,2025-06-18T10:18:44+00:00,2025-06-18T13:26:51+00:00,,2025-06-18T13:26:51+00:00,,low,issue_closed_at_fallback
105197,2025-05-09T18:36:41+00:00,2025-06-19T14:18:48+00:00,,2025-06-19T14:18:48+00:00,,low,issue_closed_at_fallback
106987,2025-06-19T12:02:19+00:00,2025-06-20T09:19:15+00:00,,2025-06-20T09:19:15+00:00,,low,issue_closed_at_fallback
106576,2025-06-11T15:55:02+00:00,2025-06-20T12:54:09+00:00,,2025-06-20T12:54:09+00:00,,low,issue_closed_at_fallback
106853,2025-06-17T18:42:25+00:00,2025-06-20T13:45:08+00:00,ac2d2bb2b1bf915ee9e36d162c7285726551c113,2025-06-20T13:45:07+00:00,106862.0,medium,pull_request_keyword
106523,2025-06-11T06:48:52+00:00,2025-06-20T15:07:14+00:00,,2025-06-20T15:07:14+00:00,,low,issue_closed_at_fallback
88324,2024-05-27T08:17:35+00:00,2025-06-20T16:24:59+00:00,,2025-06-20T16:24:59+00:00,,low,issue_closed_at_fallback
106631,2025-06-12T14:00:20+00:00,2025-06-20T21:33:30+00:00,0e35c8bdb415d8bf12d5d11735162fad95138ab2,2025-06-20T21:33:29+00:00,106647.0,medium,pull_request_keyword
87795,2024-05-14T09:34:07+00:00,2025-06-21T02:13:07+00:00,,2025-06-21T02:13:07+00:00,,low,issue_closed_at_fallback
107069,2025-06-21T16:51:40+00:00,2025-06-21T18:39:42+00:00,,2025-06-21T18:39:42+00:00,,low,issue_closed_at_fallback
84468,2024-03-14T13:13:49+00:00,2025-06-22T02:15:50+00:00,,2025-06-22T02:15:50+00:00,,low,issue_closed_at_fallback
93069,2024-09-08T14:05:08+00:00,2025-06-23T23:13:30+00:00,,2025-06-23T23:13:30+00:00,,low,issue_closed_at_fallback
107079,2025-06-23T09:53:44+00:00,2025-06-24T10:27:48+00:00,,2025-06-24T10:27:48+00:00,,low,issue_closed_at_fallback
106809,2025-06-17T08:59:28+00:00,2025-06-24T12:15:46+00:00,f7fafe70f40fcb69dafe9d032bba58444dc14dfc,2025-06-24T12:15:45+00:00,107052.0,medium,pull_request_keyword
106578,2025-06-11T16:35:15+00:00,2025-06-24T13:14:17+00:00,16e5d8a6de9e9c5c78f38e91890c76ebb2bc9206,2025-06-24T13:14:15+00:00,106304.0,medium,pull_request_keyword
106362,2025-06-05T10:26:54+00:00,2025-06-24T14:11:47+00:00,06278615fbbc1714adaa1920f04ac3ba29678bfa,2025-06-24T14:11:46+00:00,107035.0,medium,pull_request_keyword
106970,2025-06-19T08:53:53+00:00,2025-06-24T16:07:15+00:00,,2025-06-24T16:07:15+00:00,,low,issue_closed_at_fallback
100249,2025-02-07T09:26:36+00:00,2025-06-24T19:57:48+00:00,,2025-06-24T19:57:48+00:00,,low,issue_closed_at_fallback
107083,2025-06-23T16:17:29+00:00,2025-06-25T10:37:07+00:00,,2025-06-25T10:37:07+00:00,,low,issue_closed_at_fallback
107161,2025-06-25T02:22:52+00:00,2025-06-25T13:37:14+00:00,,2025-06-25T13:37:14+00:00,,low,issue_closed_at_fallback
107189,2025-06-25T13:14:24+00:00,2025-06-26T00:16:09+00:00,,2025-06-26T00:16:09+00:00,,low,issue_closed_at_fallback
102676,2025-03-23T17:58:55+00:00,2025-06-26T13:10:22+00:00,58a47ef1d61c26db5c6e11cdd71071ead50c0ba5,2025-06-26T13:10:20+00:00,105698.0,medium,pull_request_keyword
106937,2025-06-18T15:03:25+00:00,2025-06-27T09:26:27+00:00,,2025-06-27T09:26:27+00:00,,low,issue_closed_at_fallback
88004,2024-05-16T19:28:48+00:00,2025-06-27T13:28:14+00:00,ee6cbd0efc5eefcb4ba8013240810b9dcea58734,2025-06-27T13:28:13+00:00,107147.0,medium,pull_request_keyword
107337,2025-06-27T17:14:04+00:00,2025-06-27T17:20:02+00:00,,2025-06-27T17:20:02+00:00,,low,issue_closed_at_fallback
51923,2022-07-07T15:49:32+00:00,2025-06-30T02:15:16+00:00,,2025-06-30T02:15:16+00:00,,low,issue_closed_at_fallback
106252,2025-06-01T18:44:53+00:00,2025-06-30T07:28:50+00:00,,2025-06-30T07:28:50+00:00,,low,issue_closed_at_fallback
92792,2024-09-01T13:44:24+00:00,2025-06-30T11:58:39+00:00,7940da4803d512f50211a1463921cf0e048d057b,2025-06-30T13:58:37+02:00,,high,commit_message_keyword
106007,2025-05-26T12:29:12+00:00,2025-06-30T14:24:08+00:00,,2025-06-30T14:24:08+00:00,,low,issue_closed_at_fallback
88227,2024-05-23T13:28:21+00:00,2025-06-30T14:35:18+00:00,,2025-06-30T14:35:18+00:00,,low,issue_closed_at_fallback
103948,2025-04-11T21:27:47+00:00,2025-06-30T21:45:26+00:00,,2025-05-16T14:56:54+00:00,104178.0,medium,pull_request_keyword
68393,2023-05-12T15:37:24+00:00,2025-06-30T21:54:28+00:00,,2025-06-30T21:54:28+00:00,,low,issue_closed_at_fallback
107377,2025-06-30T08:55:28+00:00,2025-07-01T04:04:53+00:00,,2025-07-01T04:04:53+00:00,,low,issue_closed_at_fallback
104057,2025-04-15T15:39:43+00:00,2025-07-01T13:58:41+00:00,,2025-07-01T13:58:41+00:00,,low,issue_closed_at_fallback
89887,2024-07-01T07:15:36+00:00,2025-07-02T06:32:14+00:00,,2025-07-02T06:32:14+00:00,,low,issue_closed_at_fallback
107462,2025-07-01T12:43:16+00:00,2025-07-02T08:11:13+00:00,,2025-07-02T08:11:13+00:00,,low,issue_closed_at_fallback
48141,2022-04-22T19:22:17+00:00,2025-07-02T10:24:30+00:00,,2025-07-02T10:24:30+00:00,,low,issue_closed_at_fallback
107413,2025-06-30T17:42:01+00:00,2025-07-02T14:11:34+00:00,a01b1536f99e395e3183375637061f1e5fb55b51,2025-07-02T14:11:33+00:00,107414.0,medium,pull_request_keyword
107520,2025-07-02T13:37:52+00:00,2025-07-02T15:21:56+00:00,,2025-07-02T15:21:56+00:00,,low,issue_closed_at_fallback
70241,2023-06-16T12:45:48+00:00,2025-07-03T02:14:55+00:00,,2025-07-03T02:14:55+00:00,,low,issue_closed_at_fallback
103365,2025-04-03T13:24:48+00:00,2025-07-03T07:40:17+00:00,,2025-07-03T07:40:17+00:00,,low,issue_closed_at_fallback
106686,2025-06-13T03:07:57+00:00,2025-07-03T09:35:58+00:00,,2025-07-03T09:35:58+00:00,,low,issue_closed_at_fallback
107360,2025-06-28T00:22:34+00:00,2025-07-03T09:48:37+00:00,,2025-07-03T09:48:37+00:00,,low,issue_closed_at_fallback
104164,2025-04-17T11:21:49+00:00,2025-07-03T10:01:41+00:00,,2025-07-03T10:01:41+00:00,,low,issue_closed_at_fallback
102471,2025-03-19T15:40:23+00:00,2025-07-03T10:09:08+00:00,,2025-07-03T10:09:08+00:00,,low,issue_closed_at_fallback
98928,2025-01-14T08:55:46+00:00,2025-07-03T11:49:10+00:00,,2025-07-03T11:49:10+00:00,,low,issue_closed_at_fallback
96505,2024-11-14T20:24:51+00:00,2025-07-03T13:12:48+00:00,,2025-07-03T13:12:48+00:00,,low,issue_closed_at_fallback
96336,2024-11-12T16:19:23+00:00,2025-07-03T15:17:32+00:00,,2025-07-03T15:17:32+00:00,,low,issue_closed_at_fallback
98496,2025-01-04T09:34:46+00:00,2025-07-03T15:59:22+00:00,,2025-07-03T15:59:22+00:00,,low,issue_closed_at_fallback
99960,2025-02-03T11:13:03+00:00,2025-07-03T16:11:12+00:00,,2025-07-03T16:11:12+00:00,,low,issue_closed_at_fallback
105822,2025-05-22T10:14:48+00:00,2025-07-04T08:58:30+00:00,,2025-07-04T08:58:30+00:00,,low,issue_closed_at_fallback
103532,2025-04-07T12:20:40+00:00,2025-07-04T09:41:21+00:00,,2025-07-04T09:41:21+00:00,,low,issue_closed_at_fallback
107530,2025-07-02T15:33:51+00:00,2025-07-04T11:45:32+00:00,3ba2457a7090b2b76f4b368c8a9db835d0bec66c,2025-07-04T11:45:31+00:00,107534.0,medium,pull_request_keyword
89705,2024-06-25T16:17:25+00:00,2025-07-04T12:23:39+00:00,,2025-07-04T12:23:39+00:00,,low,issue_closed_at_fallback
106011,2025-05-26T13:08:02+00:00,2025-07-04T16:15:31+00:00,5edbdb7c4f945634c6afa87db5e7a711f14e8d19,2025-07-04T16:15:30+00:00,107394.0,medium,pull_request_keyword
88691,2024-06-04T12:44:00+00:00,2025-07-06T02:16:17+00:00,,2025-07-06T02:16:17+00:00,,low,issue_closed_at_fallback
107361,2025-06-28T15:21:11+00:00,2025-07-06T12:58:15+00:00,,2025-07-06T12:58:15+00:00,,low,issue_closed_at_fallback
61259,2023-01-11T09:08:22+00:00,2025-07-07T02:15:22+00:00,c84b9494c401e5fbd25969bfeb80ec9d068d6248,2024-08-18T01:57:37+00:00,89144.0,medium,pull_request_keyword
105667,2025-05-20T11:58:46+00:00,2025-07-07T08:33:47+00:00,,2025-07-07T08:33:47+00:00,,low,issue_closed_at_fallback
105917,2025-05-23T06:11:58+00:00,2025-07-07T12:06:03+00:00,,2025-07-07T12:06:03+00:00,,low,issue_closed_at_fallback
102413,2025-03-18T23:18:06+00:00,2025-07-07T13:51:21+00:00,,2025-07-07T13:51:21+00:00,,low,issue_closed_at_fallback
101210,2025-02-24T12:10:41+00:00,2025-07-07T13:53:03+00:00,,2025-07-07T13:53:03+00:00,,low,issue_closed_at_fallback
107541,2025-07-02T19:32:39+00:00,2025-07-07T14:24:44+00:00,,2025-07-07T14:24:44+00:00,,low,issue_closed_at_fallback
107494,2025-07-02T06:29:36+00:00,2025-07-08T13:08:03+00:00,2e3c2df6bf677bde44017112809089aa4284e513,2025-07-08T13:08:01+00:00,107723.0,medium,pull_request_keyword
102340,2025-03-18T06:33:58+00:00,2025-07-08T18:37:56+00:00,,2025-07-08T18:37:56+00:00,,low,issue_closed_at_fallback
88947,2024-06-07T19:46:58+00:00,2025-07-09T02:15:33+00:00,,2025-07-09T02:15:33+00:00,,low,issue_closed_at_fallback
103164,2025-04-01T04:27:11+00:00,2025-07-09T08:53:33+00:00,e78411f17a574d49f3852dfeab0685f8a05295f1,2025-07-09T08:53:32+00:00,107245.0,medium,pull_request_keyword
97158,2024-11-28T12:53:22+00:00,2025-07-09T10:24:23+00:00,92121a1030e63ea36cfce0442b89665d90eca46b,2025-07-09T10:24:22+00:00,107869.0,medium,pull_request_keyword
107804,2025-07-08T20:06:07+00:00,2025-07-09T11:40:17+00:00,,2025-07-09T11:40:17+00:00,,low,issue_closed_at_fallback
102940,2025-03-26T20:16:45+00:00,2025-07-09T16:26:51+00:00,,2025-07-09T16:26:51+00:00,,low,issue_closed_at_fallback
95623,2024-10-30T16:48:55+00:00,2025-07-09T16:32:07+00:00,,2025-07-09T16:32:07+00:00,,low,issue_closed_at_fallback
107007,2025-06-19T18:53:34+00:00,2025-07-09T16:35:17+00:00,,2025-07-09T16:35:17+00:00,,low,issue_closed_at_fallback
104181,2025-04-17T20:16:33+00:00,2025-07-09T17:48:44+00:00,,2025-07-09T17:48:44+00:00,,low,issue_closed_at_fallback
107743,2025-07-07T21:46:34+00:00,2025-07-10T16:50:15+00:00,,2025-07-10T16:50:15+00:00,,low,issue_closed_at_fallback
106889,2025-06-18T08:45:09+00:00,2025-07-10T16:59:43+00:00,,2025-07-10T16:59:43+00:00,,low,issue_closed_at_fallback
104957,2025-05-05T17:35:15+00:00,2025-07-10T20:41:58+00:00,,2025-07-10T20:41:58+00:00,,low,issue_closed_at_fallback
107148,2025-06-24T18:11:59+00:00,2025-07-10T23:47:20+00:00,a01b4c31a1fe358420095e0278b10437e8425e8a,2025-07-10T23:47:18+00:00,107152.0,medium,pull_request_keyword
88978,2024-06-10T12:09:39+00:00,2025-07-11T02:15:58+00:00,,2025-07-11T02:15:58+00:00,,low,issue_closed_at_fallback
105308,2025-05-13T06:58:16+00:00,2025-07-11T13:49:22+00:00,3a9cf3c9af18f39575ac9f32a3a396b0706a2917,2025-07-27T02:17:17+00:00,105645.0,medium,pull_request_keyword
85772,2024-04-08T23:24:29+00:00,2025-07-11T15:19:42+00:00,,2025-07-11T15:19:42+00:00,,low,issue_closed_at_fallback
108029,2025-07-11T14:12:02+00:00,2025-07-12T00:18:26+00:00,,2025-07-12T00:18:26+00:00,,low,issue_closed_at_fallback
108086,2025-07-14T18:55:25+00:00,2025-07-14T19:53:19+00:00,,2025-07-14T19:53:19+00:00,,low,issue_closed_at_fallback
60703,2022-12-22T15:42:10+00:00,2025-07-15T02:15:31+00:00,,2025-07-15T02:15:31+00:00,,low,issue_closed_at_fallback
65872,2023-04-03T18:22:44+00:00,2025-07-15T02:15:36+00:00,,2025-07-15T02:15:36+00:00,,low,issue_closed_at_fallback
107506,2025-07-02T10:04:36+00:00,2025-07-15T06:37:45+00:00,,2025-07-15T06:37:45+00:00,,low,issue_closed_at_fallback
75036,2023-09-18T18:09:29+00:00,2025-07-15T06:39:42+00:00,,2025-07-15T06:39:42+00:00,,low,issue_closed_at_fallback
108067,2025-07-14T14:19:04+00:00,2025-07-15T13:38:57+00:00,66c56cdb839443f254879d5b94449c4d0126073a,2025-04-22T12:14:24+00:00,103984.0,medium,pull_request_keyword
106496,2025-06-10T16:38:57+00:00,2025-07-15T14:57:07+00:00,,2025-07-15T14:57:07+00:00,,low,issue_closed_at_fallback
108126,2025-07-15T13:52:58+00:00,2025-07-17T06:03:40+00:00,0d2657e2f0991c236708099af8e6a476d38802fb,2025-07-17T06:03:39+00:00,108162.0,medium,pull_request_keyword
108166,2025-07-16T08:22:59+00:00,2025-07-17T11:12:19+00:00,,2025-07-17T11:12:19+00:00,,low,issue_closed_at_fallback
107734,2025-07-07T17:41:41+00:00,2025-07-17T13:35:47+00:00,,2025-07-17T13:35:47+00:00,,low,issue_closed_at_fallback
100216,2025-02-06T16:12:04+00:00,2025-07-17T15:19:47+00:00,,2025-07-17T15:19:47+00:00,,low,issue_closed_at_fallback
65981,2023-04-05T07:32:33+00:00,2025-07-18T02:15:32+00:00,,2025-07-18T02:15:32+00:00,,low,issue_closed_at_fallback
89279,2024-06-17T10:03:59+00:00,2025-07-18T02:16:07+00:00,,2025-07-18T02:16:07+00:00,,low,issue_closed_at_fallback
104076,2025-04-15T22:04:03+00:00,2025-07-18T14:29:40+00:00,f009c2dcddc238f5929f892d887ec60f7699357c,2025-07-18T14:29:39+00:00,108277.0,medium,pull_request_keyword
87287,2024-05-03T05:33:39+00:00,2025-07-20T02:16:06+00:00,,2025-07-20T02:16:06+00:00,,low,issue_closed_at_fallback
106390,2025-06-06T09:02:44+00:00,2025-07-21T12:52:32+00:00,,2025-07-21T12:52:32+00:00,,low,issue_closed_at_fallback
107866,2025-07-09T09:29:18+00:00,2025-07-21T15:55:31+00:00,,2025-07-21T15:55:31+00:00,,low,issue_closed_at_fallback
103704,2025-04-09T12:14:01+00:00,2025-07-21T17:44:00+00:00,,2025-07-21T17:44:00+00:00,,low,issue_closed_at_fallback
101068,2025-02-20T14:20:08+00:00,2025-07-21T17:47:06+00:00,,2025-07-21T17:47:06+00:00,,low,issue_closed_at_fallback
104667,2025-04-29T05:17:47+00:00,2025-07-21T17:47:59+00:00,,2025-07-21T17:47:59+00:00,,low,issue_closed_at_fallback
107651,2025-07-04T19:22:19+00:00,2025-07-21T21:44:11+00:00,,2025-07-21T21:44:11+00:00,,low,issue_closed_at_fallback
101962,2025-03-11T17:08:44+00:00,2025-07-22T13:51:30+00:00,,2025-07-22T13:51:30+00:00,,low,issue_closed_at_fallback
94007,2024-09-30T14:22:04+00:00,2025-07-22T15:45:51+00:00,,2025-07-22T15:45:51+00:00,,low,issue_closed_at_fallback
106555,2025-06-11T13:02:21+00:00,2025-07-22T15:47:54+00:00,a421f55cd5ffd10d69ef0219dbedead3ef97c5e3,2025-07-22T15:47:53+00:00,107993.0,medium,pull_request_keyword
104124,2025-04-16T16:52:14+00:00,2025-07-22T18:23:38+00:00,,2025-07-22T18:23:38+00:00,,low,issue_closed_at_fallback
99527,2025-01-24T21:05:57+00:00,2025-07-22T18:26:33+00:00,,2025-07-22T18:26:33+00:00,,low,issue_closed_at_fallback
101544,2025-03-04T05:54:03+00:00,2025-07-22T22:26:40+00:00,,2025-07-22T22:26:40+00:00,,low,issue_closed_at_fallback
76712,2023-10-17T17:05:04+00:00,2025-07-23T02:15:33+00:00,,2025-07-23T02:15:33+00:00,,low,issue_closed_at_fallback
93241,2024-09-11T19:43:31+00:00,2025-07-23T10:52:20+00:00,,2025-07-23T10:52:20+00:00,,low,issue_closed_at_fallback
98780,2025-01-10T04:06:43+00:00,2025-07-23T19:35:55+00:00,,2025-07-23T19:35:55+00:00,,low,issue_closed_at_fallback
107085,2025-06-23T18:28:44+00:00,2025-07-23T22:41:28+00:00,95eb66be3d1c272e19bcaf522bce7aecae8689ba,2025-07-23T22:41:27+00:00,108410.0,medium,pull_request_keyword
105991,2025-05-26T05:55:35+00:00,2025-07-24T06:25:03+00:00,,2025-07-24T06:25:03+00:00,,low,issue_closed_at_fallback
101443,2025-02-28T00:03:32+00:00,2025-07-24T15:29:36+00:00,,2025-07-24T15:29:36+00:00,,low,issue_closed_at_fallback
108600,2025-07-24T13:58:30+00:00,2025-07-24T18:12:44+00:00,,2025-07-24T18:12:44+00:00,,low,issue_closed_at_fallback
89618,2024-06-24T12:09:32+00:00,2025-07-25T02:15:50+00:00,,2025-07-25T02:15:50+00:00,,low,issue_closed_at_fallback
107264,2025-06-26T15:16:52+00:00,2025-07-25T14:41:22+00:00,,2025-07-25T14:41:22+00:00,,low,issue_closed_at_fallback
108125,2025-07-15T13:44:49+00:00,2025-07-25T21:43:37+00:00,,2025-07-25T21:43:37+00:00,,low,issue_closed_at_fallback
89717,2024-06-25T18:35:52+00:00,2025-07-26T02:15:38+00:00,,2025-07-26T02:15:38+00:00,,low,issue_closed_at_fallback
89782,2024-06-26T13:59:14+00:00,2025-07-27T02:16:43+00:00,,2025-07-27T02:16:43+00:00,,low,issue_closed_at_fallback
89793,2024-06-26T16:07:04+00:00,2025-07-28T02:16:19+00:00,,2025-07-28T02:16:19+00:00,,low,issue_closed_at_fallback
108559,2025-07-23T21:24:38+00:00,2025-07-28T09:15:54+00:00,15f291aa8ea72dd5bd080409361a25e23b8a8422,2025-07-28T09:15:51+00:00,108560.0,medium,pull_request_keyword
107600,2025-07-03T22:48:22+00:00,2025-07-28T13:08:36+00:00,f7523f03bc71f14b67fc9318cdc435cc5403eb44,2025-07-28T13:08:35+00:00,108616.0,medium,pull_request_keyword
107167,2025-06-25T07:29:56+00:00,2025-07-28T15:46:24+00:00,,2025-07-28T15:46:24+00:00,,low,issue_closed_at_fallback
104062,2025-04-15T16:58:10+00:00,2025-07-28T16:12:49+00:00,,2025-07-28T16:12:49+00:00,,low,issue_closed_at_fallback
108804,2025-07-28T14:32:01+00:00,2025-07-28T21:03:57+00:00,4b9e03e7c07d70c62c5cadba3a73c94e1268a8df,2025-07-28T21:03:55+00:00,,high,commit_message_keyword
106783,2025-06-16T15:17:28+00:00,2025-07-29T10:16:34+00:00,c32aaf63e8d753d117ed3c799870ab8068c92b78,2025-07-29T10:16:33+00:00,108524.0,medium,pull_request_keyword
97845,2024-12-12T13:25:09+00:00,2025-07-30T09:44:45+00:00,d14e794aa48dda2df5c98ae39f39272e9abdcde7,2025-07-30T09:44:44+00:00,108843.0,medium,pull_request_keyword
108527,2025-07-23T13:54:07+00:00,2025-07-30T13:47:49+00:00,,2025-07-30T13:47:49+00:00,,low,issue_closed_at_fallback
108070,2025-07-14T14:19:08+00:00,2025-07-30T14:14:45+00:00,4a34a2313c08607dfe1b38649df633ce8ccf9b76,2025-07-30T14:14:44+00:00,108873.0,medium,pull_request_keyword
104372,2025-04-23T06:53:48+00:00,2025-07-31T14:40:44+00:00,,2025-07-31T14:40:44+00:00,,low,issue_closed_at_fallback
88169,2024-05-22T12:07:31+00:00,2025-07-31T15:43:51+00:00,,2025-07-31T15:43:51+00:00,,low,issue_closed_at_fallback
108651,2025-07-25T07:08:11+00:00,2025-08-01T12:56:32+00:00,,2025-08-01T12:56:32+00:00,,low,issue_closed_at_fallback
96603,2024-11-18T07:44:56+00:00,2025-08-01T13:09:08+00:00,,2025-08-01T13:09:08+00:00,,low,issue_closed_at_fallback
89847,2024-06-27T14:38:12+00:00,2025-08-03T02:16:45+00:00,,2025-08-03T02:16:45+00:00,,low,issue_closed_at_fallback
85448,2024-04-02T07:12:39+00:00,2025-08-04T02:16:27+00:00,,2025-08-04T02:16:27+00:00,,low,issue_closed_at_fallback
106183,2025-05-28T20:13:13+00:00,2025-08-04T09:08:31+00:00,,2025-08-04T09:08:31+00:00,,low,issue_closed_at_fallback
105971,2025-05-23T18:33:44+00:00,2025-08-04T12:53:28+00:00,0dfcaf56d356cacc65f75c5d0475fc835a18c51e,2025-08-04T12:53:26+00:00,108421.0,medium,pull_request_keyword
108783,2025-07-28T11:52:42+00:00,2025-08-04T15:09:14+00:00,990f1c69ecc2f9e9438fc27fab781086d4aeb77c,2025-08-04T15:09:13+00:00,108924.0,medium,pull_request_keyword
109063,2025-08-01T15:26:44+00:00,2025-08-05T09:23:39+00:00,,2025-08-05T09:23:39+00:00,,low,issue_closed_at_fallback
109061,2025-08-01T15:11:34+00:00,2025-08-05T09:33:40+00:00,,2025-08-05T09:33:40+00:00,,low,issue_closed_at_fallback
107943,2025-07-10T09:12:35+00:00,2025-08-06T12:16:56+00:00,,2025-08-06T12:16:56+00:00,,low,issue_closed_at_fallback
109058,2025-08-01T14:58:01+00:00,2025-08-06T12:18:11+00:00,,2025-08-06T12:18:11+00:00,,low,issue_closed_at_fallback
109222,2025-08-06T06:02:29+00:00,2025-08-06T13:20:56+00:00,,2025-08-06T13:20:56+00:00,,low,issue_closed_at_fallback
94821,2024-10-16T15:24:16+00:00,2025-08-06T13:27:18+00:00,,2025-08-06T13:27:18+00:00,,low,issue_closed_at_fallback
108952,2025-07-30T23:33:22+00:00,2025-08-06T13:52:36+00:00,7e603d855dca94a00dd3b32ef7608ac8cab229d1,2025-08-06T13:52:35+00:00,109008.0,medium,pull_request_keyword
109138,2025-08-04T15:33:29+00:00,2025-08-06T14:08:51+00:00,,2025-08-06T14:08:51+00:00,,low,issue_closed_at_fallback
107700,2025-07-07T14:09:46+00:00,2025-08-07T11:32:48+00:00,,2025-08-07T11:32:48+00:00,,low,issue_closed_at_fallback
92234,2024-08-21T16:34:09+00:00,2025-08-07T14:10:30+00:00,,2025-08-07T14:10:30+00:00,,low,issue_closed_at_fallback
105092,2025-05-08T09:05:07+00:00,2025-08-08T11:34:22+00:00,,2025-08-08T11:34:22+00:00,,low,issue_closed_at_fallback
106308,2025-06-04T07:44:44+00:00,2025-08-08T17:29:08+00:00,,2025-08-08T17:29:08+00:00,,low,issue_closed_at_fallback
89841,2024-06-27T13:49:05+00:00,2025-08-10T02:16:21+00:00,,2025-08-10T02:16:21+00:00,,low,issue_closed_at_fallback
90307,2024-07-10T21:08:48+00:00,2025-08-10T02:16:28+00:00,,2025-08-10T02:16:28+00:00,,low,issue_closed_at_fallback
109376,2025-08-08T07:22:52+00:00,2025-08-10T10:19:20+00:00,,2025-08-10T10:19:20+00:00,,low,issue_closed_at_fallback
62260,2023-01-26T18:49:44+00:00,2025-08-11T02:15:40+00:00,,2025-08-11T02:15:40+00:00,,low,issue_closed_at_fallback
89265,2024-06-17T06:33:42+00:00,2025-08-11T06:13:47+00:00,,2025-08-11T06:13:47+00:00,,low,issue_closed_at_fallback
108746,2025-07-27T20:47:56+00:00,2025-08-11T10:49:39+00:00,,2025-08-11T10:49:39+00:00,,low,issue_closed_at_fallback
106584,2025-06-11T20:13:44+00:00,2025-08-11T13:55:53+00:00,,2025-08-11T13:55:53+00:00,,low,issue_closed_at_fallback
105585,2025-05-17T16:08:43+00:00,2025-08-11T16:45:21+00:00,43ac5b52f9bc705756e91c9e61090300bd2fe29f,2025-08-11T16:45:20+00:00,105586.0,medium,pull_request_keyword
109182,2025-08-05T10:23:28+00:00,2025-08-12T16:40:09+00:00,4e64372b0b4cbf141e4aaabb5915df880f53660b,2025-08-11T08:25:09+00:00,109443.0,medium,pull_request_keyword
109613,2025-08-13T15:17:18+00:00,2025-08-13T17:22:08+00:00,b34642b1880a496c51b6fa826aa52ac5612f3165,2025-08-13T17:22:07+00:00,109491.0,medium,pull_request_keyword
102160,2025-03-13T21:46:35+00:00,2025-08-14T08:45:32+00:00,,2025-08-14T08:45:32+00:00,,low,issue_closed_at_fallback
109378,2025-08-08T07:45:50+00:00,2025-08-14T15:10:15+00:00,,2025-08-14T15:10:15+00:00,,low,issue_closed_at_fallback
103737,2025-04-09T16:38:36+00:00,2025-08-14T15:31:28+00:00,,2025-08-14T15:31:28+00:00,,low,issue_closed_at_fallback
109681,2025-08-14T15:31:18+00:00,2025-08-14T16:27:51+00:00,,2025-08-14T16:27:51+00:00,,low,issue_closed_at_fallback
109635,2025-08-13T19:05:26+00:00,2025-08-14T16:29:43+00:00,,2025-08-14T16:29:43+00:00,,low,issue_closed_at_fallback
109367,2025-08-07T21:01:47+00:00,2025-08-14T20:19:45+00:00,17444fdc0d6e1c6b577fb985a46491e655e034fa,2025-08-14T20:19:44+00:00,109699.0,medium,pull_request_keyword
109649,2025-08-14T07:59:00+00:00,2025-08-15T08:58:29+00:00,,2025-08-15T08:58:29+00:00,,low,issue_closed_at_fallback
107144,2025-06-24T17:22:01+00:00,2025-08-15T14:16:38+00:00,,2025-08-15T14:16:38+00:00,,low,issue_closed_at_fallback
101290,2025-02-25T12:27:18+00:00,2025-08-15T18:01:39+00:00,,2025-08-15T18:01:39+00:00,,low,issue_closed_at_fallback
109767,2025-08-16T08:00:15+00:00,2025-08-17T21:54:02+00:00,,2025-08-17T21:54:02+00:00,,low,issue_closed_at_fallback
90544,2024-07-17T15:50:58+00:00,2025-08-18T02:16:29+00:00,,2025-08-18T02:16:29+00:00,,low,issue_closed_at_fallback
90561,2024-07-17T19:33:13+00:00,2025-08-18T02:16:31+00:00,,2025-08-18T02:16:31+00:00,,low,issue_closed_at_fallback
92033,2024-08-16T19:21:40+00:00,2025-08-18T14:23:48+00:00,,2025-08-18T14:23:48+00:00,,low,issue_closed_at_fallback
109532,2025-08-12T13:50:24+00:00,2025-08-19T10:00:06+00:00,,2025-08-19T10:00:06+00:00,,low,issue_closed_at_fallback
109716,2025-08-15T01:11:57+00:00,2025-08-19T13:37:45+00:00,,2025-08-19T13:37:45+00:00,,low,issue_closed_at_fallback
109859,2025-08-19T12:43:55+00:00,2025-08-19T15:43:16+00:00,,2025-08-19T15:43:16+00:00,,low,issue_closed_at_fallback
109126,2025-08-04T13:34:32+00:00,2025-08-19T20:14:46+00:00,,2025-08-19T20:14:46+00:00,,low,issue_closed_at_fallback
109842,2025-08-19T09:24:25+00:00,2025-08-19T20:51:36+00:00,,2025-08-19T20:51:36+00:00,,low,issue_closed_at_fallback
109875,2025-08-19T18:14:47+00:00,2025-08-19T21:22:34+00:00,,2025-08-19T21:22:34+00:00,,low,issue_closed_at_fallback
98996,2025-01-15T06:38:22+00:00,2025-08-19T21:59:47+00:00,,2025-08-19T21:59:47+00:00,,low,issue_closed_at_fallback
109456,2025-08-11T10:43:54+00:00,2025-08-20T11:16:41+00:00,,2025-08-20T11:16:41+00:00,,low,issue_closed_at_fallback
106405,2025-06-06T15:02:09+00:00,2025-08-20T17:19:49+00:00,7fd5121c4fa523e33990d3228826db3ac327d2a6,2025-08-20T17:19:47+00:00,106417.0,medium,pull_request_keyword
109830,2025-08-18T21:01:13+00:00,2025-08-21T21:18:41+00:00,,2025-08-21T21:18:41+00:00,,low,issue_closed_at_fallback
110067,2025-08-22T21:03:56+00:00,2025-08-22T21:11:16+00:00,,2025-08-22T21:11:16+00:00,,low,issue_closed_at_fallback
103435,2025-04-04T06:32:49+00:00,2025-08-23T02:23:32+00:00,c4073bf5fb0783471bc4fa05e5d1143f770e9be8,2025-08-23T02:23:01+00:00,107763.0,medium,pull_request_keyword
96949,2024-11-22T21:41:25+00:00,2025-08-23T18:13:39+00:00,,2025-08-23T18:13:39+00:00,,low,issue_closed_at_fallback
90804,2024-07-23T06:53:02+00:00,2025-08-24T02:16:02+00:00,,2025-08-24T02:16:02+00:00,,low,issue_closed_at_fallback
89794,2024-06-26T16:10:54+00:00,2025-08-25T02:13:16+00:00,,2025-08-25T02:13:16+00:00,,low,issue_closed_at_fallback
109805,2025-08-13T08:15:56+00:00,2025-08-25T10:41:57+00:00,,2025-08-25T10:41:57+00:00,,low,issue_closed_at_fallback
109889,2025-08-20T03:33:38+00:00,2025-08-25T15:10:37+00:00,,2025-08-25T15:10:37+00:00,,low,issue_closed_at_fallback
109386,2025-08-08T11:23:02+00:00,2025-08-25T19:47:12+00:00,67502a5a7cca36367e9bf7be239ed7421ffcbbdc,2025-08-25T19:47:11+00:00,109939.0,medium,pull_request_keyword
109499,2025-08-11T23:39:56+00:00,2025-08-26T00:14:05+00:00,e87652060ce6764b17b46c6ad0dbbea2fbe8b42e,2025-08-26T00:14:04+00:00,109876.0,medium,pull_request_keyword
90950,2024-07-25T14:45:04+00:00,2025-08-26T02:11:06+00:00,,2025-08-26T02:11:06+00:00,,low,issue_closed_at_fallback
108732,2025-07-26T03:53:42+00:00,2025-08-26T10:58:48+00:00,,2025-08-26T10:58:48+00:00,,low,issue_closed_at_fallback
109652,2025-08-14T08:26:12+00:00,2025-08-26T13:45:04+00:00,,2025-08-26T13:45:04+00:00,,low,issue_closed_at_fallback
89915,2024-07-01T14:11:04+00:00,2025-08-27T02:08:11+00:00,,2025-08-27T02:08:11+00:00,,low,issue_closed_at_fallback
90870,2024-07-23T21:52:44+00:00,2025-08-27T02:08:22+00:00,,2025-08-27T02:08:22+00:00,,low,issue_closed_at_fallback
91068,2024-07-26T15:08:05+00:00,2025-08-27T02:08:28+00:00,,2025-08-27T02:08:28+00:00,,low,issue_closed_at_fallback
110177,2025-08-26T15:36:10+00:00,2025-08-27T13:19:50+00:00,,2025-08-27T13:19:50+00:00,,low,issue_closed_at_fallback
98296,2024-12-19T22:49:30+00:00,2025-08-28T06:04:49+00:00,fe88f2366ad150300e33345c416d9ab82ee5e3c3,2025-08-28T06:04:48+00:00,110154.0,medium,pull_request_keyword
109963,2025-08-21T11:37:53+00:00,2025-08-28T12:02:01+00:00,,2025-08-28T12:02:01+00:00,,low,issue_closed_at_fallback
110073,2025-08-22T23:20:36+00:00,2025-08-28T14:40:12+00:00,,2025-08-28T14:40:12+00:00,,low,issue_closed_at_fallback
101203,2025-02-24T10:48:25+00:00,2025-08-28T15:27:43+00:00,,2025-08-28T15:27:43+00:00,,low,issue_closed_at_fallback
102455,2025-03-19T13:32:21+00:00,2025-08-29T06:41:35+00:00,,2025-08-29T06:41:35+00:00,,low,issue_closed_at_fallback
110234,2025-08-27T17:05:30+00:00,2025-08-29T08:26:38+00:00,,2025-08-29T08:26:38+00:00,,low,issue_closed_at_fallback
102839,2025-03-25T20:52:59+00:00,2025-08-29T14:47:16+00:00,,2025-08-29T14:47:16+00:00,,low,issue_closed_at_fallback
107815,2025-07-09T01:12:31+00:00,2025-08-29T20:00:45+00:00,,2025-08-29T20:00:45+00:00,,low,issue_closed_at_fallback
55273,2022-09-16T02:50:14+00:00,2025-08-30T02:02:53+00:00,,2025-08-30T02:02:53+00:00,,low,issue_closed_at_fallback
109772,2025-08-17T12:48:10+00:00,2025-08-30T09:03:12+00:00,,2025-08-30T09:03:12+00:00,,low,issue_closed_at_fallback
89330,2024-06-18T08:26:46+00:00,2025-08-31T02:12:14+00:00,,2025-08-31T02:12:14+00:00,,low,issue_closed_at_fallback
90761,2024-07-22T16:33:18+00:00,2025-09-01T02:15:52+00:00,,2025-09-01T02:15:52+00:00,,low,issue_closed_at_fallback
103686,2025-04-09T09:44:50+00:00,2025-09-01T21:48:46+00:00,88886d39d0c9d2eacb00dec8c59461e2656a6009,2025-09-01T21:48:45+00:00,110368.0,medium,pull_request_keyword
108659,2025-07-25T08:26:30+00:00,2025-09-02T10:49:18+00:00,,2025-09-02T10:49:18+00:00,,low,issue_closed_at_fallback
109164,2025-08-05T03:23:22+00:00,2025-09-02T23:14:35+00:00,,2025-09-02T23:14:35+00:00,,low,issue_closed_at_fallback
90903,2024-07-24T14:05:08+00:00,2025-09-03T02:03:09+00:00,,2025-09-03T02:03:09+00:00,,low,issue_closed_at_fallback
109542,2025-08-12T15:03:55+00:00,2025-09-03T16:02:18+00:00,,2025-09-03T16:02:18+00:00,,low,issue_closed_at_fallback
108801,2025-07-28T14:20:27+00:00,2025-09-03T18:05:49+00:00,,2025-09-03T18:05:49+00:00,,low,issue_closed_at_fallback
109787,2025-08-18T10:32:32+00:00,2025-09-03T21:36:44+00:00,65e192f305ab4f089ab6c7eb5bfcf192d79301f7,2025-09-03T21:20:25+00:00,110530.0,medium,pull_request_keyword
109434,2025-08-09T04:04:51+00:00,2025-09-04T04:46:00+00:00,,2025-09-04T04:46:00+00:00,,low,issue_closed_at_fallback
103356,2025-04-03T11:57:07+00:00,2025-09-04T19:07:58+00:00,,2025-09-04T19:07:58+00:00,,low,issue_closed_at_fallback
99445,2025-01-23T12:58:26+00:00,2025-09-04T19:27:29+00:00,978846d376c64b650a19f8abfbbeb2572da66fa6,2025-03-19T02:08:13+00:00,99446.0,medium,pull_request_keyword
98961,2025-01-14T13:49:49+00:00,2025-09-04T20:16:12+00:00,,2025-09-04T20:16:12+00:00,,low,issue_closed_at_fallback
105393,2025-05-14T12:28:21+00:00,2025-09-04T20:50:29+00:00,,2025-09-04T20:50:29+00:00,,low,issue_closed_at_fallback
109958,2025-08-21T10:33:13+00:00,2025-09-04T20:52:06+00:00,,2025-09-04T20:52:06+00:00,,low,issue_closed_at_fallback
72848,2023-08-03T19:34:03+00:00,2025-09-05T02:05:14+00:00,,2025-09-05T02:05:14+00:00,,low,issue_closed_at_fallback
110509,2025-09-03T10:31:17+00:00,2025-09-05T10:03:14+00:00,,2025-09-05T10:03:14+00:00,,low,issue_closed_at_fallback
55450,2022-09-20T10:01:30+00:00,2025-09-06T02:02:35+00:00,,2025-09-06T02:02:35+00:00,,low,issue_closed_at_fallback
91554,2024-08-05T22:07:18+00:00,2025-09-07T02:09:48+00:00,,2025-09-07T02:09:48+00:00,,low,issue_closed_at_fallback
91568,2024-08-06T10:37:12+00:00,2025-09-07T02:09:50+00:00,,2025-09-07T02:09:50+00:00,,low,issue_closed_at_fallback
102393,2025-03-18T18:24:27+00:00,2025-09-08T16:49:12+00:00,32e997d282ca5a1c572a99e2fee176b248da969c,2025-09-08T16:49:11+00:00,110748.0,medium,pull_request_keyword
108243,2025-07-17T14:34:02+00:00,2025-09-08T18:12:54+00:00,,2025-09-08T18:12:54+00:00,,low,issue_closed_at_fallback
105179,2025-05-09T13:47:51+00:00,2025-09-09T14:14:34+00:00,,2025-09-09T14:14:34+00:00,,low,issue_closed_at_fallback
110597,2025-09-04T12:53:01+00:00,2025-09-09T14:33:07+00:00,,2025-09-09T14:33:07+00:00,,low,issue_closed_at_fallback
105163,2025-05-09T06:35:50+00:00,2025-09-09T14:47:12+00:00,,2025-09-09T14:47:12+00:00,,low,issue_closed_at_fallback
101160,2025-02-21T16:16:23+00:00,2025-09-09T15:04:18+00:00,,2025-09-09T15:04:18+00:00,,low,issue_closed_at_fallback
96988,2024-11-25T15:16:35+00:00,2025-09-09T18:02:27+00:00,,2025-09-09T18:02:27+00:00,,low,issue_closed_at_fallback
59273,2022-11-24T09:54:43+00:00,2025-09-10T02:03:09+00:00,,2025-09-10T02:03:09+00:00,,low,issue_closed_at_fallback
110668,2025-09-05T09:58:41+00:00,2025-09-10T10:56:23+00:00,,2025-09-10T10:56:23+00:00,,low,issue_closed_at_fallback
108071,2025-07-14T14:19:11+00:00,2025-09-10T14:04:06+00:00,b36bd7dd6a5af7f79918fe5e12da69e1691a418c,2025-09-10T14:04:05+00:00,110818.0,medium,pull_request_keyword
103581,2025-04-08T08:23:18+00:00,2025-09-10T19:14:09+00:00,,2025-09-10T19:14:09+00:00,,low,issue_closed_at_fallback
110200,2025-08-27T08:53:10+00:00,2025-09-11T09:03:21+00:00,,2025-09-11T09:03:21+00:00,,low,issue_closed_at_fallback
109657,2025-08-14T09:36:30+00:00,2025-09-11T10:48:07+00:00,,2025-09-11T10:48:07+00:00,,low,issue_closed_at_fallback
95420,2024-10-25T14:43:31+00:00,2025-09-11T15:19:12+00:00,,2025-09-11T15:19:12+00:00,,low,issue_closed_at_fallback
96735,2024-11-20T07:59:29+00:00,2025-09-11T15:22:12+00:00,,2025-09-11T15:22:12+00:00,,low,issue_closed_at_fallback
97319,2024-12-03T03:40:37+00:00,2025-09-11T15:43:51+00:00,,2025-09-11T15:43:51+00:00,,low,issue_closed_at_fallback
98399,2024-12-30T09:50:46+00:00,2025-09-11T15:44:01+00:00,,2025-09-11T15:44:01+00:00,,low,issue_closed_at_fallback
110089,2025-08-25T08:34:25+00:00,2025-09-12T07:14:08+00:00,,2025-09-12T07:14:08+00:00,,low,issue_closed_at_fallback
106234,2025-05-30T09:06:36+00:00,2025-09-12T15:15:17+00:00,ccc87a03f0ec70eb28f9ce49221834718abeca7d,2025-09-12T15:15:16+00:00,110889.0,medium,pull_request_keyword
110977,2025-09-11T18:00:54+00:00,2025-09-12T17:54:13+00:00,,2025-09-12T17:54:13+00:00,,low,issue_closed_at_fallback
103037,2025-03-28T03:54:15+00:00,2025-09-15T09:54:02+00:00,,2025-09-15T09:54:02+00:00,,low,issue_closed_at_fallback
84915,2024-03-21T13:46:49+00:00,2025-09-15T10:40:03+00:00,,2025-09-15T10:40:03+00:00,,low,issue_closed_at_fallback
110038,2025-08-22T12:05:44+00:00,2025-09-15T19:34:31+00:00,c4e8c7b5625a114b76c30a753048afe6ad5f6db8,2025-09-15T19:34:30+00:00,111132.0,medium,pull_request_keyword
99266,2025-01-20T14:23:18+00:00,2025-09-16T14:54:30+00:00,,2025-09-16T14:54:30+00:00,,low,issue_closed_at_fallback
97739,2024-12-10T13:45:53+00:00,2025-09-16T15:01:41+00:00,,2025-09-16T15:01:41+00:00,,low,issue_closed_at_fallback
110997,2025-09-11T23:55:26+00:00,2025-09-16T15:40:42+00:00,,2025-09-16T15:40:42+00:00,,low,issue_closed_at_fallback
65894,2023-04-04T09:25:26+00:00,2025-09-16T15:48:54+00:00,7e13882a1ab8c2aef36280992af1687e5458d48d,2025-09-16T15:48:53+00:00,111141.0,medium,pull_request_keyword
111139,2025-09-15T20:14:08+00:00,2025-09-16T19:23:42+00:00,,2025-09-16T19:23:42+00:00,,low,issue_closed_at_fallback
98366,2024-12-24T14:40:16+00:00,2025-09-17T08:40:51+00:00,d806689650b28fc61e77b6f23230f5b9eea7dce2,2025-01-06T10:52:23+00:00,98397.0,medium,pull_request_keyword
96187,2024-11-10T15:33:03+00:00,2025-09-17T12:41:10+00:00,,2025-09-17T12:41:10+00:00,,low,issue_closed_at_fallback
111252,2025-09-17T13:46:23+00:00,2025-09-17T14:41:43+00:00,,2025-09-17T14:41:43+00:00,,low,issue_closed_at_fallback
110564,2025-09-03T21:35:36+00:00,2025-09-17T14:44:48+00:00,,2025-09-17T14:44:48+00:00,,low,issue_closed_at_fallback
94453,2024-10-09T07:31:23+00:00,2025-09-17T15:43:26+00:00,,2025-09-17T15:43:26+00:00,,low,issue_closed_at_fallback
52432,2022-07-19T06:45:56+00:00,2025-09-17T15:44:44+00:00,,2025-09-17T15:44:44+00:00,,low,issue_closed_at_fallback
110574,2025-09-04T05:29:50+00:00,2025-09-17T16:30:36+00:00,,2025-09-17T16:30:36+00:00,,low,issue_closed_at_fallback
77961,2023-11-09T18:45:11+00:00,2025-09-17T18:55:05+00:00,,2025-09-17T18:55:05+00:00,,low,issue_closed_at_fallback
111272,2025-09-17T18:16:36+00:00,2025-09-17T20:52:28+00:00,,2025-09-17T20:52:28+00:00,,low,issue_closed_at_fallback
92385,2024-08-24T15:18:25+00:00,2025-09-18T15:23:19+00:00,,2025-09-18T15:23:19+00:00,,low,issue_closed_at_fallback
110902,2025-09-10T17:46:17+00:00,2025-09-18T15:37:23+00:00,,2025-09-18T15:37:23+00:00,,low,issue_closed_at_fallback
68162,2023-05-10T04:09:45+00:00,2025-09-20T02:02:07+00:00,,2025-09-20T02:02:07+00:00,,low,issue_closed_at_fallback
92081,2024-08-19T14:21:28+00:00,2025-09-20T02:03:02+00:00,,2025-09-20T02:03:02+00:00,,low,issue_closed_at_fallback
89879,2024-06-28T18:35:18+00:00,2025-09-21T02:11:29+00:00,63f6ba3cae96a5409b525ece837a1d57e5f1c2db,2024-07-17T13:45:08+00:00,90518.0,medium,pull_request_keyword
90791,2024-07-22T19:25:57+00:00,2025-09-22T02:11:31+00:00,,2025-09-22T02:11:31+00:00,,low,issue_closed_at_fallback
92383,2024-08-24T01:56:42+00:00,2025-09-24T02:05:24+00:00,,2025-09-24T02:05:24+00:00,,low,issue_closed_at_fallback
111536,2025-09-24T09:47:46+00:00,2025-09-24T14:47:21+00:00,,2025-09-24T14:47:21+00:00,,low,issue_closed_at_fallback
106728,2025-06-13T17:01:35+00:00,2025-09-24T19:23:44+00:00,,2025-09-24T19:23:44+00:00,,low,issue_closed_at_fallback
109102,2025-08-04T05:22:59+00:00,2025-09-24T21:01:35+00:00,,2025-09-24T21:01:35+00:00,,low,issue_closed_at_fallback
110484,2025-09-02T21:09:38+00:00,2025-09-24T22:18:28+00:00,,2025-09-24T22:18:28+00:00,,low,issue_closed_at_fallback
111199,2025-09-16T19:16:06+00:00,2025-09-25T16:26:07+00:00,6629021f369ff6a1e63918976a3af41d186c4a66,2025-09-25T16:26:06+00:00,111202.0,medium,pull_request_keyword
98293,2024-12-19T20:56:53+00:00,2025-09-25T22:24:33+00:00,,2025-09-25T22:24:33+00:00,,low,issue_closed_at_fallback
109437,2025-08-10T08:18:50+00:00,2025-09-26T06:40:53+00:00,,2025-09-26T06:40:53+00:00,,low,issue_closed_at_fallback
110663,2025-09-05T09:09:05+00:00,2025-09-26T10:35:11+00:00,,2025-09-26T10:35:11+00:00,,low,issue_closed_at_fallback
72778,2023-08-02T21:19:57+00:00,2025-09-28T02:11:52+00:00,,2025-09-28T02:11:52+00:00,,low,issue_closed_at_fallback
78905,2023-11-30T13:03:38+00:00,2025-09-28T02:12:02+00:00,,2025-09-28T02:12:02+00:00,,low,issue_closed_at_fallback
92623,2024-08-28T20:03:50+00:00,2025-09-29T02:08:46+00:00,,2025-09-29T02:08:46+00:00,,low,issue_closed_at_fallback
111738,2025-09-29T12:40:55+00:00,2025-09-29T16:57:43+00:00,,2025-09-29T16:57:43+00:00,,low,issue_closed_at_fallback
111688,2025-09-26T17:13:27+00:00,2025-09-30T04:06:49+00:00,9b722efe57598b40b93795d065017627d05480de,2025-09-30T04:06:47+00:00,111777.0,medium,pull_request_keyword
111516,2025-09-23T22:51:38+00:00,2025-09-30T16:04:20+00:00,,2025-09-30T16:04:20+00:00,,low,issue_closed_at_fallback
111836,2025-09-30T16:21:00+00:00,2025-09-30T18:47:18+00:00,,2025-09-30T18:47:18+00:00,,low,issue_closed_at_fallback
111590,2025-09-25T09:38:45+00:00,2025-09-30T20:33:13+00:00,901dd9506f7da094652d349bf2b7f3057c049bca,2025-09-30T20:33:12+00:00,111834.0,medium,pull_request_keyword
70348,2023-06-19T17:21:47+00:00,2025-10-01T02:12:28+00:00,5f362149a8cfd66bcace3708ccd6c5e8672298ca,2023-06-20T01:32:16+00:00,70351.0,medium,pull_request_keyword
90868,2024-07-23T20:59:43+00:00,2025-10-01T02:13:05+00:00,,2025-10-01T02:13:05+00:00,,low,issue_closed_at_fallback
109579,2025-08-13T07:17:00+00:00,2025-10-01T07:35:10+00:00,,2025-10-01T07:35:10+00:00,,low,issue_closed_at_fallback
111529,2025-09-24T08:37:54+00:00,2025-10-02T15:14:41+00:00,,2025-10-02T15:14:41+00:00,,low,issue_closed_at_fallback
111919,2025-10-02T04:23:35+00:00,2025-10-02T17:55:38+00:00,3cccb7c0069df03290586daca2909f1c4e7fb11c,2025-10-02T17:56:13+00:00,111958.0,medium,pull_request_keyword
99886,2025-01-31T12:24:57+00:00,2025-10-02T18:15:18+00:00,,2025-10-02T18:15:18+00:00,,low,issue_closed_at_fallback
94503,2024-10-09T18:07:11+00:00,2025-10-02T18:19:04+00:00,,2025-10-02T18:19:04+00:00,,low,issue_closed_at_fallback
96553,2024-11-15T14:21:08+00:00,2025-10-02T18:23:19+00:00,,2025-10-02T18:23:19+00:00,,low,issue_closed_at_fallback
100126,2025-02-05T15:55:39+00:00,2025-10-02T18:38:05+00:00,,2025-10-02T18:38:05+00:00,,low,issue_closed_at_fallback
91155,2024-07-29T20:18:06+00:00,2025-10-03T02:04:04+00:00,,2025-10-03T02:04:04+00:00,,low,issue_closed_at_fallback
91273,2024-07-31T13:02:14+00:00,2025-10-03T02:04:08+00:00,,2025-10-03T02:04:08+00:00,,low,issue_closed_at_fallback
92806,2024-09-02T11:56:42+00:00,2025-10-03T02:04:36+00:00,,2025-10-03T02:04:36+00:00,,low,issue_closed_at_fallback
92994,2024-09-05T15:41:36+00:00,2025-10-03T14:02:52+00:00,,2025-10-03T14:02:52+00:00,,low,issue_closed_at_fallback
88322,2024-05-26T19:55:59+00:00,2025-10-03T14:21:14+00:00,,2025-10-03T14:21:14+00:00,,low,issue_closed_at_fallback
93072,2024-09-08T22:45:36+00:00,2025-10-03T14:24:21+00:00,,2025-10-03T14:24:21+00:00,,low,issue_closed_at_fallback
109398,2025-08-08T13:38:14+00:00,2025-10-03T15:43:52+00:00,e414e790f7410d22b1c337be7d4b7c2473ffd039,2025-10-03T11:43:51-04:00,,high,commit_message_keyword
94341,2024-10-07T15:20:38+00:00,2025-10-03T17:37:27+00:00,,2025-10-03T17:37:27+00:00,,low,issue_closed_at_fallback
111960,2025-10-02T18:47:22+00:00,2025-10-03T17:52:50+00:00,,2025-10-03T17:52:50+00:00,,low,issue_closed_at_fallback
90800,2024-07-22T23:12:42+00:00,2025-10-03T17:54:33+00:00,07c949f85c0a6017672eadb1d3074276d5e17c59,2024-10-15T15:51:18+00:00,93805.0,medium,pull_request_keyword
93316,2024-09-13T11:01:47+00:00,2025-10-03T18:25:49+00:00,,2025-10-03T18:25:49+00:00,,low,issue_closed_at_fallback
105029,2025-05-06T15:57:13+00:00,2025-10-03T18:55:37+00:00,,2025-10-03T18:55:37+00:00,,low,issue_closed_at_fallback
94554,2024-10-10T14:34:56+00:00,2025-10-03T18:58:40+00:00,,2025-10-03T18:58:40+00:00,,low,issue_closed_at_fallback
93801,2024-09-26T11:05:06+00:00,2025-10-03T19:08:45+00:00,,2025-10-03T19:08:45+00:00,,low,issue_closed_at_fallback
96833,2024-11-21T12:35:12+00:00,2025-10-03T21:08:14+00:00,,2025-10-03T21:08:14+00:00,,low,issue_closed_at_fallback
99968,2025-02-03T13:38:40+00:00,2025-10-03T21:20:32+00:00,,2025-10-03T21:20:32+00:00,,low,issue_closed_at_fallback
97470,2024-12-05T11:59:55+00:00,2025-10-03T21:21:35+00:00,,2025-10-03T21:21:35+00:00,,low,issue_closed_at_fallback
91480,2024-08-02T10:40:42+00:00,2025-10-05T02:11:48+00:00,,2025-10-05T02:11:48+00:00,,low,issue_closed_at_fallback
107950,2025-07-10T10:36:14+00:00,2025-10-05T02:12:54+00:00,,2025-10-05T02:12:54+00:00,,low,issue_closed_at_fallback
109336,2025-08-07T10:52:04+00:00,2025-10-06T08:51:46+00:00,,2025-10-06T08:51:46+00:00,,low,issue_closed_at_fallback
108204,2025-07-17T03:33:03+00:00,2025-10-06T13:19:03+00:00,,2025-10-06T13:19:03+00:00,,low,issue_closed_at_fallback
112047,2025-10-06T09:22:31+00:00,2025-10-06T15:11:38+00:00,,2025-10-06T15:11:38+00:00,,low,issue_closed_at_fallback
111550,2025-09-24T14:43:48+00:00,2025-10-06T15:46:47+00:00,,2025-10-06T15:46:47+00:00,,low,issue_closed_at_fallback
110413,2025-09-01T14:43:50+00:00,2025-10-06T15:51:34+00:00,,2025-10-06T15:51:34+00:00,,low,issue_closed_at_fallback
112087,2025-10-07T06:08:42+00:00,2025-10-07T13:55:27+00:00,,2025-10-07T13:55:27+00:00,,low,issue_closed_at_fallback
61972,2023-01-24T08:22:34+00:00,2025-10-07T19:36:36+00:00,,2025-10-07T19:36:36+00:00,,low,issue_closed_at_fallback
112116,2025-10-07T14:10:19+00:00,2025-10-08T08:11:38+00:00,0e43c1175fb3ec04989af89884c50bd9ace3eea1,2025-10-08T08:11:36+00:00,112127.0,medium,pull_request_keyword
110797,2025-09-09T08:27:05+00:00,2025-10-08T08:32:43+00:00,,2025-10-08T08:32:43+00:00,,low,issue_closed_at_fallback
110465,2025-09-02T14:33:27+00:00,2025-10-09T07:54:47+00:00,857e73bdc28b999affe5b6fa3b853324b6347ab6,2025-10-09T07:54:46+00:00,112155.0,medium,pull_request_keyword
110611,2025-09-04T16:15:34+00:00,2025-10-09T14:06:31+00:00,,2025-10-09T14:06:31+00:00,,low,issue_closed_at_fallback
110805,2025-09-09T10:02:27+00:00,2025-10-09T15:14:08+00:00,,2025-10-09T15:14:08+00:00,,low,issue_closed_at_fallback
60836,2022-12-29T20:45:11+00:00,2025-10-10T02:05:03+00:00,,2025-10-10T02:05:03+00:00,,low,issue_closed_at_fallback
110418,2025-09-01T15:32:59+00:00,2025-10-10T10:10:22+00:00,,2025-10-10T10:10:22+00:00,,low,issue_closed_at_fallback
112139,2025-10-07T22:21:14+00:00,2025-10-10T11:52:59+00:00,,2025-10-10T11:52:59+00:00,,low,issue_closed_at_fallback
111584,2025-09-25T08:42:01+00:00,2025-10-10T14:14:19+00:00,,2025-10-10T14:14:19+00:00,,low,issue_closed_at_fallback
112194,2025-10-09T07:31:22+00:00,2025-10-10T14:40:04+00:00,,2025-10-10T14:40:04+00:00,,low,issue_closed_at_fallback
85220,2024-03-26T22:49:25+00:00,2025-10-10T15:33:28+00:00,,2025-10-10T15:33:28+00:00,,low,issue_closed_at_fallback
88400,2024-05-29T01:07:50+00:00,2025-10-10T20:25:03+00:00,,2025-10-10T20:25:03+00:00,,low,issue_closed_at_fallback
110478,2025-09-02T17:30:42+00:00,2025-10-13T11:07:08+00:00,,2025-10-13T11:07:08+00:00,,low,issue_closed_at_fallback
103464,2025-04-04T14:56:09+00:00,2025-10-13T13:38:57+00:00,8cb3d3b55221c1a349e56192b56e8629993fe415,2025-10-13T13:38:55+00:00,112220.0,medium,pull_request_keyword
112113,2025-10-07T13:33:48+00:00,2025-10-13T16:02:11+00:00,,2025-10-13T16:02:11+00:00,,low,issue_closed_at_fallback
111440,2025-09-22T02:17:11+00:00,2025-10-14T14:07:48+00:00,,2025-10-14T14:07:48+00:00,,low,issue_closed_at_fallback
105501,2025-05-15T23:04:44+00:00,2025-10-14T21:22:18+00:00,,2025-10-14T21:22:18+00:00,,low,issue_closed_at_fallback
99572,2025-01-27T14:48:01+00:00,2025-10-14T21:23:57+00:00,,2025-10-14T21:23:57+00:00,,low,issue_closed_at_fallback
96820,2024-11-21T10:26:04+00:00,2025-10-14T21:26:01+00:00,,2025-10-14T21:26:01+00:00,,low,issue_closed_at_fallback
103375,2025-04-03T14:53:09+00:00,2025-10-14T21:27:00+00:00,,2025-10-14T21:27:00+00:00,,low,issue_closed_at_fallback
107527,2025-07-02T14:30:30+00:00,2025-10-14T21:29:32+00:00,,2025-10-14T21:29:32+00:00,,low,issue_closed_at_fallback
83031,2024-02-18T11:26:06+00:00,2025-10-14T21:35:44+00:00,,2025-10-14T21:35:44+00:00,,low,issue_closed_at_fallback
100476,2025-02-12T01:14:28+00:00,2025-10-14T21:37:57+00:00,,2025-10-14T21:37:57+00:00,,low,issue_closed_at_fallback
105948,2025-05-23T12:09:26+00:00,2025-10-14T21:38:48+00:00,,2025-10-14T21:38:48+00:00,,low,issue_closed_at_fallback
72480,2023-07-27T21:13:25+00:00,2025-10-15T02:07:47+00:00,,2025-10-15T02:07:47+00:00,,low,issue_closed_at_fallback
89988,2024-07-03T10:35:06+00:00,2025-10-15T02:08:13+00:00,,2025-10-15T02:08:13+00:00,,low,issue_closed_at_fallback
91802,2024-07-31T16:57:53+00:00,2025-10-15T02:08:18+00:00,,2025-10-15T02:08:18+00:00,,low,issue_closed_at_fallback
112298,2025-10-10T16:09:02+00:00,2025-10-15T12:44:53+00:00,,2025-10-15T12:44:53+00:00,,low,issue_closed_at_fallback
112436,2025-10-15T14:19:55+00:00,2025-10-16T09:38:31+00:00,,2025-10-16T09:38:31+00:00,,low,issue_closed_at_fallback
99225,2025-01-19T01:14:06+00:00,2025-10-16T20:08:19+00:00,1fc94ea41b2369139e36bdaff815ea95636e66a9,2025-05-08T02:12:43+00:00,99232.0,medium,pull_request_keyword
107202,2025-06-25T15:09:32+00:00,2025-10-17T14:03:47+00:00,,2025-10-17T14:03:47+00:00,,low,issue_closed_at_fallback
112506,2025-10-16T09:52:07+00:00,2025-10-17T14:50:40+00:00,,2025-10-17T14:50:40+00:00,,low,issue_closed_at_fallback
95201,2024-10-22T17:52:28+00:00,2025-10-17T19:36:39+00:00,,2025-10-17T19:36:39+00:00,,low,issue_closed_at_fallback
92215,2024-08-21T14:12:08+00:00,2025-10-19T02:15:02+00:00,,2025-10-19T02:15:02+00:00,,low,issue_closed_at_fallback
92351,2024-08-23T08:49:43+00:00,2025-10-19T02:15:05+00:00,,2025-10-19T02:15:05+00:00,,low,issue_closed_at_fallback
92355,2024-08-23T10:21:01+00:00,2025-10-19T02:15:07+00:00,,2025-10-19T02:15:07+00:00,,low,issue_closed_at_fallback
92767,2024-08-30T14:35:48+00:00,2025-10-19T02:15:14+00:00,,2025-10-19T02:15:14+00:00,,low,issue_closed_at_fallback
92905,2024-09-04T09:03:50+00:00,2025-10-19T02:15:16+00:00,,2025-10-19T02:15:16+00:00,,low,issue_closed_at_fallback
92962,2024-09-05T07:31:46+00:00,2025-10-19T02:15:19+00:00,,2025-10-19T02:15:19+00:00,,low,issue_closed_at_fallback
92977,2024-09-05T12:04:25+00:00,2025-10-19T02:15:21+00:00,,2025-10-19T02:15:21+00:00,,low,issue_closed_at_fallback
93367,2024-09-16T03:39:41+00:00,2025-10-19T02:15:31+00:00,,2025-10-19T02:15:31+00:00,,low,issue_closed_at_fallback
93373,2024-09-16T20:07:28+00:00,2025-10-19T02:15:32+00:00,,2025-10-19T02:15:32+00:00,,low,issue_closed_at_fallback
92851,2024-09-03T09:33:22+00:00,2025-10-20T02:13:20+00:00,,2025-10-20T02:13:20+00:00,,low,issue_closed_at_fallback
92889,2024-09-03T18:25:00+00:00,2025-10-20T02:13:23+00:00,,2025-10-20T02:13:23+00:00,,low,issue_closed_at_fallback
92894,2024-09-03T22:27:00+00:00,2025-10-20T02:13:24+00:00,,2025-10-20T02:13:24+00:00,,low,issue_closed_at_fallback
93412,2024-09-18T02:17:28+00:00,2025-10-20T02:13:34+00:00,,2025-10-20T02:13:34+00:00,,low,issue_closed_at_fallback
93461,2024-09-19T05:58:06+00:00,2025-10-20T02:13:37+00:00,,2025-10-20T02:13:37+00:00,,low,issue_closed_at_fallback
106249,2025-06-01T10:09:40+00:00,2025-10-20T08:53:09+00:00,,2025-10-20T08:53:09+00:00,,low,issue_closed_at_fallback
106745,2025-06-14T20:51:05+00:00,2025-10-20T08:58:22+00:00,,2025-10-20T08:58:22+00:00,,low,issue_closed_at_fallback
111959,2025-10-02T18:19:13+00:00,2025-10-20T14:08:07+00:00,,2025-10-20T14:08:07+00:00,,low,issue_closed_at_fallback
94861,2024-10-17T11:38:42+00:00,2025-10-21T13:28:06+00:00,,2025-10-21T13:28:06+00:00,,low,issue_closed_at_fallback
93546,2024-09-20T15:39:47+00:00,2025-10-22T02:11:27+00:00,,2025-10-22T02:11:27+00:00,,low,issue_closed_at_fallback
112181,2025-10-08T19:52:43+00:00,2025-10-22T07:48:28+00:00,,2025-10-22T07:48:28+00:00,,low,issue_closed_at_fallback
111862,2025-10-01T02:17:05+00:00,2025-10-22T13:43:54+00:00,,2025-10-22T13:43:54+00:00,,low,issue_closed_at_fallback
112473,2025-10-15T18:31:42+00:00,2025-10-23T09:59:57+00:00,876bfeb9ad71de1c9f684259a9b9f55b50f5af6b,2025-10-23T09:59:56+00:00,112830.0,medium,pull_request_keyword
112323,2025-10-13T10:14:19+00:00,2025-10-23T13:53:45+00:00,,2025-10-23T13:53:45+00:00,,low,issue_closed_at_fallback
112511,2025-10-16T12:16:38+00:00,2025-10-24T12:40:58+00:00,027eeb99e1e95ebc1593831689198e8487db19d0,2025-10-24T12:40:56+00:00,112878.0,medium,pull_request_keyword
112837,2025-10-23T07:35:05+00:00,2025-10-24T14:24:21+00:00,,2025-10-24T14:24:21+00:00,,low,issue_closed_at_fallback
112753,2025-10-21T17:42:07+00:00,2025-10-24T19:59:03+00:00,,2025-10-24T19:59:03+00:00,,low,issue_closed_at_fallback
81955,2024-02-06T12:30:59+00:00,2025-10-25T02:06:08+00:00,,2025-10-25T02:06:08+00:00,,low,issue_closed_at_fallback
66354,2023-04-12T10:13:25+00:00,2025-10-26T02:11:57+00:00,,2025-10-26T02:11:57+00:00,,low,issue_closed_at_fallback
93688,2024-09-24T15:39:06+00:00,2025-10-26T02:12:34+00:00,,2025-10-26T02:12:34+00:00,,low,issue_closed_at_fallback
93715,2024-09-25T05:38:43+00:00,2025-10-26T02:12:37+00:00,,2025-10-26T02:12:37+00:00,,low,issue_closed_at_fallback
109218,2025-08-05T22:57:24+00:00,2025-10-27T14:59:35+00:00,,2025-10-27T14:59:35+00:00,,low,issue_closed_at_fallback
112842,2025-10-23T08:51:07+00:00,2025-10-28T06:32:37+00:00,,2025-10-28T06:32:37+00:00,,low,issue_closed_at_fallback
106037,2025-05-27T05:02:57+00:00,2025-10-28T10:48:45+00:00,e9fd4ba3ed8f93616b2ea69ae6fc03e965d0411f,2025-08-06T12:38:32+00:00,108787.0,medium,pull_request_keyword
111709,2025-09-27T23:29:11+00:00,2025-10-28T20:37:30+00:00,237ab6c1b40d8d0f207449e218b59e15ea76dbc2,2025-10-28T20:37:29+00:00,111951.0,medium,pull_request_keyword
78466,2023-11-21T13:34:20+00:00,2025-10-29T02:12:54+00:00,,2025-10-29T02:12:54+00:00,,low,issue_closed_at_fallback
111930,2025-10-02T11:14:04+00:00,2025-10-29T02:26:43+00:00,,2025-10-29T02:26:43+00:00,,low,issue_closed_at_fallback
109463,2025-08-11T12:49:10+00:00,2025-10-29T09:13:28+00:00,,2025-10-29T09:13:28+00:00,,low,issue_closed_at_fallback
94800,2024-10-16T09:14:58+00:00,2025-10-29T10:08:21+00:00,,2025-10-29T10:08:21+00:00,,low,issue_closed_at_fallback
113011,2025-10-25T00:05:24+00:00,2025-10-29T10:59:00+00:00,86cb5d8af739745a1173496ba76a545efd45dfd8,2025-10-29T10:58:59+00:00,113010.0,medium,pull_request_keyword
113041,2025-10-27T13:15:43+00:00,2025-10-30T09:08:12+00:00,,2025-10-30T09:08:12+00:00,,low,issue_closed_at_fallback
112075,2025-10-06T17:17:05+00:00,2025-10-30T11:55:08+00:00,5f2074e84ce339de098e1afa40a8c2487e242e04,2025-10-30T11:55:07+00:00,113037.0,medium,pull_request_keyword
110828,2025-09-09T14:51:01+00:00,2025-10-31T06:05:40+00:00,,2025-10-31T06:05:40+00:00,,low,issue_closed_at_fallback
112797,2025-10-22T10:45:57+00:00,2025-10-31T11:46:01+00:00,,2025-10-31T11:46:01+00:00,,low,issue_closed_at_fallback
95723,2024-11-01T10:16:10+00:00,2025-10-31T15:55:03+00:00,,2025-10-31T15:55:03+00:00,,low,issue_closed_at_fallback
93841,2024-09-26T15:52:04+00:00,2025-11-01T02:12:54+00:00,,2025-11-01T02:12:54+00:00,,low,issue_closed_at_fallback
93900,2024-09-27T10:08:52+00:00,2025-11-01T02:12:56+00:00,,2025-11-01T02:12:56+00:00,,low,issue_closed_at_fallback
94015,2024-09-30T15:09:54+00:00,2025-11-01T02:12:59+00:00,,2025-11-01T02:12:59+00:00,,low,issue_closed_at_fallback
94044,2024-10-01T06:21:15+00:00,2025-11-01T02:13:01+00:00,,2025-11-01T02:13:01+00:00,,low,issue_closed_at_fallback
94047,2024-10-01T08:39:30+00:00,2025-11-01T02:13:02+00:00,,2025-11-01T02:13:02+00:00,,low,issue_closed_at_fallback
88882,2024-06-07T00:25:22+00:00,2025-11-02T02:14:07+00:00,,2025-11-02T02:14:07+00:00,,low,issue_closed_at_fallback
93310,2024-09-13T09:42:02+00:00,2025-11-02T02:14:21+00:00,,2025-11-02T02:14:21+00:00,,low,issue_closed_at_fallback
107086,2025-06-23T18:35:06+00:00,2025-11-03T17:18:03+00:00,,2025-11-03T17:18:03+00:00,,low,issue_closed_at_fallback
109098,2025-08-02T18:49:31+00:00,2025-11-04T14:40:16+00:00,,2025-11-04T14:40:16+00:00,,low,issue_closed_at_fallback
55856,2022-09-27T16:40:03+00:00,2025-11-04T16:08:41+00:00,2e80e6a05278a62d55014a5500753a9145eaafbb,2022-09-28T12:11:28+00:00,55863.0,medium,pull_request_keyword
99334,2025-01-21T17:04:39+00:00,2025-11-04T16:10:52+00:00,,2025-11-04T16:10:52+00:00,,low,issue_closed_at_fallback
110736,2025-09-06T15:47:03+00:00,2025-11-04T22:57:07+00:00,,2025-11-04T22:57:07+00:00,,low,issue_closed_at_fallback
106065,2025-05-27T11:54:41+00:00,2025-11-05T11:42:31+00:00,,2025-11-05T11:42:31+00:00,,low,issue_closed_at_fallback
113398,2025-11-04T12:17:23+00:00,2025-11-05T17:07:43+00:00,,2025-11-05T17:07:43+00:00,,low,issue_closed_at_fallback
111527,2025-09-24T08:10:02+00:00,2025-11-05T21:45:01+00:00,70fcd166feaba61295d2c9816a301e893a539583,2025-10-07T15:22:38+00:00,111945.0,medium,pull_request_keyword
112566,2025-10-17T08:10:40+00:00,2025-11-06T10:27:28+00:00,,2025-11-06T10:27:28+00:00,,low,issue_closed_at_fallback
92136,2024-08-20T13:48:13+00:00,2025-11-06T11:56:26+00:00,,2025-11-06T11:56:26+00:00,,low,issue_closed_at_fallback
110520,2025-09-03T12:58:13+00:00,2025-11-06T16:18:39+00:00,,2025-11-06T16:18:39+00:00,,low,issue_closed_at_fallback
75491,2023-09-26T18:17:42+00:00,2025-11-07T02:10:39+00:00,,2025-11-07T02:10:39+00:00,,low,issue_closed_at_fallback
94330,2024-10-07T14:25:25+00:00,2025-11-07T02:11:33+00:00,,2025-11-07T02:11:33+00:00,,low,issue_closed_at_fallback
95964,2024-11-06T14:15:23+00:00,2025-11-07T02:34:42+00:00,,2025-11-07T02:34:42+00:00,,low,issue_closed_at_fallback
113422,2025-11-04T20:19:49+00:00,2025-11-07T13:16:42+00:00,,2025-11-07T13:16:42+00:00,,low,issue_closed_at_fallback
113476,2025-11-05T22:00:45+00:00,2025-11-07T16:03:31+00:00,,2025-11-07T16:03:31+00:00,,low,issue_closed_at_fallback
94054,2024-10-01T09:38:31+00:00,2025-11-08T02:06:43+00:00,,2025-11-08T02:06:43+00:00,,low,issue_closed_at_fallback
94374,2024-10-08T06:58:51+00:00,2025-11-08T02:06:49+00:00,,2025-11-08T02:06:49+00:00,,low,issue_closed_at_fallback
92335,2024-08-22T22:48:21+00:00,2025-11-09T02:13:44+00:00,,2025-11-09T02:13:44+00:00,,low,issue_closed_at_fallback
93953,2024-09-28T07:17:39+00:00,2025-11-09T02:13:56+00:00,,2025-11-09T02:13:56+00:00,,low,issue_closed_at_fallback
94477,2024-10-09T13:44:51+00:00,2025-11-09T02:14:03+00:00,,2025-11-09T02:14:03+00:00,,low,issue_closed_at_fallback
94493,2024-10-09T16:02:53+00:00,2025-11-09T02:14:04+00:00,,2025-11-09T02:14:04+00:00,,low,issue_closed_at_fallback
91580,2024-08-06T15:15:40+00:00,2025-11-10T02:14:23+00:00,,2025-11-10T02:14:23+00:00,,low,issue_closed_at_fallback
94451,2024-10-09T07:27:31+00:00,2025-11-10T02:14:49+00:00,,2025-11-10T02:14:49+00:00,,low,issue_closed_at_fallback
94573,2024-10-10T17:54:10+00:00,2025-11-10T02:14:50+00:00,,2025-11-10T02:14:50+00:00,,low,issue_closed_at_fallback
107350,2025-06-27T19:29:56+00:00,2025-11-10T19:41:40+00:00,,2025-11-05T21:07:32+00:00,113016.0,medium,pull_request_keyword
94056,2024-10-01T09:49:30+00:00,2025-11-11T02:12:21+00:00,,2025-11-11T02:12:21+00:00,,low,issue_closed_at_fallback
111610,2025-09-25T13:03:52+00:00,2025-11-12T14:15:45+00:00,6c512dabdcfa83537101cf5f4536f5244ed4206d,2025-11-12T14:15:44+00:00,113690.0,medium,pull_request_keyword
92844,2024-09-03T07:23:09+00:00,2025-11-13T02:13:07+00:00,,2025-11-13T02:13:07+00:00,,low,issue_closed_at_fallback
103516,2025-04-07T10:08:58+00:00,2025-11-13T15:16:22+00:00,ae8a8cf16e36a229fa09944a3a3320a401d5d57e,2025-11-13T15:16:21+00:00,113765.0,medium,pull_request_keyword
94666,2024-10-14T06:11:13+00:00,2025-11-14T02:12:31+00:00,,2025-11-14T02:12:31+00:00,,low,issue_closed_at_fallback
110713,2025-09-05T17:24:20+00:00,2025-11-14T09:27:20+00:00,,2025-11-14T09:27:20+00:00,,low,issue_closed_at_fallback
113754,2025-11-12T13:48:29+00:00,2025-11-14T15:39:37+00:00,,2025-11-14T15:39:37+00:00,,low,issue_closed_at_fallback
90579,2024-07-18T05:58:17+00:00,2025-11-15T02:09:30+00:00,,2025-11-15T02:09:30+00:00,,low,issue_closed_at_fallback
90580,2024-07-18T06:07:29+00:00,2025-11-15T02:09:32+00:00,,2025-11-15T02:09:32+00:00,,low,issue_closed_at_fallback
94601,2024-10-11T10:12:56+00:00,2025-11-15T02:09:55+00:00,b76c1815fab8241d7492757cf272dea0d10b62d6,2025-02-24T02:18:20+00:00,95115.0,medium,pull_request_keyword
94715,2024-10-15T10:26:10+00:00,2025-11-15T02:09:56+00:00,,2025-11-15T02:09:56+00:00,,low,issue_closed_at_fallback
94724,2024-10-15T13:00:06+00:00,2025-11-15T02:09:57+00:00,,2025-11-15T02:09:57+00:00,,low,issue_closed_at_fallback
90233,2024-07-09T15:24:11+00:00,2025-11-16T02:15:23+00:00,,2025-11-16T02:15:23+00:00,,low,issue_closed_at_fallback
91369,2024-08-01T05:51:55+00:00,2025-11-16T02:15:25+00:00,,2025-11-16T02:15:25+00:00,,low,issue_closed_at_fallback
92575,2024-08-28T10:41:18+00:00,2025-11-16T02:15:33+00:00,,2025-11-16T02:15:33+00:00,,low,issue_closed_at_fallback
93471,2024-09-19T09:31:48+00:00,2025-11-16T02:15:41+00:00,,2025-11-16T02:15:41+00:00,,low,issue_closed_at_fallback
94794,2024-10-16T07:01:39+00:00,2025-11-16T02:15:50+00:00,,2025-11-16T02:15:50+00:00,,low,issue_closed_at_fallback
111056,2025-09-13T10:30:46+00:00,2025-11-17T08:23:19+00:00,,2025-11-17T08:23:19+00:00,,low,issue_closed_at_fallback
106235,2025-05-30T09:23:10+00:00,2025-11-18T09:40:57+00:00,,2025-11-18T09:40:57+00:00,,low,issue_closed_at_fallback
113081,2025-10-28T10:01:45+00:00,2025-11-18T11:58:47+00:00,,2025-11-18T11:58:47+00:00,,low,issue_closed_at_fallback
113943,2025-11-14T14:22:37+00:00,2025-11-18T12:21:12+00:00,,2025-11-18T12:21:12+00:00,,low,issue_closed_at_fallback
95002,2024-10-18T19:28:42+00:00,2025-11-19T02:11:44+00:00,,2025-11-19T02:11:44+00:00,,low,issue_closed_at_fallback
113755,2025-11-12T13:55:37+00:00,2025-11-19T14:38:33+00:00,,2025-11-19T14:38:33+00:00,,low,issue_closed_at_fallback
92897,2024-09-04T05:13:53+00:00,2025-11-19T17:08:09+00:00,,2025-11-19T17:08:09+00:00,,low,issue_closed_at_fallback
114132,2025-11-19T01:37:45+00:00,2025-11-19T17:33:12+00:00,,2025-11-19T17:33:12+00:00,,low,issue_closed_at_fallback
110260,2025-08-28T07:39:55+00:00,2025-11-19T20:38:25+00:00,,2025-11-19T20:38:25+00:00,,low,issue_closed_at_fallback
112921,2025-10-24T08:28:15+00:00,2025-11-19T23:31:23+00:00,,2025-11-19T23:31:23+00:00,,low,issue_closed_at_fallback
112263,2025-10-10T09:18:18+00:00,2025-11-20T02:06:01+00:00,,2025-11-20T02:06:01+00:00,,low,issue_closed_at_fallback
113357,2025-11-03T14:03:56+00:00,2025-11-20T14:15:53+00:00,,2025-11-20T14:15:53+00:00,,low,issue_closed_at_fallback
113676,2025-11-10T15:55:47+00:00,2025-11-20T18:05:24+00:00,,2025-11-20T18:05:24+00:00,,low,issue_closed_at_fallback
102002,2025-03-12T08:26:18+00:00,2025-11-20T18:49:48+00:00,6f9c867660c4b76941fe090d01a86a2446719714,2025-11-20T18:49:46+00:00,112301.0,medium,pull_request_keyword
114284,2025-11-21T07:07:08+00:00,2025-11-21T12:09:23+00:00,,2025-11-21T12:09:23+00:00,,low,issue_closed_at_fallback
100785,2025-02-15T16:20:43+00:00,2025-11-21T20:54:13+00:00,,2025-11-21T20:54:13+00:00,,low,issue_closed_at_fallback
90542,2024-07-17T14:57:28+00:00,2025-11-21T20:59:38+00:00,,2025-11-21T20:59:38+00:00,,low,issue_closed_at_fallback
93827,2024-09-26T13:55:41+00:00,2025-11-22T02:08:21+00:00,,2025-11-22T02:08:21+00:00,,low,issue_closed_at_fallback
95057,2024-10-21T13:20:25+00:00,2025-11-22T02:08:29+00:00,,2025-11-22T02:08:29+00:00,,low,issue_closed_at_fallback
95136,2024-10-22T10:00:49+00:00,2025-11-22T02:08:32+00:00,,2025-11-22T02:08:32+00:00,,low,issue_closed_at_fallback
93369,2024-09-16T11:06:23+00:00,2025-11-23T02:16:22+00:00,,2025-11-23T02:16:22+00:00,,low,issue_closed_at_fallback
95222,2024-10-23T07:45:27+00:00,2025-11-23T02:16:32+00:00,,2025-11-23T02:16:32+00:00,,low,issue_closed_at_fallback
95249,2024-10-23T11:56:21+00:00,2025-11-23T02:16:34+00:00,,2025-11-23T02:16:34+00:00,,low,issue_closed_at_fallback
95291,2024-10-23T19:11:41+00:00,2025-11-23T02:16:38+00:00,,2025-11-23T02:16:38+00:00,,low,issue_closed_at_fallback
48014,2022-04-20T23:51:50+00:00,2025-11-24T11:43:14+00:00,,2025-11-24T11:43:14+00:00,,low,issue_closed_at_fallback
55938,2022-09-28T14:49:09+00:00,2025-11-24T11:48:29+00:00,,2025-11-24T11:48:29+00:00,,low,issue_closed_at_fallback
75145,2022-11-15T11:24:02+00:00,2025-11-24T11:50:11+00:00,,2025-11-24T11:50:11+00:00,,low,issue_closed_at_fallback
108209,2025-07-17T08:37:53+00:00,2025-11-24T13:28:09+00:00,,2025-11-24T13:28:09+00:00,,low,issue_closed_at_fallback
66355,2023-04-12T10:19:17+00:00,2025-11-24T13:43:47+00:00,,2025-11-24T13:43:47+00:00,,low,issue_closed_at_fallback
66650,2023-04-17T08:27:44+00:00,2025-11-24T13:46:18+00:00,,2025-11-24T13:46:18+00:00,,low,issue_closed_at_fallback
104482,2025-04-24T17:16:30+00:00,2025-11-24T14:43:03+00:00,,2025-11-24T14:43:03+00:00,,low,issue_closed_at_fallback
88474,2024-05-30T07:39:02+00:00,2025-11-24T14:50:51+00:00,,2024-11-16T02:04:56+00:00,90034.0,medium,pull_request_keyword
69248,2023-05-30T10:59:02+00:00,2025-11-24T14:59:47+00:00,,2025-11-24T14:59:47+00:00,,low,issue_closed_at_fallback
112914,2025-10-24T03:42:26+00:00,2025-11-24T20:33:01+00:00,,2025-11-24T20:33:01+00:00,,low,issue_closed_at_fallback
114337,2025-11-22T08:29:32+00:00,2025-11-25T01:42:05+00:00,,2025-11-25T01:42:05+00:00,,low,issue_closed_at_fallback
65741,2023-03-31T18:37:42+00:00,2025-11-25T02:12:11+00:00,,2025-11-25T02:12:11+00:00,,low,issue_closed_at_fallback
92739,2024-08-30T09:25:59+00:00,2025-11-25T02:12:38+00:00,,2025-11-25T02:12:38+00:00,,low,issue_closed_at_fallback
104049,2025-04-15T14:25:39+00:00,2025-11-25T13:33:52+00:00,c42d6a53a6f7fcb41f8a9ac9d4778fcc801f0578,2025-11-25T13:33:51+00:00,114403.0,medium,pull_request_keyword
95371,2024-10-24T20:21:54+00:00,2025-11-26T02:13:03+00:00,,2025-11-26T02:13:03+00:00,,low,issue_closed_at_fallback
95428,2024-10-25T16:11:30+00:00,2025-11-26T02:13:06+00:00,,2025-11-26T02:13:06+00:00,,low,issue_closed_at_fallback
100714,2025-02-14T10:44:27+00:00,2025-11-26T11:00:17+00:00,291e3ea9cfe2ca0826c57c3ebe9e93149106ae13,2025-11-26T11:00:16+00:00,114350.0,medium,pull_request_keyword
54574,2022-09-01T11:52:50+00:00,2025-11-27T02:10:24+00:00,,2025-11-27T02:10:24+00:00,,low,issue_closed_at_fallback
75711,2023-09-29T01:23:40+00:00,2025-11-27T02:10:34+00:00,4deea25308f967c0e96b4feb85edbd5c9fc5b7b7,2025-01-15T13:26:16+00:00,95454.0,medium,pull_request_keyword
114529,2025-11-27T09:45:37+00:00,2025-11-27T09:50:28+00:00,,2025-11-27T09:50:28+00:00,,low,issue_closed_at_fallback
97916,2024-12-13T09:44:01+00:00,2025-11-27T10:38:56+00:00,,2025-11-27T10:38:56+00:00,,low,issue_closed_at_fallback
108340,2025-07-18T17:43:52+00:00,2025-11-27T11:05:16+00:00,,2025-11-27T11:05:16+00:00,,low,issue_closed_at_fallback
114235,2025-11-20T13:45:56+00:00,2025-11-28T13:21:35+00:00,,2025-11-28T13:21:35+00:00,,low,issue_closed_at_fallback
94171,2024-10-02T21:10:47+00:00,2025-11-29T02:10:36+00:00,,2025-11-29T02:10:36+00:00,,low,issue_closed_at_fallback
95478,2024-10-28T11:02:02+00:00,2025-11-29T02:10:43+00:00,,2025-11-29T02:10:43+00:00,,low,issue_closed_at_fallback
95482,2024-10-28T11:55:45+00:00,2025-11-29T02:10:46+00:00,,2025-11-29T02:10:46+00:00,,low,issue_closed_at_fallback
95519,2024-10-28T17:52:58+00:00,2025-11-29T02:10:48+00:00,,2025-11-29T02:10:48+00:00,,low,issue_closed_at_fallback
93017,2024-09-06T01:53:21+00:00,2025-11-30T02:15:57+00:00,,2025-11-30T02:15:57+00:00,,low,issue_closed_at_fallback
93463,2024-09-19T07:27:38+00:00,2025-11-30T02:16:01+00:00,,2025-11-30T02:16:01+00:00,,low,issue_closed_at_fallback
93939,2024-09-27T17:38:38+00:00,2025-11-30T02:16:04+00:00,,2025-11-30T02:16:04+00:00,,low,issue_closed_at_fallback
94362,2024-10-08T00:50:05+00:00,2025-11-30T02:16:06+00:00,,2025-11-30T02:16:06+00:00,,low,issue_closed_at_fallback
95031,2024-10-21T08:19:08+00:00,2025-11-30T02:16:09+00:00,,2025-11-30T02:16:09+00:00,,low,issue_closed_at_fallback
95309,2024-10-23T23:52:43+00:00,2025-11-30T02:16:12+00:00,,2025-11-30T02:16:12+00:00,,low,issue_closed_at_fallback
95379,2024-10-25T08:04:28+00:00,2025-11-30T02:16:14+00:00,,2025-11-30T02:16:14+00:00,,low,issue_closed_at_fallback
95545,2024-10-29T10:23:31+00:00,2025-11-30T02:16:18+00:00,,2025-11-30T02:16:18+00:00,,low,issue_closed_at_fallback
79218,2023-12-07T12:55:21+00:00,2025-12-01T02:16:30+00:00,,2025-12-01T02:16:30+00:00,,low,issue_closed_at_fallback
114414,2025-11-25T14:56:17+00:00,2025-12-01T05:24:05+00:00,,2025-12-01T05:24:05+00:00,,low,issue_closed_at_fallback
105967,2025-05-23T16:50:32+00:00,2025-12-01T10:18:53+00:00,,2025-11-29T09:57:22+00:00,113022.0,medium,pull_request_keyword
103059,2025-03-28T23:08:15+00:00,2025-12-01T10:21:26+00:00,,2025-11-29T09:57:22+00:00,113022.0,medium,pull_request_keyword
96252,2024-11-12T07:09:03+00:00,2025-12-01T12:18:27+00:00,,2025-12-01T12:18:27+00:00,,low,issue_closed_at_fallback
114234,2025-11-20T13:43:20+00:00,2025-12-02T13:12:03+00:00,,2025-12-02T13:12:03+00:00,,low,issue_closed_at_fallback
114279,2025-11-21T03:10:24+00:00,2025-12-02T13:44:56+00:00,,2025-12-02T13:44:56+00:00,,low,issue_closed_at_fallback
113377,2025-11-04T00:54:46+00:00,2025-12-02T13:50:42+00:00,1b10581c636acba0c5fb40b5e79c69220b843821,2025-12-02T13:50:41+00:00,114665.0,medium,pull_request_keyword
95747,2024-11-01T21:20:02+00:00,2025-12-03T02:14:10+00:00,,2025-12-03T02:14:10+00:00,,low,issue_closed_at_fallback
107313,2025-06-27T13:29:58+00:00,2025-12-03T09:19:23+00:00,,2025-12-03T09:19:23+00:00,,low,issue_closed_at_fallback
114708,2025-12-02T14:01:00+00:00,2025-12-03T11:29:54+00:00,,2025-12-03T11:29:54+00:00,,low,issue_closed_at_fallback
101949,2025-03-11T14:58:22+00:00,2025-12-03T11:33:50+00:00,b74465e4280e4552def390ec34a1a17ed259a5ce,2025-12-03T11:33:49+00:00,114766.0,medium,pull_request_keyword
107476,2025-07-01T18:02:48+00:00,2025-12-03T11:57:49+00:00,,2025-12-03T11:57:49+00:00,,low,issue_closed_at_fallback
114544,2025-11-27T13:42:13+00:00,2025-12-03T13:32:30+00:00,d04f51f7ed2081e1787a54f60a26f234dc24f61b,2025-12-03T14:32:28+01:00,,high,commit_message_keyword
114615,2025-12-01T00:54:00+00:00,2025-12-03T13:51:32+00:00,,2025-12-03T13:51:32+00:00,,low,issue_closed_at_fallback
114214,2025-11-20T07:47:30+00:00,2025-12-03T13:51:48+00:00,,2025-12-03T13:51:48+00:00,,low,issue_closed_at_fallback
93261,2024-09-12T11:11:59+00:00,2025-12-03T14:33:17+00:00,,2025-12-03T14:33:17+00:00,,low,issue_closed_at_fallback
114406,2025-11-25T13:26:43+00:00,2025-12-03T16:13:08+00:00,,2025-12-03T16:13:08+00:00,,low,issue_closed_at_fallback
114814,2025-12-04T00:07:49+00:00,2025-12-04T00:15:58+00:00,,2025-12-04T00:15:58+00:00,,low,issue_closed_at_fallback
108288,2025-07-18T02:48:34+00:00,2025-12-04T12:34:54+00:00,,2025-12-04T12:34:54+00:00,,low,issue_closed_at_fallback
113376,2025-11-04T00:50:50+00:00,2025-12-04T12:48:57+00:00,ff4228bd58aeb76158d8a76983a55014f08886b3,2025-12-04T12:48:56+00:00,114667.0,medium,pull_request_keyword
113874,2025-11-13T21:22:57+00:00,2025-12-04T17:21:28+00:00,,2025-12-04T17:21:28+00:00,,low,issue_closed_at_fallback
69848,2023-06-09T12:16:18+00:00,2025-12-05T02:13:43+00:00,,2025-12-05T02:13:43+00:00,,low,issue_closed_at_fallback
95367,2024-10-24T17:44:17+00:00,2025-12-05T02:14:35+00:00,,2025-12-05T02:14:35+00:00,,low,issue_closed_at_fallback
95789,2024-11-04T15:21:58+00:00,2025-12-05T02:14:40+00:00,,2025-12-05T02:14:40+00:00,,low,issue_closed_at_fallback
113378,2025-11-04T00:58:10+00:00,2025-12-05T12:25:58+00:00,,2025-12-05T12:25:58+00:00,,low,issue_closed_at_fallback
114377,2025-11-24T23:52:02+00:00,2025-12-05T15:14:04+00:00,,2025-12-05T15:14:04+00:00,,low,issue_closed_at_fallback
114726,2025-12-02T18:56:39+00:00,2025-12-05T19:42:07+00:00,,2025-12-05T19:42:07+00:00,,low,issue_closed_at_fallback
91811,2024-08-12T16:33:40+00:00,2025-12-07T02:15:56+00:00,,2025-12-07T02:15:56+00:00,,low,issue_closed_at_fallback
95479,2024-10-28T11:18:34+00:00,2025-12-07T02:16:07+00:00,,2025-12-07T02:16:07+00:00,,low,issue_closed_at_fallback
95816,2024-11-05T08:03:22+00:00,2025-12-07T02:16:09+00:00,,2025-12-07T02:16:09+00:00,,low,issue_closed_at_fallback
95886,2024-11-05T16:26:19+00:00,2025-12-07T02:16:12+00:00,,2025-12-07T02:16:12+00:00,,low,issue_closed_at_fallback
95922,2024-11-05T23:16:22+00:00,2025-12-07T02:16:13+00:00,,2025-12-07T02:16:13+00:00,,low,issue_closed_at_fallback
95450,2024-10-27T12:48:06+00:00,2025-12-08T02:14:41+00:00,,2025-12-08T02:14:41+00:00,,low,issue_closed_at_fallback
96024,2024-11-07T12:06:07+00:00,2025-12-08T02:14:46+00:00,,2025-12-08T02:14:46+00:00,,low,issue_closed_at_fallback
57560,2022-10-24T19:05:16+00:00,2025-12-08T15:08:44+00:00,4e0fa12ac76b992bdb785c4f893767f949afaa04,2023-11-05T01:48:47+00:00,75182.0,medium,pull_request_keyword
59539,2022-11-30T10:07:54+00:00,2025-12-08T16:22:49+00:00,,2025-12-08T16:22:49+00:00,,low,issue_closed_at_fallback
113491,2025-11-06T07:58:55+00:00,2025-12-08T16:52:02+00:00,15c93100abd9358292b2c5d97da2c78e284983b4,2025-12-08T16:52:01+00:00,114964.0,medium,pull_request_keyword
96155,2024-11-08T22:06:34+00:00,2025-12-09T02:14:38+00:00,,2025-12-09T02:14:38+00:00,,low,issue_closed_at_fallback
114683,2025-12-02T08:28:47+00:00,2025-12-09T08:02:55+00:00,,2025-12-09T08:02:55+00:00,,low,issue_closed_at_fallback
110753,2025-09-08T10:08:53+00:00,2025-12-09T09:14:39+00:00,,2025-12-09T09:14:39+00:00,,low,issue_closed_at_fallback
114383,2025-11-25T09:02:04+00:00,2025-12-09T09:20:56+00:00,,2025-12-09T09:20:56+00:00,,low,issue_closed_at_fallback
110011,2025-08-22T05:54:48+00:00,2025-12-09T09:36:54+00:00,,2025-12-09T09:36:54+00:00,,low,issue_closed_at_fallback
114973,2025-12-08T16:08:02+00:00,2025-12-09T12:52:44+00:00,,2025-12-09T12:52:44+00:00,,low,issue_closed_at_fallback
114867,2025-12-04T19:11:16+00:00,2025-12-09T14:59:22+00:00,,2025-12-09T14:59:22+00:00,,low,issue_closed_at_fallback
95452,2024-10-27T15:32:39+00:00,2025-12-10T02:15:35+00:00,,2025-12-10T02:15:35+00:00,,low,issue_closed_at_fallback
96178,2024-11-09T13:44:56+00:00,2025-12-10T02:15:38+00:00,,2025-12-10T02:15:38+00:00,,low,issue_closed_at_fallback
115013,2025-12-09T14:53:40+00:00,2025-12-11T06:26:37+00:00,,2025-12-11T06:26:37+00:00,,low,issue_closed_at_fallback
110544,2025-09-03T16:40:24+00:00,2025-12-11T14:53:37+00:00,,2025-12-11T14:53:37+00:00,,low,issue_closed_at_fallback
113300,2025-10-31T14:45:58+00:00,2025-12-11T22:54:08+00:00,,2025-12-11T22:54:08+00:00,,low,issue_closed_at_fallback
96191,2024-11-11T03:00:32+00:00,2025-12-12T02:16:05+00:00,,2025-12-12T02:16:05+00:00,,low,issue_closed_at_fallback
96198,2024-11-11T06:50:33+00:00,2025-12-12T02:16:07+00:00,,2025-12-12T02:16:07+00:00,,low,issue_closed_at_fallback
96201,2024-11-11T08:17:02+00:00,2025-12-12T02:16:09+00:00,,2025-12-12T02:16:09+00:00,,low,issue_closed_at_fallback
115067,2025-12-10T06:52:41+00:00,2025-12-12T08:51:55+00:00,,2025-12-12T08:51:55+00:00,,low,issue_closed_at_fallback
115027,2025-12-09T16:14:54+00:00,2025-12-12T12:12:48+00:00,,2025-12-12T12:12:48+00:00,,low,issue_closed_at_fallback
115231,2025-12-12T14:18:55+00:00,2025-12-12T15:18:10+00:00,eab5d2b30ef443870167a7ec34ba3d2b603a8aef,2025-12-12T15:17:34+00:00,115240.0,medium,pull_request_keyword
115228,2025-12-12T14:00:09+00:00,2025-12-12T15:36:33+00:00,b40d0e6ff4c3b02a9c8be9b75282f2c2e2b1fe35,2025-12-12T15:36:31+00:00,115244.0,medium,pull_request_keyword
115213,2025-12-12T10:56:17+00:00,2025-12-12T18:14:57+00:00,b29e8ccb457f53dc920132f432d7b8c2a30db5e4,2025-12-12T18:14:56+00:00,115256.0,medium,pull_request_keyword
115264,2025-12-12T16:53:59+00:00,2025-12-12T18:54:29+00:00,,2025-12-12T18:54:29+00:00,,low,issue_closed_at_fallback
115260,2025-12-12T16:45:21+00:00,2025-12-12T21:09:40+00:00,,2025-12-12T21:09:40+00:00,,low,issue_closed_at_fallback
115236,2025-12-12T14:24:48+00:00,2025-12-12T21:39:45+00:00,,2025-12-12T21:39:45+00:00,,low,issue_closed_at_fallback
115269,2025-12-12T17:54:18+00:00,2025-12-12T21:39:45+00:00,,2025-12-12T21:39:45+00:00,,low,issue_closed_at_fallback
59674,2022-12-01T19:00:20+00:00,2025-12-14T02:15:38+00:00,,2025-12-14T02:15:38+00:00,,low,issue_closed_at_fallback
77531,2023-11-01T22:07:15+00:00,2025-12-14T02:15:48+00:00,,2025-12-14T02:15:48+00:00,,low,issue_closed_at_fallback
96253,2024-11-12T07:12:16+00:00,2025-12-14T02:16:25+00:00,,2025-12-14T02:16:25+00:00,,low,issue_closed_at_fallback
96417,2024-11-14T00:45:02+00:00,2025-12-14T02:16:34+00:00,,2025-12-14T02:16:34+00:00,,low,issue_closed_at_fallback
93419,2024-09-18T09:27:44+00:00,2025-12-15T02:15:54+00:00,,2025-12-15T02:15:54+00:00,,low,issue_closed_at_fallback
93447,2024-09-18T15:49:05+00:00,2025-12-15T02:15:56+00:00,,2025-12-15T02:15:56+00:00,,low,issue_closed_at_fallback
93628,2024-09-23T18:20:20+00:00,2025-12-15T02:15:57+00:00,,2025-12-15T02:15:57+00:00,,low,issue_closed_at_fallback
96361,2024-11-13T08:49:53+00:00,2025-12-15T02:16:04+00:00,,2025-12-15T02:16:04+00:00,,low,issue_closed_at_fallback
111626,2025-09-25T14:32:03+00:00,2025-12-15T09:41:26+00:00,4149767391a7855faa881743a6d85a3adca160f7,2025-12-15T09:41:25+00:00,114275.0,medium,pull_request_keyword
115233,2025-12-12T14:23:18+00:00,2025-12-15T10:05:37+00:00,,2025-12-15T10:05:37+00:00,,low,issue_closed_at_fallback
115262,2025-12-12T16:48:19+00:00,2025-12-15T10:05:58+00:00,,2025-12-15T10:05:58+00:00,,low,issue_closed_at_fallback
115232,2025-12-12T14:18:56+00:00,2025-12-15T11:28:30+00:00,1e031db60752dd3c93acd989d58dd6b98f1ccaa2,2025-12-15T11:28:28+00:00,115249.0,medium,pull_request_keyword
115083,2025-12-10T12:42:13+00:00,2025-12-15T12:12:12+00:00,,2025-12-15T12:12:12+00:00,,low,issue_closed_at_fallback
115238,2025-12-12T14:29:35+00:00,2025-12-15T12:15:52+00:00,62cab8bd63f71b3820efae4478647ac5e4988a3d,2025-12-15T12:15:51+00:00,115227.0,medium,pull_request_keyword
115230,2025-12-12T14:12:05+00:00,2025-12-15T12:50:13+00:00,ca0c09cb73788f750ad933a93184c4aa3f9b35a6,2025-12-15T12:50:11+00:00,115331.0,medium,pull_request_keyword
115322,2025-12-15T10:57:00+00:00,2025-12-15T13:36:20+00:00,,2025-12-15T13:36:20+00:00,,low,issue_closed_at_fallback
113878,2025-11-13T21:44:06+00:00,2025-12-16T10:02:42+00:00,,2025-12-16T10:02:42+00:00,,low,issue_closed_at_fallback
115299,2025-12-14T16:39:47+00:00,2025-12-16T10:44:00+00:00,,2025-12-16T10:44:00+00:00,,low,issue_closed_at_fallback
115320,2025-12-15T10:48:36+00:00,2025-12-16T14:31:26+00:00,,2025-12-16T14:31:26+00:00,,low,issue_closed_at_fallback
115315,2025-12-15T10:17:02+00:00,2025-12-16T21:39:23+00:00,dfd396b06ce427e385b6d3ae687c00a467d13bb6,2025-12-16T21:39:21+00:00,115368.0,medium,pull_request_keyword
96582,2024-11-15T19:36:27+00:00,2025-12-17T02:14:13+00:00,,2025-12-17T02:14:13+00:00,,low,issue_closed_at_fallback
96592,2024-11-16T02:21:48+00:00,2025-12-17T02:14:16+00:00,,2025-12-17T02:14:16+00:00,,low,issue_closed_at_fallback
98169,2024-12-18T10:45:56+00:00,2025-12-17T09:33:34+00:00,,2025-12-17T09:33:34+00:00,,low,issue_closed_at_fallback
115319,2025-12-15T10:48:31+00:00,2025-12-17T16:44:35+00:00,,2025-12-17T16:44:35+00:00,,low,issue_closed_at_fallback
96599,2024-11-17T08:22:58+00:00,2025-12-18T02:14:42+00:00,,2025-12-18T02:14:42+00:00,,low,issue_closed_at_fallback
115309,2025-12-15T08:50:17+00:00,2025-12-18T09:32:09+00:00,,2025-12-18T09:32:09+00:00,,low,issue_closed_at_fallback
106058,2025-05-27T10:41:40+00:00,2025-12-18T10:26:35+00:00,,2025-12-18T10:26:35+00:00,,low,issue_closed_at_fallback
114532,2025-11-27T10:28:28+00:00,2025-12-18T10:27:04+00:00,,2025-12-18T10:27:04+00:00,,low,issue_closed_at_fallback
110596,2025-09-04T12:48:28+00:00,2025-12-18T12:05:01+00:00,,2025-12-18T12:05:01+00:00,,low,issue_closed_at_fallback
108492,2025-07-22T23:27:06+00:00,2025-12-18T12:05:17+00:00,,2025-12-18T12:05:17+00:00,,low,issue_closed_at_fallback
105969,2025-05-23T17:59:20+00:00,2025-12-18T12:05:28+00:00,,2025-12-18T12:05:28+00:00,,low,issue_closed_at_fallback
113723,2025-11-11T21:47:53+00:00,2025-12-18T14:38:18+00:00,f1b19dd9faccc5e868c18c5ae7def8cea7438dd8,2025-12-18T14:38:16+00:00,115500.0,medium,pull_request_keyword
115328,2025-12-15T11:23:28+00:00,2025-12-18T14:59:28+00:00,4bcd31b17acb8f6d8af55452078a914863077282,2025-12-18T14:59:26+00:00,115515.0,medium,pull_request_keyword
115298,2025-12-14T11:32:59+00:00,2025-12-18T15:30:11+00:00,,2025-12-18T15:30:11+00:00,,low,issue_closed_at_fallback
106645,2025-06-12T15:46:38+00:00,2025-12-18T21:43:45+00:00,,2025-12-18T21:43:45+00:00,,low,issue_closed_at_fallback
115405,2025-12-16T11:00:51+00:00,2025-12-18T22:11:11+00:00,,2025-12-18T22:11:11+00:00,,low,issue_closed_at_fallback
115084,2025-12-10T12:48:52+00:00,2025-12-19T12:48:55+00:00,,2025-12-19T12:48:55+00:00,,low,issue_closed_at_fallback
114530,2025-11-27T09:53:46+00:00,2025-12-19T15:11:33+00:00,,2025-12-19T15:11:33+00:00,,low,issue_closed_at_fallback
115621,2025-12-19T13:25:52+00:00,2025-12-19T15:38:23+00:00,aa69d97f1eb6a871fa1d7dc3d82f207c1754652d,2025-12-19T15:38:22+00:00,115624.0,medium,pull_request_keyword
76770,2023-10-18T16:49:00+00:00,2025-12-20T02:11:45+00:00,,2025-12-20T02:11:45+00:00,,low,issue_closed_at_fallback
96657,2024-11-19T09:37:31+00:00,2025-12-20T02:12:16+00:00,,2025-12-20T02:12:16+00:00,,low,issue_closed_at_fallback
96679,2024-11-19T13:57:00+00:00,2025-12-20T02:12:18+00:00,,2025-12-20T02:12:18+00:00,,low,issue_closed_at_fallback
96733,2024-11-20T03:53:16+00:00,2025-12-21T02:15:48+00:00,,2025-12-21T02:15:48+00:00,,low,issue_closed_at_fallback
96756,2024-11-20T12:56:26+00:00,2025-12-21T02:15:51+00:00,,2025-12-21T02:15:51+00:00,,low,issue_closed_at_fallback
77449,2023-10-31T14:54:06+00:00,2025-12-22T02:15:29+00:00,,2025-12-22T02:15:29+00:00,,low,issue_closed_at_fallback
96828,2024-11-21T11:32:55+00:00,2025-12-22T02:16:01+00:00,,2025-12-22T02:16:01+00:00,,low,issue_closed_at_fallback
114255,2025-11-20T17:13:39+00:00,2025-12-23T10:23:17+00:00,096208202ebab02f8842ae08803b1df724dcedfc,2025-12-23T10:23:16+00:00,115662.0,medium,pull_request_keyword
68672,2023-05-18T07:54:33+00:00,2025-12-26T02:15:13+00:00,,2025-12-26T02:15:13+00:00,,low,issue_closed_at_fallback
88944,2024-06-07T19:03:05+00:00,2025-12-26T02:15:37+00:00,,2025-12-26T02:15:37+00:00,,low,issue_closed_at_fallback
49621,2022-05-25T14:38:21+00:00,2025-12-26T17:03:19+00:00,,2025-12-26T17:03:19+00:00,,low,issue_closed_at_fallback
78449,2023-11-21T10:37:47+00:00,2025-12-27T02:14:41+00:00,,2025-12-27T02:14:41+00:00,,low,issue_closed_at_fallback
81800,2024-02-02T14:30:17+00:00,2025-12-27T02:14:45+00:00,,2025-12-27T02:14:45+00:00,,low,issue_closed_at_fallback
96950,2024-11-22T23:13:46+00:00,2025-12-27T02:15:03+00:00,32e5139ce73cd426715e40a4f1de704e53c7eba8,2025-01-22T03:05:12+00:00,97078.0,medium,pull_request_keyword
72860,2023-08-03T21:09:31+00:00,2025-12-28T02:15:54+00:00,,2025-12-28T02:15:54+00:00,,low,issue_closed_at_fallback
95388,2024-10-25T09:49:49+00:00,2025-12-28T02:16:19+00:00,,2025-12-28T02:16:19+00:00,,low,issue_closed_at_fallback
97094,2024-11-27T10:21:31+00:00,2025-12-28T02:16:27+00:00,,2025-12-28T02:16:27+00:00,,low,issue_closed_at_fallback
115307,2025-12-15T08:30:08+00:00,2025-12-29T09:29:52+00:00,,2025-12-29T09:29:52+00:00,,low,issue_closed_at_fallback
115359,2025-12-15T15:22:49+00:00,2025-12-29T18:11:46+00:00,,2025-12-29T18:11:46+00:00,,low,issue_closed_at_fallback
108033,2025-07-11T15:26:04+00:00,2025-12-29T18:58:30+00:00,,2025-12-29T18:58:30+00:00,,low,issue_closed_at_fallback
115349,2025-12-15T14:08:17+00:00,2025-12-30T19:27:39+00:00,014d4758c68a091de9ce4e553c46933e4d057163,2025-12-30T19:27:38+00:00,115580.0,medium,pull_request_keyword
97200,2024-11-29T15:10:49+00:00,2026-01-01T02:16:19+00:00,,2026-01-01T02:16:19+00:00,,low,issue_closed_at_fallback
97218,2024-11-30T10:03:04+00:00,2026-01-01T02:16:21+00:00,,2026-01-01T02:16:21+00:00,,low,issue_closed_at_fallback
97287,2024-12-02T17:03:46+00:00,2026-01-02T02:16:06+00:00,,2026-01-02T02:16:06+00:00,,low,issue_closed_at_fallback
114838,2025-12-04T12:53:36+00:00,2026-01-02T07:15:42+00:00,,2026-01-02T07:15:42+00:00,,low,issue_closed_at_fallback
113332,2025-11-02T16:44:19+00:00,2026-01-03T19:48:19+00:00,,2026-01-03T19:48:19+00:00,,low,issue_closed_at_fallback
97322,2024-12-03T07:50:38+00:00,2026-01-04T02:16:23+00:00,,2026-01-04T02:16:23+00:00,,low,issue_closed_at_fallback
97352,2024-12-03T13:39:44+00:00,2026-01-04T02:16:25+00:00,,2026-01-04T02:16:25+00:00,,low,issue_closed_at_fallback
97393,2024-12-04T11:56:35+00:00,2026-01-04T02:16:31+00:00,,2026-01-04T02:16:31+00:00,,low,issue_closed_at_fallback
97494,2024-12-05T17:14:01+00:00,2026-01-05T02:16:28+00:00,,2026-01-05T02:16:28+00:00,,low,issue_closed_at_fallback
97496,2024-12-05T17:27:22+00:00,2026-01-05T02:16:29+00:00,,2026-01-05T02:16:29+00:00,,low,issue_closed_at_fallback
114576,2025-11-28T10:37:30+00:00,2026-01-05T10:24:42+00:00,,2026-01-05T10:24:42+00:00,,low,issue_closed_at_fallback
96065,2024-11-07T21:28:52+00:00,2026-01-05T14:56:23+00:00,5698f2d03994ea2e5531e8be9a0f464b354c7420,2026-01-05T14:56:22+00:00,115802.0,medium,pull_request_keyword
66238,2023-04-11T07:50:31+00:00,2026-01-05T16:19:31+00:00,46d12d7c88c37c177b9aab585f3cf399a5a18bc5,2024-06-07T01:51:48+00:00,86787.0,medium,pull_request_keyword
111525,2025-09-24T06:10:25+00:00,2026-01-05T17:46:15+00:00,,2026-01-05T17:46:15+00:00,,low,issue_closed_at_fallback
109320,2025-08-07T07:42:01+00:00,2026-01-05T20:02:46+00:00,e57853849f53277cb21d814439169d26f6a98055,2025-08-22T13:02:05+00:00,109971.0,medium,pull_request_keyword
114531,2025-11-27T10:11:51+00:00,2026-01-06T10:29:54+00:00,217427e072cde0a81641a0b2b7d7c893fce7f638,2026-01-06T10:29:52+00:00,114608.0,medium,pull_request_keyword
114325,2025-11-21T20:02:10+00:00,2026-01-06T12:47:54+00:00,5fe192a893e24fe7350762795b3a66b07711cb28,2026-01-06T12:47:53+00:00,114360.0,medium,pull_request_keyword
115416,2025-12-16T13:47:06+00:00,2026-01-06T16:54:13+00:00,,2026-01-06T16:54:13+00:00,,low,issue_closed_at_fallback
97533,2024-12-06T06:16:55+00:00,2026-01-07T02:15:51+00:00,,2026-01-07T02:15:51+00:00,,low,issue_closed_at_fallback
114943,2025-12-06T10:50:41+00:00,2026-01-07T08:48:25+00:00,,2026-01-07T08:48:25+00:00,,low,issue_closed_at_fallback
114671,2025-12-01T20:05:18+00:00,2026-01-07T12:31:30+00:00,,2026-01-07T12:31:30+00:00,,low,issue_closed_at_fallback
115542,2025-12-18T11:42:25+00:00,2026-01-07T16:05:55+00:00,e116254f32d6df67a220787c2f2fa350a2cdf015,2026-01-07T16:05:54+00:00,115543.0,medium,pull_request_keyword
114346,2025-11-24T09:47:30+00:00,2026-01-07T19:24:22+00:00,00b89b0d29c5616da5ef7e2254371d85277012fe,2026-01-07T19:24:21+00:00,115902.0,medium,pull_request_keyword
85292,2024-03-27T15:52:55+00:00,2026-01-08T02:15:47+00:00,,2026-01-08T02:15:47+00:00,,low,issue_closed_at_fallback
115436,2025-12-16T17:37:23+00:00,2026-01-08T15:12:03+00:00,ed8d0ba8d730a43b718b06770e04975eea4e5ba9,2026-01-05T16:30:21+00:00,115457.0,medium,pull_request_keyword
92231,2024-08-21T16:02:08+00:00,2026-01-09T02:15:45+00:00,,2026-01-09T02:15:45+00:00,,low,issue_closed_at_fallback
112189,2025-10-09T00:18:42+00:00,2026-01-09T04:28:32+00:00,,2026-01-09T04:28:32+00:00,,low,issue_closed_at_fallback
115080,2025-12-10T11:41:25+00:00,2026-01-09T10:57:17+00:00,,2026-01-09T10:57:17+00:00,,low,issue_closed_at_fallback
110848,2025-09-09T22:32:50+00:00,2026-01-09T10:57:41+00:00,,2026-01-09T10:57:41+00:00,,low,issue_closed_at_fallback
113171,2025-10-29T14:07:52+00:00,2026-01-09T11:24:19+00:00,,2026-01-09T11:24:19+00:00,,low,issue_closed_at_fallback
112186,2025-10-08T20:51:42+00:00,2026-01-09T21:53:58+00:00,,2026-01-09T21:53:58+00:00,,low,issue_closed_at_fallback
97614,2024-12-09T03:03:26+00:00,2026-01-10T02:15:23+00:00,,2026-01-10T02:15:23+00:00,,low,issue_closed_at_fallback
94049,2024-10-01T09:01:42+00:00,2026-01-12T02:16:03+00:00,,2026-01-12T02:16:03+00:00,,low,issue_closed_at_fallback
97760,2024-12-10T17:22:52+00:00,2026-01-12T02:16:12+00:00,,2026-01-12T02:16:12+00:00,,low,issue_closed_at_fallback
97826,2024-12-12T10:08:45+00:00,2026-01-12T02:16:14+00:00,,2026-01-12T02:16:14+00:00,,low,issue_closed_at_fallback
97858,2024-12-12T14:37:03+00:00,2026-01-12T02:16:17+00:00,,2026-01-12T02:16:17+00:00,,low,issue_closed_at_fallback
114638,2025-12-01T13:07:12+00:00,2026-01-12T23:13:27+00:00,,2026-01-12T23:13:27+00:00,,low,issue_closed_at_fallback
98822,2025-01-10T15:16:20+00:00,2026-01-13T08:46:08+00:00,220c29de89b93b1ad96bab44308c5fece22ed670,2026-01-13T08:46:06+00:00,116140.0,medium,pull_request_keyword
97731,2024-12-10T12:09:32+00:00,2026-01-14T02:16:22+00:00,,2026-01-14T02:16:22+00:00,,low,issue_closed_at_fallback
97864,2024-12-12T15:50:57+00:00,2026-01-15T02:15:53+00:00,,2026-01-15T02:15:53+00:00,,low,issue_closed_at_fallback
114213,2025-11-20T07:46:59+00:00,2026-01-15T11:23:16+00:00,,2026-01-15T11:23:16+00:00,,low,issue_closed_at_fallback
114387,2025-11-25T09:32:29+00:00,2026-01-15T17:01:33+00:00,,2026-01-15T17:01:33+00:00,,low,issue_closed_at_fallback
97994,2024-12-16T02:59:47+00:00,2026-01-16T02:15:56+00:00,,2026-01-16T02:15:56+00:00,,low,issue_closed_at_fallback
97996,2024-12-16T07:14:59+00:00,2026-01-16T02:15:57+00:00,,2026-01-16T02:15:57+00:00,,low,issue_closed_at_fallback
98000,2024-12-16T07:55:50+00:00,2026-01-16T02:15:59+00:00,,2026-01-16T02:15:59+00:00,,low,issue_closed_at_fallback
98032,2024-12-16T13:12:26+00:00,2026-01-16T02:16:00+00:00,,2026-01-16T02:16:00+00:00,,low,issue_closed_at_fallback
64692,2023-03-13T14:55:11+00:00,2026-01-17T02:14:33+00:00,,2026-01-17T02:14:33+00:00,,low,issue_closed_at_fallback
69512,2023-06-03T00:36:38+00:00,2026-01-17T02:14:34+00:00,,2026-01-17T02:14:34+00:00,,low,issue_closed_at_fallback
96378,2024-11-13T10:58:48+00:00,2026-01-18T02:16:26+00:00,,2026-01-18T02:16:26+00:00,,low,issue_closed_at_fallback
98137,2024-12-17T19:00:15+00:00,2026-01-18T02:16:37+00:00,,2026-01-18T02:16:37+00:00,,low,issue_closed_at_fallback
98180,2024-12-18T12:09:57+00:00,2026-01-18T02:16:39+00:00,,2026-01-18T02:16:39+00:00,,low,issue_closed_at_fallback
105247,2025-05-12T10:32:37+00:00,2026-01-18T16:08:06+00:00,,2026-01-18T16:08:06+00:00,,low,issue_closed_at_fallback
98222,2024-12-18T20:00:14+00:00,2026-01-19T02:16:19+00:00,,2026-01-19T02:16:19+00:00,,low,issue_closed_at_fallback
115081,2025-12-10T12:39:11+00:00,2026-01-19T10:26:39+00:00,,2026-01-19T10:26:39+00:00,,low,issue_closed_at_fallback
98305,2024-12-20T09:34:23+00:00,2026-01-21T02:16:41+00:00,,2026-01-21T02:16:41+00:00,,low,issue_closed_at_fallback
98327,2024-12-20T15:42:10+00:00,2026-01-21T02:16:43+00:00,,2026-01-21T02:16:43+00:00,,low,issue_closed_at_fallback
98341,2024-12-21T12:15:02+00:00,2026-01-21T02:16:45+00:00,,2026-01-21T02:16:45+00:00,,low,issue_closed_at_fallback
96235,2024-11-11T15:58:51+00:00,2026-01-22T02:16:17+00:00,,2026-01-22T02:16:17+00:00,,low,issue_closed_at_fallback
102900,2025-03-26T15:14:43+00:00,2026-01-22T11:33:57+00:00,,2026-01-22T11:33:57+00:00,,low,issue_closed_at_fallback
114967,2025-12-08T14:42:51+00:00,2026-01-22T16:38:22+00:00,d7e4efffb92757073ba75da57beb6b6da4ed8f92,2026-01-22T16:38:21+00:00,116696.0,medium,pull_request_keyword
106250,2025-06-01T11:41:03+00:00,2026-01-22T19:20:22+00:00,,2026-01-22T19:20:22+00:00,,low,issue_closed_at_fallback
91853,2024-08-13T17:38:45+00:00,2026-01-22T21:48:15+00:00,,2026-01-22T21:48:15+00:00,,low,issue_closed_at_fallback
97223,2024-12-01T19:09:41+00:00,2026-01-22T22:26:22+00:00,,2026-01-22T22:26:22+00:00,,low,issue_closed_at_fallback
99250,2025-01-20T11:58:07+00:00,2026-01-22T22:29:21+00:00,440e860960d543b320b2d54a1b9d506f2d2c8e3d,2025-04-10T02:08:19+00:00,99264.0,medium,pull_request_keyword
106695,2025-06-13T07:55:44+00:00,2026-01-22T22:37:49+00:00,,2026-01-22T22:37:49+00:00,,low,issue_closed_at_fallback
95763,2024-11-03T10:36:30+00:00,2026-01-22T22:39:43+00:00,,2026-01-22T22:39:43+00:00,,low,issue_closed_at_fallback
113988,2025-11-15T05:34:08+00:00,2026-01-22T22:45:22+00:00,,2026-01-22T22:45:22+00:00,,low,issue_closed_at_fallback
113051,2025-10-27T17:27:43+00:00,2026-01-23T12:45:48+00:00,184875e591a20749c397e23b705f2cf5f8e5230f,2026-01-23T12:45:47+00:00,115513.0,medium,pull_request_keyword
114606,2025-11-29T14:08:11+00:00,2026-01-23T17:33:26+00:00,,2026-01-23T17:33:26+00:00,,low,issue_closed_at_fallback
106381,2025-06-05T16:15:10+00:00,2026-01-25T21:48:20+00:00,,2026-01-25T21:48:20+00:00,,low,issue_closed_at_fallback
108105,2025-07-15T08:52:05+00:00,2026-01-25T21:56:11+00:00,,2026-01-25T21:56:11+00:00,,low,issue_closed_at_fallback
106130,2025-05-28T09:38:45+00:00,2026-01-25T21:57:44+00:00,,2026-01-25T21:57:44+00:00,,low,issue_closed_at_fallback
114512,2025-11-26T18:33:23+00:00,2026-01-26T08:21:28+00:00,,2026-01-26T08:21:28+00:00,,low,issue_closed_at_fallback
114045,2025-11-17T18:38:44+00:00,2026-01-26T14:56:39+00:00,,2026-01-26T14:56:39+00:00,,low,issue_closed_at_fallback
107802,2025-07-08T19:23:39+00:00,2026-01-27T11:50:01+00:00,,2026-01-27T11:50:01+00:00,,low,issue_closed_at_fallback
115259,2025-12-12T16:42:35+00:00,2026-01-27T12:01:22+00:00,6b34e16d5b93968fde8621041eadbbe291097fbb,2026-01-27T12:01:20+00:00,115676.0,medium,pull_request_keyword
114971,2025-12-08T15:53:55+00:00,2026-01-27T13:32:59+00:00,,2026-01-27T13:32:59+00:00,,low,issue_closed_at_fallback
108744,2025-07-27T19:08:17+00:00,2026-01-27T15:24:10+00:00,,2026-01-27T15:24:10+00:00,,low,issue_closed_at_fallback
114457,2025-11-26T01:28:33+00:00,2026-01-27T15:32:38+00:00,,2026-01-27T15:32:38+00:00,,low,issue_closed_at_fallback
98386,2024-12-27T12:57:57+00:00,2026-01-28T02:16:51+00:00,,2026-01-28T02:16:51+00:00,,low,issue_closed_at_fallback
112874,2025-10-23T13:54:38+00:00,2026-01-28T11:34:58+00:00,,2026-01-28T11:34:58+00:00,,low,issue_closed_at_fallback
105817,2025-05-22T09:37:34+00:00,2026-01-28T22:41:42+00:00,,2026-01-28T22:41:42+00:00,,low,issue_closed_at_fallback
100716,2025-02-14T11:12:41+00:00,2026-01-29T16:33:59+00:00,,2026-01-29T16:33:59+00:00,,low,issue_closed_at_fallback
97983,2024-12-13T22:02:33+00:00,2026-01-30T02:17:55+00:00,,2026-01-30T02:17:55+00:00,,low,issue_closed_at_fallback
104508,2025-04-25T02:34:50+00:00,2026-01-30T12:10:44+00:00,,2026-01-30T12:10:44+00:00,,low,issue_closed_at_fallback
114884,2025-12-04T22:56:42+00:00,2026-01-30T17:19:49+00:00,,2026-01-30T17:19:49+00:00,,low,issue_closed_at_fallback
98432,2025-01-01T23:22:17+00:00,2026-02-01T02:18:20+00:00,,2026-02-01T02:18:20+00:00,,low,issue_closed_at_fallback
98440,2025-01-02T10:50:12+00:00,2026-02-02T02:17:59+00:00,,2026-02-02T02:17:59+00:00,,low,issue_closed_at_fallback
98454,2025-01-02T16:29:28+00:00,2026-02-02T02:18:01+00:00,,2026-02-02T02:18:01+00:00,,low,issue_closed_at_fallback
113508,2025-11-06T11:27:50+00:00,2026-02-02T06:34:02+00:00,,2026-02-02T06:34:02+00:00,,low,issue_closed_at_fallback
114930,2025-12-05T18:52:59+00:00,2026-02-02T16:41:40+00:00,,2026-02-02T16:41:40+00:00,,low,issue_closed_at_fallback
98909,2025-01-13T21:06:40+00:00,2026-02-02T20:41:51+00:00,,2026-02-02T20:41:51+00:00,,low,issue_closed_at_fallback
96908,2024-11-22T11:25:03+00:00,2026-02-02T20:50:58+00:00,,2026-02-02T20:50:58+00:00,,low,issue_closed_at_fallback
94568,2024-10-10T16:53:53+00:00,2026-02-03T02:17:44+00:00,,2026-02-03T02:17:44+00:00,,low,issue_closed_at_fallback
97663,2024-12-09T15:19:00+00:00,2026-02-03T02:17:54+00:00,,2026-02-03T02:17:54+00:00,,low,issue_closed_at_fallback
98103,2024-12-17T13:30:54+00:00,2026-02-03T02:17:56+00:00,,2026-02-03T02:17:56+00:00,,low,issue_closed_at_fallback
98233,2024-12-19T09:28:23+00:00,2026-02-03T02:17:58+00:00,,2026-02-03T02:17:58+00:00,,low,issue_closed_at_fallback
93231,2024-09-11T14:12:24+00:00,2026-02-03T11:53:32+00:00,,2026-02-03T11:53:32+00:00,,low,issue_closed_at_fallback
112249,2025-10-09T22:57:05+00:00,2026-02-03T14:22:53+00:00,,2026-02-03T14:22:53+00:00,,low,issue_closed_at_fallback
114727,2025-12-02T19:24:09+00:00,2026-02-03T22:08:36+00:00,,2026-02-03T22:08:36+00:00,,low,issue_closed_at_fallback
113531,2025-11-06T16:03:00+00:00,2026-02-04T12:09:24+00:00,,2026-02-04T12:09:24+00:00,,low,issue_closed_at_fallback
114287,2025-11-21T09:55:10+00:00,2026-02-04T16:35:42+00:00,,2026-02-04T16:35:42+00:00,,low,issue_closed_at_fallback
113435,2025-11-05T09:32:25+00:00,2026-02-05T13:50:50+00:00,,2026-02-05T13:50:50+00:00,,low,issue_closed_at_fallback
96649,2024-11-18T23:56:16+00:00,2026-02-06T02:18:03+00:00,,2026-02-06T02:18:03+00:00,,low,issue_closed_at_fallback
98517,2025-01-06T10:37:08+00:00,2026-02-06T02:18:18+00:00,,2026-02-06T02:18:18+00:00,,low,issue_closed_at_fallback
98542,2025-01-06T18:09:06+00:00,2026-02-06T02:18:19+00:00,,2026-02-06T02:18:19+00:00,,low,issue_closed_at_fallback
107935,2025-07-09T23:33:46+00:00,2026-02-06T20:19:33+00:00,,2026-02-06T20:19:33+00:00,,low,issue_closed_at_fallback
94510,2024-10-09T20:28:28+00:00,2026-02-07T02:17:17+00:00,,2026-02-07T02:17:17+00:00,,low,issue_closed_at_fallback
98503,2025-01-05T15:15:39+00:00,2026-02-08T02:18:46+00:00,18103b650fa4afee736754e383f4f66886371d0e,2025-02-24T09:41:39+00:00,100593.0,medium,pull_request_keyword
98709,2025-01-08T23:40:50+00:00,2026-02-08T02:18:56+00:00,,2026-02-08T02:18:56+00:00,,low,issue_closed_at_fallback
80850,2024-01-19T02:28:05+00:00,2026-02-09T02:17:49+00:00,,2026-02-09T02:17:49+00:00,,low,issue_closed_at_fallback
95903,2024-11-05T17:43:44+00:00,2026-02-09T02:18:13+00:00,,2026-02-09T02:18:13+00:00,,low,issue_closed_at_fallback
98711,2025-01-09T04:11:07+00:00,2026-02-09T02:18:24+00:00,,2026-02-09T02:18:24+00:00,,low,issue_closed_at_fallback
97059,2024-11-26T15:50:48+00:00,2026-02-09T08:45:36+00:00,,2026-02-09T08:45:36+00:00,,low,issue_closed_at_fallback
113692,2025-11-11T08:08:35+00:00,2026-02-09T22:51:32+00:00,,2026-02-09T22:51:32+00:00,,low,issue_closed_at_fallback
79475,2023-12-13T16:42:14+00:00,2026-02-10T02:17:55+00:00,,2026-02-10T02:17:55+00:00,,low,issue_closed_at_fallback
94620,2024-10-11T13:35:18+00:00,2026-02-10T02:18:15+00:00,,2026-02-10T02:18:15+00:00,,low,issue_closed_at_fallback
98787,2025-01-10T09:41:24+00:00,2026-02-10T02:18:25+00:00,,2026-02-10T02:18:25+00:00,,low,issue_closed_at_fallback
98790,2025-01-10T10:06:47+00:00,2026-02-10T02:18:27+00:00,,2026-02-10T02:18:27+00:00,,low,issue_closed_at_fallback
98811,2025-01-10T13:29:43+00:00,2026-02-10T02:18:28+00:00,,2026-02-10T02:18:28+00:00,,low,issue_closed_at_fallback
115552,2025-12-15T10:23:03+00:00,2026-02-10T15:20:58+00:00,40a2c69117f3f5beef40480106f9b5d143bcedab,2026-02-10T15:21:39+00:00,115706.0,medium,pull_request_keyword
115626,2025-12-19T14:07:33+00:00,2026-02-12T10:09:15+00:00,,2026-02-12T10:09:15+00:00,,low,issue_closed_at_fallback
108248,2025-07-17T14:51:04+00:00,2026-02-12T16:09:35+00:00,,2026-02-12T16:09:35+00:00,,low,issue_closed_at_fallback
96915,2024-11-22T12:52:06+00:00,2026-02-13T02:18:04+00:00,,2026-02-13T02:18:04+00:00,,low,issue_closed_at_fallback
113153,2025-10-29T09:46:37+00:00,2026-02-13T15:41:07+00:00,80e4df752827ac2cf8120d08e0b23d3d204fac93,2025-11-07T22:02:46+00:00,113227.0,medium,pull_request_keyword
98864,2025-01-13T10:11:14+00:00,2026-02-14T02:17:50+00:00,dff52bd2367adad713b5c9edadc5164ca583543e,2025-07-10T02:16:00+00:00,98865.0,medium,pull_request_keyword
109161,2025-08-04T23:44:57+00:00,2026-02-14T14:54:09+00:00,,2026-02-14T14:54:09+00:00,,low,issue_closed_at_fallback
113043,2025-10-27T13:53:48+00:00,2026-02-14T14:55:15+00:00,,2026-02-14T14:55:15+00:00,,low,issue_closed_at_fallback
94948,2024-10-18T10:20:40+00:00,2026-02-15T02:17:47+00:00,,2026-02-15T02:17:47+00:00,,low,issue_closed_at_fallback
97977,2024-12-13T18:56:31+00:00,2026-02-15T02:17:59+00:00,,2026-02-15T02:17:59+00:00,,low,issue_closed_at_fallback
99013,2025-01-15T12:53:05+00:00,2026-02-16T02:18:19+00:00,,2026-02-16T02:18:19+00:00,,low,issue_closed_at_fallback
99047,2025-01-16T00:22:14+00:00,2026-02-16T02:18:23+00:00,,2026-02-16T02:18:23+00:00,,low,issue_closed_at_fallback
69453,2023-06-02T12:58:38+00:00,2026-02-17T02:17:27+00:00,,2026-02-17T02:17:27+00:00,,low,issue_closed_at_fallback
75141,2023-09-20T08:43:30+00:00,2026-02-17T02:17:33+00:00,,2026-02-17T02:17:33+00:00,,low,issue_closed_at_fallback
89722,2024-06-25T19:21:59+00:00,2026-02-17T02:18:00+00:00,,2026-02-17T02:18:00+00:00,,low,issue_closed_at_fallback
113719,2025-11-11T18:34:08+00:00,2026-02-17T21:39:52+00:00,,2026-02-17T21:39:52+00:00,,low,issue_closed_at_fallback
112255,2025-10-10T04:44:18+00:00,2026-02-17T21:53:28+00:00,,2026-02-17T21:53:28+00:00,,low,issue_closed_at_fallback
111332,2025-09-18T19:34:21+00:00,2026-02-17T21:59:05+00:00,,2026-02-17T21:59:05+00:00,,low,issue_closed_at_fallback
62881,2023-02-03T15:06:27+00:00,2026-02-18T02:17:16+00:00,,2026-02-18T02:17:16+00:00,,low,issue_closed_at_fallback
96381,2024-11-13T11:30:36+00:00,2026-02-18T03:15:00+00:00,,2026-02-18T03:15:00+00:00,,low,issue_closed_at_fallback
81240,2024-01-25T09:40:34+00:00,2026-02-19T11:43:42+00:00,b82cd4d0e0dfdda5a0e932485fa6ae11ddd4d492,2026-02-19T11:43:40+00:00,117964.0,medium,pull_request_keyword
111467,2025-09-23T10:15:38+00:00,2026-02-19T17:46:13+00:00,dbeb865fb64e0d6458ed308fee47b3150d2b31eb,2026-02-19T17:46:12+00:00,118412.0,medium,pull_request_keyword
95769,2024-11-04T08:52:49+00:00,2026-02-19T23:51:56+00:00,,2026-02-19T23:51:56+00:00,,low,issue_closed_at_fallback
93992,2024-09-30T10:30:47+00:00,2026-02-20T02:17:40+00:00,,2026-02-20T02:17:40+00:00,,low,issue_closed_at_fallback
95946,2024-11-06T11:21:47+00:00,2026-02-20T02:17:44+00:00,,2026-02-20T02:17:44+00:00,,low,issue_closed_at_fallback
96202,2024-11-11T09:44:35+00:00,2026-02-20T02:17:47+00:00,,2026-02-20T02:17:47+00:00,,low,issue_closed_at_fallback
99261,2025-01-20T13:05:37+00:00,2026-02-20T02:17:58+00:00,,2026-02-20T02:17:58+00:00,,low,issue_closed_at_fallback
96563,2024-11-15T15:12:00+00:00,2026-02-20T19:26:49+00:00,,2026-02-20T19:26:49+00:00,,low,issue_closed_at_fallback
99338,2025-01-21T18:06:37+00:00,2026-02-21T02:16:51+00:00,,2026-02-21T02:16:51+00:00,,low,issue_closed_at_fallback
99344,2025-01-21T21:40:43+00:00,2026-02-22T02:17:51+00:00,,2026-02-22T02:17:51+00:00,,low,issue_closed_at_fallback
99379,2025-01-22T14:49:27+00:00,2026-02-22T02:17:53+00:00,,2026-02-22T02:17:53+00:00,,low,issue_closed_at_fallback
99477,2025-01-23T19:18:41+00:00,2026-02-23T02:18:05+00:00,,2026-02-23T02:18:05+00:00,,low,issue_closed_at_fallback
99485,2025-01-23T22:42:41+00:00,2026-02-23T02:18:07+00:00,,2026-02-23T02:18:07+00:00,,low,issue_closed_at_fallback
112509,2025-10-16T11:30:51+00:00,2026-02-23T13:39:00+00:00,,2026-02-23T13:39:00+00:00,,low,issue_closed_at_fallback
94176,2024-10-02T22:25:05+00:00,2026-02-24T02:17:41+00:00,,2026-02-24T02:17:41+00:00,,low,issue_closed_at_fallback
96044,2024-11-07T15:53:19+00:00,2026-02-24T02:17:45+00:00,,2026-02-24T02:17:45+00:00,,low,issue_closed_at_fallback
99531,2025-01-24T23:50:22+00:00,2026-02-24T02:17:56+00:00,,2026-02-24T02:17:56+00:00,,low,issue_closed_at_fallback
89889,2024-07-01T07:23:29+00:00,2026-02-25T02:17:36+00:00,,2026-02-25T02:17:36+00:00,,low,issue_closed_at_fallback
95758,2024-11-02T18:04:43+00:00,2026-02-25T02:17:42+00:00,,2026-02-25T02:17:42+00:00,,low,issue_closed_at_fallback
112432,2025-10-15T13:20:13+00:00,2026-02-26T16:50:46+00:00,f77470e4ba243b16032d647bf98cdb1c8d2c1bae,2025-11-10T21:49:12+00:00,112543.0,medium,pull_request_keyword
114806,2025-12-03T21:57:16+00:00,2026-02-28T11:58:11+00:00,,2026-02-28T11:58:11+00:00,,low,issue_closed_at_fallback
99659,2025-01-28T13:52:22+00:00,2026-03-01T02:17:52+00:00,,2026-03-01T02:17:52+00:00,,low,issue_closed_at_fallback
99677,2025-01-28T15:38:13+00:00,2026-03-01T02:17:56+00:00,,2026-03-01T02:17:56+00:00,,low,issue_closed_at_fallback
99685,2025-01-28T16:17:58+00:00,2026-03-01T02:17:57+00:00,,2026-03-01T02:17:57+00:00,,low,issue_closed_at_fallback
95634,2024-10-30T21:26:16+00:00,2026-03-02T02:17:16+00:00,,2026-03-02T02:17:16+00:00,,low,issue_closed_at_fallback
97597,2024-12-06T19:31:16+00:00,2026-03-02T02:17:20+00:00,,2026-03-02T02:17:20+00:00,,low,issue_closed_at_fallback
48032,2022-04-21T07:45:54+00:00,2026-03-03T14:22:51+00:00,,2026-03-03T14:22:51+00:00,,low,issue_closed_at_fallback
109870,2025-08-19T15:18:01+00:00,2026-03-03T15:49:54+00:00,,2026-03-03T15:49:54+00:00,,low,issue_closed_at_fallback
105216,2025-05-11T21:55:25+00:00,2026-03-03T15:54:38+00:00,,2026-03-03T15:54:38+00:00,,low,issue_closed_at_fallback
99872,2025-01-31T10:10:05+00:00,2026-03-04T02:17:41+00:00,,2026-03-04T02:17:41+00:00,,low,issue_closed_at_fallback
107539,2025-07-02T19:00:38+00:00,2026-03-04T13:58:08+00:00,,2026-03-04T13:58:08+00:00,,low,issue_closed_at_fallback
105392,2025-05-14T12:18:17+00:00,2026-03-04T19:38:58+00:00,7eb8ef5d9d83997891a192871836164e9032e5b0,2026-03-04T19:38:56+00:00,119502.0,medium,pull_request_keyword
97636,2024-12-09T11:35:01+00:00,2026-03-05T02:17:33+00:00,,2026-03-05T02:17:33+00:00,,low,issue_closed_at_fallback
98657,2025-01-08T03:11:23+00:00,2026-03-06T02:41:47+00:00,,2026-03-06T02:41:47+00:00,,low,issue_closed_at_fallback
99967,2025-02-03T13:15:51+00:00,2026-03-07T02:16:53+00:00,,2026-03-07T02:16:53+00:00,,low,issue_closed_at_fallback
46273,2022-03-06T17:29:06+00:00,2026-03-09T02:17:12+00:00,,2026-03-09T02:17:12+00:00,,low,issue_closed_at_fallback
88440,2024-05-29T15:49:19+00:00,2026-03-09T02:17:37+00:00,,2026-03-09T02:17:37+00:00,,low,issue_closed_at_fallback
97187,2024-11-29T10:33:14+00:00,2026-03-09T02:17:48+00:00,,2026-03-09T02:17:48+00:00,,low,issue_closed_at_fallback
100150,2025-01-31T20:07:48+00:00,2026-03-09T02:17:55+00:00,,2026-03-09T02:17:55+00:00,,low,issue_closed_at_fallback
100032,2025-02-04T08:41:32+00:00,2026-03-09T02:17:57+00:00,,2026-03-09T02:17:57+00:00,,low,issue_closed_at_fallback
113846,2025-11-13T13:51:57+00:00,2026-03-09T10:50:53+00:00,,2026-03-09T10:50:53+00:00,,low,issue_closed_at_fallback
114144,2025-11-19T09:44:05+00:00,2026-03-09T11:28:18+00:00,,2026-03-09T11:28:18+00:00,,low,issue_closed_at_fallback
115385,2025-12-16T02:30:52+00:00,2026-03-09T11:57:26+00:00,,2026-03-09T11:57:26+00:00,,low,issue_closed_at_fallback
113389,2025-11-04T09:29:30+00:00,2026-03-09T13:40:26+00:00,,2026-03-09T13:40:26+00:00,,low,issue_closed_at_fallback
103325,2025-04-03T03:34:54+00:00,2026-03-09T15:45:43+00:00,,2025-04-29T18:19:49+00:00,103326.0,medium,pull_request_keyword
110401,2025-09-01T10:13:34+00:00,2026-03-09T17:20:45+00:00,,2026-03-09T17:20:45+00:00,,low,issue_closed_at_fallback
103452,2025-04-04T11:45:20+00:00,2026-03-10T13:26:25+00:00,,2026-03-10T13:26:25+00:00,,low,issue_closed_at_fallback
114468,2025-11-26T10:47:41+00:00,2026-03-11T10:59:42+00:00,632791f79eaf937de4f680c363e2d3b107f9ef90,2026-03-11T10:59:41+00:00,120004.0,medium,pull_request_keyword
115608,2025-12-19T05:58:33+00:00,2026-03-11T20:32:32+00:00,29e28550926dc057adb67d19f92c9d44aedfea74,2026-03-11T20:32:31+00:00,119784.0,medium,pull_request_keyword
83320,2024-02-23T16:09:29+00:00,2026-03-12T09:07:39+00:00,,2026-03-12T09:07:39+00:00,,low,issue_closed_at_fallback
112743,2025-10-21T16:22:23+00:00,2026-03-13T11:21:03+00:00,,2026-03-13T11:21:03+00:00,,low,issue_closed_at_fallback
112608,2025-10-17T20:39:18+00:00,2026-03-13T11:23:11+00:00,,2026-03-13T11:23:11+00:00,,low,issue_closed_at_fallback
110111,2025-08-25T13:55:28+00:00,2026-03-13T11:29:21+00:00,,2026-03-13T11:29:21+00:00,,low,issue_closed_at_fallback
99838,2025-01-30T17:40:31+00:00,2026-03-13T12:25:18+00:00,,2026-03-13T12:25:18+00:00,,low,issue_closed_at_fallback
95920,2024-11-05T22:32:59+00:00,2026-03-13T15:27:12+00:00,,2026-03-13T15:27:12+00:00,,low,issue_closed_at_fallback
100332,2025-02-10T04:29:37+00:00,2026-03-14T02:17:39+00:00,,2026-03-14T02:17:39+00:00,,low,issue_closed_at_fallback
100377,2025-02-10T16:56:18+00:00,2026-03-14T02:17:43+00:00,,2026-03-14T02:17:43+00:00,,low,issue_closed_at_fallback
95396,2024-10-25T11:35:59+00:00,2026-03-14T13:19:57+00:00,,2026-03-14T13:19:57+00:00,,low,issue_closed_at_fallback
62914,2023-02-03T21:13:48+00:00,2026-03-15T02:18:11+00:00,,2026-03-15T02:18:11+00:00,,low,issue_closed_at_fallback
80822,2024-01-18T15:37:29+00:00,2026-03-15T02:18:23+00:00,,2026-03-15T02:18:23+00:00,,low,issue_closed_at_fallback
97384,2024-12-04T01:40:23+00:00,2026-03-15T02:18:41+00:00,,2026-03-15T02:18:41+00:00,,low,issue_closed_at_fallback
100323,2025-02-08T17:43:37+00:00,2026-03-15T02:18:47+00:00,,2026-03-15T02:18:47+00:00,,low,issue_closed_at_fallback
99817,2025-01-30T15:32:07+00:00,2026-03-16T02:18:50+00:00,,2026-03-16T02:18:50+00:00,,low,issue_closed_at_fallback
100110,2025-02-05T10:21:33+00:00,2026-03-16T02:18:54+00:00,,2026-03-16T02:18:54+00:00,,low,issue_closed_at_fallback
113829,2025-11-13T10:57:57+00:00,2026-03-16T12:30:55+00:00,,2026-03-16T12:30:55+00:00,,low,issue_closed_at_fallback
89666,2024-06-25T10:23:06+00:00,2026-03-17T19:12:16+00:00,,2026-03-17T19:12:16+00:00,,low,issue_closed_at_fallback
100601,2025-02-13T13:05:06+00:00,2026-03-17T19:30:12+00:00,,2026-03-17T19:30:12+00:00,,low,issue_closed_at_fallback
100588,2025-02-13T11:06:21+00:00,2026-03-18T02:18:15+00:00,,2026-03-18T02:18:15+00:00,,low,issue_closed_at_fallback
100709,2025-02-14T10:10:09+00:00,2026-03-18T02:18:16+00:00,,2026-03-18T02:18:16+00:00,,low,issue_closed_at_fallback
109177,2025-08-05T09:28:38+00:00,2026-03-18T16:49:17+00:00,,2026-03-18T16:49:17+00:00,,low,issue_closed_at_fallback
100079,2025-02-04T16:58:48+00:00,2026-03-19T02:17:44+00:00,,2026-03-19T02:17:44+00:00,,low,issue_closed_at_fallback
80755,2024-01-17T18:03:16+00:00,2026-03-22T02:17:24+00:00,,2026-03-22T02:17:24+00:00,,low,issue_closed_at_fallback
97457,2024-12-05T09:14:52+00:00,2026-03-22T02:18:12+00:00,,2026-03-22T02:18:12+00:00,,low,issue_closed_at_fallback
100944,2025-02-19T06:48:14+00:00,2026-03-22T02:18:45+00:00,,2026-03-22T02:18:45+00:00,,low,issue_closed_at_fallback
100948,2025-02-19T09:20:11+00:00,2026-03-22T02:18:47+00:00,,2026-03-22T02:18:47+00:00,,low,issue_closed_at_fallback
100952,2025-02-19T09:42:46+00:00,2026-03-22T02:18:49+00:00,,2026-03-22T02:18:49+00:00,,low,issue_closed_at_fallback
101037,2025-02-20T09:34:30+00:00,2026-03-23T02:17:57+00:00,,2026-03-23T02:17:57+00:00,,low,issue_closed_at_fallback
101087,2025-02-20T16:53:42+00:00,2026-03-23T02:17:58+00:00,,2026-03-23T02:17:58+00:00,,low,issue_closed_at_fallback
103207,2025-04-01T15:01:16+00:00,2026-03-24T12:44:29+00:00,,2026-03-24T12:44:29+00:00,,low,issue_closed_at_fallback
101113,2025-02-21T06:21:54+00:00,2026-03-25T02:18:05+00:00,,2026-03-25T02:18:05+00:00,,low,issue_closed_at_fallback
101117,2025-02-21T07:59:23+00:00,2026-03-25T02:18:06+00:00,,2026-03-25T02:18:06+00:00,,low,issue_closed_at_fallback
101120,2025-02-21T08:51:18+00:00,2026-03-25T02:18:08+00:00,e625d5da7bd585cb4cd712ac19d1e0141dc0d569,2025-04-20T02:13:53+00:00,101264.0,medium,pull_request_keyword
100511,2025-02-12T13:44:18+00:00,2026-03-27T02:18:27+00:00,,2026-03-27T02:18:27+00:00,,low,issue_closed_at_fallback
100792,2025-02-16T08:01:26+00:00,2026-03-27T02:18:30+00:00,,2026-03-27T02:18:30+00:00,,low,issue_closed_at_fallback
101226,2025-02-24T15:33:14+00:00,2026-03-27T02:18:33+00:00,,2026-03-27T02:18:33+00:00,,low,issue_closed_at_fallback
101288,2025-02-25T11:42:16+00:00,2026-03-28T02:18:47+00:00,,2026-03-28T02:18:47+00:00,,low,issue_closed_at_fallback
65628,2023-03-30T15:12:43+00:00,2026-03-29T02:18:00+00:00,,2026-03-29T02:18:00+00:00,,low,issue_closed_at_fallback
90483,2024-07-16T10:19:58+00:00,2026-03-29T02:18:16+00:00,,2026-03-29T02:18:16+00:00,,low,issue_closed_at_fallback
101332,2025-02-26T04:45:54+00:00,2026-03-29T02:18:43+00:00,,2026-03-29T02:18:43+00:00,,low,issue_closed_at_fallback
101356,2025-02-26T14:04:03+00:00,2026-03-29T02:18:46+00:00,,2026-03-29T02:18:46+00:00,,low,issue_closed_at_fallback
88364,2024-05-28T08:48:58+00:00,2026-03-30T20:59:24+00:00,853f33c8351e202f1285646d9b9f2c2e19631dbf,2026-03-30T20:59:23+00:00,121271.0,medium,pull_request_keyword
92817,2024-09-02T14:10:17+00:00,2026-03-31T19:31:33+00:00,,2026-03-31T19:31:33+00:00,,low,issue_closed_at_fallback
105257,2025-05-12T11:27:34+00:00,2026-04-01T01:39:23+00:00,,2026-04-01T01:39:23+00:00,,low,issue_closed_at_fallback
97610,2024-12-07T19:21:56+00:00,2026-04-01T02:02:02+00:00,,2026-04-01T02:02:02+00:00,,low,issue_closed_at_fallback
101445,2025-02-28T07:04:17+00:00,2026-04-01T02:18:59+00:00,,2026-04-01T02:18:59+00:00,,low,issue_closed_at_fallback
76375,2023-10-11T15:05:04+00:00,2026-04-03T02:17:33+00:00,,2026-04-03T02:17:33+00:00,,low,issue_closed_at_fallback
100966,2025-02-19T13:05:44+00:00,2026-04-03T02:18:06+00:00,caf524b7a6465bc8392d8ac937279e03c6dc12c2,2025-06-06T02:13:54+00:00,103738.0,medium,pull_request_keyword
101505,2025-03-03T09:33:28+00:00,2026-04-04T02:17:59+00:00,,2026-04-04T02:17:59+00:00,,low,issue_closed_at_fallback
101518,2025-03-03T14:22:01+00:00,2026-04-04T02:18:00+00:00,,2026-04-04T02:18:00+00:00,,low,issue_closed_at_fallback
101655,2025-03-05T20:50:25+00:00,2026-04-05T02:18:51+00:00,,2026-04-05T02:18:51+00:00,,low,issue_closed_at_fallback
104438,2025-04-24T07:13:20+00:00,2026-04-05T10:51:24+00:00,,2026-04-05T10:51:24+00:00,,low,issue_closed_at_fallback
96923,2024-11-22T14:37:28+00:00,2026-04-06T14:48:51+00:00,,2026-04-06T14:48:51+00:00,,low,issue_closed_at_fallback
101810,2025-03-07T15:28:59+00:00,2026-04-07T02:18:42+00:00,,2026-04-07T02:18:42+00:00,,low,issue_closed_at_fallback
101836,2025-03-07T22:15:33+00:00,2026-04-07T02:18:43+00:00,,2026-04-07T02:18:43+00:00,,low,issue_closed_at_fallback
115334,2025-12-15T05:39:57+00:00,2026-04-07T09:13:45+00:00,14a9f54595c0c220374397df5cc7096d3681e222,2026-04-07T09:13:43+00:00,121460.0,medium,pull_request_keyword
97626,2024-12-09T10:15:22+00:00,2026-04-08T16:07:49+00:00,,2025-10-09T11:38:49+00:00,97713.0,medium,pull_request_keyword
111916,2025-10-02T00:56:34+00:00,2026-04-09T08:08:19+00:00,,2026-04-09T08:08:19+00:00,,low,issue_closed_at_fallback
114145,2025-11-19T09:47:48+00:00,2026-04-10T13:18:14+00:00,,2026-04-10T13:18:14+00:00,,low,issue_closed_at_fallback
102063,2025-03-12T20:03:33+00:00,2026-04-12T02:19:35+00:00,,2026-04-12T02:19:35+00:00,,low,issue_closed_at_fallback
69051,2023-05-25T08:57:44+00:00,2026-04-14T02:18:34+00:00,,2026-04-14T02:18:34+00:00,,low,issue_closed_at_fallback
96970,2024-11-25T09:02:16+00:00,2026-04-14T02:19:03+00:00,,2026-04-14T02:19:03+00:00,,low,issue_closed_at_fallback
102179,2025-03-14T09:14:50+00:00,2026-04-14T02:19:30+00:00,,2026-04-14T02:19:30+00:00,,low,issue_closed_at_fallback
102205,2025-03-14T14:36:54+00:00,2026-04-14T02:19:31+00:00,da871eea3c12d050adee04f297c28b86f0abdc49,2026-05-06T02:21:29+00:00,120373.0,medium,pull_request_keyword
102219,2025-03-14T16:16:27+00:00,2026-04-14T02:19:33+00:00,23ea2f39e23869e06e553ecf1a1c6192ac3f8b7c,2026-03-15T22:50:44+00:00,120372.0,medium,pull_request_keyword
102242,2025-03-14T20:01:48+00:00,2026-04-14T02:19:34+00:00,42c52fe1491037fe3c2d301b9fd79b931a6d6c79,2026-05-05T05:37:37+00:00,120371.0,medium,pull_request_keyword
100622,2025-02-13T14:46:34+00:00,2026-04-14T12:52:42+00:00,2606c51fa2ca2a791b880855853133525c2b3b5a,2026-04-14T12:52:40+00:00,122524.0,medium,pull_request_keyword
96935,2024-11-22T19:08:06+00:00,2026-04-14T15:47:40+00:00,,2026-04-14T15:47:40+00:00,,low,issue_closed_at_fallback
111795,2025-09-30T08:21:07+00:00,2026-04-15T18:05:43+00:00,,2026-04-15T18:05:43+00:00,,low,issue_closed_at_fallback
102255,2025-03-16T05:17:25+00:00,2026-04-16T02:19:45+00:00,,2026-04-16T02:19:45+00:00,,low,issue_closed_at_fallback
102216,2025-03-14T15:45:49+00:00,2026-04-17T02:19:52+00:00,,2026-04-17T02:19:52+00:00,,low,issue_closed_at_fallback
102168,2025-03-14T07:50:06+00:00,2026-04-18T02:18:25+00:00,,2026-04-18T02:18:25+00:00,,low,issue_closed_at_fallback
102344,2025-03-18T08:53:44+00:00,2026-04-18T02:18:27+00:00,,2026-04-18T02:18:27+00:00,,low,issue_closed_at_fallback
100804,2025-02-17T11:11:02+00:00,2026-04-19T02:19:48+00:00,,2026-04-19T02:19:48+00:00,,low,issue_closed_at_fallback
101014,2025-02-19T21:37:34+00:00,2026-04-19T02:19:50+00:00,,2026-04-19T02:19:50+00:00,,low,issue_closed_at_fallback
102426,2025-03-19T09:31:38+00:00,2026-04-19T02:20:01+00:00,,2026-04-19T02:20:01+00:00,,low,issue_closed_at_fallback
102461,2025-03-19T14:20:51+00:00,2026-04-19T02:20:02+00:00,,2026-04-19T02:20:02+00:00,,low,issue_closed_at_fallback
102549,2025-03-20T17:29:39+00:00,2026-04-20T02:19:47+00:00,,2026-04-20T02:19:47+00:00,,low,issue_closed_at_fallback
113117,2025-10-28T17:30:24+00:00,2026-04-20T08:11:57+00:00,,2026-04-20T08:11:57+00:00,,low,issue_closed_at_fallback
111628,2025-09-25T14:37:22+00:00,2026-04-20T12:42:09+00:00,56084fce2a09e50e2ffe16069f3858af27c98216,2026-04-20T12:42:08+00:00,122384.0,medium,pull_request_keyword
98372,2024-12-25T02:49:33+00:00,2026-04-21T02:19:40+00:00,,2026-04-21T02:19:40+00:00,,low,issue_closed_at_fallback
102629,2025-03-21T16:32:44+00:00,2026-04-21T02:20:05+00:00,,2026-04-21T02:20:05+00:00,,low,issue_closed_at_fallback
102630,2025-03-21T16:42:08+00:00,2026-04-21T02:20:07+00:00,,2026-04-21T02:20:07+00:00,,low,issue_closed_at_fallback
102668,2025-03-23T06:07:01+00:00,2026-04-23T02:19:09+00:00,,2026-04-23T02:19:09+00:00,,low,issue_closed_at_fallback
102672,2025-03-23T10:39:16+00:00,2026-04-23T02:19:12+00:00,,2026-04-23T02:19:12+00:00,,low,issue_closed_at_fallback
114854,2025-12-04T15:30:59+00:00,2026-04-23T09:48:06+00:00,,2026-04-23T09:48:06+00:00,,low,issue_closed_at_fallback
102689,2025-03-24T09:44:46+00:00,2026-04-24T02:19:28+00:00,,2026-04-24T02:19:28+00:00,,low,issue_closed_at_fallback
102697,2025-03-24T11:02:20+00:00,2026-04-24T02:19:30+00:00,,2026-04-24T02:19:30+00:00,,low,issue_closed_at_fallback
114336,2025-11-22T05:30:11+00:00,2026-04-24T21:37:42+00:00,,2026-04-24T21:37:42+00:00,,low,issue_closed_at_fallback
98448,2025-01-02T14:15:01+00:00,2026-04-26T02:19:17+00:00,,2026-04-26T02:19:17+00:00,,low,issue_closed_at_fallback
101118,2025-02-21T08:31:45+00:00,2026-04-27T02:20:01+00:00,,2026-04-27T02:20:01+00:00,,low,issue_closed_at_fallback
114469,2025-11-26T10:50:58+00:00,2026-04-27T12:43:06+00:00,,2026-04-27T12:43:06+00:00,,low,issue_closed_at_fallback
105517,2025-05-16T08:06:02+00:00,2026-04-27T12:47:03+00:00,,2026-04-27T12:47:03+00:00,,low,issue_closed_at_fallback
110359,2025-08-29T18:55:08+00:00,2026-04-28T09:37:39+00:00,,2026-04-28T09:37:39+00:00,,low,issue_closed_at_fallback
110494,2025-09-03T06:24:47+00:00,2026-04-28T11:45:58+00:00,,2026-04-28T11:45:58+00:00,,low,issue_closed_at_fallback
109755,2025-08-15T20:09:51+00:00,2026-04-29T11:50:13+00:00,73f98830275481fc8a94de37b3ebc97f6e7c6aeb,2026-04-09T19:31:33+00:00,117533.0,medium,pull_request_keyword
103048,2025-03-28T10:33:18+00:00,2026-04-30T02:20:15+00:00,,2026-04-30T02:20:15+00:00,,low,issue_closed_at_fallback
101236,2025-02-24T16:48:17+00:00,2026-05-01T02:20:39+00:00,,2026-05-01T02:20:39+00:00,,low,issue_closed_at_fallback
103077,2025-03-31T06:01:31+00:00,2026-05-01T02:20:47+00:00,,2026-05-01T02:20:47+00:00,,low,issue_closed_at_fallback
110416,2025-09-01T14:57:59+00:00,2026-05-01T12:54:03+00:00,,2026-05-01T12:54:03+00:00,,low,issue_closed_at_fallback
113284,2025-10-31T11:33:15+00:00,2026-05-01T14:39:55+00:00,,2026-05-01T14:39:55+00:00,,low,issue_closed_at_fallback
94130,2024-10-02T07:57:10+00:00,2026-05-02T02:19:19+00:00,d83db31a230b18ef57842ba3a9228a7b7a344cb8,2025-02-25T14:16:55+00:00,100315.0,medium,pull_request_keyword
101138,2025-02-21T13:37:30+00:00,2026-05-02T02:19:29+00:00,,2026-05-02T02:19:29+00:00,,low,issue_closed_at_fallback
103319,2025-04-02T21:33:00+00:00,2026-05-03T02:20:28+00:00,,2026-05-03T02:20:28+00:00,,low,issue_closed_at_fallback
89821,2024-06-27T09:49:56+00:00,2026-05-04T14:21:05+00:00,,2026-05-04T14:21:05+00:00,,low,issue_closed_at_fallback
106822,2025-06-17T10:46:53+00:00,2026-05-04T14:21:05+00:00,,2026-05-04T14:21:05+00:00,,low,issue_closed_at_fallback
102589,2025-03-21T10:29:53+00:00,2026-05-04T17:54:45+00:00,,2026-05-04T17:54:45+00:00,,low,issue_closed_at_fallback
98436,2025-01-02T08:18:03+00:00,2026-05-05T02:18:39+00:00,,2026-05-05T02:18:39+00:00,,low,issue_closed_at_fallback
108653,2025-07-25T07:21:51+00:00,2026-05-05T05:36:54+00:00,,2026-05-05T05:36:54+00:00,,low,issue_closed_at_fallback
98724,2025-01-09T12:09:04+00:00,2026-05-06T02:19:53+00:00,,2026-05-06T02:19:53+00:00,,low,issue_closed_at_fallback
103437,2025-04-04T07:49:28+00:00,2026-05-06T02:20:14+00:00,,2026-05-06T02:20:14+00:00,,low,issue_closed_at_fallback
103480,2025-04-04T19:37:04+00:00,2026-05-06T02:20:18+00:00,,2026-05-06T02:20:18+00:00,,low,issue_closed_at_fallback
115206,2025-12-12T09:13:05+00:00,2026-05-06T16:37:36+00:00,01e174c10d43fdd4c7e721118fe880c93d120d7a,2026-05-06T16:37:34+00:00,123968.0,medium,pull_request_keyword
83905,2024-03-05T12:45:15+00:00,2026-05-07T02:19:52+00:00,,2026-05-07T02:19:52+00:00,,low,issue_closed_at_fallback
107037,2025-06-20T12:55:42+00:00,2026-05-07T11:11:02+00:00,1883056c0d3ee7103d20b10768f83d3023b8c0db,2026-05-07T11:11:00+00:00,119124.0,medium,pull_request_keyword
103501,2025-04-07T00:11:35+00:00,2026-05-08T02:21:10+00:00,,2026-05-08T02:21:10+00:00,,low,issue_closed_at_fallback
103599,2025-04-08T11:37:43+00:00,2026-05-09T02:20:04+00:00,,2026-05-09T02:20:04+00:00,,low,issue_closed_at_fallback
103601,2025-04-08T11:45:56+00:00,2026-05-09T02:20:05+00:00,,2026-05-09T02:20:05+00:00,,low,issue_closed_at_fallback
94449,2024-10-09T06:34:39+00:00,2026-05-10T02:20:06+00:00,,2026-05-10T02:20:06+00:00,,low,issue_closed_at_fallback
102468,2025-03-19T14:51:37+00:00,2026-05-10T02:20:19+00:00,,2026-05-10T02:20:19+00:00,,low,issue_closed_at_fallback
103342,2025-04-03T10:11:11+00:00,2026-05-10T02:20:25+00:00,,2026-05-10T02:20:25+00:00,,low,issue_closed_at_fallback
93601,2024-09-23T14:41:05+00:00,2026-05-11T02:20:49+00:00,,2025-05-11T02:15:40+00:00,102990.0,medium,pull_request_keyword
103053,2025-03-28T16:12:53+00:00,2026-05-11T02:21:05+00:00,,2026-05-11T02:21:05+00:00,,low,issue_closed_at_fallback
103355,2025-04-03T11:49:41+00:00,2026-05-11T02:21:08+00:00,,2026-05-11T02:21:08+00:00,,low,issue_closed_at_fallback
103378,2025-04-03T15:07:52+00:00,2026-05-11T02:21:10+00:00,,2026-05-11T02:21:10+00:00,,low,issue_closed_at_fallback
85038,2024-03-23T01:22:41+00:00,2026-05-11T13:04:02+00:00,e65251753857711109b001e887ec4bdcb6a3efa7,2024-06-03T01:51:14+00:00,86592.0,medium,pull_request_keyword
115192,2025-12-12T00:06:43+00:00,2026-05-11T15:55:04+00:00,,2026-05-11T15:55:04+00:00,,low,issue_closed_at_fallback
97873,2024-12-12T16:37:11+00:00,2026-05-12T17:07:26+00:00,,2026-05-12T17:07:26+00:00,,low,issue_closed_at_fallback
103292,2025-04-02T15:14:24+00:00,2026-05-13T02:21:11+00:00,,2026-05-13T02:21:11+00:00,,low,issue_closed_at_fallback
113579,2025-11-07T08:54:31+00:00,2026-05-14T10:09:55+00:00,,2026-05-14T10:09:55+00:00,,low,issue_closed_at_fallback
94386,2024-10-08T11:24:20+00:00,2026-05-15T02:20:58+00:00,,2026-05-15T02:20:58+00:00,,low,issue_closed_at_fallback
110421,2025-09-01T15:45:12+00:00,2026-05-15T13:49:48+00:00,,2026-05-15T13:49:48+00:00,,low,issue_closed_at_fallback
104397,2025-04-23T13:28:49+00:00,2026-05-15T17:24:58+00:00,,2026-05-15T17:24:58+00:00,,low,issue_closed_at_fallback
96929,2024-11-22T15:42:58+00:00,2026-05-17T02:20:48+00:00,,2026-05-17T02:20:48+00:00,,low,issue_closed_at_fallback
104023,2025-04-15T08:44:25+00:00,2026-05-17T02:21:04+00:00,,2026-05-17T02:21:04+00:00,,low,issue_closed_at_fallback
103297,2025-04-02T16:14:36+00:00,2026-05-19T02:21:24+00:00,,2026-05-19T02:21:24+00:00,,low,issue_closed_at_fallback
112455,2025-10-15T17:16:26+00:00,2026-05-19T09:28:46+00:00,,2026-05-19T09:28:46+00:00,,low,issue_closed_at_fallback
89977,2024-07-03T06:31:13+00:00,2026-05-19T12:22:59+00:00,,2026-05-19T12:22:59+00:00,,low,issue_closed_at_fallback
114846,2025-12-04T13:57:54+00:00,2026-05-19T15:55:02+00:00,,2026-05-19T15:55:02+00:00,,low,issue_closed_at_fallback
69950,2023-06-12T18:33:18+00:00,2026-05-21T15:19:26+00:00,,2026-05-21T15:19:26+00:00,,low,issue_closed_at_fallback
94037,2024-09-30T21:59:56+00:00,2026-05-22T02:21:37+00:00,,2026-05-22T02:21:37+00:00,,low,issue_closed_at_fallback
100782,2025-02-15T14:48:04+00:00,2026-05-22T02:21:47+00:00,,2026-05-22T02:21:47+00:00,,low,issue_closed_at_fallback
107603,2025-07-04T02:07:29+00:00,2026-05-22T14:58:32+00:00,,2026-05-22T14:58:32+00:00,,low,issue_closed_at_fallback
104259,2025-04-22T07:36:26+00:00,2026-05-23T02:20:38+00:00,,2026-05-23T02:20:38+00:00,,low,issue_closed_at_fallback
