issue_number,issue_created_at,issue_closed_at,fix_commit_sha,recovery_deployment_tag,recovery_deployment_date,recovery_time_days,mapping_confidence
43675,2022-01-04T15:21:20+00:00,2022-01-05T18:34:09+00:00,,v8.3.4,2022-01-19T14:00:27+00:00,14.943831018518518,low
43638,2022-01-04T00:08:04+00:00,2022-01-07T09:39:26+00:00,85246d717962b54acc36bf11341b4dc11f5d3ba4,v8.4.0,2022-02-17T14:51:49+00:00,44.61371527777778,medium
43730,2022-01-05T18:39:39+00:00,2022-01-07T09:46:58+00:00,,v8.3.4,2022-01-19T14:00:27+00:00,13.806111111111111,low
43629,2022-01-03T20:32:14+00:00,2022-01-07T17:27:20+00:00,0dd88d9480230fc22ff261dcb70df51f7c27a7af,v8.4.0,2022-02-17T14:51:49+00:00,44.76359953703704,medium
43715,2022-01-05T14:48:16+00:00,2022-01-10T14:37:35+00:00,3d6e9076c93741da0990de2a7dfe3d1694026245,v8.4.0,2022-02-17T14:51:49+00:00,43.00246527777778,medium
43857,2022-01-10T12:58:22+00:00,2022-01-11T16:39:54+00:00,963ae4ef8785813df1ac2a5d40b12f6ef0a39608,v8.4.0,2022-02-17T14:51:49+00:00,38.078784722222224,medium
43950,2022-01-12T10:54:06+00:00,2022-01-12T14:36:57+00:00,105bf8fd94ed15bd3411219cc80de8adb05d2b87,v8.4.0,2022-02-17T14:51:49+00:00,36.16508101851852,medium
43868,2022-01-10T17:25:30+00:00,2022-01-14T14:53:47+00:00,,v8.3.4,2022-01-19T14:00:27+00:00,8.857604166666667,low
44015,2022-01-13T18:18:01+00:00,2022-01-17T09:33:43+00:00,a65ce992c140164ae7f90206559afecfda9d63e3,v8.4.0,2022-02-17T14:51:49+00:00,34.85680555555555,medium
43720,2022-01-05T15:30:12+00:00,2022-01-17T14:32:23+00:00,,v8.3.4,2022-01-19T14:00:27+00:00,13.93767361111111,low
44070,2022-01-14T19:53:32+00:00,2022-01-19T09:44:30+00:00,,v8.3.4,2022-01-19T14:00:27+00:00,4.754803240740741,low
44090,2022-01-17T08:36:35+00:00,2022-01-19T13:04:35+00:00,,v8.3.4,2022-01-19T14:00:27+00:00,2.2249074074074073,low
43904,2022-01-11T14:43:06+00:00,2022-01-20T08:37:50+00:00,,v8.3.5,2022-02-08T14:34:02+00:00,27.993703703703705,low
44184,2022-01-18T20:17:58+00:00,2022-01-20T11:45:34+00:00,,v8.3.5,2022-02-08T14:34:02+00:00,20.761157407407406,low
43998,2022-01-13T11:59:42+00:00,2022-01-20T13:12:46+00:00,a728e9b4ddb6532b9fa2f916df106e792229e3e0,v8.4.0,2022-02-17T14:51:49+00:00,35.11952546296296,medium
44187,2022-01-19T00:14:14+00:00,2022-01-20T15:38:11+00:00,,v8.3.5,2022-02-08T14:34:02+00:00,20.597083333333334,low
44198,2022-01-19T10:01:28+00:00,2022-01-20T17:48:51+00:00,,v8.3.5,2022-02-08T14:34:02+00:00,20.189282407407408,low
44251,2022-01-20T09:05:06+00:00,2022-01-21T08:53:17+00:00,,v8.3.5,2022-02-08T14:34:02+00:00,19.228425925925926,low
44310,2022-01-21T10:32:24+00:00,2022-01-21T13:38:14+00:00,,v8.3.5,2022-02-08T14:34:02+00:00,18.167800925925928,low
43934,2022-01-11T22:33:52+00:00,2022-01-21T15:24:41+00:00,,v8.3.5,2022-02-08T14:34:02+00:00,27.666782407407407,low
44306,2022-01-21T09:40:06+00:00,2022-01-21T15:50:14+00:00,addeba7f0514b715d31dcb01752f073a416eb15c,v8.4.0,2022-02-17T14:51:49+00:00,27.216469907407408,medium
43967,2022-01-12T14:43:00+00:00,2022-01-24T09:22:06+00:00,732c2ebb37f3597bb5eb1e154e7c31a438fdd875,v8.4.0,2022-02-17T14:51:49+00:00,36.00612268518518,medium
44127,2022-01-17T16:15:12+00:00,2022-01-25T13:22:58+00:00,58b8d84085ca53dc1f28cac6d7f123576be8d308,v8.4.0,2022-02-17T14:51:49+00:00,30.94209490740741,medium
44067,2022-01-14T18:25:21+00:00,2022-01-25T19:59:55+00:00,,v8.3.5,2022-02-08T14:34:02+00:00,24.839363425925924,low
44126,2022-01-17T16:10:36+00:00,2022-01-26T10:33:32+00:00,7593fc0a209fa6399ef6bbc116baf62c0507970a,v8.4.0,2022-02-17T14:51:49+00:00,30.94528935185185,medium
44190,2022-01-19T07:27:34+00:00,2022-01-26T11:02:42+00:00,,v8.3.5,2022-02-08T14:34:02+00:00,20.296157407407406,low
44466,2022-01-26T09:56:27+00:00,2022-01-26T23:06:11+00:00,6533eb92448c6e49d46f51fc3d852d76d715a871,v8.4.0,2022-02-17T14:51:49+00:00,22.20511574074074,medium
43617,2022-01-03T14:28:04+00:00,2022-01-28T10:56:59+00:00,,v8.3.5,2022-02-08T14:34:02+00:00,36.00414351851852,low
43975,2022-01-12T16:14:00+00:00,2022-01-31T00:16:46+00:00,b1b620565159e0e9a93a67595da7ca953429d4d3,v8.4.0,2022-02-17T14:51:49+00:00,35.94292824074074,medium
44290,2022-01-20T19:44:01+00:00,2022-02-01T08:13:26+00:00,33a7269b4f5edbf4cad66724e7c69d3b551a4553,v8.4.0,2022-02-17T14:51:49+00:00,27.797083333333333,medium
43988,2022-01-13T08:23:57+00:00,2022-02-01T10:26:56+00:00,,v8.3.5,2022-02-08T14:34:02+00:00,26.257002314814816,low
44478,2022-01-26T12:46:09+00:00,2022-02-03T13:17:05+00:00,bb88cf683cefc750004032c5c518501269a01694,v8.5.0,2022-04-21T14:29:12+00:00,85.0715625,medium
44962,2022-02-07T08:36:05+00:00,2022-02-07T09:17:50+00:00,,v8.3.5,2022-02-08T14:34:02+00:00,1.248576388888889,low
44037,2022-01-14T12:14:18+00:00,2022-02-07T12:29:41+00:00,,v8.3.5,2022-02-08T14:34:02+00:00,25.097037037037037,low
43803,2022-01-07T14:18:02+00:00,2022-02-07T22:52:07+00:00,6baf38e84b78ca958529e3a3b79a9773097565e4,v8.5.0,2022-04-21T14:29:12+00:00,104.00775462962963,medium
44936,2022-02-04T21:51:09+00:00,2022-02-08T13:51:31+00:00,,v8.3.5,2022-02-08T14:34:02+00:00,3.6964467592592594,low
44238,2022-01-19T21:48:44+00:00,2022-02-08T16:08:28+00:00,1cf48618dee807d3b93ac54f53dc76632e14c892,v8.5.0,2022-04-21T14:29:12+00:00,91.69476851851852,medium
44243,2022-01-20T06:46:14+00:00,2022-02-09T11:38:13+00:00,8e035412285ccf65c9592c58bf6829dab7aaae84,v8.5.0,2022-04-21T14:29:12+00:00,91.32150462962963,high
44252,2022-01-20T09:23:56+00:00,2022-02-10T09:38:39+00:00,,v8.3.6,2022-02-15T11:21:25+00:00,26.08158564814815,low
45205,2022-02-10T09:31:10+00:00,2022-02-10T11:48:05+00:00,,v8.3.6,2022-02-15T11:21:25+00:00,5.0765625,low
44547,2022-01-27T15:12:54+00:00,2022-02-10T14:45:39+00:00,,v8.3.6,2022-02-15T11:21:25+00:00,18.839247685185185,low
45235,2022-02-10T13:29:26+00:00,2022-02-10T17:49:31+00:00,,v8.3.6,2022-02-15T11:21:25+00:00,4.911099537037037,low
44971,2022-02-07T10:28:50+00:00,2022-02-11T09:47:49+00:00,,v8.3.6,2022-02-15T11:21:25+00:00,8.036516203703703,low
45090,2022-02-08T15:58:34+00:00,2022-02-11T10:57:23+00:00,,v8.3.6,2022-02-15T11:21:25+00:00,6.807534722222222,low
45273,2022-02-11T08:41:06+00:00,2022-02-11T14:52:15+00:00,6a776c78d40d49e0de151939a72d9eb9bb6ae2e1,v8.5.0,2022-04-21T14:29:12+00:00,69.24173611111111,medium
44110,2022-01-17T14:16:47+00:00,2022-02-15T11:08:01+00:00,,v8.3.6,2022-02-15T11:21:25+00:00,28.87821759259259,low
44736,2022-02-01T18:49:14+00:00,2022-02-15T17:11:32+00:00,,v8.4.0,2022-02-17T14:51:49+00:00,15.835127314814814,low
45378,2022-02-15T08:08:08+00:00,2022-02-16T10:03:54+00:00,1886a59a12a64878d270676cddfa7d1dbf230318,v8.5.0,2022-04-21T14:29:12+00:00,65.26462962962962,medium
45015,2022-02-07T21:10:55+00:00,2022-02-16T14:58:26+00:00,,v8.4.0,2022-02-17T14:51:49+00:00,9.736736111111112,low
45032,2022-02-08T04:49:45+00:00,2022-02-16T21:52:39+00:00,,v8.4.0,2022-02-17T14:51:49+00:00,9.418101851851851,low
45491,2022-02-16T21:14:29+00:00,2022-02-17T14:05:00+00:00,dac2b7ef73dcb956c0881677e8764363210c73da,v8.5.0,2022-04-21T14:29:12+00:00,63.71855324074074,medium
45489,2022-02-16T19:42:55+00:00,2022-02-17T17:53:43+00:00,85753afdf038322c5605555bf9e4e3b475e3d567,v8.5.0,2022-04-21T14:29:12+00:00,63.7821412037037,medium
45624,2022-02-18T17:11:27+00:00,2022-02-21T12:50:53+00:00,,v8.4.2,2022-02-24T16:57:46+00:00,5.990497685185185,low
45709,2022-02-22T08:46:20+00:00,2022-02-22T13:21:01+00:00,,v8.4.2,2022-02-24T16:57:46+00:00,2.341273148148148,low
45735,2022-02-22T14:43:02+00:00,2022-02-22T15:47:55+00:00,,v8.4.2,2022-02-24T16:57:46+00:00,2.093564814814815,low
44648,2022-01-31T11:34:59+00:00,2022-02-24T08:38:49+00:00,,v8.4.2,2022-02-24T16:57:46+00:00,24.224155092592593,low
45617,2022-02-18T15:28:22+00:00,2022-02-24T13:58:57+00:00,,v8.4.2,2022-02-24T16:57:46+00:00,6.062083333333334,low
45833,2022-02-24T12:08:07+00:00,2022-02-24T14:29:18+00:00,b7a2fda2aeb495a92a24df70df00df9adada7d0b,v8.5.0,2022-04-21T14:29:12+00:00,56.09797453703704,medium
45746,2022-02-22T18:34:50+00:00,2022-02-24T16:37:49+00:00,dcd98f7819f3af14ef5233e484ffbc10e2b0364c,v8.5.0,2022-04-21T14:29:12+00:00,57.829421296296296,high
44414,2022-01-25T10:18:19+00:00,2022-02-25T14:10:22+00:00,4ef58e595c1ec60f07da9f9336745456a4e5d55a,v8.5.0,2022-04-21T14:29:12+00:00,86.17422453703703,medium
44733,2022-02-01T18:16:34+00:00,2022-02-28T08:28:27+00:00,1df040eb23e4ee3daa541d048ccd9ed75f718d83,v8.5.0,2022-04-21T14:29:12+00:00,78.84210648148148,medium
45640,2022-02-19T16:23:36+00:00,2022-02-28T20:16:31+00:00,5aab0063c7335474582b9a7d17b2fc069270500e,v8.5.0,2022-04-21T14:29:12+00:00,60.92055555555555,medium
44484,2022-01-26T16:19:00+00:00,2022-02-28T21:21:10+00:00,1c4b20b2686b38dfa2312dd0c36ec7fce777f493,v8.5.0,2022-04-21T14:29:12+00:00,84.92375,medium
44614,2022-01-28T22:24:50+00:00,2022-03-01T07:55:54+00:00,b491d6b4dc5c768fa5f24d9e83f5485e0395a6ce,v8.5.0,2022-04-21T14:29:12+00:00,82.66969907407407,medium
45605,2022-02-18T13:28:09+00:00,2022-03-02T08:39:19+00:00,,v8.4.3,2022-03-02T19:31:07+00:00,12.252060185185185,low
45894,2022-02-25T10:15:58+00:00,2022-03-02T09:46:18+00:00,8e08128f83568e89f46b8d56bd147ef826d0fb45,v8.5.0,2022-04-21T14:29:12+00:00,55.17585648148148,medium
45852,2022-02-24T15:49:29+00:00,2022-03-03T00:21:13+00:00,854f872b40bbf1f41ba4604a48e48d1906bf3a94,v8.5.0,2022-04-21T14:29:12+00:00,55.94424768518518,medium
46136,2022-03-03T03:06:38+00:00,2022-03-03T08:02:18+00:00,89140c83531ccdcc0e8da58a3fa2b487cdaadb2b,v8.5.0,2022-04-21T14:29:12+00:00,49.47400462962963,medium
46116,2022-03-02T18:36:15+00:00,2022-03-03T10:57:34+00:00,fa7323e6d5be4733481c9c99caa4120da5f5f3be,v8.5.0,2022-04-21T14:29:12+00:00,49.8284375,medium
45986,2022-02-28T20:04:39+00:00,2022-03-03T13:42:08+00:00,cb1649e9b8ceddb89e71e6ef096983181a27a50b,v8.5.0,2022-04-21T14:29:12+00:00,51.767048611111115,medium
46138,2022-03-03T06:12:44+00:00,2022-03-04T10:50:11+00:00,,v8.4.4,2022-03-17T17:33:14+00:00,14.472569444444444,low
46110,2022-03-02T16:58:04+00:00,2022-03-07T15:21:30+00:00,0ee552dd652e19da137c896db7e57e9c94e02cae,v8.5.0,2022-04-21T14:29:12+00:00,49.89662037037037,medium
46365,2022-03-09T14:23:42+00:00,2022-03-10T08:20:13+00:00,,v8.4.4,2022-03-17T17:33:14+00:00,8.13162037037037,low
46325,2022-03-08T15:06:01+00:00,2022-03-10T15:03:27+00:00,cab509fbe8bbb2a76886971e389d7cd65ccee0bd,v8.5.0,2022-04-21T14:29:12+00:00,43.97443287037037,medium
45563,2022-02-17T19:36:32+00:00,2022-03-14T15:18:39+00:00,,v8.4.4,2022-03-17T17:33:14+00:00,27.914375,low
46531,2022-03-14T13:43:12+00:00,2022-03-14T23:26:13+00:00,00f67cad1be728a7d6107c8b963ecbad971c5fbc,v8.5.0,2022-04-21T14:29:12+00:00,38.03194444444444,medium
45697,2022-02-21T19:13:10+00:00,2022-03-15T12:29:15+00:00,,v8.4.4,2022-03-17T17:33:14+00:00,23.93060185185185,low
44623,2022-01-30T09:46:48+00:00,2022-03-15T13:17:37+00:00,5cf090662280fb37b8c2a7414d782da97d7c5b86,v8.5.0,2022-04-21T14:29:12+00:00,81.19611111111111,medium
46423,2022-03-10T16:53:00+00:00,2022-03-15T16:37:20+00:00,,v8.4.4,2022-03-17T17:33:14+00:00,7.027939814814815,low
45663,2022-02-21T11:37:48+00:00,2022-03-15T17:50:29+00:00,a9002e80b4c833c37214f5acce2cf0a807e6c19d,v8.5.0,2022-04-21T14:29:12+00:00,59.11902777777778,medium
46444,2022-03-11T10:45:07+00:00,2022-03-16T06:57:12+00:00,31d141b2675245fb4366eff71b4a01995be05204,v8.5.0,2022-04-21T14:29:12+00:00,41.15561342592593,medium
45916,2022-02-25T14:07:38+00:00,2022-03-16T08:05:38+00:00,5ae3e3f6f74b72136a0149da64ff02a73c5e405c,v8.5.0,2022-04-21T14:29:12+00:00,55.01497685185185,medium
46393,2022-03-10T07:18:57+00:00,2022-03-16T08:05:38+00:00,5ae3e3f6f74b72136a0149da64ff02a73c5e405c,v8.5.0,2022-04-21T14:29:12+00:00,42.29878472222222,medium
46636,2022-03-16T13:09:10+00:00,2022-03-18T14:47:57+00:00,c3ee98a9b67cc8a571361ba5567d2a7536fbecd8,v8.5.0,2022-04-21T14:29:12+00:00,36.0555787037037,medium
44039,2022-01-14T12:39:51+00:00,2022-03-23T13:38:47+00:00,,v8.4.5,2022-03-31T14:45:33+00:00,76.08729166666667,low
46860,2022-03-22T21:46:45+00:00,2022-03-23T16:48:12+00:00,78c23d8dabe7e96d4fe031cffcc6d6b49ff95a29,v8.5.0,2022-04-21T14:29:12+00:00,29.696145833333333,medium
46605,2022-03-15T21:27:31+00:00,2022-03-23T17:59:24+00:00,,v8.4.5,2022-03-31T14:45:33+00:00,15.720856481481482,low
46659,2022-03-16T17:40:33+00:00,2022-03-24T16:01:43+00:00,,v8.4.5,2022-03-31T14:45:33+00:00,14.878472222222221,low
46823,2022-03-22T10:46:32+00:00,2022-03-25T08:17:15+00:00,3c5e68a349c867a0b7210cd1a8d30bccd2a149b5,v8.5.0,2022-04-21T14:29:12+00:00,30.15462962962963,medium
45941,2022-02-26T04:24:31+00:00,2022-03-26T10:40:08+00:00,7bc821baf279ab27601255d2277baabe30a62270,v8.5.0,2022-04-21T14:29:12+00:00,54.41991898148148,high
46720,2022-03-18T07:54:22+00:00,2022-03-29T11:23:37+00:00,8e3b5dce7672fb6a908bf1a539ebceba4d050788,v8.5.0,2022-04-21T14:29:12+00:00,34.27418981481482,medium
46879,2022-03-23T12:35:13+00:00,2022-03-29T14:11:35+00:00,d1681dcc1855793a731786f9182a90bb851c9bec,v8.5.0,2022-04-21T14:29:12+00:00,29.079155092592593,medium
47009,2022-03-29T10:17:57+00:00,2022-03-29T14:27:10+00:00,48113beeeb898d91886e6c32ca3a4c966f33bcba,v8.5.0,2022-04-21T14:29:12+00:00,23.174479166666668,medium
45575,2022-02-18T05:00:53+00:00,2022-03-30T15:44:33+00:00,,v8.4.5,2022-03-31T14:45:33+00:00,41.40601851851852,low
46536,2022-03-14T15:13:51+00:00,2022-03-30T17:09:03+00:00,ebc2f9e4fc470f571e9b3b704762b46dfb1f4885,v8.5.0,2022-04-21T14:29:12+00:00,37.96899305555556,medium
45510,2022-02-17T11:16:53+00:00,2022-03-31T13:47:06+00:00,,v8.4.5,2022-03-31T14:45:33+00:00,42.14490740740741,low
46574,2022-03-15T10:36:52+00:00,2022-03-31T18:21:31+00:00,f849aa31a01da5cb0c1080a53b6463a3b5a1c83d,v8.5.0,2022-04-21T14:29:12+00:00,37.16134259259259,medium
47006,2022-03-29T09:44:33+00:00,2022-04-01T11:24:40+00:00,16db1ad46d3f21a79b70f0d26250c60ce2e54dc4,v8.5.0,2022-04-21T14:29:12+00:00,23.19767361111111,medium
46503,2022-03-12T02:57:17+00:00,2022-04-01T12:00:09+00:00,d217d2aa402a9867d148e0db8e47814f25e74360,v8.5.0,2022-04-21T14:29:12+00:00,40.480497685185185,medium
46712,2022-03-17T21:04:00+00:00,2022-04-04T09:18:30+00:00,,v8.4.6,2022-04-12T11:03:16+00:00,25.582824074074075,low
45292,2022-02-11T12:29:08+00:00,2022-04-04T09:18:30+00:00,,v8.4.6,2022-04-12T11:03:16+00:00,59.94037037037037,low
46096,2022-03-02T12:59:13+00:00,2022-04-04T09:18:30+00:00,,v8.4.6,2022-04-12T11:03:16+00:00,40.91947916666667,low
46805,2022-03-21T18:22:54+00:00,2022-04-04T14:22:00+00:00,c55be51f1ee63a16838c4c691bc7232f455961d9,v8.5.0,2022-04-21T14:29:12+00:00,30.83770833333333,medium
44708,2022-02-01T13:34:14+00:00,2022-04-04T15:05:07+00:00,8428446466e985a7abd77034535617d85824753c,v8.5.0,2022-04-21T14:29:12+00:00,79.0381712962963,medium
47119,2022-03-31T10:19:52+00:00,2022-04-04T15:34:19+00:00,,v8.4.6,2022-04-12T11:03:16+00:00,12.030138888888889,low
47046,2022-03-30T09:27:37+00:00,2022-04-05T13:34:18+00:00,05098ec38e8e4446620c4d91086e9844a28cfdaf,v8.5.0,2022-04-21T14:29:12+00:00,22.20943287037037,medium
47294,2022-04-04T21:14:51+00:00,2022-04-06T01:24:06+00:00,,v8.4.6,2022-04-12T11:03:16+00:00,7.575289351851852,low
46412,2022-03-10T14:17:06+00:00,2022-04-06T08:50:39+00:00,aef5b29173bfd174bed8eff441c92ffdf4cfe46e,v8.5.0,2022-04-21T14:29:12+00:00,42.008402777777775,medium
43639,2022-01-04T00:25:06+00:00,2022-04-06T09:16:03+00:00,,v8.4.6,2022-04-12T11:03:16+00:00,98.4431712962963,low
46762,2022-03-19T19:33:19+00:00,2022-04-06T10:23:01+00:00,,v8.4.6,2022-04-12T11:03:16+00:00,23.64579861111111,low
45365,2022-02-14T11:33:04+00:00,2022-04-07T06:56:23+00:00,,v8.4.6,2022-04-12T11:03:16+00:00,56.979305555555555,low
47241,2022-04-04T02:24:44+00:00,2022-04-07T08:39:54+00:00,0cff2d5980c99a0a009c7215a48e57176510d8ae,v9.0.0,2022-06-14T14:39:59+00:00,71.51059027777778,high
47470,2022-04-07T16:53:35+00:00,2022-04-08T06:52:14+00:00,631dd718a228823e6570cd02e71cfb910a822c3c,v9.0.0,2022-06-14T14:39:59+00:00,67.90722222222222,high
44711,2022-02-01T13:39:48+00:00,2022-04-08T09:44:17+00:00,,v8.4.6,2022-04-12T11:03:16+00:00,69.89129629629629,low
44918,2022-02-04T15:15:33+00:00,2022-04-11T07:32:03+00:00,,v8.4.6,2022-04-12T11:03:16+00:00,66.82480324074074,low
47042,2022-03-30T08:00:09+00:00,2022-04-11T08:29:49+00:00,c0104db72d09ecc12a07f4d2b9e7b192413e2cd5,v9.0.0,2022-06-14T14:39:59+00:00,76.27766203703703,medium
47560,2022-04-11T13:10:19+00:00,2022-04-12T12:55:58+00:00,,v8.4.7,2022-04-20T13:36:40+00:00,9.018298611111112,low
47554,2022-04-11T12:04:27+00:00,2022-04-12T14:42:34+00:00,35f52aee55bbde72fa56bff4e463974725b1fdb2,v9.0.0,2022-06-14T14:39:59+00:00,64.10800925925926,medium
44209,2022-01-19T12:27:56+00:00,2022-04-13T08:26:20+00:00,,v8.4.7,2022-04-20T13:36:40+00:00,91.04773148148148,low
47019,2022-03-29T15:09:44+00:00,2022-04-13T15:18:40+00:00,939a7781113b0d2a0e5bd7b078891a9fd6695b85,v9.0.0,2022-06-14T14:39:59+00:00,76.97934027777778,medium
47320,2022-04-05T12:48:51+00:00,2022-04-14T13:34:05+00:00,,v8.4.7,2022-04-20T13:36:40+00:00,15.033206018518518,low
46416,2022-03-10T15:26:50+00:00,2022-04-14T16:12:27+00:00,,v8.4.7,2022-04-20T13:36:40+00:00,40.92349537037037,low
45873,2022-02-24T22:35:29+00:00,2022-04-18T02:42:46+00:00,516c8b60ee0b706b14c5c503b7c7c80cab472e76,v9.0.0,2022-06-14T14:39:59+00:00,109.66979166666667,medium
47815,2022-04-15T09:42:19+00:00,2022-04-19T12:34:24+00:00,,v8.4.7,2022-04-20T13:36:40+00:00,5.162743055555556,low
46621,2022-03-16T09:18:34+00:00,2022-04-19T13:08:19+00:00,4570615afc7c2e7964aa3b8cf15e1120ee5949eb,v9.0.0,2022-06-14T14:39:59+00:00,90.22320601851852,medium
47404,2022-04-06T15:48:09+00:00,2022-04-20T07:40:58+00:00,39d3c8afd7f7009d2c88740d18e46b4c7bc7cfd5,v9.0.0,2022-06-14T14:39:59+00:00,68.95266203703704,medium
46817,2022-03-22T02:26:17+00:00,2022-04-20T09:15:36+00:00,ff60f39e969c4c5fe98174daf82d47cdcf3487f1,v9.0.0,2022-06-14T14:39:59+00:00,84.50951388888889,medium
47746,2022-04-13T21:44:54+00:00,2022-04-20T10:05:38+00:00,,v8.4.7,2022-04-20T13:36:40+00:00,6.660949074074074,low
47604,2022-04-12T03:47:07+00:00,2022-04-20T14:46:55+00:00,d0b41f882ec920c6545f04b3bf48254c69786987,v9.0.0,2022-06-14T14:39:59+00:00,63.45337962962963,medium
47093,2022-03-31T05:46:33+00:00,2022-04-21T07:42:23+00:00,,v8.5.0,2022-04-21T14:29:12+00:00,21.362951388888888,low
48048,2022-04-21T11:55:40+00:00,2022-04-21T16:08:12+00:00,94d2155f44787cee4b11ffe4260290f89a6cf243,v9.0.0,2022-06-14T14:39:59+00:00,54.11410879629629,medium
46900,2022-03-23T17:57:08+00:00,2022-04-21T17:49:52+00:00,4fbc481d1f7df27939647f583093aabf5e5d4fbb,v9.0.0,2022-06-14T14:39:59+00:00,82.86309027777777,medium
46430,2022-03-10T21:27:16+00:00,2022-04-22T08:03:25+00:00,6899f23a22d15b9025e6dc81736d5facc8958868,v9.0.0,2022-06-14T14:39:59+00:00,95.71716435185185,medium
45278,2022-02-11T10:14:50+00:00,2022-04-22T10:04:05+00:00,a34da3e2482b7a9914eedab8bcba1ad194e81ae0,v9.0.0,2022-06-14T14:39:59+00:00,123.18413194444445,medium
48093,2022-04-22T07:54:29+00:00,2022-04-22T10:04:23+00:00,5f83fc3c61483e66e0e1f14f639b67ca3d9facd0,v9.0.0,2022-06-14T14:39:59+00:00,53.281597222222224,medium
47754,2022-04-14T08:24:19+00:00,2022-04-23T16:38:03+00:00,,v8.5.1,2022-04-28T13:06:28+00:00,14.1959375,low
48136,2022-04-22T17:11:44+00:00,2022-04-25T14:33:50+00:00,801a2a240aeb068dbff3d2626bd6efe990ee989c,v9.0.0,2022-06-14T14:39:59+00:00,52.894618055555554,medium
47834,2022-04-16T10:05:15+00:00,2022-04-26T04:58:00+00:00,1c977281c8a17a63aada8dc2adbbf49fa06059e7,v9.0.0,2022-06-14T14:39:59+00:00,59.19078703703704,medium
46894,2022-03-23T16:03:54+00:00,2022-04-26T10:28:05+00:00,,v8.5.1,2022-04-28T13:06:28+00:00,35.876782407407404,low
48246,2022-04-26T09:13:18+00:00,2022-04-26T11:26:48+00:00,9df26c7b7c1c706a3ef1942604a269779c50aea5,v9.0.0,2022-06-14T14:39:59+00:00,49.22686342592593,medium
48078,2022-04-21T18:08:23+00:00,2022-04-27T12:34:47+00:00,199cacc7b68a292b7439e80a990c36191d21194a,v9.0.0,2022-06-14T14:39:59+00:00,53.85527777777778,high
45744,2022-02-22T18:22:16+00:00,2022-04-27T13:12:58+00:00,,v8.5.1,2022-04-28T13:06:28+00:00,64.78069444444445,low
48150,2022-04-23T10:01:07+00:00,2022-04-27T14:31:15+00:00,,v8.5.1,2022-04-28T13:06:28+00:00,5.128715277777777,low
47023,2022-03-29T16:00:43+00:00,2022-04-27T16:01:11+00:00,,v8.5.1,2022-04-28T13:06:28+00:00,29.878993055555554,low
47669,2022-04-13T00:24:19+00:00,2022-04-27T20:33:07+00:00,fb25cf11e7870dd442a0778b9e40c2ee41e2b188,v9.0.0,2022-06-14T14:39:59+00:00,62.59421296296296,medium
48386,2022-04-27T23:24:20+00:00,2022-04-28T03:51:03+00:00,b990d3c9e34fd30a64b44253fccb1d3f60370c79,v9.0.0,2022-06-14T14:39:59+00:00,47.635868055555555,medium
48388,2022-04-27T23:44:27+00:00,2022-04-28T03:51:03+00:00,b990d3c9e34fd30a64b44253fccb1d3f60370c79,v9.0.0,2022-06-14T14:39:59+00:00,47.62189814814815,medium
45776,2022-02-23T12:22:16+00:00,2022-04-28T13:55:16+00:00,f0f3134cb1635ee2f4f6f47f86572ac4c6306b93,v9.0.0,2022-06-14T14:39:59+00:00,111.09563657407408,medium
47661,2022-04-12T19:27:41+00:00,2022-04-28T14:04:57+00:00,af8fbc16d67c7a628374a3442592a3cf2baa58ff,v9.0.0,2022-06-14T14:39:59+00:00,62.80020833333333,medium
47875,2022-04-19T11:07:00+00:00,2022-04-28T14:11:35+00:00,,v8.5.2,2022-05-04T09:56:31+00:00,14.951053240740741,low
48130,2022-04-22T15:24:40+00:00,2022-04-29T07:10:58+00:00,,v8.5.2,2022-05-04T09:56:31+00:00,11.772118055555556,low
46501,2022-03-12T02:46:41+00:00,2022-04-29T07:47:34+00:00,17eca4505c99e9d4d5afc05fc24e754b1c1cf052,v9.0.0,2022-06-14T14:39:59+00:00,94.49534722222222,medium
48123,2022-04-22T13:49:46+00:00,2022-04-29T08:22:50+00:00,,v8.5.2,2022-05-04T09:56:31+00:00,11.838020833333333,low
48047,2022-04-21T11:43:38+00:00,2022-04-29T08:52:12+00:00,,v8.5.2,2022-05-04T09:56:31+00:00,12.925613425925926,low
48282,2022-04-26T14:52:27+00:00,2022-04-29T13:03:24+00:00,,v8.5.2,2022-05-04T09:56:31+00:00,7.79449074074074,low
48467,2022-04-28T21:41:05+00:00,2022-04-29T13:03:34+00:00,,v8.5.2,2022-05-04T09:56:31+00:00,5.510717592592592,low
48546,2022-04-29T15:06:44+00:00,2022-04-29T17:07:19+00:00,a96510d03ce80ad2024ae04ecbb5b8b06f8cfd20,v9.0.0,2022-06-14T14:39:59+00:00,45.98142361111111,medium
48158,2022-04-25T02:52:17+00:00,2022-05-02T07:25:24+00:00,9622e7457eb4e77832f0930af31d4a3b68a3d651,v9.0.0,2022-06-14T14:39:59+00:00,50.491458333333334,medium
48558,2022-04-29T19:46:59+00:00,2022-05-02T17:44:23+00:00,9db95826a41d016e90d5e4cc590acca6b21945ba,v9.0.0,2022-06-14T14:39:59+00:00,45.78680555555555,high
48538,2022-04-29T13:40:39+00:00,2022-05-03T14:28:40+00:00,5dabb55b3955e0335740ac920b71ad987979c5ec,v9.0.0,2022-06-14T14:39:59+00:00,46.0412037037037,medium
48652,2022-05-03T17:17:02+00:00,2022-05-04T09:36:15+00:00,b71aa912c6420d248177cf9027cc0dd2bdb894ed,v9.0.0,2022-06-14T14:39:59+00:00,41.8909375,medium
45809,2022-02-23T20:42:40+00:00,2022-05-04T10:49:05+00:00,f00ffb190c758654adb46a157047823ddfaaa228,v9.0.0,2022-06-14T14:39:59+00:00,110.74813657407407,medium
45676,2022-02-21T14:20:39+00:00,2022-05-04T13:27:22+00:00,2e5f7976668d13218be45c7c25a626ae96340be8,v9.0.0,2022-06-14T14:39:59+00:00,113.01342592592593,medium
47408,2022-04-06T17:38:48+00:00,2022-05-05T08:37:27+00:00,abb161829162d486c1e44f5f7928512ec03801ed,v9.0.0,2022-06-14T14:39:59+00:00,68.87582175925925,medium
48692,2022-05-04T11:10:26+00:00,2022-05-05T13:28:45+00:00,af578045136a76c2e59ae308c3045abf5efaa8ad,v9.0.0,2022-06-14T14:39:59+00:00,41.145520833333336,medium
48472,2022-04-28T22:55:52+00:00,2022-05-06T07:34:10+00:00,ee8e1251340688bc98e0d2f580e8ce1ce456ff29,v9.0.0,2022-06-14T14:39:59+00:00,46.65563657407407,medium
48267,2022-04-26T12:41:02+00:00,2022-05-06T19:36:34+00:00,,v7.5.16,2022-05-19T15:32:37+00:00,23.119155092592592,low
48835,2022-05-06T22:29:05+00:00,2022-05-17T04:24:41+00:00,,v7.5.16,2022-05-19T15:32:37+00:00,12.710787037037036,low
48499,2022-04-29T09:06:53+00:00,2022-05-17T10:03:35+00:00,a3e68eef17703dae0f0789fcbf8cac6e8e7c9bdc,v9.0.0,2022-06-14T14:39:59+00:00,46.231319444444445,medium
48489,2022-04-29T08:38:40+00:00,2022-05-17T14:30:44+00:00,,v7.5.16,2022-05-19T15:32:37+00:00,20.287465277777777,low
48901,2022-05-11T13:13:02+00:00,2022-05-18T07:54:25+00:00,0a44fbdd42936a59015ce3e969e7d497361ba8a9,v9.0.0,2022-06-14T14:39:59+00:00,34.060381944444444,medium
48627,2022-05-03T10:50:42+00:00,2022-05-18T08:45:27+00:00,43ab0c1f957425d74905d121f390d175a7da9d26,v9.0.0,2022-06-14T14:39:59+00:00,42.15922453703703,medium
48724,2022-05-04T16:22:57+00:00,2022-05-18T10:22:17+00:00,,v7.5.16,2022-05-19T15:32:37+00:00,14.965046296296297,low
49112,2022-05-17T18:30:27+00:00,2022-05-18T15:17:08+00:00,81e368dbb5b3b87c2051ad990f9cdaffa56af301,v9.0.0,2022-06-14T14:39:59+00:00,27.839953703703703,medium
48731,2022-05-04T17:56:48+00:00,2022-05-19T13:22:27+00:00,,v7.5.16,2022-05-19T15:32:37+00:00,14.899872685185185,low
49181,2022-05-18T16:04:06+00:00,2022-05-19T14:43:27+00:00,66220758b30ebbb9f0b9594defd7bba0273c7eaf,v9.0.0,2022-06-14T14:39:59+00:00,26.94158564814815,medium
48905,2022-05-11T14:21:59+00:00,2022-05-20T09:09:19+00:00,,v8.5.4,2022-05-31T17:35:55+00:00,20.134675925925926,low
47979,2022-04-20T15:20:02+00:00,2022-05-20T14:45:55+00:00,2780651ea864457c0d71c1db62a9dc02df4c4569,v9.0.0,2022-06-14T14:39:59+00:00,54.9721875,medium
46944,2022-03-25T01:27:04+00:00,2022-05-20T15:31:13+00:00,,v8.5.4,2022-05-31T17:35:55+00:00,67.6728125,low
48794,2022-05-06T00:40:10+00:00,2022-05-20T15:36:43+00:00,34fa7b493cd1a38145f3ca2f0514ac4a10bea497,v9.0.0,2022-06-14T14:39:59+00:00,39.58320601851852,medium
45048,2022-02-08T09:03:33+00:00,2022-05-20T15:52:36+00:00,,v8.5.4,2022-05-31T17:35:55+00:00,112.35581018518519,low
46032,2022-03-01T14:44:37+00:00,2022-05-20T18:24:33+00:00,2949ebc2647fc20aa596749987adde4587957212,v9.0.0,2022-06-14T14:39:59+00:00,104.99678240740741,medium
48965,2022-05-13T13:14:41+00:00,2022-05-22T09:29:26+00:00,,v8.5.4,2022-05-31T17:35:55+00:00,18.18141203703704,low
46134,2022-03-03T01:57:39+00:00,2022-05-23T13:05:57+00:00,0a509b97ef9299d307e40491d04a16ff3cf589a4,v9.0.0,2022-06-14T14:39:59+00:00,103.52939814814815,medium
46562,2022-03-15T00:27:48+00:00,2022-05-23T13:26:29+00:00,762a84153db9b42bb7d987d50b58da752f765300,v9.0.0,2022-06-14T14:39:59+00:00,91.59179398148149,medium
49202,2022-05-18T21:29:19+00:00,2022-05-23T13:58:21+00:00,,v8.5.4,2022-05-31T17:35:55+00:00,12.837916666666667,low
49426,2022-05-23T15:53:42+00:00,2022-05-24T09:29:24+00:00,b0300d56acfc614e73a4d7ee0b96985722202cd0,v9.0.0,2022-06-14T14:39:59+00:00,21.94880787037037,medium
49456,2022-05-24T04:34:50+00:00,2022-05-24T11:14:56+00:00,04bc482f11dc206708634b1e1267a26e8d254074,v9.1.0,2022-08-16T14:02:19+00:00,84.39408564814815,medium
48907,2022-05-11T14:52:46+00:00,2022-05-25T13:05:13+00:00,ccb8888055acd0ebde029d896e65676ac3f565a5,v9.1.0,2022-08-16T14:02:19+00:00,96.96496527777778,medium
49564,2022-05-25T07:32:23+00:00,2022-05-25T15:39:22+00:00,,v8.5.4,2022-05-31T17:35:55+00:00,6.41912037037037,low
47186,2022-04-01T10:38:19+00:00,2022-05-26T09:53:31+00:00,63848ad2e7a67e06a61260bf132254c90883d501,v9.1.0,2022-08-16T14:02:19+00:00,137.14166666666668,medium
49498,2022-05-24T13:59:45+00:00,2022-05-26T11:29:19+00:00,a95ba8eb3f734629308b1248a73a2f4d8b4bf967,v9.1.0,2022-08-16T14:02:19+00:00,84.0017824074074,medium
49641,2022-05-25T17:39:03+00:00,2022-05-26T13:53:12+00:00,c8094b33cd1ee556c96cbac1e8d1800d4cb8855a,v9.1.0,2022-08-16T14:02:19+00:00,82.84949074074073,medium
47305,2022-04-05T09:45:54+00:00,2022-05-26T16:23:39+00:00,16d738a03a44d438bd6bba1fd72d7f2954aa282e,v9.1.0,2022-08-16T14:02:19+00:00,133.17806712962962,medium
49401,2022-05-23T12:41:59+00:00,2022-05-27T12:00:52+00:00,,v8.5.4,2022-05-31T17:35:55+00:00,8.20412037037037,low
49145,2022-05-18T09:11:22+00:00,2022-05-31T03:29:51+00:00,056a1fec3d20ae9c9f79e5ef097e0ebaba77441e,v9.1.0,2022-08-16T14:02:19+00:00,90.20204861111111,medium
48877,2022-05-10T14:47:44+00:00,2022-05-31T16:27:25+00:00,7156935d1226b0076537d476f7ef1c4d9240d65b,v9.1.0,2022-08-16T14:02:19+00:00,97.96846064814815,medium
47116,2022-03-31T09:58:08+00:00,2022-05-31T17:48:11+00:00,,v8.5.5,2022-06-07T17:11:56+00:00,68.30125,low
46560,2022-03-14T23:09:14+00:00,2022-06-01T11:03:34+00:00,63303eb4ba276fc8a3c7d73ca424c6972232584e,v9.1.0,2022-08-16T14:02:19+00:00,154.62019675925927,medium
49408,2022-05-23T13:36:32+00:00,2022-06-01T13:16:19+00:00,b355adac6fccaa573c2f3101f2913b716166a844,v9.1.0,2022-08-16T14:02:19+00:00,85.0179050925926,medium
49796,2022-05-30T09:24:23+00:00,2022-06-01T16:35:16+00:00,6ceb40e20e49f983f4a56c2556c54b62ad5f9d54,v9.1.0,2022-08-16T14:02:19+00:00,78.19300925925926,medium
49540,2022-05-24T20:09:30+00:00,2022-06-01T17:23:31+00:00,dca0453c2e6692b6b09d7ee247f01ebedab611a0,v9.1.0,2022-08-16T14:02:19+00:00,83.74501157407407,medium
49122,2022-05-17T21:35:28+00:00,2022-06-02T09:30:47+00:00,d7139e75fb303e4753338cba2b2fb8bc9619bd48,v9.1.0,2022-08-16T14:02:19+00:00,90.6853125,medium
49867,2022-05-31T03:50:32+00:00,2022-06-02T11:34:05+00:00,0de980800856cece8d88b931be1de3e611d2e3cb,v9.1.0,2022-08-16T14:02:19+00:00,77.42484953703703,medium
50027,2022-06-01T16:11:27+00:00,2022-06-02T11:45:21+00:00,ace5b2058d05112eafe63b1cd8834bd6281c3734,v9.1.0,2022-08-16T14:02:19+00:00,75.91032407407407,medium
49388,2022-05-23T09:34:18+00:00,2022-06-03T08:40:17+00:00,cefd51dd594ef41e90fea2ddd99f69b957e2aec1,v8.5.5,2022-06-07T17:11:56+00:00,15.317800925925926,low
48094,2022-04-22T07:58:15+00:00,2022-06-03T10:07:33+00:00,573e121a67571475b5e9896555d57ad639e59658,v9.1.0,2022-08-16T14:02:19+00:00,116.25282407407407,medium
48637,2022-05-03T14:06:31+00:00,2022-06-03T11:07:40+00:00,,v8.5.5,2022-06-07T17:11:56+00:00,35.128761574074076,low
49483,2022-05-24T11:48:09+00:00,2022-06-03T13:43:30+00:00,b1e1a97c63c46238d468a2de01d48a92bacae825,v9.1.0,2022-08-16T14:02:19+00:00,84.09317129629629,medium
48450,2022-04-28T15:29:15+00:00,2022-06-07T12:28:32+00:00,,v8.5.5,2022-06-07T17:11:56+00:00,40.07130787037037,low
48018,2022-04-21T01:22:24+00:00,2022-06-07T13:21:02+00:00,c65d62c95b8e50f19daa2db675620bcde85bbf53,v9.1.0,2022-08-16T14:02:19+00:00,117.5277199074074,medium
44394,2022-01-24T17:37:04+00:00,2022-06-07T15:05:41+00:00,ae449cc8239fee02172b3180ac1ee79f13d38a85,v9.1.0,2022-08-16T14:02:19+00:00,203.85086805555557,medium
49855,2022-05-30T16:52:50+00:00,2022-06-07T15:20:06+00:00,c83f84348c65dd71f2b707b60765abf89776afce,v9.1.0,2022-08-16T14:02:19+00:00,77.88158564814815,medium
50328,2022-06-07T14:26:44+00:00,2022-06-08T03:04:52+00:00,fd664e4beb3f024a2cf9965c484746c85c24cadd,v9.1.0,2022-08-16T14:02:19+00:00,69.98304398148149,medium
49037,2022-05-16T22:32:43+00:00,2022-06-08T08:34:45+00:00,fd408652dc653a6019fda08b5f55de7c4ef60522,v9.1.0,2022-08-16T14:02:19+00:00,91.64555555555556,medium
49941,2022-05-31T15:24:34+00:00,2022-06-08T09:28:02+00:00,,v9.0.0,2022-06-14T14:39:59+00:00,13.969039351851851,low
49940,2022-05-31T15:21:37+00:00,2022-06-08T09:28:13+00:00,,v9.0.0,2022-06-14T14:39:59+00:00,13.971087962962963,low
49423,2022-05-23T15:29:45+00:00,2022-06-09T08:07:15+00:00,,v9.0.0,2022-06-14T14:39:59+00:00,21.965439814814815,low
48760,2022-05-05T12:46:08+00:00,2022-06-09T14:38:48+00:00,,v9.0.0,2022-06-14T14:39:59+00:00,40.0790625,low
48274,2022-04-26T13:50:13+00:00,2022-06-09T15:54:57+00:00,1284c596fe9437cd1d02f9ed4d538fbbd0d1cac3,v9.1.0,2022-08-16T14:02:19+00:00,112.00840277777777,medium
50363,2022-06-07T20:46:19+00:00,2022-06-10T08:37:40+00:00,6a4906ef7eedee975a1a928e2284a981dff77ef0,v9.1.0,2022-08-16T14:02:19+00:00,69.71944444444445,medium
50606,2022-06-10T13:05:33+00:00,2022-06-10T14:28:10+00:00,,v9.0.0,2022-06-14T14:39:59+00:00,4.065578703703704,low
50268,2022-06-06T18:27:54+00:00,2022-06-11T19:33:13+00:00,,v9.0.0,2022-06-14T14:39:59+00:00,7.841724537037037,low
47039,2022-03-30T05:57:06+00:00,2022-06-13T10:12:58+00:00,,v9.0.0,2022-06-14T14:39:59+00:00,76.36311342592593,low
50617,2022-06-10T14:19:09+00:00,2022-06-13T13:19:20+00:00,77bdbe1deac3153859d2173b7a3ff029a76a64c3,v9.1.0,2022-08-16T14:02:19+00:00,66.98831018518518,medium
45924,2022-02-25T15:30:31+00:00,2022-06-13T13:26:18+00:00,b115e73edebbd998244e24f11e2cd73a46ebf7de,v9.1.0,2022-08-16T14:02:19+00:00,171.93875,medium
50189,2022-06-03T17:30:40+00:00,2022-06-13T15:43:43+00:00,,v9.0.0,2022-06-14T14:39:59+00:00,10.881469907407407,low
50237,2022-06-06T09:52:42+00:00,2022-06-14T07:28:55+00:00,,v9.0.0,2022-06-14T14:39:59+00:00,8.199502314814815,low
50534,2022-06-09T15:45:05+00:00,2022-06-14T13:12:00+00:00,,v9.0.0,2022-06-14T14:39:59+00:00,4.954791666666667,low
50672,2022-06-13T11:24:35+00:00,2022-06-14T15:05:59+00:00,f9d31d06121f1e4e8e20c690ea10c8f1a3585dca,v9.1.0,2022-08-16T14:02:19+00:00,64.10953703703704,medium
46874,2022-03-23T11:34:51+00:00,2022-06-15T08:18:14+00:00,,v9.0.1,2022-06-21T17:53:22+00:00,90.2628587962963,low
50160,2022-06-03T12:48:01+00:00,2022-06-15T08:59:38+00:00,9d0e7564ed49910898445f5e96cf38f94b7f8afb,v9.1.0,2022-08-16T14:02:19+00:00,74.05159722222223,medium
46498,2022-03-12T02:28:14+00:00,2022-06-15T09:28:43+00:00,07535397212a98cec2e590795ab719815ee2cd5c,v9.1.0,2022-08-16T14:02:19+00:00,157.48200231481482,medium
50644,2022-06-11T15:17:40+00:00,2022-06-15T10:41:34+00:00,390b7d084e7aa5cc67c456c6c5ccfa852acb944a,v9.1.0,2022-08-16T14:02:19+00:00,65.94767361111111,medium
50869,2022-06-15T11:35:53+00:00,2022-06-15T12:16:23+00:00,,v9.0.1,2022-06-21T17:53:22+00:00,6.262141203703703,low
50841,2022-06-15T05:57:19+00:00,2022-06-16T08:49:26+00:00,,v9.0.1,2022-06-21T17:53:22+00:00,6.497256944444445,low
50938,2022-06-16T11:18:27+00:00,2022-06-16T14:30:33+00:00,,v9.0.1,2022-06-21T17:53:22+00:00,5.274247685185185,low
50927,2022-06-16T09:06:25+00:00,2022-06-16T16:04:39+00:00,,v9.0.1,2022-06-21T17:53:22+00:00,5.3659375,low
50939,2022-06-16T11:19:26+00:00,2022-06-17T05:47:31+00:00,,v9.0.1,2022-06-21T17:53:22+00:00,5.273564814814815,low
48304,2022-04-26T19:05:38+00:00,2022-06-17T06:58:54+00:00,7e22b8e6fb40cfdedb8e1902e6d5e41f6dccf1c1,v9.1.0,2022-08-16T14:02:19+00:00,111.78936342592593,medium
50842,2022-06-15T06:12:57+00:00,2022-06-17T07:48:00+00:00,,v9.0.1,2022-06-21T17:53:22+00:00,6.486400462962963,low
50947,2022-06-16T12:28:29+00:00,2022-06-17T08:24:38+00:00,fcbe0059c2b173a0c95b33545493026dfa760a22,v9.1.0,2022-08-16T14:02:19+00:00,61.065162037037034,medium
50177,2022-06-03T15:29:30+00:00,2022-06-17T11:59:33+00:00,43839dc40b0371e47fb62bb515af311071bd26f4,v9.1.0,2022-08-16T14:02:19+00:00,73.93945601851851,medium
50968,2022-06-16T15:50:28+00:00,2022-06-20T07:16:42+00:00,1f5f40b2da617a0f107972c35234895d9003d288,v9.1.0,2022-08-16T14:02:19+00:00,60.92489583333333,medium
51069,2022-06-18T14:52:40+00:00,2022-06-20T13:11:11+00:00,,v9.0.1,2022-06-21T17:53:22+00:00,3.125486111111111,low
49782,2022-05-30T07:26:45+00:00,2022-06-20T13:37:05+00:00,87bf0f431577efec12617a70ddd063c8ba3d93c2,v9.1.0,2022-08-16T14:02:19+00:00,78.27469907407408,medium
50890,2022-06-15T15:31:52+00:00,2022-06-20T13:37:22+00:00,,v9.0.1,2022-06-21T17:53:22+00:00,6.098263888888889,low
50888,2022-06-15T15:21:10+00:00,2022-06-21T11:23:40+00:00,,v9.0.1,2022-06-21T17:53:22+00:00,6.1056944444444445,low
50419,2022-06-08T12:27:24+00:00,2022-06-21T14:46:53+00:00,,v9.0.1,2022-06-21T17:53:22+00:00,13.226365740740741,low
51187,2022-06-21T16:35:55+00:00,2022-06-21T22:45:38+00:00,24bdda72fbf7eed224061e39edb4d243396c39be,v9.1.0,2022-08-16T14:02:19+00:00,55.89333333333333,medium
50928,2022-06-16T09:13:27+00:00,2022-06-22T13:54:43+00:00,be6a878fd6271aa3d06dd4ccfb373dcc2d88f298,v9.1.0,2022-08-16T14:02:19+00:00,61.20060185185185,medium
51112,2022-06-20T11:46:33+00:00,2022-06-22T16:39:17+00:00,90646e7f414107fffc1b2fd7f0aa084d3cb43446,v9.1.0,2022-08-16T14:02:19+00:00,57.094282407407405,medium
51252,2022-06-22T14:29:39+00:00,2022-06-22T20:05:16+00:00,,v9.0.2,2022-06-28T15:15:59+00:00,6.032175925925926,low
48230,2022-04-25T22:57:03+00:00,2022-06-23T03:30:25+00:00,5d74701848e3498d8255a54ff6c5e58594922d6b,v9.1.0,2022-08-16T14:02:19+00:00,112.6286574074074,medium
49568,2022-05-25T08:47:44+00:00,2022-06-23T16:17:16+00:00,,v9.0.2,2022-06-28T15:15:59+00:00,34.269618055555554,low
51094,2022-06-20T07:45:02+00:00,2022-06-23T18:23:56+00:00,8ba8e1df8397eca400645703f958ef007a48cc35,v9.1.0,2022-08-16T14:02:19+00:00,57.262002314814815,medium
50246,2022-06-06T11:58:25+00:00,2022-06-24T06:56:58+00:00,b10ddfdf8c4213e944f5d3f902d71df43a82e581,v9.1.0,2022-08-16T14:02:19+00:00,71.08604166666667,medium
47701,2022-04-13T13:11:56+00:00,2022-06-24T20:29:22+00:00,,v9.0.2,2022-06-28T15:15:59+00:00,76.08614583333333,low
51307,2022-06-23T10:13:23+00:00,2022-06-27T11:31:00+00:00,f2d8b1ceee5f6beffb4903a8968b176aebd24730,v9.1.0,2022-08-16T14:02:19+00:00,54.15898148148148,medium
46290,2022-03-07T12:28:10+00:00,2022-06-27T12:17:46+00:00,,v9.0.2,2022-06-28T15:15:59+00:00,113.11653935185186,low
49756,2022-05-27T16:37:46+00:00,2022-06-27T14:11:39+00:00,,v9.0.2,2022-06-28T15:15:59+00:00,31.94320601851852,low
46347,2022-03-09T08:06:22+00:00,2022-06-28T08:05:53+00:00,97c9b25d44d070da1ead20e4b1fa2d95b40de6c0,v9.1.0,2022-08-16T14:02:19+00:00,160.2471875,medium
50786,2022-06-14T13:20:05+00:00,2022-06-28T08:09:25+00:00,a7f1ca133effaab94574a6b2155448c931854300,v9.1.0,2022-08-16T14:02:19+00:00,63.029328703703705,medium
51356,2022-06-23T23:16:29+00:00,2022-06-28T08:31:41+00:00,,v9.0.2,2022-06-28T15:15:59+00:00,4.6663194444444445,low
50424,2022-06-08T13:03:36+00:00,2022-06-29T08:10:55+00:00,,v8.4.10,2022-07-14T14:14:31+00:00,36.049247685185186,low
49759,2022-05-27T17:30:58+00:00,2022-06-29T12:26:32+00:00,f83f05d6b3b72de68be48d41ce99483cae17b0eb,v9.1.0,2022-08-16T14:02:19+00:00,80.85510416666666,medium
49163,2022-05-18T12:57:44+00:00,2022-06-29T12:56:40+00:00,189b7f9c0b554ddb2e3b7d127afc997ce6c070f9,v9.1.0,2022-08-16T14:02:19+00:00,90.04484953703704,medium
49774,2022-05-29T11:38:50+00:00,2022-06-29T12:56:41+00:00,189b7f9c0b554ddb2e3b7d127afc997ce6c070f9,v9.1.0,2022-08-16T14:02:19+00:00,79.0996412037037,medium
51313,2022-06-23T10:55:01+00:00,2022-06-29T14:43:33+00:00,,v8.4.10,2022-07-14T14:14:31+00:00,21.138541666666665,low
51565,2022-06-29T14:56:04+00:00,2022-06-29T17:19:49+00:00,66c911f263757e907af5b45f72c5653d1b8aa81d,v9.1.0,2022-08-16T14:02:19+00:00,47.962673611111114,medium
51171,2022-06-21T13:30:17+00:00,2022-06-29T17:37:50+00:00,35240f6d5a5e2231914e859ed8bc5c45573e5c3a,v9.1.0,2022-08-16T14:02:19+00:00,56.02224537037037,medium
48938,2022-05-12T13:12:08+00:00,2022-06-30T06:43:49+00:00,,v8.4.10,2022-07-14T14:14:31+00:00,63.04332175925926,low
48087,2022-04-21T21:25:31+00:00,2022-06-30T09:08:22+00:00,d429cac27ba5c82697a3d464eed097befb715b90,v9.1.0,2022-08-16T14:02:19+00:00,116.69222222222223,medium
45977,2022-02-28T16:11:36+00:00,2022-07-04T09:08:01+00:00,b7e22c37a8d10013433e275df16676dd329e2810,v9.1.0,2022-08-16T14:02:19+00:00,168.9102199074074,medium
51369,2022-06-24T10:05:53+00:00,2022-07-04T10:32:21+00:00,f8ac160545f8b9badb1bfa5e7bb6346a2af75a85,v9.1.0,2022-08-16T14:02:19+00:00,53.16418981481481,medium
51542,2022-06-29T11:04:06+00:00,2022-07-05T09:25:08+00:00,d4eef3bd7673121612d692e875407c789bc331cf,v9.1.0,2022-08-16T14:02:19+00:00,48.123761574074074,medium
50354,2022-06-07T16:28:08+00:00,2022-07-05T09:53:05+00:00,,v8.4.10,2022-07-14T14:14:31+00:00,36.90721064814815,low
49575,2022-05-25T10:10:00+00:00,2022-07-05T16:15:08+00:00,,v8.4.10,2022-07-14T14:14:31+00:00,50.16980324074074,low
48881,2022-05-10T16:15:10+00:00,2022-07-05T21:12:04+00:00,,v8.4.10,2022-07-14T14:14:31+00:00,64.91621527777778,low
50153,2022-06-03T10:36:52+00:00,2022-07-06T06:27:10+00:00,5b058d617d2e74e390087866476f70d8332bed09,v9.1.0,2022-08-16T14:02:19+00:00,74.1426736111111,medium
51675,2022-07-02T12:50:20+00:00,2022-07-06T12:47:49+00:00,,v8.4.10,2022-07-14T14:14:31+00:00,12.058460648148149,low
51657,2022-06-30T21:39:29+00:00,2022-07-06T14:52:59+00:00,663f3fcd2ac12d0180ac3e7b852e653d9c58931d,v9.1.0,2022-08-16T14:02:19+00:00,46.68252314814815,medium
49527,2022-05-24T16:52:29+00:00,2022-07-07T02:15:57+00:00,,v8.4.10,2022-07-14T14:14:31+00:00,50.89030092592593,low
51198,2022-06-21T18:03:40+00:00,2022-07-07T07:58:01+00:00,a802e84772fab2e362976bfc3805b05c69fe5f98,v9.1.0,2022-08-16T14:02:19+00:00,55.83239583333334,medium
51893,2022-07-07T11:57:36+00:00,2022-07-07T14:25:52+00:00,,v8.4.10,2022-07-14T14:14:31+00:00,7.095081018518519,low
50394,2022-06-08T09:56:08+00:00,2022-07-08T10:28:41+00:00,506e63f4e1f837a97bd6b67b2917bc53b9c51209,v9.1.0,2022-08-16T14:02:19+00:00,69.17096064814815,medium
51204,2022-06-21T18:54:52+00:00,2022-07-08T13:45:16+00:00,,v8.4.10,2022-07-14T14:14:31+00:00,22.8053125,low
51969,2022-07-08T13:02:35+00:00,2022-07-08T14:26:29+00:00,,v8.4.10,2022-07-14T14:14:31+00:00,6.049953703703704,low
50736,2022-06-13T22:00:28+00:00,2022-07-08T16:28:18+00:00,,v8.4.10,2022-07-14T14:14:31+00:00,30.67642361111111,low
51983,2022-07-08T15:15:48+00:00,2022-07-08T22:46:02+00:00,7e9194e6e2cbbbe74fcaaf534aa5cc5e336d8264,v9.1.0,2022-08-16T14:02:19+00:00,38.94896990740741,medium
51037,2022-06-17T13:05:16+00:00,2022-07-11T12:13:19+00:00,bb72512aedbf750d803a8f77c6385f2aba3e2a09,v8.4.10,2022-07-14T14:14:31+00:00,27.048090277777778,low
51780,2022-07-06T08:05:50+00:00,2022-07-11T12:24:49+00:00,0a2a370b77a42dce41b1af1d7b6f158d7a9c6f56,v9.1.0,2022-08-16T14:02:19+00:00,41.24755787037037,medium
51966,2022-07-08T12:12:51+00:00,2022-07-11T23:02:10+00:00,,v8.4.10,2022-07-14T14:14:31+00:00,6.0844907407407405,low
51273,2022-06-22T17:27:41+00:00,2022-07-12T14:04:30+00:00,,v8.4.10,2022-07-14T14:14:31+00:00,21.865856481481483,low
51877,2022-07-07T08:33:36+00:00,2022-07-12T16:46:52+00:00,7bb644d9100648f62760710bf920f73680b8a232,v9.1.0,2022-08-16T14:02:19+00:00,40.22827546296296,medium
48398,2022-04-28T08:19:34+00:00,2022-07-13T07:25:00+00:00,05ba08fd8b8b71eec9afaa65a949f94bcbc9f799,v9.1.0,2022-08-16T14:02:19+00:00,110.23802083333334,medium
51683,2022-07-04T04:46:40+00:00,2022-07-13T07:44:12+00:00,,v8.4.10,2022-07-14T14:14:31+00:00,10.394340277777777,low
51658,2022-06-30T21:58:31+00:00,2022-07-13T14:33:26+00:00,7c5ba889a423cc280572de61ea81586db5543132,v9.1.0,2022-08-16T14:02:19+00:00,46.66930555555555,medium
52116,2022-07-12T18:46:59+00:00,2022-07-13T15:44:43+00:00,074bcf8599c67eb22bef97c6e5242ca52e266039,v9.1.0,2022-08-16T14:02:19+00:00,34.802314814814814,medium
52125,2022-07-12T22:14:20+00:00,2022-07-13T22:36:17+00:00,2d7389c34dc6f2b17b47012cf1898bfec6b97f95,v9.1.0,2022-08-16T14:02:19+00:00,34.65832175925926,medium
50530,2022-06-09T15:00:30+00:00,2022-07-14T08:28:45+00:00,a4d33a0f438eecaac461cd75fdef4ea9222b8ed0,v9.1.0,2022-08-16T14:02:19+00:00,67.9595949074074,medium
50855,2022-06-15T09:25:43+00:00,2022-07-14T09:08:02+00:00,,v8.4.10,2022-07-14T14:14:31+00:00,29.200555555555557,low
51610,2022-06-30T05:52:25+00:00,2022-07-14T12:20:12+00:00,c8b5307c613c68feb59aee864c10b86aa5497ea9,v9.1.0,2022-08-16T14:02:19+00:00,47.34020833333334,medium
50397,2022-06-08T10:25:55+00:00,2022-07-15T09:46:31+00:00,1c48f443f06aabaea2845d0b333f7f263d095d0b,v9.1.0,2022-08-16T14:02:19+00:00,69.15027777777777,medium
52105,2022-07-12T13:35:02+00:00,2022-07-15T12:26:16+00:00,a2512dd1c76c80efd867055c31f29e679421d66d,v9.1.0,2022-08-16T14:02:19+00:00,35.01894675925926,medium
47037,2022-03-30T05:08:33+00:00,2022-07-15T16:23:41+00:00,,v9.0.4,2022-07-20T17:07:17+00:00,112.49912037037036,low
51990,2022-07-08T18:01:42+00:00,2022-07-15T22:03:04+00:00,57249aa4083d4081e9fa76ac8f6ebd19f94ab6c7,v9.1.0,2022-08-16T14:02:19+00:00,38.833761574074074,medium
51506,2022-06-28T14:46:33+00:00,2022-07-18T12:48:00+00:00,,v9.0.4,2022-07-20T17:07:17+00:00,22.097731481481482,low
51355,2022-06-23T22:11:38+00:00,2022-07-19T06:48:55+00:00,,v9.0.4,2022-07-20T17:07:17+00:00,26.788645833333334,low
52339,2022-07-15T15:04:14+00:00,2022-07-19T12:21:24+00:00,,v9.0.4,2022-07-20T17:07:17+00:00,5.085451388888889,low
49256,2022-05-19T15:13:00+00:00,2022-07-20T01:34:24+00:00,,v9.0.4,2022-07-20T17:07:17+00:00,62.079363425925926,low
52434,2022-07-19T07:37:49+00:00,2022-07-20T09:18:42+00:00,,v9.0.4,2022-07-20T17:07:17+00:00,1.395462962962963,low
52356,2022-07-15T19:02:25+00:00,2022-07-20T11:28:02+00:00,813f18b990f09cba6adb69e05a6c8c9f187941bd,v9.1.0,2022-08-16T14:02:19+00:00,31.791597222222222,medium
52308,2022-07-15T08:05:30+00:00,2022-07-20T12:26:05+00:00,98d41f0bf8fb7e3cf6aecbce288aa87cb4e55de5,v9.1.0,2022-08-16T14:02:19+00:00,32.24778935185185,medium
52508,2022-07-20T07:32:07+00:00,2022-07-20T12:49:51+00:00,,v9.0.4,2022-07-20T17:07:17+00:00,0.3994212962962963,low
50148,2022-06-03T09:41:00+00:00,2022-07-20T13:53:36+00:00,,v9.0.4,2022-07-20T17:07:17+00:00,47.30991898148148,low
52018,2022-07-11T07:04:48+00:00,2022-07-21T08:14:29+00:00,6cab9091324fe42e51a826b9345bdea4c22fae07,v9.1.0,2022-08-16T14:02:19+00:00,36.28994212962963,medium
52195,2022-07-14T06:11:06+00:00,2022-07-21T13:28:54+00:00,,v9.0.5,2022-07-26T14:26:52+00:00,12.344282407407407,low
51830,2022-07-06T16:14:48+00:00,2022-07-22T09:20:30+00:00,8ce9f2c93689449d8c22419e6491aed77e86f94e,v9.1.0,2022-08-16T14:02:19+00:00,40.90799768518519,medium
52082,2022-07-12T09:41:00+00:00,2022-07-22T10:42:13+00:00,,v9.0.5,2022-07-26T14:26:52+00:00,14.198518518518519,low
47155,2022-03-31T16:00:10+00:00,2022-07-22T16:17:42+00:00,,v9.0.5,2022-07-26T14:26:52+00:00,116.93520833333334,low
47296,2022-04-05T04:29:36+00:00,2022-07-22T16:22:49+00:00,,v9.0.5,2022-07-26T14:26:52+00:00,112.41476851851851,low
47671,2022-04-13T03:04:02+00:00,2022-07-22T16:41:05+00:00,,v9.0.5,2022-07-26T14:26:52+00:00,104.47418981481482,low
51464,2022-06-27T19:39:07+00:00,2022-07-26T07:07:39+00:00,,v9.0.5,2022-07-26T14:26:52+00:00,28.783159722222223,low
50628,2022-06-10T15:35:48+00:00,2022-07-26T07:21:47+00:00,,v9.0.5,2022-07-26T14:26:52+00:00,45.95212962962963,low
51953,2022-07-08T07:59:27+00:00,2022-07-26T08:36:19+00:00,,v9.0.5,2022-07-26T14:26:52+00:00,18.269039351851852,low
51846,2022-07-06T19:39:49+00:00,2022-07-26T11:24:45+00:00,,v9.0.5,2022-07-26T14:26:52+00:00,19.78267361111111,low
51555,2022-06-29T13:10:42+00:00,2022-07-26T15:26:03+00:00,,v9.0.6,2022-08-02T08:28:03+00:00,33.803715277777776,low
52729,2022-07-25T13:22:01+00:00,2022-07-27T06:27:26+00:00,,v9.0.6,2022-08-02T08:28:03+00:00,7.795856481481482,low
52719,2022-07-25T11:36:18+00:00,2022-07-27T08:18:17+00:00,,v9.0.6,2022-08-02T08:28:03+00:00,7.869270833333333,low
51631,2022-06-30T11:30:44+00:00,2022-07-27T08:47:45+00:00,,v9.0.6,2022-08-02T08:28:03+00:00,32.873136574074074,low
52757,2022-07-25T19:13:55+00:00,2022-07-27T12:46:00+00:00,542b4f243192b1b76f1fa3c04af3545682f1c836,v9.1.0,2022-08-16T14:02:19+00:00,21.78361111111111,medium
52360,2022-07-15T21:47:32+00:00,2022-07-27T12:46:01+00:00,542b4f243192b1b76f1fa3c04af3545682f1c836,v9.1.0,2022-08-16T14:02:19+00:00,31.676932870370372,medium
52847,2022-07-26T23:35:56+00:00,2022-07-27T15:20:49+00:00,,v9.0.6,2022-08-02T08:28:03+00:00,6.369525462962963,low
52923,2022-07-28T08:02:37+00:00,2022-07-28T12:54:30+00:00,,v9.0.6,2022-08-02T08:28:03+00:00,5.017662037037037,low
51477,2022-06-28T08:02:10+00:00,2022-07-28T13:42:48+00:00,,v9.0.6,2022-08-02T08:28:03+00:00,35.017974537037034,low
52821,2022-07-26T14:40:22+00:00,2022-07-28T14:51:11+00:00,ee7372da1a0ba75eb855ead47106b70f86f96cd3,v9.0.6,2022-08-02T08:28:03+00:00,6.741446759259259,low
52914,2022-07-28T00:21:35+00:00,2022-07-28T21:51:38+00:00,7c40257bafc951fd7d2ecf111d95cfd8d2462283,v9.1.0,2022-08-16T14:02:19+00:00,19.569953703703703,medium
52491,2022-07-19T22:19:12+00:00,2022-07-29T09:45:47+00:00,,v9.0.6,2022-08-02T08:28:03+00:00,13.4228125,low
52940,2022-07-28T13:09:24+00:00,2022-07-29T12:11:44+00:00,e88e3482e0e66bc94d76d60d7503e6d63bcc499e,v9.1.0,2022-08-16T14:02:19+00:00,19.036747685185187,medium
51628,2022-06-30T11:06:09+00:00,2022-07-29T13:27:20+00:00,,v9.0.6,2022-08-02T08:28:03+00:00,32.890208333333334,low
51636,2022-06-30T12:44:25+00:00,2022-08-01T06:24:05+00:00,,v9.0.6,2022-08-02T08:28:03+00:00,32.82196759259259,low
52370,2022-07-17T22:56:52+00:00,2022-08-01T11:18:08+00:00,,v9.0.6,2022-08-02T08:28:03+00:00,15.396655092592592,low
52976,2022-07-29T09:22:43+00:00,2022-08-01T11:53:32+00:00,,v9.0.6,2022-08-02T08:28:03+00:00,3.962037037037037,low
46510,2022-03-13T14:40:24+00:00,2022-08-01T12:14:10+00:00,f10047b7085fd9ae76929d57b2f7c5547e0bf5a2,v9.0.0,2022-06-14T14:39:59+00:00,92.99971064814815,medium
52753,2022-07-25T17:39:09+00:00,2022-08-01T12:53:10+00:00,314eb5223f55cf379ca7d9773731837148b613b6,v9.1.0,2022-08-16T14:02:19+00:00,21.849421296296295,medium
53030,2022-08-01T10:39:12+00:00,2022-08-01T13:41:15+00:00,,v9.0.6,2022-08-02T08:28:03+00:00,0.9089236111111111,low
52875,2022-07-27T12:58:24+00:00,2022-08-01T15:12:41+00:00,2948bf01dc2d8f31da296d1a805aade94c336ebf,v9.1.0,2022-08-16T14:02:19+00:00,20.044386574074075,medium
52892,2022-07-27T15:32:58+00:00,2022-08-01T15:31:08+00:00,,v9.0.6,2022-08-02T08:28:03+00:00,5.704918981481481,low
52945,2022-07-28T14:55:45+00:00,2022-08-01T19:40:03+00:00,f2436b15bf08696df279ca88b1471df0a892ac77,v9.1.0,2022-08-16T14:02:19+00:00,18.96289351851852,medium
52946,2022-07-28T15:00:57+00:00,2022-08-01T20:34:06+00:00,5797fbc0b2475352a9d080e1433cb9f92bb6c9de,v9.1.0,2022-08-16T14:02:19+00:00,18.959282407407407,medium
53064,2022-08-01T17:18:49+00:00,2022-08-01T21:48:36+00:00,cc20f04860dee68735672db983acb211590df633,v9.1.0,2022-08-16T14:02:19+00:00,14.863541666666666,medium
53079,2022-08-02T00:03:36+00:00,2022-08-02T01:32:42+00:00,c00c8db13c0cf3359c9486f8f15f932161cb90c8,v9.1.0,2022-08-16T14:02:19+00:00,14.58244212962963,medium
47001,2022-03-29T07:43:18+00:00,2022-08-02T09:08:37+00:00,,v8.5.10,2022-08-08T13:29:23+00:00,132.24033564814815,low
44605,2022-01-28T16:55:01+00:00,2022-08-02T10:26:06+00:00,,v8.5.10,2022-08-08T13:29:23+00:00,191.85719907407406,low
53008,2022-07-29T18:56:21+00:00,2022-08-02T21:18:37+00:00,5797fbc0b2475352a9d080e1433cb9f92bb6c9de,v9.1.0,2022-08-16T14:02:19+00:00,17.795810185185186,medium
53212,2022-08-03T11:54:05+00:00,2022-08-03T16:06:07+00:00,,v8.5.10,2022-08-08T13:29:23+00:00,5.0661805555555555,low
52951,2022-07-28T15:23:24+00:00,2022-08-03T19:49:37+00:00,d54e55ea9a32660469a817ae4e1c0bf584ecfa82,v9.2.0,2022-10-11T14:19:10+00:00,74.95539351851852,medium
52948,2022-07-28T15:11:41+00:00,2022-08-03T21:23:09+00:00,6c58ea66a959cc5a1e495478f054d21a62bff39a,v9.2.0,2022-10-11T14:19:10+00:00,74.96353009259259,medium
53200,2022-08-03T10:18:41+00:00,2022-08-04T08:18:46+00:00,,v8.5.10,2022-08-08T13:29:23+00:00,5.132430555555556,low
53001,2022-07-29T15:23:46+00:00,2022-08-04T15:58:41+00:00,,v8.5.10,2022-08-08T13:29:23+00:00,9.92056712962963,low
52602,2022-07-21T11:48:23+00:00,2022-08-04T17:20:14+00:00,,v8.5.10,2022-08-08T13:29:23+00:00,18.070138888888888,low
51387,2022-06-24T14:26:33+00:00,2022-08-05T01:17:33+00:00,64721bfa94dbbc045f2625d6b9af3a57e278e45b,v9.2.0,2022-10-11T14:19:10+00:00,108.99487268518519,medium
52065,2022-07-11T18:57:00+00:00,2022-08-08T09:13:21+00:00,64967325b2b6a601d8e9a23230ea59d432194fbc,v9.2.0,2022-10-11T14:19:10+00:00,91.80706018518518,medium
53339,2022-08-05T10:27:30+00:00,2022-08-08T11:10:44+00:00,aee28569074e6e52c2a3f7066f9949b42f36769e,v9.2.0,2022-10-11T14:19:10+00:00,67.16087962962963,medium
52455,2022-07-19T12:23:31+00:00,2022-08-08T12:27:34+00:00,,v8.5.10,2022-08-08T13:29:23+00:00,20.04574074074074,low
53275,2022-08-04T01:06:05+00:00,2022-08-08T16:32:37+00:00,,v9.0.7,2022-08-10T13:36:09+00:00,6.520879629629629,low
52084,2022-07-12T11:26:28+00:00,2022-08-10T13:30:03+00:00,a8e385d45257c82ddb6716e8b148ec39055a0b41,v9.0.7,2022-08-10T13:36:09+00:00,29.09005787037037,low
52972,2022-07-29T06:24:54+00:00,2022-08-10T19:48:46+00:00,,v9.1.0,2022-08-16T14:02:19+00:00,18.317650462962963,low
50449,2022-06-08T16:14:50+00:00,2022-08-12T10:02:57+00:00,d4f382892d8871030333295074ffe3aaa28baf93,v9.2.0,2022-10-11T14:19:10+00:00,124.91967592592593,medium
51327,2022-06-23T13:34:41+00:00,2022-08-12T13:54:21+00:00,d6a0a5c9ede126c8854951b5672dc832778718ac,v9.2.0,2022-10-11T14:19:10+00:00,110.0308912037037,medium
53231,2022-08-03T13:53:06+00:00,2022-08-12T14:14:06+00:00,0ce89dbcb626f887b41b830d5d446894cc196935,v9.2.0,2022-10-11T14:19:10+00:00,69.01810185185185,medium
53363,2022-08-08T02:59:19+00:00,2022-08-15T12:36:59+00:00,,v9.1.0,2022-08-16T14:02:19+00:00,8.460416666666667,low
53737,2022-08-15T13:41:44+00:00,2022-08-15T14:39:01+00:00,835562bb68e1cfe2aa21021470846abfc3acce0a,v9.2.0,2022-10-11T14:19:10+00:00,57.02599537037037,medium
48854,2022-05-09T10:05:09+00:00,2022-08-15T16:56:30+00:00,,v9.1.0,2022-08-16T14:02:19+00:00,99.16469907407408,low
48145,2022-04-22T23:35:13+00:00,2022-08-16T13:48:58+00:00,,v9.1.0,2022-08-16T14:02:19+00:00,115.60215277777777,low
53288,2022-08-04T10:53:45+00:00,2022-08-17T10:52:23+00:00,b5cb7738dab99aee7fb182ddb28661cd2d44610c,v9.2.0,2022-10-11T14:19:10+00:00,68.14265046296296,medium
48044,2022-04-21T10:27:52+00:00,2022-08-17T13:29:38+00:00,,v9.1.1,2022-08-23T16:01:36+00:00,124.23175925925926,low
53829,2022-08-17T12:58:13+00:00,2022-08-17T14:30:54+00:00,,v9.1.1,2022-08-23T16:01:36+00:00,6.127349537037037,low
53661,2022-08-12T13:01:26+00:00,2022-08-18T13:26:42+00:00,86de94cbfad5f726f5f3840aa4dd132d88db06db,v9.2.0,2022-10-11T14:19:10+00:00,60.05398148148148,medium
46477,2022-03-11T21:00:06+00:00,2022-08-18T15:16:38+00:00,f5f93ccd967bad422e519f461bf4342b4f2176a0,v9.2.0,2022-10-11T14:19:10+00:00,213.72157407407408,medium
53837,2022-08-17T14:16:45+00:00,2022-08-18T16:15:15+00:00,,v9.1.1,2022-08-23T16:01:36+00:00,6.0728125,low
49999,2022-06-01T12:06:39+00:00,2022-08-18T19:14:34+00:00,,v9.1.1,2022-08-23T16:01:36+00:00,83.16315972222222,low
53915,2022-08-18T20:40:22+00:00,2022-08-18T21:20:00+00:00,,v9.1.1,2022-08-23T16:01:36+00:00,4.806412037037037,low
52488,2022-07-19T21:51:50+00:00,2022-08-19T08:57:57+00:00,25538c528de5b4037f07e51896fee801be9e54f5,v9.2.0,2022-10-11T14:19:10+00:00,83.68564814814815,medium
53331,2022-08-04T20:58:14+00:00,2022-08-19T14:42:36+00:00,4f2d30b1533f3965cc62ed3a23c3d0409a37c475,v9.2.0,2022-10-11T14:19:10+00:00,67.72287037037037,medium
47605,2022-04-12T05:58:12+00:00,2022-08-19T16:32:25+00:00,,v9.1.1,2022-08-23T16:01:36+00:00,133.41902777777779,low
45947,2022-02-27T13:44:28+00:00,2022-08-19T17:50:51+00:00,,v9.1.1,2022-08-23T16:01:36+00:00,177.09523148148148,low
53897,2022-08-18T13:59:33+00:00,2022-08-22T05:55:47+00:00,,v9.1.1,2022-08-23T16:01:36+00:00,5.084756944444444,low
53378,2022-08-08T10:31:41+00:00,2022-08-22T09:37:29+00:00,ee58d4ce4bb4bd2472ff08c6c839d7d2f969d187,v9.2.0,2022-10-11T14:19:10+00:00,64.15797453703703,medium
53715,2022-08-14T13:01:01+00:00,2022-08-22T11:09:34+00:00,,v9.1.1,2022-08-23T16:01:36+00:00,9.125405092592592,low
44273,2022-01-20T14:29:59+00:00,2022-08-22T17:10:33+00:00,,v9.1.1,2022-08-23T16:01:36+00:00,215.06362268518518,low
45814,2022-02-23T23:17:39+00:00,2022-08-22T21:12:22+00:00,13aacf3590978586908aacf796e3de93f2dd902e,v9.2.0,2022-10-11T14:19:10+00:00,229.62605324074073,medium
48689,2022-05-04T10:00:59+00:00,2022-08-23T08:00:43+00:00,,v9.1.1,2022-08-23T16:01:36+00:00,111.25042824074075,low
53311,2022-08-04T14:00:11+00:00,2022-08-23T10:23:25+00:00,,v9.1.1,2022-08-23T16:01:36+00:00,19.08431712962963,low
47530,2022-04-08T16:41:25+00:00,2022-08-23T11:05:32+00:00,e6857bf17d95012f3d1cb87309ac1c9d55882ea8,v9.2.0,2022-10-11T14:19:10+00:00,185.90121527777777,high
52046,2022-07-11T13:14:39+00:00,2022-08-23T11:21:30+00:00,,v9.1.1,2022-08-23T16:01:36+00:00,43.1159375,low
50532,2022-06-09T15:35:59+00:00,2022-08-23T15:43:33+00:00,4f2b66ac1df89f3ee948d1f2fe1e45d3b689318e,v9.2.0,2022-10-11T14:19:10+00:00,123.9466550925926,medium
53566,2022-08-11T07:01:20+00:00,2022-08-24T11:40:51+00:00,b5142832fae00aabd04c59ffa4ff6a1440b37959,v9.2.0,2022-10-11T14:19:10+00:00,61.30405092592593,medium
46486,2022-03-12T00:13:41+00:00,2022-08-24T13:38:19+00:00,95ec6f6c0f066f067a44a2842c6c89de0d9535f2,v9.2.0,2022-10-11T14:19:10+00:00,213.5871412037037,medium
50870,2022-06-15T11:49:25+00:00,2022-08-24T14:27:55+00:00,,v9.1.2,2022-08-30T17:42:27+00:00,76.24516203703703,low
54104,2022-08-23T15:55:19+00:00,2022-08-24T14:59:07+00:00,4d4ecd7fec3f27d1730e6bd285660eb78eb5f5ed,v9.2.0,2022-10-11T14:19:10+00:00,48.93322916666666,medium
54113,2022-08-23T18:13:39+00:00,2022-08-25T07:07:11+00:00,f9a49aa3ed788def6c00cb4f556c71416d751280,v9.2.0,2022-10-11T14:19:10+00:00,48.837164351851854,medium
53934,2022-08-19T10:47:00+00:00,2022-08-25T10:50:28+00:00,552d3fec8dc1f57c1738240cb54ebd7416780c9b,v9.2.0,2022-10-11T14:19:10+00:00,53.147337962962965,medium
53946,2022-08-19T12:24:43+00:00,2022-08-26T10:25:41+00:00,37fde2eec6a3d3289ab2dccec369f3e129617055,v9.2.0,2022-10-11T14:19:10+00:00,53.079479166666665,medium
52526,2022-07-20T11:54:38+00:00,2022-08-26T12:48:52+00:00,3f50f2e69529a98b35d689b19fe8948e34dff261,v9.1.2,2022-08-30T17:42:27+00:00,41.24153935185185,low
52613,2022-07-21T14:57:31+00:00,2022-08-26T13:36:43+00:00,f4fa3e4ff45ab2c0381f65c93f293534fc27d033,v9.2.0,2022-10-11T14:19:10+00:00,81.97336805555555,medium
53988,2022-08-20T06:58:50+00:00,2022-08-26T21:30:08+00:00,49b1182f342bf48fe5d86f1761a83e949d070d70,v9.2.0,2022-10-11T14:19:10+00:00,52.305787037037035,medium
54076,2022-08-23T07:22:29+00:00,2022-08-26T21:54:31+00:00,a932428057edc84f7c275b347c8289fdd29608c5,v9.2.0,2022-10-11T14:19:10+00:00,49.28936342592593,medium
53500,2022-08-10T02:08:45+00:00,2022-08-30T09:15:17+00:00,,v9.1.2,2022-08-30T17:42:27+00:00,20.64840277777778,low
52556,2022-07-20T18:30:09+00:00,2022-08-30T10:34:43+00:00,,v9.1.2,2022-08-30T17:42:27+00:00,40.966875,low
51189,2022-06-21T16:49:47+00:00,2022-08-30T15:19:59+00:00,,v9.1.2,2022-08-30T17:42:27+00:00,70.03657407407407,low
53498,2022-08-09T23:19:23+00:00,2022-08-30T15:27:07+00:00,acbbdccba936621475623f6b0e997d0982ef4e8b,v9.2.0,2022-10-11T14:19:10+00:00,62.624849537037036,medium
52925,2022-07-28T08:59:22+00:00,2022-08-31T10:49:26+00:00,51e2f57ac9bdc8b5597c0687ad5b1f1b5a7bf08b,v9.2.0,2022-10-11T14:19:10+00:00,75.22208333333333,medium
54242,2022-08-25T15:30:34+00:00,2022-08-31T12:54:33+00:00,713075c4945bb8b86e73c187a0c9b7b5797adbe8,v9.2.0,2022-10-11T14:19:10+00:00,46.95041666666667,medium
54227,2022-08-25T13:09:00+00:00,2022-08-31T13:36:09+00:00,e5fba788d6ac3de087f030a43a2bee39366981c6,v9.2.0,2022-10-11T14:19:10+00:00,47.04872685185185,medium
44446,2022-01-25T18:02:38+00:00,2022-09-01T09:28:51+00:00,f15ce633c9f60cc4d2bb6f1ea1e72041ce2e4a4e,v9.2.0,2022-10-11T14:19:10+00:00,258.8448148148148,medium
54550,2022-08-31T18:55:25+00:00,2022-09-01T12:42:08+00:00,4ec03bad64ffb618a6baa5253f50fa833ab45378,v9.2.0,2022-10-11T14:19:10+00:00,40.80815972222222,medium
53927,2022-08-19T08:42:31+00:00,2022-09-01T13:18:59+00:00,29ff97a4b8bb1acaf2ca1f22f2c56038f07baea9,v9.2.0,2022-10-11T14:19:10+00:00,53.233784722222225,medium
54579,2022-09-01T12:55:35+00:00,2022-09-01T13:46:09+00:00,fd7a30c0a9a7b38ccce3666ad7f57d530c5bf406,v9.2.0,2022-10-11T14:19:10+00:00,40.05804398148148,medium
54571,2022-09-01T11:19:46+00:00,2022-09-01T14:08:16+00:00,,v9.1.3,2022-09-06T11:05:33+00:00,4.990127314814814,low
54524,2022-08-31T12:37:38+00:00,2022-09-02T08:37:52+00:00,4179f9495919f3ae8b6e64898178322f7817dd6c,v9.2.0,2022-10-11T14:19:10+00:00,41.07050925925926,medium
52773,2022-07-26T01:53:59+00:00,2022-09-02T10:05:29+00:00,6e4900dc45b670a634a284646635f462bd13a32f,v9.2.0,2022-10-11T14:19:10+00:00,77.51748842592593,medium
50222,2022-06-06T04:22:30+00:00,2022-09-02T16:46:48+00:00,,v9.1.3,2022-09-06T11:05:33+00:00,92.27989583333333,low
54401,2022-08-29T15:52:05+00:00,2022-09-02T17:53:22+00:00,600ea254afdb78b781f94c14a3d0d06a2ffa72a1,v9.2.0,2022-10-11T14:19:10+00:00,42.93547453703704,medium
54654,2022-09-02T15:32:55+00:00,2022-09-02T18:50:04+00:00,82738395390d61864571da218d946a727238387d,v9.2.0,2022-10-11T14:19:10+00:00,38.94878472222222,medium
53436,2022-08-09T04:54:20+00:00,2022-09-04T01:36:21+00:00,,v9.1.3,2022-09-06T11:05:33+00:00,28.25778935185185,low
53456,2022-08-09T11:16:19+00:00,2022-09-05T13:28:34+00:00,65c3ad6721622d1c7af0ee526b2745b2141bf6a4,v9.2.0,2022-10-11T14:19:10+00:00,63.126979166666665,medium
53725,2022-08-15T08:00:55+00:00,2022-09-05T15:54:25+00:00,69f3e48962718691a793807aafd5d6a3c7c01862,v9.2.0,2022-10-11T14:19:10+00:00,57.26267361111111,medium
54565,2022-09-01T09:13:33+00:00,2022-09-06T13:42:43+00:00,,v9.1.4,2022-09-09T15:01:27+00:00,8.241597222222222,low
54443,2022-08-30T12:51:49+00:00,2022-09-06T17:00:34+00:00,e5c32c8cc9ef18041dd25df0d3b5db860128aefd,v9.2.0,2022-10-11T14:19:10+00:00,42.06065972222222,medium
54485,2022-08-30T17:56:06+00:00,2022-09-07T14:31:33+00:00,,v9.1.4,2022-09-09T15:01:27+00:00,9.878715277777777,low
54364,2022-08-28T04:03:49+00:00,2022-09-07T16:09:45+00:00,4223d3a6a732385fabdc70a001c863659d8b4702,v9.2.0,2022-10-11T14:19:10+00:00,44.427326388888886,medium
54387,2022-08-29T12:26:09+00:00,2022-09-08T10:10:31+00:00,,v9.1.4,2022-09-09T15:01:27+00:00,11.107847222222222,low
54535,2022-08-31T14:36:12+00:00,2022-09-08T16:27:36+00:00,a70aba1384d9c4ce4735d3a0e855020bab2b5d4f,v9.2.0,2022-10-11T14:19:10+00:00,40.988171296296294,medium
54169,2022-08-24T16:28:28+00:00,2022-09-09T09:04:09+00:00,,v9.1.4,2022-09-09T15:01:27+00:00,15.939571759259259,low
54448,2022-08-30T14:16:26+00:00,2022-09-09T10:04:53+00:00,20b07fae6f190abe1a433e18364b74682aad0644,v9.2.0,2022-10-11T14:19:10+00:00,42.00189814814815,medium
47484,2022-04-08T06:34:25+00:00,2022-09-09T11:34:40+00:00,,v9.1.4,2022-09-09T15:01:27+00:00,154.35210648148148,low
54727,2022-09-05T17:06:43+00:00,2022-09-09T12:15:33+00:00,a37fa758a20bc0783cc273adc797f309f1cb7271,v9.2.0,2022-10-11T14:19:10+00:00,35.88364583333333,medium
47366,2022-04-05T23:09:32+00:00,2022-09-09T16:01:31+00:00,d5e28426ee53258c2a229bf0ca121157626d5dbf,v9.2.0,2022-10-11T14:19:10+00:00,188.63168981481482,medium
54850,2022-09-07T13:38:40+00:00,2022-09-09T16:47:55+00:00,bc4d929c67a99a737cf2c07ff8edfda8924c4b43,v9.2.0,2022-10-11T14:19:10+00:00,34.028125,medium
54757,2022-09-06T10:26:36+00:00,2022-09-12T10:10:53+00:00,879ee82b83e73e4543ac181035693a1c8252ba54,v9.2.0,2022-10-11T14:19:10+00:00,35.16150462962963,medium
54848,2022-09-07T13:23:16+00:00,2022-09-12T11:29:25+00:00,698a4fab26f1d70af1106adddff757afa7873375,v9.2.0,2022-10-11T14:19:10+00:00,34.03881944444444,medium
54977,2022-09-09T13:22:26+00:00,2022-09-12T15:40:19+00:00,,v9.1.5,2022-09-13T13:24:15+00:00,4.001261574074074,low
54907,2022-09-08T13:23:17+00:00,2022-09-12T15:48:09+00:00,,v9.1.5,2022-09-13T13:24:15+00:00,5.0006712962962965,low
54713,2022-09-05T14:06:12+00:00,2022-09-12T19:30:00+00:00,,v9.1.5,2022-09-13T13:24:15+00:00,7.970868055555556,low
54464,2022-08-30T15:16:00+00:00,2022-09-12T19:33:10+00:00,89d94eeab2947a6af4aff1b851438f1d1c90c5e9,v9.2.0,2022-10-11T14:19:10+00:00,41.960532407407406,medium
53992,2022-08-20T17:52:29+00:00,2022-09-13T11:13:52+00:00,6bc0d97c491a648753362ffa243d861169adb5c5,v9.2.0,2022-10-11T14:19:10+00:00,51.85186342592593,medium
54936,2022-09-09T03:14:38+00:00,2022-09-13T11:13:52+00:00,,v9.1.5,2022-09-13T13:24:15+00:00,4.423344907407407,low
46087,2022-03-02T11:45:53+00:00,2022-09-13T11:27:17+00:00,,v9.1.5,2022-09-13T13:24:15+00:00,195.0683101851852,low
55049,2022-09-12T18:13:07+00:00,2022-09-13T20:22:30+00:00,446b17f3081f73f488da5f2b868ea0d96b22304c,v9.2.0,2022-10-11T14:19:10+00:00,28.837534722222223,medium
54472,2022-08-30T16:42:33+00:00,2022-09-14T12:33:05+00:00,bed531f5fba0eeafa2193faec51531cda81a704b,v9.2.0,2022-10-11T14:19:10+00:00,41.90042824074074,medium
55226,2022-09-15T10:09:30+00:00,2022-09-15T13:00:06+00:00,13014dc0dfe8825b10d3c6066d74afcb5fb59640,v9.2.0,2022-10-11T14:19:10+00:00,26.17337962962963,medium
54969,2022-09-09T12:11:40+00:00,2022-09-15T15:46:12+00:00,,v9.1.6,2022-09-20T14:32:59+00:00,11.098136574074074,low
54688,2022-09-05T07:40:00+00:00,2022-09-15T16:06:10+00:00,,v9.1.6,2022-09-20T14:32:59+00:00,15.286793981481482,low
54121,2022-08-23T22:13:42+00:00,2022-09-15T16:19:35+00:00,099d3cdf727ea54b32cda48c0084beab21d2af7a,v9.2.0,2022-10-11T14:19:10+00:00,48.670462962962965,medium
54766,2022-09-06T11:17:50+00:00,2022-09-15T16:25:07+00:00,5561f935e64aa60129d173e0df31b99efbb714e6,v9.2.0,2022-10-11T14:19:10+00:00,35.12592592592593,medium
54516,2022-08-31T08:49:02+00:00,2022-09-16T10:14:36+00:00,18f33871d1638a8d922bc57a1dd15f595b65ec65,v9.2.0,2022-10-11T14:19:10+00:00,41.22925925925926,medium
52440,2022-07-19T09:28:22+00:00,2022-09-16T15:18:36+00:00,,v9.1.6,2022-09-20T14:32:59+00:00,63.211539351851854,low
50186,2022-06-03T15:53:45+00:00,2022-09-16T16:22:07+00:00,,v9.1.6,2022-09-20T14:32:59+00:00,108.94391203703704,low
54160,2022-08-24T15:37:36+00:00,2022-09-16T16:53:11+00:00,bf5b21563cea97eeec3266fdf593e67e94f594fa,v9.2.0,2022-10-11T14:19:10+00:00,47.945532407407406,medium
52853,2022-07-27T07:55:17+00:00,2022-09-17T15:11:34+00:00,,v9.1.6,2022-09-20T14:32:59+00:00,55.276180555555555,low
46322,2022-03-08T12:39:59+00:00,2022-09-18T14:06:51+00:00,,v9.1.6,2022-09-20T14:32:59+00:00,196.07847222222222,low
46398,2022-03-10T08:23:51+00:00,2022-09-19T09:42:06+00:00,4a1ca7e32fbe870165ec47def2436c55597c7e92,v9.2.0,2022-10-11T14:19:10+00:00,215.2467476851852,medium
55183,2022-09-14T16:20:07+00:00,2022-09-19T09:45:23+00:00,a3ff758874d5c1cff2298d027c0ffe8c69d2a1c4,v9.2.0,2022-10-11T14:19:10+00:00,26.916006944444444,medium
54749,2022-09-06T09:16:21+00:00,2022-09-19T14:43:17+00:00,273ff02ddeebcd83722435f7337f1b3a2e637b1f,v9.2.0,2022-10-11T14:19:10+00:00,35.21028935185185,medium
54789,2022-09-06T14:05:17+00:00,2022-09-20T10:13:35+00:00,d815e2cb569f78208ae3112ea92cb8e8a1fd8875,v9.2.0,2022-10-11T14:19:10+00:00,35.0096412037037,medium
55392,2022-09-19T13:26:25+00:00,2022-09-20T11:35:15+00:00,,v9.1.6,2022-09-20T14:32:59+00:00,1.0462268518518518,low
55527,2022-09-20T23:27:39+00:00,2022-09-21T11:09:18+00:00,,v9.1.7,2022-10-04T15:16:12+00:00,13.658715277777778,low
55312,2022-09-16T15:10:29+00:00,2022-09-21T17:37:18+00:00,9e0d349bf95dfcb962da1b91294898495eca492a,v9.2.0,2022-10-11T14:19:10+00:00,24.964363425925924,medium
55387,2022-09-19T12:42:52+00:00,2022-09-21T17:51:15+00:00,,v9.1.7,2022-10-04T15:16:12+00:00,15.106481481481481,low
47820,2022-04-15T12:16:22+00:00,2022-09-21T19:49:31+00:00,5be04f53368cce32a2bc7642957504b787187cfb,v9.2.0,2022-10-11T14:19:10+00:00,179.08527777777778,medium
45183,2022-02-09T21:36:43+00:00,2022-09-22T06:33:17+00:00,da78f3393951054b09fdbe56cffdba34b03a6f83,v9.2.0,2022-10-11T14:19:10+00:00,243.69614583333333,medium
55295,2022-09-16T10:37:52+00:00,2022-09-22T06:45:24+00:00,,v9.1.7,2022-10-04T15:16:12+00:00,18.193287037037038,low
54735,2022-09-06T00:51:36+00:00,2022-09-22T07:14:14+00:00,383602a850b9c546fece58c40bd158e6e45e6484,v9.2.0,2022-10-11T14:19:10+00:00,35.56081018518518,medium
55499,2022-09-20T15:36:29+00:00,2022-09-22T19:31:47+00:00,,v9.1.7,2022-10-04T15:16:12+00:00,13.985914351851852,low
51611,2022-06-30T06:53:54+00:00,2022-09-23T09:24:58+00:00,,v9.1.7,2022-10-04T15:16:12+00:00,96.34881944444444,low
54984,2022-09-09T14:09:26+00:00,2022-09-23T13:06:52+00:00,0f2afb6417727d7212d139dda466d802bc794069,v9.2.0,2022-10-11T14:19:10+00:00,32.00675925925926,medium
55555,2022-09-21T10:28:57+00:00,2022-09-23T15:03:03+00:00,,v9.1.7,2022-10-04T15:16:12+00:00,13.199479166666666,low
54721,2022-09-05T15:29:51+00:00,2022-09-26T08:20:29+00:00,,v9.1.7,2022-10-04T15:16:12+00:00,28.990520833333335,low
52136,2022-07-13T08:41:30+00:00,2022-09-26T08:26:35+00:00,cbe4fb4dab920e2740a6b4cb071c8df439793f99,v9.2.0,2022-10-11T14:19:10+00:00,90.23449074074074,medium
54233,2022-08-25T14:28:59+00:00,2022-09-26T12:27:47+00:00,,v9.1.7,2022-10-04T15:16:12+00:00,40.032789351851854,low
55723,2022-09-26T09:17:51+00:00,2022-09-26T13:02:51+00:00,,v9.1.7,2022-10-04T15:16:12+00:00,8.248854166666666,low
55451,2022-09-20T10:12:08+00:00,2022-09-26T13:05:05+00:00,d07abdd23c3e6a28913e2391f67867336b11c620,v9.3.0,2022-11-30T09:35:55+00:00,70.97484953703703,medium
55805,2022-09-27T10:47:25+00:00,2022-09-27T14:30:40+00:00,,v9.1.7,2022-10-04T15:16:12+00:00,7.186655092592592,low
52954,2022-07-28T15:57:49+00:00,2022-09-27T15:53:48+00:00,e160f19247bc9302f32ed8a4c51f96662ef2a226,v9.3.0,2022-11-30T09:35:55+00:00,124.73479166666667,medium
55870,2022-09-27T20:25:09+00:00,2022-09-27T21:08:53+00:00,,v9.1.7,2022-10-04T15:16:12+00:00,6.785451388888889,low
55689,2022-09-23T16:08:16+00:00,2022-09-28T04:05:15+00:00,d9d7bff79352cbcf792733ae2f4f4d3d35db7d4a,v9.3.0,2022-11-30T09:35:55+00:00,67.72753472222222,medium
55190,2022-09-14T18:38:13+00:00,2022-09-28T10:59:08+00:00,37aa45001f5c2a8a8a71f5abb7ded943bf070a55,v9.3.0,2022-11-30T09:35:55+00:00,76.62340277777778,medium
53684,2022-08-12T16:35:42+00:00,2022-09-28T12:29:43+00:00,cf1862ecc455bd38f3c08451479b305050e3ef51,v9.3.0,2022-11-30T09:35:55+00:00,109.70848379629629,medium
55125,2022-09-13T18:23:25+00:00,2022-09-28T22:21:22+00:00,b0cd511ecce5da93689a332dd72f2aab97b2f20c,v9.3.0,2022-11-30T09:35:55+00:00,77.63368055555556,medium
55135,2022-09-13T20:31:32+00:00,2022-09-28T22:31:31+00:00,5a9dfd717307b770cdf5f1535263c1b5fc541b19,v9.3.0,2022-11-30T09:35:55+00:00,77.54471064814815,medium
55975,2022-09-29T06:50:49+00:00,2022-09-29T07:02:19+00:00,,v9.1.7,2022-10-04T15:16:12+00:00,5.350960648148148,low
55754,2022-09-26T15:04:15+00:00,2022-09-29T08:00:03+00:00,998a368c69843c23ea51b2ab747a4556e8f9d32a,v9.3.0,2022-11-30T09:35:55+00:00,64.77199074074075,medium
53924,2022-08-19T07:44:58+00:00,2022-09-30T11:03:57+00:00,fc6afc6b84f317a3cd193c18213d78e0df325b5f,v9.3.0,2022-11-30T09:35:55+00:00,103.07704861111111,medium
55553,2022-09-21T10:22:57+00:00,2022-10-03T14:05:21+00:00,,v9.1.7,2022-10-04T15:16:12+00:00,13.203645833333333,low
44712,2022-02-01T13:42:05+00:00,2022-10-04T05:58:36+00:00,6913623461eb32c4e301f84c4755d747d1910039,v9.3.0,2022-11-30T09:35:55+00:00,301.8290509259259,medium
56058,2022-09-29T20:17:37+00:00,2022-10-04T07:17:59+00:00,,v9.1.7,2022-10-04T15:16:12+00:00,4.790682870370371,low
47514,2022-04-08T13:19:02+00:00,2022-10-04T08:38:09+00:00,,v9.1.7,2022-10-04T15:16:12+00:00,179.08136574074075,low
50884,2022-06-15T13:50:23+00:00,2022-10-04T08:38:21+00:00,5eb3ef8f028f19ce6cb066b87ad55d8efc8cf095,v9.1.7,2022-10-04T15:16:12+00:00,111.0595949074074,low
53570,2022-08-11T07:53:17+00:00,2022-10-05T09:32:35+00:00,4469572b276a18838917aa1fdba3959150bf31e0,v9.3.0,2022-11-30T09:35:55+00:00,111.07127314814815,medium
48072,2022-04-21T15:36:16+00:00,2022-10-05T13:29:36+00:00,8594e648e80855e38bb33b6b3486e986c966e74b,v9.3.0,2022-11-30T09:35:55+00:00,222.74975694444444,medium
55951,2022-09-28T15:59:25+00:00,2022-10-05T14:11:10+00:00,2410b88ad1b39a774b9d60e5a44277584c38c7c4,v9.3.0,2022-11-30T09:35:55+00:00,62.73368055555556,medium
55193,2022-09-14T18:58:25+00:00,2022-10-05T14:59:08+00:00,2cdbd056344af023bf00f30063b0e47c7cf5d537,v9.3.0,2022-11-30T09:35:55+00:00,76.609375,medium
52171,2022-07-13T16:15:15+00:00,2022-10-05T15:19:14+00:00,4a14d7508690029ae2cd5e7009314842ee1dae45,v9.3.0,2022-11-30T09:35:55+00:00,139.72268518518518,medium
56459,2022-10-06T10:04:35+00:00,2022-10-06T23:18:49+00:00,,v9.1.8,2022-10-11T14:15:27+00:00,5.174212962962963,low
55630,2022-09-22T16:03:39+00:00,2022-10-07T05:56:17+00:00,b622a87aeef7f593e84322607eaba1cef3cb1845,v9.3.0,2022-11-30T09:35:55+00:00,68.73074074074074,medium
52655,2022-07-22T12:06:19+00:00,2022-10-07T06:18:57+00:00,bb479e030ac5cd23b8d94454d3204df851256ab2,v9.3.0,2022-11-30T09:35:55+00:00,130.89555555555555,medium
55901,2022-09-28T09:44:29+00:00,2022-10-07T09:18:50+00:00,762688d67f27d90d334bcf63a9fe91b73bd62aae,v9.3.0,2022-11-30T09:35:55+00:00,62.994050925925926,medium
55145,2022-09-14T06:54:53+00:00,2022-10-07T12:06:51+00:00,0eb3afbd14adfc143e4dd3d872b8b3a232852c87,v9.3.0,2022-11-30T09:35:55+00:00,77.11182870370371,medium
55357,2022-09-19T07:34:23+00:00,2022-10-07T13:01:49+00:00,,v9.1.8,2022-10-11T14:15:27+00:00,22.278518518518517,low
56006,2022-09-29T11:30:29+00:00,2022-10-10T10:43:30+00:00,d405f3a8774600243d3b29d4fd7055243b3aa475,v9.3.0,2022-11-30T09:35:55+00:00,61.92043981481481,medium
56181,2022-10-03T13:22:15+00:00,2022-10-10T14:08:34+00:00,65e56c9fb85f74ae86323e45699a1d9513d4c8f3,v9.3.0,2022-11-30T09:35:55+00:00,57.84282407407407,medium
55588,2022-09-21T15:55:34+00:00,2022-10-11T09:04:00+00:00,bc632f239dbdc6f236d26e09387ad0d5e6010d6e,v9.3.0,2022-11-30T09:35:55+00:00,69.73635416666667,medium
54423,2022-08-30T07:29:32+00:00,2022-10-11T11:35:04+00:00,a91d77003d1db2477ecdb43f66c62051fbea2f28,v9.3.0,2022-11-30T09:35:55+00:00,92.08776620370371,medium
50593,2022-06-10T10:44:24+00:00,2022-10-11T12:51:31+00:00,,v9.1.8,2022-10-11T14:15:27+00:00,123.1465625,low
50973,2022-06-16T16:32:13+00:00,2022-10-11T14:37:55+00:00,,v9.2.1,2022-10-18T13:08:10+00:00,123.85829861111111,low
56551,2022-10-07T12:37:58+00:00,2022-10-11T15:08:55+00:00,9db61f54ff54c7d17f948f4fe085372c37446012,v9.3.0,2022-11-30T09:35:55+00:00,53.873576388888885,medium
55716,2022-09-26T07:19:16+00:00,2022-10-12T04:57:51+00:00,48c27872af9ef6c368d33f21851a74d952576456,v9.3.0,2022-11-30T09:35:55+00:00,65.09489583333334,medium
52362,2022-07-16T16:29:53+00:00,2022-10-12T07:48:59+00:00,,v9.2.1,2022-10-18T13:08:10+00:00,93.85991898148148,low
54188,2022-08-24T21:05:32+00:00,2022-10-12T07:52:24+00:00,6edce00b1a560e149498a1cace7ae96d713922aa,v9.3.0,2022-11-30T09:35:55+00:00,97.52109953703703,medium
56513,2022-10-06T21:30:09+00:00,2022-10-12T21:18:57+00:00,254bb0c99ef0b5e23a053a11c8a2266ef7701ab5,v9.3.0,2022-11-30T09:35:55+00:00,54.50400462962963,medium
51395,2022-06-24T17:37:03+00:00,2022-10-13T08:58:08+00:00,0295177bb00dadfc68d0f5df26104a6d06e751f8,v9.3.0,2022-11-30T09:35:55+00:00,158.66587962962964,medium
56128,2022-09-30T18:15:39+00:00,2022-10-14T08:06:02+00:00,,v9.2.1,2022-10-18T13:08:10+00:00,17.786469907407408,low
56784,2022-10-12T09:55:29+00:00,2022-10-14T08:52:09+00:00,902a230867236a2ffa34a71b2bc5531ebe0e1773,v9.3.0,2022-11-30T09:35:55+00:00,48.986412037037034,medium
56900,2022-10-13T17:45:14+00:00,2022-10-14T13:12:05+00:00,3dbb0f16590b60a40241f0c086f1bbe13ea55d4e,v9.3.0,2022-11-30T09:35:55+00:00,47.66019675925926,medium
56799,2022-10-12T12:46:51+00:00,2022-10-17T07:06:47+00:00,,v9.2.1,2022-10-18T13:08:10+00:00,6.014803240740741,low
57070,2022-10-17T09:41:19+00:00,2022-10-17T14:31:15+00:00,fd0fcffc2468e4e48bae6fdb1bee328a738dc3e7,v9.3.0,2022-11-30T09:35:55+00:00,43.99625,medium
55917,2022-09-28T11:35:52+00:00,2022-10-17T16:28:56+00:00,,v9.2.1,2022-10-18T13:08:10+00:00,20.064097222222223,low
57111,2022-10-17T16:38:35+00:00,2022-10-18T10:38:52+00:00,4d0dd0647eb56bb3ba112bc98dade2f639f25701,v9.3.0,2022-11-30T09:35:55+00:00,43.70648148148148,medium
54237,2022-08-25T15:06:14+00:00,2022-10-18T11:09:19+00:00,,v9.2.1,2022-10-18T13:08:10+00:00,53.91800925925926,low
56063,2022-09-29T22:38:15+00:00,2022-10-18T11:22:32+00:00,76d6e3c07547639dac073c8ea05f7dbf9346518d,v9.3.0,2022-11-30T09:35:55+00:00,61.45671296296296,medium
56923,2022-10-14T08:49:15+00:00,2022-10-18T13:59:36+00:00,e91135cf19b275deff679349bcc5e0d4ccedaac2,v9.3.0,2022-11-30T09:35:55+00:00,47.032407407407405,medium
55700,2022-09-23T19:42:21+00:00,2022-10-18T18:34:29+00:00,32cdd0010e9f8ffa5cce1e589cdae62d0ef18bc6,v9.2.2,2022-10-25T13:11:06+00:00,31.72829861111111,low
57161,2022-10-18T10:57:11+00:00,2022-10-19T09:32:04+00:00,,v9.2.2,2022-10-25T13:11:06+00:00,7.0929976851851855,low
57093,2022-10-17T14:32:12+00:00,2022-10-19T09:58:18+00:00,598da14d8835b30fe48a2b28b2a1ebba00bf1148,v9.3.0,2022-11-30T09:35:55+00:00,43.794247685185184,medium
56735,2022-10-11T14:46:57+00:00,2022-10-19T10:01:31+00:00,,v9.2.2,2022-10-25T13:11:06+00:00,13.9334375,low
55906,2022-09-28T10:16:49+00:00,2022-10-19T12:11:35+00:00,f50ab457bd17ab35f9a8b9c1bc776754b5ccddcc,v9.3.0,2022-11-30T09:35:55+00:00,62.97159722222222,medium
57276,2022-10-19T12:56:25+00:00,2022-10-19T13:24:53+00:00,29877348327b320ff5ab253cbea47243f654fd03,v9.3.0,2022-11-30T09:35:55+00:00,41.86076388888889,medium
57195,2022-10-18T14:31:22+00:00,2022-10-19T15:24:02+00:00,,v9.2.2,2022-10-25T13:11:06+00:00,6.944259259259259,low
56989,2022-10-14T13:20:35+00:00,2022-10-19T20:21:42+00:00,d81a3e524d9fb2437c5f3f35d532e37a523f2a8d,v9.3.0,2022-11-30T09:35:55+00:00,46.84398148148148,medium
56859,2022-10-13T10:59:46+00:00,2022-10-20T06:15:53+00:00,0dd721d4cea64eb394c0b7b926b0015f600e9295,v9.3.0,2022-11-30T09:35:55+00:00,47.94177083333334,medium
55743,2022-09-26T12:50:50+00:00,2022-10-20T12:02:31+00:00,,v9.2.2,2022-10-25T13:11:06+00:00,29.014074074074074,low
57348,2022-10-20T11:38:30+00:00,2022-10-20T12:52:38+00:00,,v9.2.2,2022-10-25T13:11:06+00:00,5.064305555555555,low
56477,2022-10-06T14:27:09+00:00,2022-10-20T13:20:50+00:00,,v9.2.2,2022-10-25T13:11:06+00:00,18.9471875,low
56975,2022-10-14T11:38:07+00:00,2022-10-20T17:12:55+00:00,8cebaf345de8761eaa40998af8e8840f25847bf9,v9.3.0,2022-11-30T09:35:55+00:00,46.91513888888889,medium
48934,2022-05-12T11:57:15+00:00,2022-10-21T09:44:09+00:00,,v9.2.2,2022-10-25T13:11:06+00:00,166.05128472222222,low
57025,2022-10-14T20:18:47+00:00,2022-10-21T10:10:42+00:00,,v9.2.2,2022-10-25T13:11:06+00:00,10.702997685185185,low
57419,2022-10-21T11:49:32+00:00,2022-10-21T13:24:05+00:00,842b629cd1bd8ea21266e5412deb83de24d36cab,v9.3.0,2022-11-30T09:35:55+00:00,39.90721064814815,medium
56988,2022-10-14T13:16:08+00:00,2022-10-21T13:33:01+00:00,cd0e0fcc538ce26eca94bd0324f48e72323b5a61,v9.3.0,2022-11-30T09:35:55+00:00,46.84707175925926,medium
55348,2022-09-18T21:56:13+00:00,2022-10-21T18:58:26+00:00,7f3b567657b87ea0cd52cdf5efce066bf3c4f596,v9.3.0,2022-11-30T09:35:55+00:00,72.48590277777778,medium
57352,2022-10-20T12:15:11+00:00,2022-10-21T21:45:01+00:00,,v9.2.2,2022-10-25T13:11:06+00:00,5.038831018518518,low
55838,2022-09-27T14:25:11+00:00,2022-10-24T08:14:43+00:00,,v9.2.2,2022-10-25T13:11:06+00:00,27.94855324074074,low
53248,2022-08-03T15:10:15+00:00,2022-10-24T10:31:39+00:00,,v9.2.2,2022-10-25T13:11:06+00:00,82.91725694444445,low
56465,2022-10-06T12:27:29+00:00,2022-10-24T14:27:57+00:00,,v9.2.2,2022-10-25T13:11:06+00:00,19.030289351851852,low
57462,2022-10-21T15:57:07+00:00,2022-10-25T07:39:39+00:00,,v9.2.2,2022-10-25T13:11:06+00:00,3.884710648148148,low
57404,2022-10-21T10:22:36+00:00,2022-10-25T09:45:56+00:00,,v9.2.2,2022-10-25T13:11:06+00:00,4.117013888888889,low
57562,2022-10-24T19:22:31+00:00,2022-10-25T15:05:39+00:00,,v9.2.3,2022-11-01T10:43:28+00:00,7.6395486111111115,low
49897,2022-05-31T10:57:27+00:00,2022-10-25T20:48:15+00:00,,v9.2.3,2022-11-01T10:43:28+00:00,153.99028935185186,low
53776,2022-08-16T13:05:42+00:00,2022-10-26T08:05:33+00:00,,v9.2.3,2022-11-01T10:43:28+00:00,76.90122685185185,low
46248,2022-03-04T13:46:31+00:00,2022-10-27T09:40:27+00:00,,v9.2.3,2022-11-01T10:43:28+00:00,241.87288194444446,low
57072,2022-10-17T10:10:49+00:00,2022-10-27T13:57:03+00:00,,v9.2.3,2022-11-01T10:43:28+00:00,15.022673611111111,low
57492,2022-10-23T03:08:22+00:00,2022-10-27T16:00:16+00:00,9aac0d32f9dbb77d0701398bf3d577a55dcce224,v9.3.0,2022-11-30T09:35:55+00:00,38.269131944444446,medium
57321,2022-10-20T05:25:32+00:00,2022-10-27T22:37:01+00:00,,v9.2.3,2022-11-01T10:43:28+00:00,12.220787037037036,low
57587,2022-10-25T08:40:04+00:00,2022-10-28T09:47:43+00:00,,v9.2.3,2022-11-01T10:43:28+00:00,7.085694444444444,low
57610,2022-10-25T13:43:25+00:00,2022-10-28T18:40:57+00:00,,v9.2.3,2022-11-01T10:43:28+00:00,6.875034722222222,low
55587,2022-09-21T15:41:49+00:00,2022-10-31T10:35:40+00:00,77be89eb1c743c681d0e070cb5f170e58ffa1bfb,v9.3.0,2022-11-30T09:35:55+00:00,69.74590277777777,medium
57782,2022-10-27T18:36:26+00:00,2022-10-31T11:34:22+00:00,fd5c14757486ef510741ac344469b1ccfe2a6242,v9.3.0,2022-11-30T09:35:55+00:00,33.6246412037037,medium
57676,2022-10-26T14:09:31+00:00,2022-10-31T11:52:26+00:00,ce38840f293bfe94a1d6338a9bab255b3d7cc56c,v9.3.0,2022-11-30T09:35:55+00:00,34.81,medium
57638,2022-10-25T22:19:28+00:00,2022-10-31T16:29:09+00:00,,v9.2.3,2022-11-01T10:43:28+00:00,6.516666666666667,low
57110,2022-10-17T16:14:48+00:00,2022-10-31T21:48:24+00:00,,v9.2.3,2022-11-01T10:43:28+00:00,14.769907407407407,low
57722,2022-10-27T07:59:36+00:00,2022-10-31T22:50:45+00:00,,v9.2.3,2022-11-01T10:43:28+00:00,5.113796296296297,low
53551,2022-08-10T17:05:21+00:00,2022-11-02T13:44:42+00:00,d32a9a62b50e61b1d52dc295d8fd48dbd7f19e3a,v9.3.0,2022-11-30T09:35:55+00:00,111.68789351851852,medium
57650,2022-10-26T08:39:25+00:00,2022-11-02T14:50:11+00:00,5a99aff7b8d1e39061390e38767855a9ec201bf5,v9.3.0,2022-11-30T09:35:55+00:00,35.03923611111111,medium
46831,2022-03-22T14:09:23+00:00,2022-11-02T15:51:23+00:00,,v9.2.4,2022-11-08T14:05:56+00:00,230.99760416666666,low
49643,2022-05-25T17:47:06+00:00,2022-11-03T09:55:04+00:00,e6b088fbf5ee4de2f9ec454e568bf970d85ed6dd,v9.3.0,2022-11-30T09:35:55+00:00,188.65890046296298,medium
55234,2022-09-15T11:29:35+00:00,2022-11-03T13:22:09+00:00,,v9.2.4,2022-11-08T14:05:56+00:00,54.10857638888889,low
57946,2022-11-01T08:14:26+00:00,2022-11-03T15:13:20+00:00,,v9.2.4,2022-11-08T14:05:56+00:00,7.244097222222222,low
54442,2022-08-30T12:50:18+00:00,2022-11-04T10:19:03+00:00,,v9.2.4,2022-11-08T14:05:56+00:00,70.05252314814815,low
55547,2022-09-21T08:54:27+00:00,2022-11-04T11:15:01+00:00,9ff2765bb9e7938c88f2333647a6210589a06535,v9.3.0,2022-11-30T09:35:55+00:00,70.02879629629629,medium
58236,2022-11-04T13:31:53+00:00,2022-11-04T15:49:33+00:00,4d2bf41efbfb7bc940273d558bf5f05293e69552,v9.3.0,2022-11-30T09:35:55+00:00,25.83613425925926,medium
52881,2022-07-27T13:23:57+00:00,2022-11-04T16:09:26+00:00,d581b368bdeeaf8870e495a15dcfdf5aef293be9,v9.3.0,2022-11-30T09:35:55+00:00,125.84164351851852,medium
58228,2022-11-04T12:09:01+00:00,2022-11-04T16:42:35+00:00,ca3bcc691c0b67ab478535920d5bacaa08da6274,v9.3.0,2022-11-30T09:35:55+00:00,25.893680555555555,medium
58230,2022-11-04T12:24:50+00:00,2022-11-04T16:42:36+00:00,ca3bcc691c0b67ab478535920d5bacaa08da6274,v9.3.0,2022-11-30T09:35:55+00:00,25.88269675925926,medium
47844,2022-04-18T07:57:25+00:00,2022-11-05T01:43:40+00:00,,v9.2.4,2022-11-08T14:05:56+00:00,204.25591435185186,low
47424,2022-04-07T09:54:53+00:00,2022-11-07T16:03:27+00:00,db1fd10ff13d936665210e0c8a86c50ecae09998,v9.3.0,2022-11-30T09:35:55+00:00,236.9868287037037,medium
58031,2022-11-02T09:33:38+00:00,2022-11-07T16:04:54+00:00,b47230623944f01aa6e2367913e2f7596ff284bf,v9.3.0,2022-11-30T09:35:55+00:00,28.001585648148147,medium
58109,2022-11-03T07:49:50+00:00,2022-11-08T08:52:38+00:00,,v9.2.4,2022-11-08T14:05:56+00:00,5.261180555555556,low
53609,2022-08-11T15:58:46+00:00,2022-11-08T09:56:00+00:00,,v9.2.4,2022-11-08T14:05:56+00:00,88.92164351851852,low
57395,2022-10-21T09:31:49+00:00,2022-11-08T12:33:18+00:00,,v9.2.4,2022-11-08T14:05:56+00:00,18.190358796296298,low
57242,2022-10-19T06:50:35+00:00,2022-11-08T17:22:20+00:00,,v9.2.5,2022-11-16T18:25:31+00:00,28.482592592592592,low
56892,2022-10-13T16:49:04+00:00,2022-11-08T17:40:16+00:00,,v9.2.5,2022-11-16T18:25:31+00:00,34.06697916666667,low
47540,2022-04-10T22:28:06+00:00,2022-11-08T21:15:00+00:00,,v9.2.5,2022-11-16T18:25:31+00:00,219.83153935185186,low
57457,2022-10-21T14:42:25+00:00,2022-11-08T21:21:21+00:00,,v9.2.5,2022-11-16T18:25:31+00:00,26.154930555555556,low
57595,2022-10-25T10:30:20+00:00,2022-11-08T21:21:41+00:00,,v9.2.5,2022-11-16T18:25:31+00:00,22.329988425925926,low
57239,2022-10-19T05:19:41+00:00,2022-11-09T14:47:34+00:00,33f02839f0792974a103629136df36528159059a,v9.3.0,2022-11-30T09:35:55+00:00,42.17793981481481,medium
57237,2022-10-19T03:51:37+00:00,2022-11-09T17:24:27+00:00,,v9.2.5,2022-11-16T18:25:31+00:00,28.606875,low
58492,2022-11-09T00:23:07+00:00,2022-11-10T18:56:33+00:00,47055561ec92ddb6f4d1d1fdcedb09345cb3b0cf,v9.3.0,2022-11-30T09:35:55+00:00,21.38388888888889,medium
46500,2022-03-12T02:42:10+00:00,2022-11-13T14:37:28+00:00,,v9.2.5,2022-11-16T18:25:31+00:00,249.65510416666666,low
52839,2022-07-26T19:38:54+00:00,2022-11-13T14:56:18+00:00,,v9.2.5,2022-11-16T18:25:31+00:00,112.94903935185185,low
57862,2022-10-30T12:41:09+00:00,2022-11-14T08:30:54+00:00,ce5040074058062e1777feafe2ad419af1f6a216,v9.3.0,2022-11-30T09:35:55+00:00,30.871365740740742,medium
58616,2022-11-10T21:53:22+00:00,2022-11-15T08:37:39+00:00,16aa4376acf2d5eb559feeb514f1852cd3b48ff9,v9.3.0,2022-11-30T09:35:55+00:00,19.487881944444446,medium
57651,2022-10-26T08:40:21+00:00,2022-11-15T09:50:38+00:00,98dbc637ccfe08b49e878ff5e6bcb10a9cafd5d4,v9.3.0,2022-11-30T09:35:55+00:00,35.038587962962964,medium
58481,2022-11-08T20:50:21+00:00,2022-11-15T12:16:05+00:00,20e6ac397ebb1c855d7c98a9fc2918477367bdfd,v9.3.0,2022-11-30T09:35:55+00:00,21.531643518518518,medium
57729,2022-10-27T09:31:24+00:00,2022-11-15T16:48:48+00:00,,v9.2.5,2022-11-16T18:25:31+00:00,20.37091435185185,low
58726,2022-11-14T22:59:29+00:00,2022-11-16T09:09:24+00:00,,v9.2.5,2022-11-16T18:25:31+00:00,1.8097453703703703,low
54096,2022-08-23T14:35:09+00:00,2022-11-16T11:55:26+00:00,,v9.2.5,2022-11-16T18:25:31+00:00,85.15997685185185,low
58617,2022-11-10T22:07:53+00:00,2022-11-16T13:17:41+00:00,74010fd05d0e58f6bdc060f893059d455028490d,v8.5.16,2023-01-27T08:57:13+00:00,77.45092592592593,medium
58736,2022-11-15T08:50:38+00:00,2022-11-16T14:55:12+00:00,9283773c12f91bbd0ed5e817d137938ce75861cb,v8.5.16,2023-01-27T08:57:13+00:00,73.00457175925926,medium
46480,2022-03-11T21:28:45+00:00,2022-11-16T15:05:31+00:00,,v9.2.5,2022-11-16T18:25:31+00:00,249.87275462962964,low
48868,2022-05-09T19:15:16+00:00,2022-11-16T15:39:29+00:00,1953d473c04eb4a5b6c9f4231384ab0cb3dae8f3,v8.5.16,2023-01-27T08:57:13+00:00,262.5707986111111,high
58873,2022-11-17T02:29:13+00:00,2022-11-17T08:23:57+00:00,,v9.2.6,2022-11-23T17:08:47+00:00,6.610810185185185,low
57670,2022-10-26T13:10:13+00:00,2022-11-17T10:46:29+00:00,,v9.2.6,2022-11-23T17:08:47+00:00,28.165671296296296,low
53294,2022-08-04T11:11:41+00:00,2022-11-18T10:31:33+00:00,,v9.2.6,2022-11-23T17:08:47+00:00,111.24798611111112,low
57532,2022-10-24T14:22:35+00:00,2022-11-18T13:31:50+00:00,,v9.2.6,2022-11-23T17:08:47+00:00,30.11541666666667,low
58965,2022-11-18T14:14:19+00:00,2022-11-18T15:29:52+00:00,,v9.2.6,2022-11-23T17:08:47+00:00,5.1211574074074075,low
58675,2022-11-11T17:55:06+00:00,2022-11-21T08:42:59+00:00,14fbd44ac0f18b5a3dc1706aef0fca929bbb3c7d,v8.5.16,2023-01-27T08:57:13+00:00,76.62646990740741,medium
58809,2022-11-16T09:57:18+00:00,2022-11-21T08:43:23+00:00,4aa5dea96bd2f9bb137be704e1f69c09c00cdfb3,v8.5.16,2023-01-27T08:57:13+00:00,71.95827546296296,medium
58969,2022-11-18T14:42:00+00:00,2022-11-21T09:25:57+00:00,,v9.2.6,2022-11-23T17:08:47+00:00,5.10193287037037,low
58975,2022-11-18T15:26:32+00:00,2022-11-21T09:29:44+00:00,,v9.2.6,2022-11-23T17:08:47+00:00,5.071006944444444,low
58111,2022-11-03T08:24:06+00:00,2022-11-21T12:03:17+00:00,f8656d269de017efc3cba71e1476ea7fa9570481,v8.5.16,2023-01-27T08:57:13+00:00,85.02299768518519,medium
50290,2022-06-07T09:40:15+00:00,2022-11-21T16:59:21+00:00,99725bf9d44ae2ba6e9c30d00c511ba51a877af9,v8.5.16,2023-01-27T08:57:13+00:00,233.97011574074074,medium
55535,2022-09-21T03:57:09+00:00,2022-11-21T17:29:39+00:00,,v9.2.6,2022-11-23T17:08:47+00:00,63.54974537037037,low
57206,2022-10-18T18:05:04+00:00,2022-11-22T06:44:46+00:00,,v9.2.6,2022-11-23T17:08:47+00:00,35.960914351851855,low
56997,2022-10-14T14:34:06+00:00,2022-11-22T10:05:57+00:00,850f5fa8d7d9998f5a57f6980bea5c45c13de5fe,v8.5.16,2023-01-27T08:57:13+00:00,104.76605324074075,medium
59021,2022-11-21T10:17:05+00:00,2022-11-22T11:19:58+00:00,,v9.2.6,2022-11-23T17:08:47+00:00,2.285902777777778,low
56411,2022-10-05T15:28:50+00:00,2022-11-22T15:43:39+00:00,3bea8f24626a643c143eab81929d7910dcbed6b9,v8.5.16,2023-01-27T08:57:13+00:00,113.72804398148148,medium
56113,2022-09-30T14:43:50+00:00,2022-11-22T15:43:59+00:00,5b1ff83ee9c527c83439f0ac52d74d9b0df6d3c1,v8.5.16,2023-01-27T08:57:13+00:00,118.75929398148148,medium
58700,2022-11-14T12:00:44+00:00,2022-11-22T16:48:09+00:00,824a562b03595fe02e7d140d600f4c94c0b5a8d5,v8.5.16,2023-01-27T08:57:13+00:00,73.87255787037037,medium
56687,2022-10-11T10:46:54+00:00,2022-11-23T03:58:50+00:00,,v9.2.6,2022-11-23T17:08:47+00:00,43.26519675925926,low
57745,2022-10-27T12:18:01+00:00,2022-11-23T09:36:09+00:00,75097b99fb68a5c7b1dad2c41d4927afc493d3c7,v8.5.16,2023-01-27T08:57:13+00:00,91.86055555555555,medium
58598,2022-11-10T17:28:54+00:00,2022-11-23T10:31:52+00:00,f1ef63791ad17d4c3b16cd296148c403515ad37d,v8.5.16,2023-01-27T08:57:13+00:00,77.64466435185186,medium
47184,2022-04-01T10:24:07+00:00,2022-11-24T02:59:38+00:00,f4574f098d347926c5e631cc67b059fd08f3e77e,v8.5.16,2023-01-27T08:57:13+00:00,300.9396527777778,medium
45629,2022-02-18T17:32:21+00:00,2022-11-24T09:20:01+00:00,,v9.2.7,2022-11-30T09:14:28+00:00,284.65424768518517,low
57988,2022-11-01T14:17:24+00:00,2022-11-24T09:50:23+00:00,,v9.2.7,2022-11-30T09:14:28+00:00,28.78962962962963,low
57807,2022-10-28T08:30:11+00:00,2022-11-24T10:45:58+00:00,,v9.2.7,2022-11-30T09:14:28+00:00,33.03075231481481,low
54949,2022-09-09T09:10:03+00:00,2022-11-24T10:49:57+00:00,a2f1d2e102b37106bc4b91e0b32be1c41de1373f,v8.5.16,2023-01-27T08:57:13+00:00,139.99108796296295,medium
58307,2022-11-07T08:16:48+00:00,2022-11-24T12:44:34+00:00,0da77201bf0958b60fcc44b2bf62f5be2a47eeff,v8.5.16,2023-01-27T08:57:13+00:00,81.02806712962963,medium
51937,2022-07-07T23:09:47+00:00,2022-11-24T15:23:15+00:00,58fd0a8b44b6be53b66142a9d617e9d9cd649afd,v8.5.16,2023-01-27T08:57:13+00:00,203.40793981481482,medium
44405,2022-01-24T23:55:23+00:00,2022-11-24T17:01:06+00:00,220295d26f5497b7e38b06897d0fcddd2bb819c9,v8.5.16,2023-01-27T08:57:13+00:00,367.37627314814813,medium
59073,2022-11-21T21:20:59+00:00,2022-11-24T17:21:34+00:00,45d3125919f0bedb965316685af4723e0bfbb8d9,v8.5.16,2023-01-27T08:57:13+00:00,66.48349537037036,medium
58577,2022-11-10T13:17:43+00:00,2022-11-27T02:33:44+00:00,,v9.2.7,2022-11-30T09:14:28+00:00,19.83107638888889,low
59302,2022-11-24T14:08:40+00:00,2022-11-28T10:43:34+00:00,,v9.2.7,2022-11-30T09:14:28+00:00,5.795694444444444,low
58793,2022-11-15T23:24:42+00:00,2022-11-28T12:40:08+00:00,5623b5afafbf541eac66fab1d9398756bdf9052c,v8.5.16,2023-01-27T08:57:13+00:00,72.39758101851852,high
57690,2022-10-26T16:27:33+00:00,2022-11-28T15:45:24+00:00,,v9.2.7,2022-11-30T09:14:28+00:00,34.699247685185185,low
58921,2022-11-17T16:40:59+00:00,2022-11-28T20:51:53+00:00,3d4f9c9b31fb78896202df56362aaff038c8b75a,v9.2.7,2022-11-30T09:14:28+00:00,12.689918981481481,low
54927,2022-09-08T16:29:19+00:00,2022-11-30T08:41:29+00:00,207b2993b2e6f5c5ae6c42ad84ca740020f8d9a0,v8.5.16,2023-01-27T08:57:13+00:00,140.68604166666665,medium
55924,2022-09-28T12:41:45+00:00,2022-11-30T09:29:23+00:00,6aaf36776b06fa091696934dd4c730f755697743,v8.5.16,2023-01-27T08:57:13+00:00,120.84407407407407,medium
54857,2022-09-07T15:28:19+00:00,2022-11-30T15:38:25+00:00,,v9.3.1,2022-12-01T21:11:20+00:00,85.23820601851853,low
55962,2022-09-28T22:18:23+00:00,2022-11-30T15:45:30+00:00,,v9.3.1,2022-12-01T21:11:20+00:00,63.9534375,low
59488,2022-11-29T13:19:35+00:00,2022-11-30T15:59:17+00:00,,v9.3.1,2022-12-01T21:11:20+00:00,2.3276041666666667,low
57198,2022-10-18T14:43:03+00:00,2022-11-30T19:20:46+00:00,,v9.3.1,2022-12-01T21:11:20+00:00,44.269641203703706,low
59284,2022-11-24T11:12:06+00:00,2022-12-01T13:45:58+00:00,d9f697b41eabac549e648c1487d13f1eea4a84cc,v8.5.16,2023-01-27T08:57:13+00:00,63.90633101851852,medium
54135,2022-08-24T08:57:00+00:00,2022-12-01T18:08:38+00:00,6dbe3b555f5cc6de2e3ada486f89cf9c5ef31336,v8.5.16,2023-01-27T08:57:13+00:00,156.00015046296295,high
59601,2022-11-30T17:37:25+00:00,2022-12-01T23:05:46+00:00,,v9.2.8,2022-12-15T21:58:17+00:00,15.181157407407408,low
59659,2022-12-01T14:44:55+00:00,2022-12-02T09:54:08+00:00,,v9.2.8,2022-12-15T21:58:17+00:00,14.300949074074074,low
58990,2022-11-18T18:56:21+00:00,2022-12-02T13:23:16+00:00,c52d4e2a64806e8cbf47782854fdd1f795cf549d,v8.5.16,2023-01-27T08:57:13+00:00,69.58393518518518,medium
56479,2022-10-06T14:53:05+00:00,2022-12-02T18:11:36+00:00,,v9.2.8,2022-12-15T21:58:17+00:00,70.29527777777778,low
47339,2022-04-05T15:47:28+00:00,2022-12-05T11:31:40+00:00,,v9.2.8,2022-12-15T21:58:17+00:00,254.25751157407407,low
59689,2022-12-02T07:57:59+00:00,2022-12-05T14:44:06+00:00,32309a8373fbcf276b24e319010e5ba57818bd9e,v8.5.16,2023-01-27T08:57:13+00:00,56.04113425925926,medium
59489,2022-11-29T13:30:37+00:00,2022-12-05T16:05:30+00:00,,v9.2.8,2022-12-15T21:58:17+00:00,16.352546296296296,low
56840,2022-10-13T07:03:38+00:00,2022-12-05T16:12:58+00:00,,v9.2.8,2022-12-15T21:58:17+00:00,63.62128472222222,low
48607,2022-05-03T02:04:07+00:00,2022-12-05T16:15:12+00:00,,v9.2.8,2022-12-15T21:58:17+00:00,226.82928240740742,low
46555,2022-03-14T21:33:08+00:00,2022-12-05T22:01:41+00:00,,v9.2.8,2022-12-15T21:58:17+00:00,276.0174652777778,low
59333,2022-11-25T10:50:50+00:00,2022-12-06T11:30:05+00:00,932349b5ab4c91df3b78f99d78d20e7c5b851032,v8.5.16,2023-01-27T08:57:13+00:00,62.92109953703704,medium
59781,2022-12-05T10:01:49+00:00,2022-12-06T13:02:03+00:00,4259b6bf581634145d2c285d75309106c2423a06,v8.5.16,2023-01-27T08:57:13+00:00,52.95513888888889,medium
58747,2022-11-15T11:49:30+00:00,2022-12-07T15:15:38+00:00,,v9.2.8,2022-12-15T21:58:17+00:00,30.422766203703702,low
48935,2022-05-12T12:48:38+00:00,2022-12-08T08:47:38+00:00,,v9.2.8,2022-12-15T21:58:17+00:00,217.3817013888889,low
51583,2022-06-29T16:34:28+00:00,2022-12-08T09:44:03+00:00,,v9.2.8,2022-12-15T21:58:17+00:00,169.22487268518518,low
60032,2022-12-08T14:15:37+00:00,2022-12-08T15:00:09+00:00,a3681a33535af08cdae082b079f85031c2df0223,v8.5.16,2023-01-27T08:57:13+00:00,49.778888888888886,medium
59150,2022-11-22T16:29:37+00:00,2022-12-08T17:32:24+00:00,,v9.2.8,2022-12-15T21:58:17+00:00,23.22824074074074,low
59678,2022-12-01T20:57:58+00:00,2022-12-08T17:46:02+00:00,,v9.2.8,2022-12-15T21:58:17+00:00,14.041886574074073,low
59764,2022-12-03T11:18:51+00:00,2022-12-09T12:54:01+00:00,,v9.2.8,2022-12-15T21:58:17+00:00,12.444050925925925,low
59776,2022-12-05T08:55:25+00:00,2022-12-09T17:52:36+00:00,,v9.2.8,2022-12-15T21:58:17+00:00,10.543657407407407,low
60002,2022-12-08T08:47:05+00:00,2022-12-09T17:52:37+00:00,,v9.2.8,2022-12-15T21:58:17+00:00,7.549444444444444,low
57647,2022-10-26T08:11:53+00:00,2022-12-10T12:56:33+00:00,,v9.2.8,2022-12-15T21:58:17+00:00,50.57388888888889,low
60138,2022-12-12T03:26:09+00:00,2022-12-12T13:44:17+00:00,,v9.2.8,2022-12-15T21:58:17+00:00,3.772314814814815,low
60060,2022-12-08T21:44:04+00:00,2022-12-12T14:00:12+00:00,,v9.2.8,2022-12-15T21:58:17+00:00,7.009872685185186,low
60132,2022-12-09T23:28:50+00:00,2022-12-12T14:42:32+00:00,,v9.2.8,2022-12-15T21:58:17+00:00,5.937118055555556,low
50249,2022-06-06T12:23:19+00:00,2022-12-12T15:12:34+00:00,,v9.2.8,2022-12-15T21:58:17+00:00,192.3992824074074,low
60059,2022-12-08T21:34:04+00:00,2022-12-12T16:50:02+00:00,8356df081d7d324bda6994fc0ed37f503a6d0ff2,v8.5.16,2023-01-27T08:57:13+00:00,49.47440972222222,medium
58081,2022-11-02T15:57:59+00:00,2022-12-12T18:06:24+00:00,,v9.2.8,2022-12-15T21:58:17+00:00,43.25020833333333,low
60058,2022-12-08T21:32:14+00:00,2022-12-13T14:39:56+00:00,,v9.2.8,2022-12-15T21:58:17+00:00,7.018090277777778,low
56885,2022-10-13T15:14:53+00:00,2022-12-13T14:44:34+00:00,,v9.2.8,2022-12-15T21:58:17+00:00,63.28013888888889,low
60088,2022-12-09T12:29:33+00:00,2022-12-14T12:37:33+00:00,9a41277ecdbf327fadb6acfbf0e3415098d6503c,v8.5.16,2023-01-27T08:57:13+00:00,48.852546296296296,medium
59383,2022-11-28T11:25:42+00:00,2022-12-14T13:28:46+00:00,c75ed8fa695c68fa220341b383b7dfdec0f56a0f,v8.5.16,2023-01-27T08:57:13+00:00,59.896886574074074,medium
57691,2022-10-26T16:27:39+00:00,2022-12-14T13:32:31+00:00,495fceeeef14a0cdb32f355ec3a2862da430d605,v8.5.16,2023-01-27T08:57:13+00:00,92.68719907407407,medium
60305,2022-12-14T11:58:06+00:00,2022-12-14T14:24:10+00:00,258696409d9afc7e5f4a509d9395c1a3c9502cdf,v8.5.16,2023-01-27T08:57:13+00:00,43.87438657407407,medium
60072,2022-12-09T07:30:44+00:00,2022-12-14T18:00:12+00:00,,v9.2.8,2022-12-15T21:58:17+00:00,6.602465277777778,low
57526,2022-10-24T12:45:51+00:00,2022-12-15T11:31:09+00:00,,v9.2.8,2022-12-15T21:58:17+00:00,52.38363425925926,low
60377,2022-12-15T10:51:10+00:00,2022-12-15T13:58:22+00:00,ecf83a6df9db948992df61e369a85447383da2c4,v8.5.16,2023-01-27T08:57:13+00:00,42.92086805555556,medium
47734,2022-04-13T19:02:03+00:00,2022-12-15T14:28:27+00:00,6478d0a5ef98ce81620bf923d172bb72457d6bb0,v8.5.16,2023-01-27T08:57:13+00:00,288.5799768518518,medium
59940,2022-12-07T10:11:56+00:00,2022-12-15T16:18:40+00:00,92c01e416eacdf82c592bc377ac350f468c12d21,v8.5.16,2023-01-27T08:57:13+00:00,50.948113425925925,medium
59845,2022-12-05T17:25:24+00:00,2022-12-15T23:35:05+00:00,,v9.2.10,2023-01-25T10:05:05+00:00,50.69422453703704,low
60242,2022-12-13T14:05:33+00:00,2022-12-16T10:15:21+00:00,055c3b7332ea0342ac53d4cfbde2cf53f7c03498,v8.5.16,2023-01-27T08:57:13+00:00,44.785879629629626,medium
59860,2022-12-06T07:48:02+00:00,2022-12-19T09:40:47+00:00,,v9.2.10,2023-01-25T10:05:05+00:00,50.095173611111115,low
60397,2022-12-15T15:37:52+00:00,2022-12-19T10:59:30+00:00,,v9.2.10,2023-01-25T10:05:05+00:00,40.76890046296296,low
52814,2022-07-26T14:03:00+00:00,2022-12-20T15:49:48+00:00,,v9.2.10,2023-01-25T10:05:05+00:00,182.83478009259258,low
59217,2022-11-23T13:41:02+00:00,2022-12-20T15:52:56+00:00,,v9.2.10,2023-01-25T10:05:05+00:00,62.85003472222222,low
59283,2022-11-24T11:10:23+00:00,2022-12-20T15:54:19+00:00,,v9.2.10,2023-01-25T10:05:05+00:00,61.95465277777778,low
60253,2022-12-13T15:15:24+00:00,2022-12-21T13:07:07+00:00,0adb00b6922dedcd761ce16134ee383bbaf1249a,v8.5.16,2023-01-27T08:57:13+00:00,44.737372685185186,medium
58290,2022-11-05T10:36:41+00:00,2022-12-21T13:21:05+00:00,bf541ee3d10ae3b68ff8b3cbe26153247fe2981e,v8.5.16,2023-01-27T08:57:13+00:00,82.93092592592592,medium
55976,2022-09-29T07:20:26+00:00,2022-12-21T13:24:34+00:00,c90756eef53a74a2f218cce6f48fdee29769f368,v8.5.16,2023-01-27T08:57:13+00:00,120.06721064814815,medium
59994,2022-12-07T23:04:39+00:00,2022-12-21T14:01:27+00:00,e723021e138f691f24bb17bbf131920ab54e548d,v8.5.16,2023-01-27T08:57:13+00:00,50.41150462962963,medium
52294,2022-07-14T22:14:45+00:00,2022-12-21T15:46:36+00:00,f3f043e0970675bde59edae46d9102bcd5edc6e0,v8.5.16,2023-01-27T08:57:13+00:00,196.4461574074074,medium
48455,2022-04-28T16:37:47+00:00,2022-12-21T16:30:18+00:00,2e4bc200f5a4ed4aa9aa0a3f1e35b33e80f5492d,v8.5.16,2023-01-27T08:57:13+00:00,273.68016203703706,medium
55916,2022-09-28T11:34:38+00:00,2022-12-22T15:06:32+00:00,,v9.2.10,2023-01-25T10:05:05+00:00,118.9378125,low
59846,2022-12-05T17:40:09+00:00,2022-12-23T09:14:48+00:00,,v9.2.10,2023-01-25T10:05:05+00:00,50.68398148148148,low
53159,2022-08-02T15:18:15+00:00,2022-12-23T17:43:44+00:00,,v9.2.10,2023-01-25T10:05:05+00:00,175.78252314814816,low
60572,2022-12-20T13:18:37+00:00,2022-12-23T18:42:54+00:00,283cdc184e74c2d9d2e957a920636ce013546c20,v8.5.16,2023-01-27T08:57:13+00:00,37.81847222222222,medium
60573,2022-12-20T14:03:48+00:00,2022-12-23T19:00:53+00:00,9bd6e471e436fed37a908e5118593d515b134781,v8.5.16,2023-01-27T08:57:13+00:00,37.78709490740741,medium
60558,2022-12-20T11:04:06+00:00,2022-12-27T15:42:05+00:00,88323a30b78f12eecc70cc127b0c4477e5e4bf9e,v8.5.16,2023-01-27T08:57:13+00:00,37.911886574074074,medium
60467,2022-12-16T14:04:04+00:00,2022-12-29T15:54:58+00:00,,v9.2.10,2023-01-25T10:05:05+00:00,39.83403935185185,low
54680,2022-09-03T11:15:10+00:00,2022-12-29T20:15:31+00:00,570b62091c681fec4af9a761db09fbec94b3f750,v8.5.16,2023-01-27T08:57:13+00:00,145.90420138888888,medium
57872,2022-10-31T09:29:42+00:00,2023-01-02T14:23:52+00:00,,v9.2.10,2023-01-25T10:05:05+00:00,86.02457175925926,low
59485,2022-11-29T13:16:32+00:00,2023-01-02T14:23:53+00:00,,v9.2.10,2023-01-25T10:05:05+00:00,56.86704861111111,low
59759,2022-12-02T21:31:11+00:00,2023-01-04T13:16:25+00:00,,v9.2.10,2023-01-25T10:05:05+00:00,53.52354166666667,low
60804,2022-12-28T22:12:01+00:00,2023-01-04T23:29:04+00:00,88a8cba6b08901966aebf8e19c16b1a973da61f8,v8.5.16,2023-01-27T08:57:13+00:00,29.448055555555555,medium
52640,2022-07-22T09:30:46+00:00,2023-01-05T13:32:48+00:00,0d7e303809412f1c7339aa6d54d5130089b9556a,v8.5.16,2023-01-27T08:57:13+00:00,188.9767013888889,medium
60648,2022-12-21T19:06:16+00:00,2023-01-06T10:02:23+00:00,,v9.2.10,2023-01-25T10:05:05+00:00,34.62417824074074,low
60859,2022-12-30T19:57:08+00:00,2023-01-07T17:20:04+00:00,,v9.2.10,2023-01-25T10:05:05+00:00,25.588854166666668,low
59839,2022-12-05T15:56:39+00:00,2023-01-10T11:58:50+00:00,bda13a1b5d68fdfd489f5c70965b2561b273cf37,v8.5.16,2023-01-27T08:57:13+00:00,52.70872685185185,medium
61134,2023-01-09T09:04:55+00:00,2023-01-10T16:11:46+00:00,67661c2535c0a5394ccae813755b9c1bd8e68424,v8.5.16,2023-01-27T08:57:13+00:00,17.994652777777777,medium
60314,2022-12-14T12:40:21+00:00,2023-01-11T12:12:05+00:00,67cad4957073392aac9567e127ac84a186f9819d,v8.5.16,2023-01-27T08:57:13+00:00,43.845046296296296,medium
60005,2022-12-08T09:40:07+00:00,2023-01-11T13:06:36+00:00,,v9.2.10,2023-01-25T10:05:05+00:00,48.01733796296296,low
56918,2022-10-14T07:15:03+00:00,2023-01-11T16:18:08+00:00,,v9.2.10,2023-01-25T10:05:05+00:00,103.1180787037037,low
58838,2022-11-16T14:42:01+00:00,2023-01-11T16:21:05+00:00,,v9.2.10,2023-01-25T10:05:05+00:00,69.80768518518518,low
58656,2022-11-11T14:59:49+00:00,2023-01-12T12:06:31+00:00,62633ba4a7888223460268e5d758e155bf2a4161,v8.5.16,2023-01-27T08:57:13+00:00,76.74819444444445,medium
61030,2023-01-05T10:37:09+00:00,2023-01-12T20:14:58+00:00,e8ef0395b142244da462c5b2c49f3e0d10f8c310,v8.5.16,2023-01-27T08:57:13+00:00,21.93060185185185,medium
61272,2023-01-11T11:23:27+00:00,2023-01-12T20:59:38+00:00,1e33e56dbd6ff745b57c32e2111b19785626edf4,v8.5.16,2023-01-27T08:57:13+00:00,15.898449074074074,medium
61400,2023-01-12T15:05:45+00:00,2023-01-13T01:09:37+00:00,,v9.2.10,2023-01-25T10:05:05+00:00,12.791203703703705,low
61429,2023-01-12T20:01:05+00:00,2023-01-13T02:38:03+00:00,b1a24232e44f860d3effff0ac7216ad9c3a51d3a,v8.5.16,2023-01-27T08:57:13+00:00,14.538981481481482,medium
52357,2022-07-15T19:10:58+00:00,2023-01-13T10:10:09+00:00,,v9.2.10,2023-01-25T10:05:05+00:00,193.62091435185187,low
55933,2022-09-28T14:21:48+00:00,2023-01-13T10:12:27+00:00,,v9.2.10,2023-01-25T10:05:05+00:00,118.82172453703704,low
61093,2023-01-06T13:38:04+00:00,2023-01-13T14:16:19+00:00,9b10f6c7dd5c4d05ed230023817ff986f141d95d,v8.5.16,2023-01-27T08:57:13+00:00,20.80496527777778,medium
61078,2023-01-06T05:41:30+00:00,2023-01-13T17:10:10+00:00,,v9.2.10,2023-01-25T10:05:05+00:00,19.183043981481482,low
55932,2022-09-28T14:11:55+00:00,2023-01-16T10:09:22+00:00,43ca4e0bc7baecd4069ced99789fe72beeb6bad7,v8.5.16,2023-01-27T08:57:13+00:00,120.78145833333333,medium
61554,2023-01-16T12:09:15+00:00,2023-01-17T08:52:15+00:00,,v9.2.10,2023-01-25T10:05:05+00:00,8.913773148148149,low
61454,2023-01-13T08:53:14+00:00,2023-01-17T09:30:32+00:00,b5383b7d05c9c1f5593147a13f270cb45b18eb30,v8.5.16,2023-01-27T08:57:13+00:00,14.002766203703704,medium
59490,2022-11-29T13:34:42+00:00,2023-01-17T11:42:58+00:00,d2a5b9b28920e7a7d1931aebcaa8818620159d83,v8.5.16,2023-01-27T08:57:13+00:00,58.807303240740744,medium
57273,2022-10-19T12:23:44+00:00,2023-01-17T11:42:59+00:00,d2a5b9b28920e7a7d1931aebcaa8818620159d83,v8.5.16,2023-01-27T08:57:13+00:00,99.85658564814815,medium
57985,2022-11-01T14:04:07+00:00,2023-01-17T11:42:59+00:00,d2a5b9b28920e7a7d1931aebcaa8818620159d83,v8.5.16,2023-01-27T08:57:13+00:00,86.786875,medium
60199,2022-12-12T20:58:39+00:00,2023-01-17T11:49:02+00:00,,v9.2.10,2023-01-25T10:05:05+00:00,43.54613425925926,low
57572,2022-10-25T01:17:08+00:00,2023-01-17T13:06:00+00:00,004705a10b2b95eb03ad47cf44e257fc5b89f093,v8.5.16,2023-01-27T08:57:13+00:00,94.31950231481481,medium
59391,2022-11-28T13:05:42+00:00,2023-01-17T13:06:00+00:00,004705a10b2b95eb03ad47cf44e257fc5b89f093,v8.5.16,2023-01-27T08:57:13+00:00,59.82744212962963,medium
61293,2023-01-11T14:07:37+00:00,2023-01-17T15:35:56+00:00,bb7410aa09ae1b89f87ca693a79959d8010c14f6,v8.5.16,2023-01-27T08:57:13+00:00,15.784444444444444,medium
61628,2023-01-17T16:04:02+00:00,2023-01-17T19:09:47+00:00,23e05373a77fb184a00af8a61a8e4f8bff669064,v8.5.16,2023-01-27T08:57:13+00:00,9.703599537037038,medium
51487,2022-06-28T09:39:44+00:00,2023-01-18T13:27:44+00:00,,v9.2.10,2023-01-25T10:05:05+00:00,211.01760416666667,low
58133,2022-11-03T11:45:29+00:00,2023-01-18T14:54:20+00:00,,v9.2.10,2023-01-25T10:05:05+00:00,82.93027777777777,low
60589,2022-12-20T16:32:38+00:00,2023-01-19T08:53:17+00:00,50df85189c3e215e5aaa83902d6632c101371bcd,v8.5.16,2023-01-27T08:57:13+00:00,37.683738425925924,high
57994,2022-11-01T14:37:25+00:00,2023-01-19T10:44:17+00:00,,v9.2.10,2023-01-25T10:05:05+00:00,84.81087962962962,low
61665,2023-01-18T10:45:27+00:00,2023-01-19T11:32:04+00:00,dd8f95a20178dbc36beb0cc9756de61d99580f81,v8.5.16,2023-01-27T08:57:13+00:00,8.924837962962963,medium
61704,2023-01-18T16:02:14+00:00,2023-01-19T16:33:37+00:00,,v9.2.10,2023-01-25T10:05:05+00:00,6.751979166666667,low
61640,2023-01-17T18:47:04+00:00,2023-01-19T18:43:24+00:00,da7bf56c03d4f315693e5a7ea00d162355c7df64,v8.5.16,2023-01-27T08:57:13+00:00,9.590381944444445,medium
56338,2022-10-04T18:23:02+00:00,2023-01-19T21:04:18+00:00,,v9.2.10,2023-01-25T10:05:05+00:00,112.6542013888889,low
61551,2023-01-16T11:59:44+00:00,2023-01-19T21:37:08+00:00,c315946a9196c51c5c48ee5c1ceb1c509b709e5a,v8.5.16,2023-01-27T08:57:13+00:00,10.873252314814815,medium
61728,2023-01-19T01:14:27+00:00,2023-01-20T09:52:35+00:00,,v9.2.10,2023-01-25T10:05:05+00:00,6.36849537037037,low
61304,2023-01-11T15:44:08+00:00,2023-01-20T14:53:08+00:00,,v9.2.10,2023-01-25T10:05:05+00:00,13.764548611111111,low
52301,2022-07-15T00:07:26+00:00,2023-01-20T15:25:04+00:00,,v9.2.10,2023-01-25T10:05:05+00:00,194.41503472222223,low
61867,2023-01-20T15:47:53+00:00,2023-01-20T21:29:39+00:00,c4090c579d05834b1dbdf2ed96531774bec35b86,v8.5.16,2023-01-27T08:57:13+00:00,6.714814814814815,medium
61909,2023-01-23T09:54:59+00:00,2023-01-23T16:23:22+00:00,,v9.2.10,2023-01-25T10:05:05+00:00,2.007013888888889,low
61438,2023-01-13T01:22:36+00:00,2023-01-23T16:51:57+00:00,50faeba07e7cb1b4d5e3c68f04baf267726e6ce9,v8.5.16,2023-01-27T08:57:13+00:00,14.315706018518519,medium
61065,2023-01-05T18:31:47+00:00,2023-01-23T23:13:24+00:00,,v9.2.10,2023-01-25T10:05:05+00:00,19.648125,low
61805,2023-01-19T19:03:49+00:00,2023-01-24T00:42:48+00:00,,v9.2.10,2023-01-25T10:05:05+00:00,5.62587962962963,low
61722,2023-01-18T22:03:07+00:00,2023-01-24T16:15:55+00:00,f85d072c17383c938b61d997a8604d0bad103dfc,v8.5.16,2023-01-27T08:57:13+00:00,8.454236111111111,medium
61930,2023-01-23T15:33:30+00:00,2023-01-25T00:41:10+00:00,6bf1d06dbad392127c4dcbc32f16bb676d44aafc,v8.5.16,2023-01-27T08:57:13+00:00,3.7248032407407408,medium
61495,2023-01-13T14:01:04+00:00,2023-01-25T08:26:53+00:00,dbdd135298b1b20b69c8cc67d3510f0bf29651fc,v8.5.16,2023-01-27T08:57:13+00:00,13.788993055555556,medium
61070,2023-01-05T20:28:15+00:00,2023-01-25T14:39:45+00:00,7c85db5bfaa742c1026bf6d776210ca84e11d89e,v8.5.16,2023-01-27T08:57:13+00:00,21.520115740740742,medium
61831,2023-01-20T05:52:22+00:00,2023-01-26T00:32:06+00:00,6c9174a76658dd3f021ce57394a9b1c92eec8b8e,v8.5.16,2023-01-27T08:57:13+00:00,7.128368055555556,medium
62047,2023-01-25T01:01:01+00:00,2023-01-26T00:32:07+00:00,6c9174a76658dd3f021ce57394a9b1c92eec8b8e,v8.5.16,2023-01-27T08:57:13+00:00,2.3306944444444446,medium
59304,2022-11-24T14:34:09+00:00,2023-01-26T09:34:59+00:00,ab7a4e5f2809d9fa8af4d4da36e9771ab5da0276,v8.5.16,2023-01-27T08:57:13+00:00,63.76601851851852,medium
57342,2022-10-20T10:44:23+00:00,2023-01-26T09:48:53+00:00,,v9.3.6,2023-01-26T15:30:25+00:00,98.19863425925926,low
61710,2023-01-18T17:24:16+00:00,2023-01-26T10:07:19+00:00,,v9.3.6,2023-01-26T15:30:25+00:00,7.9209375,low
54743,2022-09-06T08:57:00+00:00,2023-01-26T11:08:43+00:00,,v9.3.6,2023-01-26T15:30:25+00:00,142.27320601851852,low
55600,2022-09-21T23:32:54+00:00,2023-01-26T11:11:38+00:00,,v9.3.6,2023-01-26T15:30:25+00:00,126.66494212962964,low
58808,2022-11-16T09:41:39+00:00,2023-01-26T11:14:12+00:00,,v9.3.6,2023-01-26T15:30:25+00:00,71.24219907407408,low
61832,2023-01-20T07:51:39+00:00,2023-01-26T12:27:10+00:00,,v9.3.6,2023-01-26T15:30:25+00:00,6.318587962962963,low
62057,2023-01-25T07:58:11+00:00,2023-01-26T15:11:32+00:00,8bbef70363b6690f93b64ec775c8e827ce013bb1,v8.5.16,2023-01-27T08:57:13+00:00,2.0409953703703705,medium
52215,2022-07-14T10:11:47+00:00,2023-01-26T16:25:08+00:00,,v8.5.16,2023-01-27T08:57:13+00:00,196.94821759259258,low
60196,2022-12-12T20:23:05+00:00,2023-01-26T21:13:11+00:00,8379a29b53b27b6f88f0ad71abb1d8fc25a88165,v8.5.16,2023-01-27T08:57:13+00:00,45.5237037037037,medium
51443,2022-06-27T14:25:37+00:00,2023-01-27T09:15:10+00:00,75758d9c86e5b9385e60efc5ad2e8f5e775b94fc,v9.4.1,2023-02-28T10:38:25+00:00,245.84222222222223,low
50079,2022-06-02T11:46:54+00:00,2023-01-27T09:34:02+00:00,417ce2738a565162f43e870236f8f44a6ce89081,v9.4.1,2023-02-28T10:38:25+00:00,270.9524421296296,low
61767,2023-01-19T12:33:17+00:00,2023-01-27T10:21:57+00:00,,v9.4.1,2023-02-28T10:38:25+00:00,39.92023148148148,low
58545,2022-11-09T19:23:24+00:00,2023-01-27T10:41:48+00:00,,v9.4.1,2023-02-28T10:38:25+00:00,110.63542824074074,low
62274,2023-01-27T01:13:32+00:00,2023-01-27T10:58:21+00:00,4deb10888eea269fb5003630302f0e702d18a523,v9.4.1,2023-02-28T10:38:25+00:00,32.39228009259259,medium
62261,2023-01-26T19:00:15+00:00,2023-01-27T12:30:14+00:00,bfcf936c38f12ef3daf6b908bd0687f3e89ad390,v9.4.1,2023-02-28T10:38:25+00:00,32.65150462962963,medium
62287,2023-01-27T09:50:34+00:00,2023-01-27T16:10:08+00:00,,v9.4.1,2023-02-28T10:38:25+00:00,32.033229166666665,low
62126,2023-01-25T15:32:18+00:00,2023-01-27T19:35:59+00:00,07dc9947652e0df8f296c029cb85bef550faa711,v9.4.1,2023-02-28T10:38:25+00:00,33.79591435185185,medium
57715,2022-10-27T06:08:38+00:00,2023-01-27T22:43:28+00:00,,v9.4.1,2023-02-28T10:38:25+00:00,124.18734953703704,low
60446,2022-12-16T11:13:18+00:00,2023-01-30T09:54:22+00:00,ae8c61c0b2c2270b23d55576fec4205804d52cfb,v9.4.1,2023-02-28T10:38:25+00:00,73.97577546296296,medium
62414,2023-01-28T11:35:59+00:00,2023-01-30T10:05:53+00:00,,v9.4.1,2023-02-28T10:38:25+00:00,30.96002314814815,low
60715,2022-12-22T22:32:16+00:00,2023-01-30T10:18:09+00:00,38d71689215fe715b74b426e7cdd7f7b43528f0c,v9.4.1,2023-02-28T10:38:25+00:00,67.50427083333334,medium
61029,2023-01-05T10:36:04+00:00,2023-01-30T10:43:25+00:00,,v9.4.1,2023-02-28T10:38:25+00:00,54.00163194444445,low
62508,2023-01-30T17:18:41+00:00,2023-01-30T17:49:19+00:00,3ac97dd39627b2446f36c876f407d6c136ab34ff,v9.5.0,2023-04-26T08:57:16+00:00,85.65179398148148,medium
54668,2022-09-02T17:25:58+00:00,2023-01-30T20:33:32+00:00,,v9.4.1,2023-02-28T10:38:25+00:00,178.71697916666668,low
55194,2022-09-14T19:08:45+00:00,2023-01-30T21:12:01+00:00,bf2cf76cad3cb47759825dd1d0767d7f4ef78649,v9.5.0,2023-04-26T08:57:16+00:00,223.57535879629629,medium
62527,2023-01-30T22:15:29+00:00,2023-01-31T04:36:59+00:00,58c96181605d1d1cc0876d5cfa1d55cbcaaf4a66,v9.5.0,2023-04-26T08:57:16+00:00,85.44568287037038,medium
62519,2023-01-30T20:39:09+00:00,2023-01-31T04:37:00+00:00,58c96181605d1d1cc0876d5cfa1d55cbcaaf4a66,v9.5.0,2023-04-26T08:57:16+00:00,85.51258101851852,medium
51097,2022-06-20T08:39:38+00:00,2023-01-31T08:53:19+00:00,5b4e1ee6fc1b5f0acd1c4c5f92ed88111dcf5569,v8.5.16,2023-01-27T08:57:13+00:00,221.01221064814814,medium
59767,2022-12-03T16:56:08+00:00,2023-01-31T09:27:42+00:00,fd2641a542e6ae563acf0de7be14e7bf6e805784,v9.5.0,2023-04-26T08:57:16+00:00,143.6674537037037,medium
62538,2023-01-31T06:26:19+00:00,2023-01-31T10:16:26+00:00,b1151dd118f2a1c305a6f757661e42e59cf145c1,v9.5.0,2023-04-26T08:57:16+00:00,85.1048263888889,medium
52304,2022-07-15T02:22:58+00:00,2023-01-31T15:02:23+00:00,,v9.4.1,2023-02-28T10:38:25+00:00,228.3440625,low
62589,2023-01-31T13:57:44+00:00,2023-01-31T15:38:06+00:00,,v9.4.1,2023-02-28T10:38:25+00:00,27.861585648148147,low
59854,2022-12-05T19:52:40+00:00,2023-01-31T17:16:30+00:00,62c30dea4d2b35a85ae90220893a9c2743a441ca,v9.5.0,2023-04-26T08:57:16+00:00,141.54486111111112,medium
62259,2023-01-26T18:29:30+00:00,2023-01-31T17:50:12+00:00,,v9.4.1,2023-02-28T10:38:25+00:00,32.672858796296296,low
60298,2022-12-14T11:03:19+00:00,2023-01-31T18:22:04+00:00,,v9.4.1,2023-02-28T10:38:25+00:00,75.98270833333333,low
59160,2022-11-22T19:11:42+00:00,2023-01-31T20:24:16+00:00,cf6952a963ba42cacef2ab246249b619fec61936,v9.5.0,2023-04-26T08:57:16+00:00,154.5733101851852,medium
55649,2022-09-22T23:58:43+00:00,2023-02-01T09:34:20+00:00,,v9.4.1,2023-02-28T10:38:25+00:00,158.4442361111111,low
50016,2022-06-01T14:47:28+00:00,2023-02-01T10:35:04+00:00,,v9.4.1,2023-02-28T10:38:25+00:00,271.82704861111114,low
62544,2023-01-31T09:00:53+00:00,2023-02-01T13:19:11+00:00,,v9.4.1,2023-02-28T10:38:25+00:00,28.06773148148148,low
62480,2023-01-30T14:26:25+00:00,2023-02-01T14:13:10+00:00,42f8f5a9ea906eddb29ab15365b73ef22a224e50,v9.5.0,2023-04-26T08:57:16+00:00,85.77142361111112,medium
59750,2022-12-02T20:12:23+00:00,2023-02-01T14:51:07+00:00,26866953c1c37b5d7478326b28e850485baae667,v9.5.0,2023-04-26T08:57:16+00:00,144.53116898148147,medium
60871,2023-01-02T11:58:15+00:00,2023-02-01T16:23:04+00:00,6b6b7332299732d364b0fadce0f176698178f5f0,v9.5.0,2023-04-26T08:57:16+00:00,113.87431712962963,medium
62484,2023-01-30T14:44:33+00:00,2023-02-01T17:26:59+00:00,1f09508d8c0ea7ef4725aab2089417dc6e883f4e,v9.5.0,2023-04-26T08:57:16+00:00,85.75883101851852,medium
60084,2022-12-09T11:27:38+00:00,2023-02-02T08:50:14+00:00,ce50168b70b4444abb5a1aa36d695dc1b7c339b9,v9.5.0,2023-04-26T08:57:16+00:00,137.8955787037037,medium
62410,2023-01-27T23:28:03+00:00,2023-02-02T14:32:34+00:00,1092c2b383e3e646d4f416be4ce9a98b23d9d504,v9.5.0,2023-04-26T08:57:16+00:00,88.39528935185186,medium
61951,2023-01-23T18:32:27+00:00,2023-02-02T15:48:31+00:00,60f2433a0feb1584258f8060f6d788ed5b6100b4,v9.5.0,2023-04-26T08:57:16+00:00,92.60056712962962,medium
55519,2022-09-20T19:45:41+00:00,2023-02-03T08:47:29+00:00,,v9.4.1,2023-02-28T10:38:25+00:00,160.61995370370371,low
62877,2023-02-03T14:34:23+00:00,2023-02-03T15:14:44+00:00,,v9.4.1,2023-02-28T10:38:25+00:00,24.83613425925926,low
62928,2023-02-05T22:12:27+00:00,2023-02-06T08:30:20+00:00,,v9.4.1,2023-02-28T10:38:25+00:00,22.518032407407407,low
61727,2023-01-19T00:48:42+00:00,2023-02-06T10:13:05+00:00,,v9.4.1,2023-02-28T10:38:25+00:00,40.40952546296296,low
61912,2023-01-23T11:16:01+00:00,2023-02-07T12:05:02+00:00,,v9.4.1,2023-02-28T10:38:25+00:00,35.97388888888889,low
61697,2023-01-18T15:19:34+00:00,2023-02-07T13:54:25+00:00,b0213a48778737867799f56a10f0a57b7ac6f69b,v9.5.0,2023-04-26T08:57:16+00:00,97.73451388888888,medium
59915,2022-12-06T20:29:07+00:00,2023-02-08T09:20:53+00:00,c75abb084cfc544948c2a3d3b9e6d14480d0daa9,v9.3.4,2023-01-26T07:29:55+00:00,50.458888888888886,medium
59349,2022-11-27T06:40:00+00:00,2023-02-08T10:45:07+00:00,,v9.4.1,2023-02-28T10:38:25+00:00,93.16556712962964,low
60283,2022-12-14T07:07:23+00:00,2023-02-08T18:15:00+00:00,,v9.4.1,2023-02-28T10:38:25+00:00,76.14655092592592,low
60924,2023-01-03T18:37:16+00:00,2023-02-08T18:19:36+00:00,,v9.4.1,2023-02-28T10:38:25+00:00,55.66746527777778,low
45611,2022-02-18T14:56:27+00:00,2023-02-08T18:25:42+00:00,,v9.4.1,2023-02-28T10:38:25+00:00,374.82081018518517,low
59411,2022-11-28T15:26:38+00:00,2023-02-09T09:11:19+00:00,00b692c0f911efaa4b41422e23adf3629cfc746c,v9.5.0,2023-04-26T08:57:16+00:00,148.72960648148148,medium
46976,2022-03-25T23:27:50+00:00,2023-02-15T20:59:04+00:00,,v9.4.1,2023-02-28T10:38:25+00:00,339.46568287037036,low
45721,2022-02-22T11:33:39+00:00,2023-02-15T21:11:16+00:00,,v9.4.1,2023-02-28T10:38:25+00:00,370.96164351851854,low
61063,2023-01-05T18:27:06+00:00,2023-02-15T22:54:29+00:00,,v9.4.1,2023-02-28T10:38:25+00:00,53.67452546296296,low
59658,2022-12-01T14:41:56+00:00,2023-02-20T07:47:53+00:00,69b2aade1bc77c9d2ba81342564ecb816c16bf9a,v9.5.0,2023-04-26T08:57:16+00:00,145.76064814814814,medium
63401,2023-02-17T12:03:11+00:00,2023-02-20T09:30:44+00:00,,v9.4.1,2023-02-28T10:38:25+00:00,10.94113425925926,low
63285,2023-02-10T20:24:43+00:00,2023-02-20T09:53:47+00:00,,v9.4.1,2023-02-28T10:38:25+00:00,17.592847222222222,low
63434,2023-02-20T09:45:30+00:00,2023-02-20T12:20:52+00:00,,v9.4.1,2023-02-28T10:38:25+00:00,8.036747685185185,low
62325,2023-01-27T13:42:30+00:00,2023-02-20T14:50:01+00:00,,v9.4.1,2023-02-28T10:38:25+00:00,31.87216435185185,low
61248,2023-01-10T20:09:35+00:00,2023-02-21T14:54:22+00:00,56c8661929f97dd8cb84402689dc45ffb7a38f8c,v9.5.0,2023-04-26T08:57:16+00:00,105.53311342592593,medium
63334,2023-02-14T08:06:36+00:00,2023-02-21T18:55:09+00:00,,v9.4.1,2023-02-28T10:38:25+00:00,14.105428240740741,low
47835,2022-04-16T13:03:44+00:00,2023-02-22T08:24:15+00:00,45e478182bf200bf5efee8f46a947ea4a7d3e995,v9.5.0,2023-04-26T08:57:16+00:00,374.8288425925926,medium
63458,2023-02-20T14:08:27+00:00,2023-02-22T13:47:53+00:00,,v9.4.1,2023-02-28T10:38:25+00:00,7.854143518518518,low
48384,2022-04-27T22:46:36+00:00,2023-02-23T09:17:09+00:00,,v9.4.1,2023-02-28T10:38:25+00:00,306.4943171296296,low
61881,2023-01-20T19:35:52+00:00,2023-02-23T13:23:35+00:00,c769a6281e668cffaa2989dbbd6977ebb6cd26e3,v9.5.0,2023-04-26T08:57:16+00:00,95.55652777777777,medium
63591,2023-02-22T18:35:17+00:00,2023-02-23T16:50:51+00:00,22537bec2e6ca75fd9ac4eb6408ace289bdb414d,v9.5.0,2023-04-26T08:57:16+00:00,62.59859953703704,medium
63609,2023-02-23T09:05:30+00:00,2023-02-24T11:48:32+00:00,c136ad1f16f58e84b1a51f177a5a3f9023e251fc,v9.5.0,2023-04-26T08:57:16+00:00,61.994282407407404,medium
63316,2023-02-13T15:05:10+00:00,2023-02-24T16:37:12+00:00,823aaaeb7c7e91378994fc7910f3f94783a20f2e,v9.5.0,2023-04-26T08:57:16+00:00,71.74451388888889,medium
63744,2023-02-24T16:22:05+00:00,2023-02-24T18:09:13+00:00,3672e44c1cfb3010303487abf9a23dd09ba147ba,v9.5.0,2023-04-26T08:57:16+00:00,60.69109953703704,medium
63151,2023-02-08T20:40:10+00:00,2023-02-27T02:26:26+00:00,,v9.4.1,2023-02-28T10:38:25+00:00,19.582118055555554,low
55247,2022-09-15T14:44:20+00:00,2023-02-27T09:03:16+00:00,,v9.4.1,2023-02-28T10:38:25+00:00,165.82922453703705,low
51283,2022-06-22T19:09:34+00:00,2023-02-27T09:04:54+00:00,,v9.4.1,2023-02-28T10:38:25+00:00,250.64503472222222,low
63570,2023-02-22T13:32:07+00:00,2023-02-27T13:48:08+00:00,5f35995cd411a55645fe106c3cc0f7982835bda3,v9.5.0,2023-04-26T08:57:16+00:00,62.809131944444445,medium
47486,2022-04-08T06:56:34+00:00,2023-02-28T12:04:40+00:00,,v9.3.8,2023-02-28T12:48:14+00:00,326.244212962963,low
59643,2022-12-01T11:24:25+00:00,2023-02-28T12:04:47+00:00,,v9.3.8,2023-02-28T12:48:14+00:00,89.05820601851852,low
63892,2023-02-28T17:03:48+00:00,2023-02-28T18:08:03+00:00,e643437ee6f355c565bf4f1ddf337c9da168cf29,v9.5.0,2023-04-26T08:57:16+00:00,56.66212962962963,medium
63927,2023-03-01T11:19:55+00:00,2023-03-01T16:58:32+00:00,,v9.4.2,2023-03-02T10:07:43+00:00,0.9498611111111112,low
59699,2022-12-02T10:39:41+00:00,2023-03-01T17:16:57+00:00,5510fdc3ce89038d07094fd04491d1b6b9c88103,v9.5.0,2023-04-26T08:57:16+00:00,144.92887731481483,medium
63256,2023-02-10T14:04:06+00:00,2023-03-01T17:16:58+00:00,5510fdc3ce89038d07094fd04491d1b6b9c88103,v9.5.0,2023-04-26T08:57:16+00:00,74.7869212962963,medium
61833,2023-01-20T08:23:08+00:00,2023-03-01T23:17:57+00:00,,v9.4.2,2023-03-02T10:07:43+00:00,41.07262731481482,low
47276,2022-04-04T15:05:51+00:00,2023-03-02T08:50:04+00:00,dc6d0a2bdb0078bf9dd7676a7ecd5ebb31daa8c1,v9.5.0,2023-04-26T08:57:16+00:00,386.7440393518518,medium
63485,2023-02-21T10:26:23+00:00,2023-03-02T11:00:43+00:00,afd5f417804e4e0dd29652546c446ddd625e0c8a,v9.5.0,2023-04-26T08:57:16+00:00,63.93811342592593,medium
63943,2023-03-01T14:37:23+00:00,2023-03-02T16:27:30+00:00,3498785184698a687fd7a7a7c7d24709b32c8324,v9.5.0,2023-04-26T08:57:16+00:00,55.76380787037037,medium
46570,2022-03-15T10:14:56+00:00,2023-03-02T18:24:24+00:00,,v9.4.3,2023-03-03T08:08:22+00:00,352.9121064814815,low
50243,2022-06-06T11:12:05+00:00,2023-03-02T21:32:47+00:00,,v9.4.3,2023-03-03T08:08:22+00:00,269.8724189814815,low
64036,2023-03-02T15:25:37+00:00,2023-03-03T10:26:35+00:00,,v8.5.22,2023-03-22T16:12:07+00:00,20.032291666666666,low
63958,2023-03-01T16:45:16+00:00,2023-03-03T13:23:49+00:00,4a7fbea7a4075743e1c021d7d4ff75b3ffe1e641,v9.5.0,2023-04-26T08:57:16+00:00,55.675,medium
63749,2023-02-24T16:39:21+00:00,2023-03-03T14:39:56+00:00,d61bcdf4ca5e69489e0067c56fbe7f0bfdf84ee4,v9.5.0,2023-04-26T08:57:16+00:00,60.6791087962963,medium
63205,2023-02-09T15:33:05+00:00,2023-03-03T17:13:46+00:00,,v8.5.22,2023-03-22T16:12:07+00:00,41.02710648148148,low
63323,2023-02-13T21:27:48+00:00,2023-03-04T00:06:16+00:00,1aadafe7d88a53ac38dede5dfb192c1deb545287,v9.5.0,2023-04-26T08:57:16+00:00,71.4787962962963,medium
52329,2022-07-15T12:53:33+00:00,2023-03-06T08:20:46+00:00,211a999a2a6724185acb650f7fd7ec487d460208,v9.5.0,2023-04-26T08:57:16+00:00,284.83591435185184,medium
63369,2023-02-15T14:36:03+00:00,2023-03-06T09:18:18+00:00,,v8.5.22,2023-03-22T16:12:07+00:00,35.06671296296296,low
63780,2023-02-26T19:59:53+00:00,2023-03-06T10:40:41+00:00,24a4a24a895f8c7a2cfaa12bf03e531b6fcf6d29,v9.5.0,2023-04-26T08:57:16+00:00,58.539849537037036,medium
63781,2023-02-26T20:05:03+00:00,2023-03-06T14:10:51+00:00,,v8.5.22,2023-03-22T16:12:07+00:00,23.83824074074074,low
45459,2022-02-16T11:33:22+00:00,2023-03-06T17:32:11+00:00,,v8.5.22,2023-03-22T16:12:07+00:00,399.1935763888889,low
57473,2022-10-21T19:19:29+00:00,2023-03-06T21:01:01+00:00,4f3d64e8b7174bfb98da6c1d5004d203c3aea8ae,v9.5.0,2023-04-26T08:57:16+00:00,186.56790509259258,medium
56526,2022-10-07T07:54:26+00:00,2023-03-07T08:35:53+00:00,,v8.5.22,2023-03-22T16:12:07+00:00,166.34561342592593,low
63372,2023-02-15T16:24:07+00:00,2023-03-07T08:36:06+00:00,,v8.5.22,2023-03-22T16:12:07+00:00,34.99166666666667,low
52010,2022-07-09T08:29:49+00:00,2023-03-07T09:01:30+00:00,,v8.5.22,2023-03-22T16:12:07+00:00,256.32104166666664,low
64035,2023-03-02T15:24:11+00:00,2023-03-07T10:08:53+00:00,,v8.5.22,2023-03-22T16:12:07+00:00,20.033287037037038,low
64170,2023-03-03T16:53:11+00:00,2023-03-07T22:57:37+00:00,,v8.5.22,2023-03-22T16:12:07+00:00,18.971481481481483,low
59425,2022-11-28T17:28:42+00:00,2023-03-08T09:17:29+00:00,a317e48de82e0cf15a4504500abe9fd890ac1252,v9.5.0,2023-04-26T08:57:16+00:00,148.64483796296295,medium
52737,2022-07-25T14:59:31+00:00,2023-03-08T11:24:32+00:00,312117bdfe7c19b731999a172dcc7f4dab759eae,v9.5.0,2023-04-26T08:57:16+00:00,274.7484375,medium
63904,2023-02-28T22:09:11+00:00,2023-03-08T11:28:55+00:00,,v8.5.22,2023-03-22T16:12:07+00:00,21.752037037037038,low
58896,2022-11-17T12:35:00+00:00,2023-03-08T13:57:04+00:00,,v8.5.22,2023-03-22T16:12:07+00:00,125.15077546296297,low
51813,2022-07-06T13:13:30+00:00,2023-03-09T08:30:22+00:00,366c5217a839d2bb1ed141975bae14311755edee,v8.5.22,2023-03-22T16:12:07+00:00,259.1240393518519,low
63696,2023-02-24T07:11:13+00:00,2023-03-09T16:17:45+00:00,,v8.5.22,2023-03-22T16:12:07+00:00,26.375625,low
63579,2023-02-22T14:32:01+00:00,2023-03-09T16:19:09+00:00,,v8.5.22,2023-03-22T16:12:07+00:00,28.06951388888889,low
57048,2022-10-16T15:01:57+00:00,2023-03-09T16:42:49+00:00,3336327306606950192f93e512c9e4ef77a0961e,v9.5.0,2023-04-26T08:57:16+00:00,191.7467476851852,medium
64530,2023-03-09T15:10:56+00:00,2023-03-10T11:20:31+00:00,,v8.5.22,2023-03-22T16:12:07+00:00,13.042488425925926,low
64194,2023-03-06T00:07:54+00:00,2023-03-10T13:14:42+00:00,,v8.5.22,2023-03-22T16:12:07+00:00,16.669594907407408,low
45442,2022-02-16T08:20:40+00:00,2023-03-10T13:41:49+00:00,73ce20ab48ff9e8e97ae021ba8da3457eee3402e,v9.5.0,2023-04-26T08:57:16+00:00,434.0254166666667,medium
64656,2023-03-12T10:05:31+00:00,2023-03-13T04:18:51+00:00,,v8.5.22,2023-03-22T16:12:07+00:00,10.254583333333333,low
64417,2023-03-08T14:37:58+00:00,2023-03-13T11:45:10+00:00,caf98101e7b6b380e44021ff60fa8d3d39f8b568,v9.5.0,2023-04-26T08:57:16+00:00,48.76340277777778,medium
60474,2022-12-16T15:23:39+00:00,2023-03-13T14:59:43+00:00,,v8.5.22,2023-03-22T16:12:07+00:00,96.0336574074074,low
64402,2023-03-08T13:32:31+00:00,2023-03-14T10:03:07+00:00,bda1a91e80e8d098bcab6a030491d00f72533cf3,v9.5.0,2023-04-26T08:57:16+00:00,48.80885416666667,medium
55661,2022-09-23T09:38:40+00:00,2023-03-14T19:05:17+00:00,9b517e42308d87b35e78f65a929bccb2a5ec244f,v8.5.22,2023-03-22T16:12:07+00:00,180.27322916666665,low
63080,2023-02-08T10:33:16+00:00,2023-03-15T08:51:40+00:00,,v8.5.22,2023-03-22T16:12:07+00:00,42.2353125,low
58702,2022-11-14T13:05:10+00:00,2023-03-15T15:44:20+00:00,,v8.5.22,2023-03-22T16:12:07+00:00,128.1298263888889,low
62431,2023-01-29T10:17:48+00:00,2023-03-16T10:55:08+00:00,,v8.5.22,2023-03-22T16:12:07+00:00,52.24605324074074,low
60651,2022-12-21T19:22:15+00:00,2023-03-16T18:39:19+00:00,,v8.5.22,2023-03-22T16:12:07+00:00,90.86796296296296,low
64354,2023-03-07T20:08:18+00:00,2023-03-17T11:47:03+00:00,,v8.5.22,2023-03-22T16:12:07+00:00,14.835983796296297,low
58549,2022-11-09T21:14:03+00:00,2023-03-17T13:51:31+00:00,,v8.5.22,2023-03-22T16:12:07+00:00,132.79032407407408,low
55223,2022-09-15T09:25:36+00:00,2023-03-17T15:31:05+00:00,f5cb8c660ee1d2f016f40a365025c96fe2c29164,v9.5.0,2023-04-26T08:57:16+00:00,222.98032407407408,medium
61807,2023-01-19T19:09:56+00:00,2023-03-17T16:14:27+00:00,,v8.5.22,2023-03-22T16:12:07+00:00,61.8765162037037,low
64889,2023-03-16T11:14:10+00:00,2023-03-20T12:32:23+00:00,b3243486e89e1606ebc76698053d0db116ac897e,v9.5.0,2023-04-26T08:57:16+00:00,40.90493055555555,medium
64120,2023-03-03T10:09:11+00:00,2023-03-20T13:15:01+00:00,,v8.5.22,2023-03-22T16:12:07+00:00,19.252037037037038,low
65048,2023-03-20T13:37:02+00:00,2023-03-20T13:42:28+00:00,,v8.5.22,2023-03-22T16:12:07+00:00,2.1076967592592593,low
64886,2023-03-16T10:31:01+00:00,2023-03-20T19:20:48+00:00,,v8.5.22,2023-03-22T16:12:07+00:00,6.236875,low
58548,2022-11-09T21:04:20+00:00,2023-03-21T16:38:19+00:00,,v8.5.22,2023-03-22T16:12:07+00:00,132.79707175925927,low
65012,2023-03-19T21:40:34+00:00,2023-03-21T17:33:29+00:00,,v8.5.22,2023-03-22T16:12:07+00:00,2.7719097222222224,low
62295,2023-01-27T10:33:12+00:00,2023-03-22T14:35:20+00:00,14607e78d1d6082dc880800427be37529649650f,v9.5.0,2023-04-26T08:57:16+00:00,88.93337962962963,medium
65123,2023-03-21T15:27:32+00:00,2023-03-22T14:54:57+00:00,01a5d5042d1f547a6b322ae13a72da74fb5d8eb7,v9.5.0,2023-04-26T08:57:16+00:00,35.72898148148148,medium
64835,2023-03-15T17:07:23+00:00,2023-03-22T15:45:04+00:00,,v8.5.22,2023-03-22T16:12:07+00:00,6.961620370370371,low
65125,2023-03-21T15:38:35+00:00,2023-03-22T17:02:10+00:00,,v9.2.17,2023-04-26T08:52:48+00:00,35.718206018518515,low
62417,2023-01-28T17:03:35+00:00,2023-03-23T09:27:36+00:00,,v9.2.17,2023-04-26T08:52:48+00:00,87.65917824074074,low
64830,2023-03-15T16:12:56+00:00,2023-03-23T14:17:36+00:00,409bd33a8f9b79df4873504cf6b0f496665e227f,v9.5.0,2023-04-26T08:57:16+00:00,41.6974537037037,medium
62415,2023-01-28T13:43:08+00:00,2023-03-23T20:11:15+00:00,0871b6aea9588080324cb6dc719ea42762c5fdfb,v9.5.0,2023-04-26T08:57:16+00:00,87.80148148148149,medium
64650,2023-03-11T07:41:57+00:00,2023-03-27T10:25:43+00:00,,v9.2.17,2023-04-26T08:52:48+00:00,46.04920138888889,low
65256,2023-03-23T11:03:43+00:00,2023-03-27T13:55:31+00:00,,v9.2.17,2023-04-26T08:52:48+00:00,33.90908564814815,low
63869,2023-02-28T14:16:44+00:00,2023-03-27T16:52:00+00:00,21ede347cbf60d5edd166ef92ea36a78a78aef52,v9.5.0,2023-04-26T08:57:16+00:00,56.77814814814815,medium
63760,2023-02-24T19:26:20+00:00,2023-03-27T17:26:37+00:00,a8adfe83b56798eb3842e8c2d72ccd33877e19f5,v9.5.0,2023-04-26T08:57:16+00:00,60.56314814814815,medium
63187,2023-02-09T13:01:50+00:00,2023-03-27T17:43:49+00:00,,v9.2.17,2023-04-26T08:52:48+00:00,75.82706018518519,low
63227,2023-02-09T21:55:45+00:00,2023-03-28T00:31:34+00:00,,v9.2.17,2023-04-26T08:52:48+00:00,75.45628472222222,low
65262,2023-03-23T11:55:36+00:00,2023-03-28T10:45:58+00:00,48f5825499e79c9202c15e17ef44be7c7631f438,v9.5.0,2023-04-26T08:57:16+00:00,33.876157407407405,medium
64525,2023-03-09T14:06:11+00:00,2023-03-28T11:24:22+00:00,b210a39cb76840be5db43ffdbf6fd65431b59a14,v9.5.0,2023-04-26T08:57:16+00:00,47.78547453703704,medium
64595,2023-03-10T11:15:46+00:00,2023-03-28T11:24:22+00:00,b210a39cb76840be5db43ffdbf6fd65431b59a14,v9.5.0,2023-04-26T08:57:16+00:00,46.903819444444444,medium
61559,2023-01-16T13:51:31+00:00,2023-03-28T13:26:13+00:00,,v9.2.17,2023-04-26T08:52:48+00:00,99.79255787037037,low
65041,2023-03-20T11:48:20+00:00,2023-03-28T13:36:50+00:00,2c978fb0f0dec3db9bf7c87d351734b0b72853c2,v9.5.0,2023-04-26T08:57:16+00:00,36.881203703703704,medium
64021,2023-03-02T12:28:17+00:00,2023-03-28T13:59:06+00:00,a7b090c98982c33c8f3cbf0e80e584888d6a34e3,v9.2.17,2023-04-26T08:52:48+00:00,54.8503587962963,low
63698,2023-02-24T07:20:02+00:00,2023-03-28T14:19:49+00:00,4ab3bd6f7e8bff7719c6c8756bfd8a86126a8616,v9.5.0,2023-04-26T08:57:16+00:00,61.06752314814815,medium
65394,2023-03-27T18:00:24+00:00,2023-03-28T15:47:52+00:00,,v9.2.17,2023-04-26T08:52:48+00:00,29.619722222222222,low
63672,2023-02-23T17:28:10+00:00,2023-03-28T16:20:18+00:00,,v9.2.17,2023-04-26T08:52:48+00:00,61.642106481481484,low
64079,2023-03-02T22:04:41+00:00,2023-03-28T19:03:40+00:00,,v9.2.17,2023-04-26T08:52:48+00:00,54.45008101851852,low
64032,2023-03-02T14:59:42+00:00,2023-03-29T01:26:39+00:00,aedcbf2a4f9042d60db07855b1f2bce6be3d5053,v9.5.0,2023-04-26T08:57:16+00:00,54.74831018518518,medium
63447,2023-02-20T11:50:09+00:00,2023-03-29T11:09:30+00:00,383148bcd11224353bb60832e7e7823d2409e8d1,v9.5.0,2023-04-26T08:57:16+00:00,64.87994212962963,medium
65061,2023-03-20T16:08:16+00:00,2023-03-29T14:05:03+00:00,,v9.2.17,2023-04-26T08:52:48+00:00,36.69759259259259,low
59807,2022-12-05T12:01:37+00:00,2023-03-29T14:57:29+00:00,,v9.2.17,2023-04-26T08:52:48+00:00,141.86887731481482,low
63582,2023-02-22T16:09:47+00:00,2023-03-29T17:35:02+00:00,,v9.2.17,2023-04-26T08:52:48+00:00,62.696539351851854,low
65420,2023-03-28T09:06:18+00:00,2023-03-29T20:26:53+00:00,d96b0a71d324abb637e8cd3559dc12f75d5d00e9,v9.5.0,2023-04-26T08:57:16+00:00,28.993726851851854,medium
58937,2022-11-18T08:39:37+00:00,2023-03-29T22:46:03+00:00,,v9.2.17,2023-04-26T08:52:48+00:00,159.00915509259258,low
61915,2023-01-23T12:39:58+00:00,2023-03-30T07:47:02+00:00,3ad4dc1547d4aa59dbac06aa9053760606406439,v9.5.0,2023-04-26T08:57:16+00:00,92.84534722222222,medium
65356,2023-03-27T13:52:58+00:00,2023-03-30T09:33:26+00:00,,v9.2.17,2023-04-26T08:52:48+00:00,29.791550925925925,low
64755,2023-03-14T16:27:55+00:00,2023-03-30T09:53:13+00:00,1c7921770c624b327ccd3b6e226d173182e58514,v9.5.0,2023-04-26T08:57:16+00:00,42.68704861111111,medium
64612,2023-03-10T14:09:52+00:00,2023-03-30T12:37:17+00:00,6f6ebf5b18161478175c5450974c9cfa506c3d85,v9.5.0,2023-04-26T08:57:16+00:00,46.782916666666665,medium
65476,2023-03-28T17:57:38+00:00,2023-03-30T15:46:45+00:00,31aadeaecdbabfcab4fbbe382f5983ba36710d3e,v9.5.0,2023-04-26T08:57:16+00:00,28.62474537037037,medium
63735,2023-02-24T15:00:57+00:00,2023-03-30T21:40:03+00:00,92965578b3cf24fa37e35199c921bbd6d72c31ef,v9.5.0,2023-04-26T08:57:16+00:00,60.74744212962963,medium
65590,2023-03-30T08:03:50+00:00,2023-03-31T14:35:37+00:00,c03bf7d8ad8d046abdfe266c4e2871624c0f1411,v9.5.0,2023-04-26T08:57:16+00:00,27.03710648148148,medium
60805,2022-12-28T22:14:39+00:00,2023-03-31T20:36:59+00:00,,v9.2.17,2023-04-26T08:52:48+00:00,118.44315972222222,low
61747,2023-01-19T10:20:13+00:00,2023-04-03T08:45:24+00:00,093498a03b12a677827e6816054ac7e3fd68e28d,v9.5.0,2023-04-26T08:57:16+00:00,96.94239583333334,medium
62907,2023-02-03T19:02:01+00:00,2023-04-03T10:34:31+00:00,06ea490cc2fe4c7bbd0bc6e489b0fe534fcd74de,v9.5.0,2023-04-26T08:57:16+00:00,81.58003472222222,medium
63345,2023-02-14T17:38:10+00:00,2023-04-03T13:12:45+00:00,,v9.2.17,2023-04-26T08:52:48+00:00,70.63516203703703,low
63898,2023-02-28T18:50:15+00:00,2023-04-03T13:31:17+00:00,96453c6e69caa37488cc44c844a754eaff56eea2,v9.5.0,2023-04-26T08:57:16+00:00,56.58820601851852,medium
52790,2022-07-26T09:58:18+00:00,2023-04-03T13:39:09+00:00,,v9.2.17,2023-04-26T08:52:48+00:00,273.95451388888887,low
52554,2022-07-20T18:27:22+00:00,2023-04-04T12:44:06+00:00,,v9.2.17,2023-04-26T08:52:48+00:00,279.60099537037036,low
63050,2023-02-07T16:27:28+00:00,2023-04-04T14:21:25+00:00,,v9.2.17,2023-04-26T08:52:48+00:00,77.68425925925926,low
62356,2023-01-25T19:05:54+00:00,2023-04-04T18:44:46+00:00,,v9.2.17,2023-04-26T08:52:48+00:00,90.5742361111111,low
57159,2022-10-18T10:46:01+00:00,2023-04-04T18:56:49+00:00,f932952c68f19b853bb81bd55db03827a90aed67,v10.0.0,2023-06-22T15:09:32+00:00,247.18299768518517,high
47735,2022-04-13T19:08:31+00:00,2023-04-05T08:28:06+00:00,91a61f1e0d150359c3487f94478c76170c82cdaa,v10.0.0,2023-06-22T15:09:32+00:00,434.83403935185186,medium
60587,2022-12-20T15:48:41+00:00,2023-04-05T08:55:57+00:00,caac9838d8554fa61bad1645d8128190040699da,v10.0.0,2023-06-22T15:09:32+00:00,183.9728125,medium
66012,2023-04-05T11:41:52+00:00,2023-04-05T13:35:03+00:00,,v9.2.17,2023-04-26T08:52:48+00:00,20.88259259259259,low
65426,2023-03-28T10:21:47+00:00,2023-04-05T14:08:05+00:00,8dded022ecf672578fafb36ed809516bbaedfb25,v10.0.0,2023-06-22T15:09:32+00:00,86.1998263888889,medium
54505,2022-08-31T01:02:18+00:00,2023-04-05T18:13:35+00:00,,v9.2.17,2023-04-26T08:52:48+00:00,238.3267361111111,low
64157,2023-03-03T15:38:05+00:00,2023-04-05T19:08:15+00:00,90b15d41bff7385941807dd709d8fddc56df07f8,v10.0.0,2023-06-22T15:09:32+00:00,110.98017361111111,medium
66088,2023-04-06T07:34:55+00:00,2023-04-06T07:36:02+00:00,,v9.2.17,2023-04-26T08:52:48+00:00,20.05408564814815,low
66090,2023-04-06T07:41:26+00:00,2023-04-06T07:42:12+00:00,9719ee9bd30cd3750fa86558c6ba78dea9b7552e,v10.0.0,2023-06-22T15:09:32+00:00,77.31118055555555,medium
63481,2023-02-21T09:10:22+00:00,2023-04-06T12:43:25+00:00,,v9.2.17,2023-04-26T08:52:48+00:00,63.987800925925924,low
47047,2022-03-30T09:37:22+00:00,2023-04-07T17:01:56+00:00,,v9.2.17,2023-04-26T08:52:48+00:00,391.9690509259259,low
64750,2023-03-14T15:30:32+00:00,2023-04-07T18:29:16+00:00,,v9.2.17,2023-04-26T08:52:48+00:00,42.7237962962963,low
66225,2023-04-10T21:48:53+00:00,2023-04-11T09:24:17+00:00,,v9.2.17,2023-04-26T08:52:48+00:00,15.46105324074074,low
66226,2023-04-10T22:08:00+00:00,2023-04-11T11:01:17+00:00,,v9.2.17,2023-04-26T08:52:48+00:00,15.447777777777778,low
66229,2023-04-10T23:06:18+00:00,2023-04-11T11:10:03+00:00,,v9.2.17,2023-04-26T08:52:48+00:00,15.407291666666667,low
66232,2023-04-11T03:34:16+00:00,2023-04-11T12:05:04+00:00,,v9.2.17,2023-04-26T08:52:48+00:00,15.221203703703704,low
64187,2023-03-04T10:18:53+00:00,2023-04-11T12:54:57+00:00,02a8bc76d20f4fc63b3e9d727dbffd43ce0160f2,v10.0.0,2023-06-22T15:09:32+00:00,110.20184027777778,medium
65263,2023-03-23T12:15:49+00:00,2023-04-11T13:16:23+00:00,fda38de293f595be9bf6d1d821fecd9dcbb74082,v10.0.0,2023-06-22T15:09:32+00:00,91.12063657407407,medium
61842,2023-01-20T11:49:35+00:00,2023-04-11T14:26:53+00:00,,v9.2.17,2023-04-26T08:52:48+00:00,95.8772337962963,low
64339,2023-03-07T16:30:53+00:00,2023-04-11T16:37:10+00:00,c4f2b50da9a60eb670912f4a6dbf26b85eb1fc0f,v10.0.0,2023-06-22T15:09:32+00:00,106.94350694444445,medium
66235,2023-04-11T07:02:35+00:00,2023-04-12T07:12:56+00:00,,v9.2.17,2023-04-26T08:52:48+00:00,15.076539351851851,low
64121,2023-03-03T10:48:45+00:00,2023-04-12T14:33:33+00:00,,v9.2.17,2023-04-26T08:52:48+00:00,53.91947916666667,low
56994,2022-10-14T14:07:38+00:00,2023-04-13T07:23:41+00:00,4cac95d1c22cc553723ceb72218b3167b8d13dcf,v10.0.0,2023-06-22T15:09:32+00:00,251.0429861111111,medium
65436,2023-03-28T11:07:41+00:00,2023-04-13T12:11:16+00:00,,v9.2.17,2023-04-26T08:52:48+00:00,28.906331018518518,low
55804,2022-09-27T10:46:38+00:00,2023-04-13T12:21:38+00:00,725f29e6d0fe9f879a8235778d991c002e644a00,v10.0.0,2023-06-22T15:09:32+00:00,268.1825694444444,medium
66520,2023-04-13T18:40:08+00:00,2023-04-13T20:05:22+00:00,,v9.2.17,2023-04-26T08:52:48+00:00,12.59212962962963,low
65360,2023-03-27T14:00:25+00:00,2023-04-14T09:31:48+00:00,b5e2b0d14cb945852b527b166d1a5ee5ffac7183,v10.0.0,2023-06-22T15:09:32+00:00,87.04799768518518,medium
61787,2023-01-19T15:37:32+00:00,2023-04-14T10:46:06+00:00,,v9.2.17,2023-04-26T08:52:48+00:00,96.71893518518519,low
64273,2023-03-07T01:21:10+00:00,2023-04-14T11:20:15+00:00,,v9.2.17,2023-04-26T08:52:48+00:00,50.31363425925926,low
66316,2023-04-11T18:45:36+00:00,2023-04-14T11:25:13+00:00,,v9.2.17,2023-04-26T08:52:48+00:00,14.588333333333333,low
57354,2022-10-20T12:42:44+00:00,2023-04-14T12:30:00+00:00,,v9.2.17,2023-04-26T08:52:48+00:00,187.84032407407406,low
66574,2023-04-14T11:38:22+00:00,2023-04-14T18:32:10+00:00,,v9.2.17,2023-04-26T08:52:48+00:00,11.885023148148148,low
64172,2023-03-03T17:57:48+00:00,2023-04-17T08:27:41+00:00,,v9.2.17,2023-04-26T08:52:48+00:00,53.62152777777778,low
66557,2023-04-14T10:18:38+00:00,2023-04-17T11:05:58+00:00,9a4c7ef758583da5a12e94969fac16e24e8ac5e0,v10.0.0,2023-06-22T15:09:32+00:00,69.20201388888889,medium
66665,2023-04-17T12:09:52+00:00,2023-04-17T12:45:20+00:00,,v9.2.17,2023-04-26T08:52:48+00:00,8.863148148148149,low
65756,2023-04-01T15:54:41+00:00,2023-04-17T15:19:46+00:00,73f1cd7badccdf78f89328783b0ef691fc74cdb3,v10.0.0,2023-06-22T15:09:32+00:00,81.96864583333333,medium
65349,2023-03-27T13:32:26+00:00,2023-04-17T15:20:08+00:00,8ffd58a855508192ba85e182ee2d1f70555e2444,v10.0.0,2023-06-22T15:09:32+00:00,87.06743055555556,medium
66619,2023-04-14T21:08:55+00:00,2023-04-17T19:15:47+00:00,,v9.2.17,2023-04-26T08:52:48+00:00,11.48880787037037,low
66478,2023-04-13T14:49:52+00:00,2023-04-18T06:15:37+00:00,,v9.2.17,2023-04-26T08:52:48+00:00,12.752037037037036,low
66709,2023-04-17T23:31:28+00:00,2023-04-18T13:47:59+00:00,,v9.2.17,2023-04-26T08:52:48+00:00,8.389814814814814,low
65276,2023-03-23T15:13:27+00:00,2023-04-18T14:52:40+00:00,13c5aadd5d452d835ac1b5a7f51cba461e03ae48,v10.0.0,2023-06-22T15:09:32+00:00,90.99728009259259,medium
55806,2022-09-27T10:49:36+00:00,2023-04-19T08:22:27+00:00,98778289cbf66d794b3f05f87f177bba5ff52322,v10.0.0,2023-06-22T15:09:32+00:00,268.1805092592593,medium
66132,2023-04-06T15:18:01+00:00,2023-04-19T09:03:48+00:00,,v9.2.17,2023-04-26T08:52:48+00:00,19.732488425925926,low
65719,2023-03-31T14:17:35+00:00,2023-04-19T11:21:04+00:00,,v9.2.17,2023-04-26T08:52:48+00:00,25.774456018518517,low
64038,2023-03-02T15:29:46+00:00,2023-04-19T15:04:49+00:00,,v9.2.17,2023-04-26T08:52:48+00:00,54.724328703703705,low
61107,2023-01-06T20:17:13+00:00,2023-04-20T09:42:27+00:00,,v9.2.17,2023-04-26T08:52:48+00:00,109.52471064814814,low
66571,2023-04-14T11:25:11+00:00,2023-04-20T09:52:15+00:00,6e8b17efd8a77d696b3ab0a49fd03f79c0311cec,v10.0.0,2023-06-22T15:09:32+00:00,69.15579861111111,medium
66922,2023-04-20T08:53:36+00:00,2023-04-20T10:56:29+00:00,,v9.2.17,2023-04-26T08:52:48+00:00,5.999444444444444,low
66629,2023-04-15T09:17:48+00:00,2023-04-20T13:38:22+00:00,35342a3c76f483826e03b6f3bf89d9fef4983a2f,v10.0.0,2023-06-22T15:09:32+00:00,68.24425925925927,medium
66694,2023-04-17T16:19:21+00:00,2023-04-20T15:06:49+00:00,,v9.2.17,2023-04-26T08:52:48+00:00,8.689895833333333,low
62761,2023-02-02T10:40:41+00:00,2023-04-20T16:22:22+00:00,,v9.2.17,2023-04-26T08:52:48+00:00,82.92508101851851,low
66905,2023-04-20T05:46:05+00:00,2023-04-21T07:42:01+00:00,,v9.2.17,2023-04-26T08:52:48+00:00,6.129664351851852,low
66338,2023-04-12T08:40:46+00:00,2023-04-21T08:02:12+00:00,29aaf429ad14e9bd72af7969a31846f6b164dcf5,v10.0.0,2023-06-22T15:09:32+00:00,71.26997685185185,medium
60807,2022-12-29T02:13:48+00:00,2023-04-21T14:16:29+00:00,bbce69f295fb80c6bf759f6b1a0688b5e21d438e,v10.0.0,2023-06-22T15:09:32+00:00,175.5387037037037,medium
63633,2023-02-23T12:53:02+00:00,2023-04-21T18:24:26+00:00,a2b97547a6fec749791d02a44de781a29205b6fa,v10.0.0,2023-06-22T15:09:32+00:00,119.09479166666667,medium
66862,2023-04-19T14:43:15+00:00,2023-04-21T20:50:47+00:00,b992bdb62dca2b3007767b34934047c537a9d43a,v10.0.0,2023-06-22T15:09:32+00:00,64.01825231481482,medium
67063,2023-04-21T16:12:04+00:00,2023-04-24T14:13:04+00:00,,v9.2.17,2023-04-26T08:52:48+00:00,4.694953703703704,low
66849,2023-04-19T12:53:39+00:00,2023-04-24T15:26:07+00:00,,v9.2.17,2023-04-26T08:52:48+00:00,6.8327430555555555,low
47937,2022-04-20T10:46:01+00:00,2023-04-24T15:36:33+00:00,,v9.2.17,2023-04-26T08:52:48+00:00,370.92137731481483,low
67165,2023-04-24T22:13:03+00:00,2023-04-24T22:38:32+00:00,1a347bfb7bc2dbe00e87f5130b057c8bebf9c676,v10.0.0,2023-06-22T15:09:32+00:00,58.7058912037037,medium
64043,2023-03-02T15:43:10+00:00,2023-04-25T09:25:27+00:00,,v9.2.17,2023-04-26T08:52:48+00:00,54.71502314814815,low
62893,2023-02-03T16:18:14+00:00,2023-04-25T13:28:02+00:00,,v9.2.17,2023-04-26T08:52:48+00:00,81.6906712962963,low
65588,2023-03-30T06:34:19+00:00,2023-04-25T14:19:00+00:00,,v9.2.17,2023-04-26T08:52:48+00:00,27.096168981481483,low
66060,2023-04-05T19:04:36+00:00,2023-04-25T21:26:00+00:00,,v9.2.17,2023-04-26T08:52:48+00:00,20.57513888888889,low
65172,2023-03-22T11:19:51+00:00,2023-04-25T21:38:47+00:00,,v9.2.17,2023-04-26T08:52:48+00:00,34.89788194444444,low
52676,2022-07-23T09:17:56+00:00,2023-04-26T08:27:39+00:00,c41c638b5289557895f9c908d07a5f1d3eb3883b,v10.0.0,2023-06-22T15:09:32+00:00,334.2441666666667,medium
63699,2023-02-24T08:18:21+00:00,2023-04-26T09:52:27+00:00,,v9.2.18,2023-05-10T20:16:17+00:00,75.49856481481481,low
66545,2023-04-14T08:07:53+00:00,2023-04-26T12:06:40+00:00,,v9.2.18,2023-05-10T20:16:17+00:00,26.50583333333333,low
65311,2023-03-24T02:34:44+00:00,2023-04-26T15:23:01+00:00,,v9.2.18,2023-05-10T20:16:17+00:00,47.7371875,low
56388,2022-10-05T12:13:15+00:00,2023-04-26T23:24:11+00:00,,v9.2.18,2023-05-10T20:16:17+00:00,217.3354398148148,low
66472,2023-04-13T13:55:08+00:00,2023-04-27T08:26:17+00:00,bfe1b6880018d1e5ab5bf8e7f7ce45a4d1349a75,v10.0.0,2023-06-22T15:09:32+00:00,70.05166666666666,medium
66659,2023-04-17T10:51:26+00:00,2023-04-27T10:11:21+00:00,2dc5872bd68ce996e64551cd757bf8cfa41298c2,v10.0.0,2023-06-22T15:09:32+00:00,66.17923611111111,medium
65710,2023-03-31T13:37:46+00:00,2023-04-27T11:12:53+00:00,2306fb38dc6b791bc7a9f669027811309d038cf1,v10.0.0,2023-06-22T15:09:32+00:00,83.06372685185185,medium
64486,2023-03-09T08:22:23+00:00,2023-04-27T11:30:13+00:00,cefeef71348cd13d8fee12e7cbdb3990ba0dcd81,v10.0.0,2023-06-22T15:09:32+00:00,105.28274305555556,medium
57122,2022-10-17T19:05:25+00:00,2023-04-28T12:39:13+00:00,,v9.2.18,2023-05-10T20:16:17+00:00,205.04921296296297,low
67444,2023-04-27T19:47:32+00:00,2023-04-28T14:01:52+00:00,15363e416bc8362a134d8820d788e59f41b42770,v10.0.0,2023-06-22T15:09:32+00:00,55.80694444444445,medium
61917,2023-01-23T12:53:59+00:00,2023-04-28T14:42:56+00:00,,v9.2.18,2023-05-10T20:16:17+00:00,107.30715277777777,low
67434,2023-04-27T18:02:46+00:00,2023-04-28T15:11:51+00:00,8a6552a9e535aa550b5a683f90d65ec105e922df,v10.0.0,2023-06-22T15:09:32+00:00,55.879699074074075,medium
64256,2023-03-06T18:20:45+00:00,2023-04-28T15:22:37+00:00,,v9.2.18,2023-05-10T20:16:17+00:00,65.08023148148148,low
66750,2023-04-18T11:17:40+00:00,2023-04-28T18:03:32+00:00,,v9.2.18,2023-05-10T20:16:17+00:00,22.374039351851852,low
67304,2023-04-26T15:51:24+00:00,2023-05-01T05:43:28+00:00,,v9.2.18,2023-05-10T20:16:17+00:00,14.183946759259259,low
67494,2023-04-28T11:44:05+00:00,2023-05-02T10:16:52+00:00,,v9.2.18,2023-05-10T20:16:17+00:00,12.355694444444444,low
67655,2023-05-02T12:44:41+00:00,2023-05-03T07:53:35+00:00,21d28c1cb5db54f6f26544022d41fcc658430c23,v10.1.0,2023-08-23T21:09:07+00:00,113.35030092592592,medium
64052,2023-03-02T16:21:29+00:00,2023-05-03T12:37:44+00:00,,v9.2.18,2023-05-10T20:16:17+00:00,69.16305555555556,low
60802,2022-12-28T20:56:54+00:00,2023-05-03T20:45:21+00:00,,v9.2.18,2023-05-10T20:16:17+00:00,132.97179398148148,low
67788,2023-05-03T21:18:20+00:00,2023-05-03T21:42:05+00:00,,v9.2.18,2023-05-10T20:16:17+00:00,6.956909722222222,low
67741,2023-05-03T14:44:02+00:00,2023-05-04T09:32:38+00:00,,v9.2.18,2023-05-10T20:16:17+00:00,7.230729166666666,low
67804,2023-05-04T08:14:58+00:00,2023-05-04T10:37:17+00:00,8ca9a89cf1ca4f6c99b65f57b808bf4fe1c8c4d2,v10.1.0,2023-08-23T21:09:07+00:00,111.53760416666667,medium
67821,2023-05-04T10:38:40+00:00,2023-05-04T10:45:24+00:00,,v9.2.18,2023-05-10T20:16:17+00:00,6.401122685185185,low
67391,2023-04-27T12:49:53+00:00,2023-05-04T17:33:01+00:00,,v9.2.18,2023-05-10T20:16:17+00:00,13.31,low
62390,2022-09-06T16:32:05+00:00,2023-05-04T19:07:35+00:00,,v9.2.18,2023-05-10T20:16:17+00:00,246.15569444444444,low
67906,2023-05-05T10:56:36+00:00,2023-05-05T13:49:40+00:00,,v9.2.18,2023-05-10T20:16:17+00:00,5.388668981481482,low
65839,2023-04-03T14:05:46+00:00,2023-05-05T16:03:56+00:00,,v9.2.18,2023-05-10T20:16:17+00:00,37.25730324074074,low
59334,2022-11-25T11:01:58+00:00,2023-05-05T16:30:10+00:00,,v9.2.18,2023-05-10T20:16:17+00:00,166.38494212962962,low
67344,2023-04-27T02:29:30+00:00,2023-05-05T16:51:17+00:00,,v9.2.18,2023-05-10T20:16:17+00:00,13.740821759259259,low
63056,2023-02-07T18:48:05+00:00,2023-05-05T19:57:38+00:00,,v9.2.18,2023-05-10T20:16:17+00:00,92.06125,low
51108,2022-06-20T10:47:21+00:00,2023-05-05T21:49:45+00:00,,v9.2.18,2023-05-10T20:16:17+00:00,324.3950925925926,low
63337,2023-02-14T12:39:38+00:00,2023-05-05T22:34:37+00:00,,v9.2.18,2023-05-10T20:16:17+00:00,85.31711805555555,low
67791,2023-05-03T22:01:28+00:00,2023-05-05T22:52:33+00:00,,v9.2.18,2023-05-10T20:16:17+00:00,6.926956018518519,low
67890,2023-05-05T08:05:11+00:00,2023-05-06T20:48:27+00:00,,v9.2.18,2023-05-10T20:16:17+00:00,5.507708333333333,low
67365,2023-04-27T09:18:29+00:00,2023-05-08T07:50:27+00:00,d01ea9902c9cacab2758ff902d516f65987c0ba1,v10.0.0,2023-06-22T15:09:32+00:00,56.24378472222222,medium
67481,2023-04-28T09:46:02+00:00,2023-05-08T08:12:20+00:00,,v9.2.18,2023-05-10T20:16:17+00:00,12.43767361111111,low
67574,2023-04-29T12:07:18+00:00,2023-05-08T09:32:48+00:00,53a320115f0905acc97cbff904bc105b03b9cb51,v9.2.18,2023-05-10T20:16:17+00:00,11.33957175925926,low
66052,2023-04-05T17:13:16+00:00,2023-05-08T12:28:11+00:00,,v9.2.18,2023-05-10T20:16:17+00:00,35.127094907407404,low
67733,2023-05-03T13:46:11+00:00,2023-05-08T16:02:22+00:00,5416ec4768aa12f994234fbb3da7c4cc57b529e3,v10.1.0,2023-08-23T21:09:07+00:00,112.3075925925926,medium
68002,2023-05-08T13:26:08+00:00,2023-05-08T16:33:32+00:00,,v9.2.18,2023-05-10T20:16:17+00:00,2.284826388888889,low
67805,2023-05-04T08:16:40+00:00,2023-05-08T19:51:46+00:00,,v9.2.18,2023-05-10T20:16:17+00:00,6.499733796296296,low
67811,2023-05-04T09:07:17+00:00,2023-05-09T05:50:16+00:00,,v9.2.18,2023-05-10T20:16:17+00:00,6.464583333333334,low
64312,2023-03-07T12:54:23+00:00,2023-05-09T07:07:47+00:00,,v9.2.18,2023-05-10T20:16:17+00:00,64.306875,low
66416,2023-04-12T19:12:30+00:00,2023-05-09T11:44:43+00:00,,v9.2.18,2023-05-10T20:16:17+00:00,28.04429398148148,low
60688,2022-12-22T12:51:00+00:00,2023-05-09T12:31:32+00:00,6137e45fe156a969972ccd0719f7464fc81b7db3,v10.1.0,2023-08-23T21:09:07+00:00,244.34591435185186,medium
66814,2023-04-19T06:19:52+00:00,2023-05-09T13:18:40+00:00,,v9.2.18,2023-05-10T20:16:17+00:00,21.580844907407407,low
66625,2023-04-15T03:47:44+00:00,2023-05-09T20:12:04+00:00,13603c7d7157b4fa2fd00f1534718f588cc233e5,v10.1.0,2023-08-23T21:09:07+00:00,130.72318287037038,medium
62070,2023-01-25T09:37:42+00:00,2023-05-09T21:24:15+00:00,f100a4c68003300e99d7b6fa86c6f5196c41596f,v10.1.0,2023-08-23T21:09:07+00:00,210.48015046296297,medium
64912,2023-03-16T15:26:49+00:00,2023-05-09T21:29:54+00:00,4ee894b0bea4306bc171a16c0cc5f15fd799b414,v10.1.0,2023-08-23T21:09:07+00:00,160.23770833333333,medium
65302,2023-03-23T20:58:54+00:00,2023-05-10T04:16:37+00:00,,v9.2.18,2023-05-10T20:16:17+00:00,47.97040509259259,low
66838,2023-04-19T11:30:41+00:00,2023-05-10T13:12:58+00:00,7801cf6585c08fc3e3ee2d2b4e5066b5e2dc2aac,v10.1.0,2023-08-23T21:09:07+00:00,126.40168981481482,medium
67894,2023-05-05T08:24:19+00:00,2023-05-10T16:57:12+00:00,0565c3440fe6553f2ef2a29a5f027fb20e8a7f68,v10.1.0,2023-08-23T21:09:07+00:00,110.53111111111112,medium
67700,2023-05-03T08:03:25+00:00,2023-05-10T18:56:02+00:00,cb293ecf1ce3aabea7994d736089904946015fe0,v10.1.0,2023-08-23T21:09:07+00:00,112.545625,medium
67731,2023-05-03T13:36:40+00:00,2023-05-11T06:31:36+00:00,d8dfef71e2d6db25e267c07b409a3ba4c568f78d,v10.1.0,2023-08-23T21:09:07+00:00,112.31420138888889,medium
63133,2023-02-08T18:13:14+00:00,2023-05-11T08:37:38+00:00,b10b290213998aaff0554637c17b986dae075ba9,v10.1.0,2023-08-23T21:09:07+00:00,196.1221412037037,high
63835,2023-02-28T09:59:06+00:00,2023-05-11T18:34:10+00:00,,v8.5.26,2023-06-06T07:39:08+00:00,97.90280092592593,low
66290,2023-04-11T14:20:32+00:00,2023-05-12T13:48:19+00:00,,v8.5.26,2023-06-06T07:39:08+00:00,55.72125,low
67474,2023-04-28T08:09:34+00:00,2023-05-12T16:30:20+00:00,,v8.5.26,2023-06-06T07:39:08+00:00,38.978865740740744,low
67941,2023-05-05T18:47:41+00:00,2023-05-12T23:37:45+00:00,24037ddd592d170db52f74f2d70a06bd05d0a335,v10.1.0,2023-08-23T21:09:07+00:00,110.09821759259259,medium
52598,2022-07-21T11:12:06+00:00,2023-05-15T10:48:52+00:00,,v8.5.26,2023-06-06T07:39:08+00:00,319.8521064814815,low
65447,2023-03-28T08:33:21+00:00,2023-05-15T13:18:47+00:00,,v8.5.26,2023-06-06T07:39:08+00:00,69.96234953703704,low
68440,2023-05-15T09:03:38+00:00,2023-05-15T13:27:29+00:00,,v8.5.26,2023-06-06T07:39:08+00:00,21.941319444444446,low
61966,2023-01-24T04:13:19+00:00,2023-05-15T15:23:32+00:00,5d42eb1a49bd2ec6960cb5c61187343a1061909b,v8.5.26,2023-06-06T07:39:08+00:00,133.14292824074073,low
67284,2023-04-26T13:00:26+00:00,2023-05-15T19:19:18+00:00,e0d8f3b4a73111e03ef3c5462e904edd9ea0ff5b,v10.1.0,2023-08-23T21:09:07+00:00,119.33936342592592,medium
67580,2023-04-30T05:36:23+00:00,2023-05-15T22:34:22+00:00,92d865cccef8779a477eecdb5748e2d3aee246fe,v10.1.0,2023-08-23T21:09:07+00:00,115.64773148148149,medium
65632,2023-03-30T15:44:09+00:00,2023-05-16T10:15:55+00:00,,v8.5.26,2023-06-06T07:39:08+00:00,67.66318287037036,low
68531,2023-05-16T10:49:00+00:00,2023-05-16T15:09:11+00:00,,v8.5.26,2023-06-06T07:39:08+00:00,20.868148148148148,low
61196,2023-01-09T21:18:52+00:00,2023-05-16T15:57:19+00:00,,v8.5.26,2023-06-06T07:39:08+00:00,147.43074074074073,low
68564,2023-05-16T15:24:42+00:00,2023-05-17T07:48:47+00:00,,v8.5.26,2023-06-06T07:39:08+00:00,20.676689814814814,low
68427,2023-05-13T14:50:02+00:00,2023-05-17T12:28:34+00:00,,v8.5.26,2023-06-06T07:39:08+00:00,23.70076388888889,low
68293,2023-05-11T09:47:23+00:00,2023-05-17T12:29:18+00:00,71e7ec1c83f57118f8b06cba37640b24173d52be,v10.1.0,2023-08-23T21:09:07+00:00,104.47342592592592,medium
59733,2022-12-02T16:12:33+00:00,2023-05-17T13:22:23+00:00,,v8.5.26,2023-06-06T07:39:08+00:00,185.64346064814814,low
68428,2023-05-13T15:30:35+00:00,2023-05-17T13:28:27+00:00,,v8.5.26,2023-06-06T07:39:08+00:00,23.672604166666666,low
68630,2023-05-17T13:31:23+00:00,2023-05-17T13:32:57+00:00,,v8.5.26,2023-06-06T07:39:08+00:00,19.755381944444444,low
60801,2022-12-28T20:12:52+00:00,2023-05-18T13:31:28+00:00,,v8.5.26,2023-06-06T07:39:08+00:00,159.47657407407408,low
67682,2023-05-02T18:20:52+00:00,2023-05-18T15:31:09+00:00,,v8.5.26,2023-06-06T07:39:08+00:00,34.554351851851855,low
68689,2023-05-18T09:13:24+00:00,2023-05-22T08:56:50+00:00,dc656ecd8abcbdd8dbdd51ac7e00947114be6b47,v10.1.0,2023-08-23T21:09:07+00:00,97.49702546296297,medium
68717,2023-05-18T16:08:48+00:00,2023-05-22T11:50:48+00:00,39e57489a1e320b9e264675e653f181e89ed4471,v10.1.0,2023-08-23T21:09:07+00:00,97.20855324074074,medium
67897,2023-05-05T09:39:50+00:00,2023-05-22T13:35:15+00:00,,v8.5.26,2023-06-06T07:39:08+00:00,31.916180555555556,low
68735,2023-05-18T21:11:57+00:00,2023-05-22T13:57:58+00:00,,v8.5.26,2023-06-06T07:39:08+00:00,18.43554398148148,low
68760,2023-05-22T07:57:56+00:00,2023-05-22T13:58:45+00:00,1016c817445cbc6cce39f5718cb58bf74df989db,v10.1.0,2023-08-23T21:09:07+00:00,93.54943287037037,medium
67638,2023-05-02T09:25:28+00:00,2023-05-22T14:20:17+00:00,,v8.5.26,2023-06-06T07:39:08+00:00,34.92615740740741,low
68825,2023-05-22T13:52:08+00:00,2023-05-22T21:55:20+00:00,9e61172245e6dfc026092d01f905959fd2d88ac3,v10.1.0,2023-08-23T21:09:07+00:00,93.30346064814815,medium
67819,2023-05-04T10:28:05+00:00,2023-05-23T12:36:07+00:00,,v8.5.26,2023-06-06T07:39:08+00:00,32.88267361111111,low
68384,2023-05-12T14:10:59+00:00,2023-05-23T15:11:50+00:00,c4242b8c5e946fffef1fcd92d6765ca6d37eb715,v10.1.0,2023-08-23T21:09:07+00:00,103.29037037037037,medium
68362,2023-05-12T11:11:22+00:00,2023-05-23T15:19:12+00:00,e3e8a7965abcda355c99d7b223f4bc748feb7d15,v10.1.0,2023-08-23T21:09:07+00:00,103.41510416666667,medium
63916,2023-03-01T08:51:28+00:00,2023-05-23T15:22:07+00:00,,v8.5.26,2023-06-06T07:39:08+00:00,96.94976851851852,low
56932,2022-10-14T09:35:04+00:00,2023-05-24T08:14:21+00:00,,v8.5.26,2023-06-06T07:39:08+00:00,234.91949074074074,low
68556,2023-05-16T14:37:55+00:00,2023-05-24T08:28:16+00:00,,v8.5.26,2023-06-06T07:39:08+00:00,20.70917824074074,low
68884,2023-05-23T12:36:44+00:00,2023-05-24T09:52:23+00:00,,v8.5.26,2023-06-06T07:39:08+00:00,13.793333333333333,low
65518,2023-03-29T11:30:13+00:00,2023-05-24T13:26:20+00:00,4d74f75470776bd46a0cd9a0e5feac0d7c2f6123,v10.1.0,2023-08-23T21:09:07+00:00,147.4020138888889,medium
67851,2023-05-04T14:56:17+00:00,2023-05-24T17:09:19+00:00,,v8.5.26,2023-06-06T07:39:08+00:00,32.69642361111111,low
69036,2023-05-25T06:42:13+00:00,2023-05-25T07:17:26+00:00,f22d1d14a0850db3b6d5f8f77908f949e82a91ce,v10.1.0,2023-08-23T21:09:07+00:00,90.60201388888889,medium
67829,2023-05-04T11:51:38+00:00,2023-05-25T08:49:25+00:00,25b89babacffe4c526dac71ba7d3a64036b8e693,v10.1.0,2023-08-23T21:09:07+00:00,111.3871412037037,medium
60908,2023-01-03T13:41:40+00:00,2023-05-25T10:09:31+00:00,,v8.5.26,2023-06-06T07:39:08+00:00,153.74824074074073,low
48456,2022-04-28T17:58:29+00:00,2023-05-25T15:21:46+00:00,,v8.5.26,2023-06-06T07:39:08+00:00,403.5698958333333,low
67508,2023-04-28T13:12:49+00:00,2023-05-25T15:39:18+00:00,,v8.5.26,2023-06-06T07:39:08+00:00,38.76827546296296,low
68824,2023-05-22T13:44:33+00:00,2023-05-25T19:25:28+00:00,,v8.5.26,2023-06-06T07:39:08+00:00,14.746238425925926,low
63558,2023-02-22T11:17:36+00:00,2023-05-26T08:30:48+00:00,,v8.5.26,2023-06-06T07:39:08+00:00,103.84828703703704,low
68539,2023-05-16T11:57:42+00:00,2023-05-26T11:23:00+00:00,,v8.5.26,2023-06-06T07:39:08+00:00,20.820439814814815,low
61620,2023-01-17T13:36:46+00:00,2023-05-26T14:01:56+00:00,,v8.5.26,2023-06-06T07:39:08+00:00,139.7516435185185,low
68826,2023-05-22T13:54:06+00:00,2023-05-26T14:19:39+00:00,,v8.5.26,2023-06-06T07:39:08+00:00,14.73960648148148,low
67948,2023-05-05T20:23:42+00:00,2023-05-26T14:39:00+00:00,c9adcc1e979af711d3e038dd5141736125bbda83,v10.1.0,2023-08-23T21:09:07+00:00,110.03153935185185,medium
69226,2023-05-29T14:24:04+00:00,2023-05-29T14:24:55+00:00,,v8.5.26,2023-06-06T07:39:08+00:00,7.718796296296296,low
69022,2023-05-24T21:18:58+00:00,2023-05-29T16:08:30+00:00,,v8.5.26,2023-06-06T07:39:08+00:00,12.430671296296296,low
66692,2023-04-17T15:55:27+00:00,2023-05-31T13:10:15+00:00,,v8.5.26,2023-06-06T07:39:08+00:00,49.655335648148146,low
69207,2023-05-28T17:56:13+00:00,2023-05-31T14:46:41+00:00,,v8.5.26,2023-06-06T07:39:08+00:00,8.571469907407407,low
62655,2023-02-01T10:03:36+00:00,2023-05-31T15:00:37+00:00,,v8.5.26,2023-06-06T07:39:08+00:00,124.89967592592592,low
69292,2023-05-31T08:56:20+00:00,2023-06-01T10:14:21+00:00,,v8.5.26,2023-06-06T07:39:08+00:00,5.9463888888888885,low
69439,2023-06-02T10:19:56+00:00,2023-06-02T10:23:54+00:00,,v8.5.26,2023-06-06T07:39:08+00:00,3.888333333333333,low
51984,2022-07-08T15:38:26+00:00,2023-06-02T14:57:05+00:00,,v8.5.26,2023-06-06T07:39:08+00:00,332.6671527777778,low
55420,2022-09-19T19:12:13+00:00,2023-06-02T15:04:37+00:00,,v8.5.26,2023-06-06T07:39:08+00:00,259.51869212962964,low
56230,2022-10-04T07:07:03+00:00,2023-06-05T10:25:04+00:00,,v8.5.26,2023-06-06T07:39:08+00:00,245.02228009259258,low
69331,2023-05-31T16:58:07+00:00,2023-06-05T13:16:14+00:00,,v8.5.26,2023-06-06T07:39:08+00:00,5.61181712962963,low
65157,2023-03-22T08:09:29+00:00,2023-06-05T14:11:14+00:00,,v8.5.26,2023-06-06T07:39:08+00:00,75.97892361111111,low
63702,2023-02-24T08:49:03+00:00,2023-06-06T08:44:29+00:00,,v9.3.15,2023-06-06T09:05:56+00:00,102.01172453703704,low
53388,2022-08-08T12:30:50+00:00,2023-06-06T13:12:13+00:00,07dd90b5a8866273813c6b4a5e7087cea529f908,v10.1.0,2023-08-23T21:09:07+00:00,380.3599189814815,medium
69642,2023-06-06T13:37:41+00:00,2023-06-06T22:28:35+00:00,cefcbfa5ed20bfb2acbcda259ab1416561ca6baa,v10.1.0,2023-08-23T21:09:07+00:00,78.31349537037038,medium
69463,2023-06-02T13:46:02+00:00,2023-06-08T08:24:51+00:00,e0ce6c3a9496750c4e012e903bb1bc8b81586c49,v10.1.0,2023-08-23T21:09:07+00:00,82.30769675925926,medium
69775,2023-06-08T10:11:19+00:00,2023-06-08T11:35:23+00:00,ff89217d66e2bbada472db21dc50368edb648403,v10.1.0,2023-08-23T21:09:07+00:00,76.45680555555556,medium
69555,2023-06-05T12:29:39+00:00,2023-06-08T12:40:41+00:00,,v8.5.27,2023-06-22T14:59:28+00:00,17.104039351851853,low
66427,2023-04-13T05:42:19+00:00,2023-06-08T16:40:27+00:00,,v8.5.27,2023-06-22T14:59:28+00:00,70.38690972222223,low
66158,2023-04-06T23:28:07+00:00,2023-06-08T22:51:51+00:00,,v8.5.27,2023-06-22T14:59:28+00:00,76.64677083333333,low
61932,2023-01-23T15:35:47+00:00,2023-06-09T15:23:27+00:00,,v8.5.27,2023-06-22T14:59:28+00:00,149.9747800925926,low
69877,2023-06-10T05:52:10+00:00,2023-06-11T04:12:31+00:00,cc8bedc1739331456ff27ca46a6ada1cb85f2608,v10.1.0,2023-08-23T21:09:07+00:00,74.63677083333333,medium
67698,2023-05-03T08:01:07+00:00,2023-06-12T14:58:41+00:00,9eb8ec9fa9eaa35dfc197449feaebcb640b10b6c,v10.1.0,2023-08-23T21:09:07+00:00,112.54722222222222,medium
69935,2023-06-12T15:28:11+00:00,2023-06-12T19:43:01+00:00,,v8.5.27,2023-06-22T14:59:28+00:00,9.98005787037037,low
69213,2023-05-29T11:44:57+00:00,2023-06-13T09:26:03+00:00,a00d7770bcb93bded753377000aef4c07b62f969,v10.1.0,2023-08-23T21:09:07+00:00,86.3917824074074,medium
68702,2023-05-18T12:50:17+00:00,2023-06-14T06:18:53+00:00,9f7776f07378ded215c8a1d801f0d82fe47c065a,v10.1.0,2023-08-23T21:09:07+00:00,97.34641203703704,medium
69262,2023-05-30T15:41:22+00:00,2023-06-14T12:51:05+00:00,,v8.5.27,2023-06-22T14:59:28+00:00,22.970902777777777,low
69661,2023-06-06T17:47:59+00:00,2023-06-15T10:12:29+00:00,,v8.5.27,2023-06-22T14:59:28+00:00,15.882974537037038,low
65712,2023-03-31T13:50:05+00:00,2023-06-15T13:34:55+00:00,f06ccbdf6e0092237747b97a2de5bc834333511b,v10.1.0,2023-08-23T21:09:07+00:00,145.30488425925927,medium
64861,2023-03-15T22:33:36+00:00,2023-06-15T16:32:22+00:00,,v8.5.27,2023-06-22T14:59:28+00:00,98.68462962962963,low
53357,2022-08-07T13:13:14+00:00,2023-06-15T17:33:44+00:00,,v8.5.27,2023-06-22T14:59:28+00:00,319.0737731481481,low
64593,2023-03-10T11:01:48+00:00,2023-06-15T17:33:44+00:00,,v8.5.27,2023-06-22T14:59:28+00:00,104.1650462962963,low
69765,2023-06-08T08:38:00+00:00,2023-06-16T09:18:56+00:00,62ee1fa05a1693e21625f7ce82ab917eae28478a,v10.1.0,2023-08-23T21:09:07+00:00,76.52160879629629,medium
65456,2023-03-28T14:18:48+00:00,2023-06-16T14:58:38+00:00,520cd55d54e86818abda87fcef3269911252bb40,v10.1.0,2023-08-23T21:09:07+00:00,148.28494212962963,medium
69069,2023-05-25T12:16:11+00:00,2023-06-17T12:07:51+00:00,,v8.5.27,2023-06-22T14:59:28+00:00,28.113391203703703,low
70260,2023-06-16T16:11:56+00:00,2023-06-19T09:47:01+00:00,6a3c6eb1748a6e449b7d2d988ce86a6167332f2d,v10.1.0,2023-08-23T21:09:07+00:00,68.20637731481482,medium
69841,2023-06-09T09:38:34+00:00,2023-06-19T12:28:58+00:00,,v8.5.27,2023-06-22T14:59:28+00:00,13.222847222222223,low
70259,2023-06-16T16:10:25+00:00,2023-06-20T09:28:26+00:00,,v8.5.27,2023-06-22T14:59:28+00:00,5.950729166666667,low
70375,2023-06-20T11:06:25+00:00,2023-06-20T12:21:51+00:00,d5d3db9a6e150eaf22314d5f61d4b288fd10d2f7,v10.1.0,2023-08-23T21:09:07+00:00,64.41854166666667,medium
68213,2023-05-10T11:41:22+00:00,2023-06-20T15:29:22+00:00,,v8.5.27,2023-06-22T14:59:28+00:00,43.137569444444445,low
61422,2023-01-12T18:21:05+00:00,2023-06-21T09:06:31+00:00,d3450d75a4916f29369d85f616dba6fd83077236,v10.1.0,2023-08-23T21:09:07+00:00,223.1166898148148,medium
69548,2023-06-05T10:36:05+00:00,2023-06-22T08:44:22+00:00,,v8.5.27,2023-06-22T14:59:28+00:00,17.18290509259259,low
70488,2023-06-22T08:34:10+00:00,2023-06-22T10:34:13+00:00,e60966d9778ae8c4f30f90f6687b73fc0ff5328d,v10.1.0,2023-08-23T21:09:07+00:00,62.52427083333333,medium
70049,2023-06-14T09:38:00+00:00,2023-06-22T13:00:26+00:00,cb2cc591da5c16daffc65398091bfc1128b720ce,v10.1.0,2023-08-23T21:09:07+00:00,70.47994212962963,medium
70586,2023-06-23T10:37:25+00:00,2023-06-23T12:06:03+00:00,,v9.5.6,2023-07-11T10:34:30+00:00,17.997974537037038,low
69406,2023-06-01T16:42:58+00:00,2023-06-23T15:50:40+00:00,,v9.5.6,2023-07-11T10:34:30+00:00,39.74412037037037,low
70383,2023-06-20T13:17:50+00:00,2023-06-23T17:15:26+00:00,,v9.5.6,2023-07-11T10:34:30+00:00,20.886574074074073,low
69982,2023-06-13T07:43:42+00:00,2023-06-26T10:23:19+00:00,,v9.5.6,2023-07-11T10:34:30+00:00,28.11861111111111,low
67316,2023-04-26T17:40:04+00:00,2023-06-26T20:34:20+00:00,,v9.5.6,2023-07-11T10:34:30+00:00,75.7044675925926,low
65299,2023-03-23T20:09:46+00:00,2023-06-26T20:45:42+00:00,,v9.5.6,2023-07-11T10:34:30+00:00,109.60050925925925,low
70714,2023-06-26T18:06:55+00:00,2023-06-27T12:02:59+00:00,2738a3a6da6e1e91cb8c8b93a3fe72605090aad2,v10.1.0,2023-08-23T21:09:07+00:00,58.12652777777778,medium
70638,2023-06-23T18:45:47+00:00,2023-06-27T12:58:48+00:00,,v9.5.6,2023-07-11T10:34:30+00:00,17.65883101851852,low
70665,2023-06-26T08:19:51+00:00,2023-06-27T12:59:15+00:00,c9c357fc19f502d4dc027560b600d0680790398d,v10.1.0,2023-08-23T21:09:07+00:00,58.53421296296296,medium
46497,2022-03-12T02:24:39+00:00,2023-06-28T11:53:55+00:00,db478ced45a2c403ba8b31f89220cf6d48d4fb55,v10.1.0,2023-08-23T21:09:07+00:00,529.7808796296297,medium
70230,2023-06-16T09:56:33+00:00,2023-06-29T14:40:58+00:00,,v9.5.6,2023-07-11T10:34:30+00:00,25.026354166666668,low
67438,2023-04-27T19:00:41+00:00,2023-06-30T12:10:06+00:00,,v9.5.6,2023-07-11T10:34:30+00:00,74.64848379629629,low
68603,2023-05-17T08:34:50+00:00,2023-06-30T15:36:05+00:00,f32f1859a05dac0de37187a04ff15666f5318993,v10.1.0,2023-08-23T21:09:07+00:00,98.52380787037038,high
70937,2023-06-29T23:01:51+00:00,2023-06-30T19:00:28+00:00,,v9.5.6,2023-07-11T10:34:30+00:00,11.481006944444445,low
70889,2023-06-29T10:44:13+00:00,2023-07-04T09:03:12+00:00,1d8628c0cd9001a01db565e0524960ac7ea32017,v10.1.0,2023-08-23T21:09:07+00:00,55.43395833333334,medium
70469,2023-06-21T17:39:59+00:00,2023-07-04T12:35:40+00:00,2216e40cc0b59041dc220233f28648c7abae9ac6,v10.1.0,2023-08-23T21:09:07+00:00,63.14523148148148,medium
58305,2022-11-07T07:51:08+00:00,2023-07-07T13:21:51+00:00,56f52dc97e4932763d313832436ccefdcbf01f6f,v10.1.0,2023-08-23T21:09:07+00:00,289.55415509259257,medium
70560,2023-06-23T00:53:51+00:00,2023-07-07T16:43:51+00:00,d92d3ede794a770dd23b82b7e176673422fa0305,v10.1.0,2023-08-23T21:09:07+00:00,61.84393518518519,medium
70158,2023-06-15T13:18:31+00:00,2023-07-10T12:35:57+00:00,,v9.5.6,2023-07-11T10:34:30+00:00,25.886099537037037,low
59116,2022-11-22T13:27:21+00:00,2023-07-10T12:35:57+00:00,,v9.5.6,2023-07-11T10:34:30+00:00,230.87996527777779,low
66181,2023-04-07T16:28:17+00:00,2023-07-10T13:16:31+00:00,2c210909312625bf891332a86d2ebf00c3104376,v10.0.0,2023-06-22T15:09:32+00:00,75.9453125,medium
66373,2023-04-12T12:45:42+00:00,2023-07-10T19:05:41+00:00,5c19272065d6553dc87dfc4699976722715a1607,v10.1.0,2023-08-23T21:09:07+00:00,133.3495949074074,medium
71219,2023-07-07T15:15:42+00:00,2023-07-11T06:23:09+00:00,e3787de470b5637d3407185040b8cefc5023b040,v10.1.0,2023-08-23T21:09:07+00:00,47.24542824074074,medium
65516,2023-03-29T11:20:50+00:00,2023-07-11T15:37:03+00:00,,v9.5.7,2023-07-26T08:08:25+00:00,118.86637731481481,low
70767,2023-06-27T16:11:11+00:00,2023-07-11T21:36:16+00:00,,v9.5.7,2023-07-26T08:08:25+00:00,28.66474537037037,low
71018,2023-07-03T09:57:12+00:00,2023-07-12T14:03:25+00:00,,v9.5.7,2023-07-26T08:08:25+00:00,22.92445601851852,low
70598,2023-06-23T12:20:09+00:00,2023-07-13T09:03:41+00:00,,v9.5.7,2023-07-26T08:08:25+00:00,32.825185185185184,low
70813,2023-06-28T09:40:48+00:00,2023-07-13T11:44:44+00:00,,v9.5.7,2023-07-26T08:08:25+00:00,27.935844907407407,low
71387,2023-07-11T15:50:20+00:00,2023-07-13T12:10:48+00:00,,v9.5.7,2023-07-26T08:08:25+00:00,14.679224537037037,low
63645,2023-02-23T14:27:27+00:00,2023-07-13T12:24:27+00:00,bd9b0d6d82856c33f31f8872c62a557b95bc3f9a,v10.1.0,2023-08-23T21:09:07+00:00,181.2789351851852,medium
70809,2023-06-28T09:16:12+00:00,2023-07-13T12:38:09+00:00,,v9.5.7,2023-07-26T08:08:25+00:00,27.95292824074074,low
71174,2023-07-07T09:14:34+00:00,2023-07-13T15:00:30+00:00,bb48417ba05dad6931de6d7264a0c0ba913a927f,v10.1.0,2023-08-23T21:09:07+00:00,47.49621527777778,medium
45975,2022-02-28T15:37:09+00:00,2023-07-13T18:35:45+00:00,,v9.5.7,2023-07-26T08:08:25+00:00,512.6883796296296,low
71507,2023-07-12T22:09:30+00:00,2023-07-14T03:21:08+00:00,,v9.5.7,2023-07-26T08:08:25+00:00,13.415914351851852,low
70812,2023-06-28T09:31:11+00:00,2023-07-14T13:15:52+00:00,,v9.5.7,2023-07-26T08:08:25+00:00,27.942523148148148,low
71105,2023-07-06T05:30:56+00:00,2023-07-15T09:13:14+00:00,,v9.5.7,2023-07-26T08:08:25+00:00,20.109363425925928,low
68306,2023-05-11T12:18:12+00:00,2023-07-17T12:01:53+00:00,409eae6ff974199c569df58ac2c55edde7377897,v10.1.0,2023-08-23T21:09:07+00:00,104.36869212962964,medium
71406,2023-07-12T07:22:25+00:00,2023-07-18T08:04:02+00:00,,v9.5.7,2023-07-26T08:08:25+00:00,14.031944444444445,low
71265,2023-07-09T10:52:50+00:00,2023-07-18T10:00:29+00:00,45fec1ae262c50106eb43382454e419ee2d800de,v10.1.0,2023-08-23T21:09:07+00:00,45.42797453703704,medium
71637,2023-07-14T11:01:30+00:00,2023-07-18T14:44:38+00:00,,v9.5.7,2023-07-26T08:08:25+00:00,11.87980324074074,low
69046,2023-05-25T08:26:47+00:00,2023-07-18T14:53:04+00:00,,v9.5.7,2023-07-26T08:08:25+00:00,61.98724537037037,low
71622,2023-07-14T07:51:11+00:00,2023-07-19T06:39:54+00:00,173c87beb5b846f06cf629b691038d9050d43f23,v10.1.0,2023-08-23T21:09:07+00:00,40.55412037037037,medium
58855,2022-11-16T17:46:26+00:00,2023-07-19T08:49:23+00:00,b1555c95950f2f36a7cb9debd0af66b69c624504,v10.1.0,2023-08-23T21:09:07+00:00,280.1407523148148,medium
65846,2023-04-03T14:43:03+00:00,2023-07-20T18:44:13+00:00,,v9.5.7,2023-07-26T08:08:25+00:00,113.72594907407408,low
70026,2023-06-13T18:57:44+00:00,2023-07-21T10:38:32+00:00,1df4d332c982dc5e394201bb2ef35b442727ce63,v10.1.0,2023-08-23T21:09:07+00:00,71.09123842592592,medium
69974,2023-06-13T04:04:04+00:00,2023-07-24T15:21:39+00:00,,v9.5.7,2023-07-26T08:08:25+00:00,43.1696875,low
71880,2023-07-18T16:44:05+00:00,2023-07-24T16:48:41+00:00,c2a6dcf2b5c7be54c85d07387083d42f8de38330,v10.1.0,2023-08-23T21:09:07+00:00,36.18405092592592,medium
45752,2022-02-22T22:09:16+00:00,2023-07-24T16:53:56+00:00,,v9.5.7,2023-07-26T08:08:25+00:00,518.4160763888889,low
71976,2023-07-19T19:28:29+00:00,2023-07-24T19:30:41+00:00,425c92a92b8059d1577d3e175d88a1862e6cc3d6,v10.1.0,2023-08-23T21:09:07+00:00,35.06988425925926,medium
71769,2023-07-17T14:54:56+00:00,2023-07-25T09:01:03+00:00,,v9.5.7,2023-07-26T08:08:25+00:00,8.71769675925926,low
59761,2022-12-03T00:26:23+00:00,2023-07-25T13:56:48+00:00,,v9.5.7,2023-07-26T08:08:25+00:00,235.32085648148148,low
70523,2023-06-22T14:52:06+00:00,2023-07-25T14:18:05+00:00,722f787eaa888757da911f9bdf6ffd5228179357,v10.1.0,2023-08-23T21:09:07+00:00,62.26181712962963,medium
71593,2023-07-13T16:31:32+00:00,2023-07-26T08:37:24+00:00,e094adb5a129157a510b41086c0dc8dacaab9aea,v10.1.0,2023-08-23T21:09:07+00:00,41.192766203703705,medium
69109,2023-05-25T19:05:32+00:00,2023-07-26T13:02:06+00:00,,v9.5.8,2023-08-17T18:15:43+00:00,83.96540509259259,low
69649,2023-06-06T14:31:03+00:00,2023-07-26T13:54:04+00:00,,v9.5.8,2023-08-17T18:15:43+00:00,72.15601851851852,low
72304,2023-07-25T18:46:06+00:00,2023-07-26T14:18:57+00:00,,v9.5.8,2023-08-17T18:15:43+00:00,22.97890046296296,low
72243,2023-07-25T08:17:52+00:00,2023-07-26T15:01:45+00:00,259a6623e4724cac4184b3510c4592d6593ebe3e,v10.1.0,2023-08-23T21:09:07+00:00,29.53559027777778,medium
71467,2023-07-12T14:15:56+00:00,2023-07-26T15:41:48+00:00,,v9.5.8,2023-08-17T18:15:43+00:00,36.1665162037037,low
71993,2023-07-20T02:07:52+00:00,2023-07-26T15:42:06+00:00,,v9.5.8,2023-08-17T18:15:43+00:00,28.672118055555554,low
72401,2023-07-26T16:56:27+00:00,2023-07-26T19:00:39+00:00,,v9.5.8,2023-08-17T18:15:43+00:00,22.055046296296297,low
72399,2023-07-26T16:53:37+00:00,2023-07-26T19:00:58+00:00,,v9.5.8,2023-08-17T18:15:43+00:00,22.05701388888889,low
68538,2023-05-16T11:46:54+00:00,2023-07-28T08:32:21+00:00,,v9.5.8,2023-08-17T18:15:43+00:00,93.27001157407408,low
71843,2023-07-18T13:19:15+00:00,2023-07-28T08:37:58+00:00,7406c4ff5141f410a4935cb4dbf86c587516ee59,v10.2.0,2023-10-24T14:35:37+00:00,98.05303240740741,medium
71876,2023-07-18T16:35:33+00:00,2023-07-28T10:01:10+00:00,a7deca396e1d2d3fc7aaef22cb85786cc70b7fd8,v10.2.0,2023-10-24T14:35:37+00:00,97.91671296296296,medium
72008,2023-07-20T10:34:07+00:00,2023-07-28T12:49:04+00:00,,v9.5.8,2023-08-17T18:15:43+00:00,28.320555555555554,low
65399,2023-03-27T19:53:07+00:00,2023-07-28T13:08:43+00:00,,v9.5.8,2023-08-17T18:15:43+00:00,142.9323611111111,low
62365,2023-01-27T18:23:46+00:00,2023-07-28T14:03:58+00:00,50bd27b66554b11f6d32b296eff7880ccce88e51,v10.2.0,2023-10-24T14:35:37+00:00,269.8415625,medium
72435,2023-07-27T09:00:48+00:00,2023-07-31T12:11:46+00:00,,v9.5.8,2023-08-17T18:15:43+00:00,21.385358796296295,low
72504,2023-07-28T11:07:58+00:00,2023-07-31T13:47:27+00:00,,v9.5.8,2023-08-17T18:15:43+00:00,20.297048611111112,low
71326,2023-07-11T08:20:09+00:00,2023-07-31T13:54:56+00:00,,v9.5.8,2023-08-17T18:15:43+00:00,37.413587962962964,low
60692,2022-12-22T14:26:06+00:00,2023-07-31T21:03:14+00:00,,v9.5.8,2023-08-17T18:15:43+00:00,238.1594560185185,low
66803,2023-04-18T17:47:02+00:00,2023-08-01T08:49:54+00:00,,v9.5.8,2023-08-17T18:15:43+00:00,121.01991898148148,low
72536,2023-07-28T16:08:38+00:00,2023-08-02T04:53:38+00:00,79cef4fd1257ae2365e8902e8845682866672774,v10.2.0,2023-10-24T14:35:37+00:00,87.93540509259259,medium
72497,2023-07-28T09:12:27+00:00,2023-08-02T09:56:55+00:00,,v9.5.8,2023-08-17T18:15:43+00:00,20.37726851851852,low
72354,2023-07-26T12:59:33+00:00,2023-08-02T10:37:21+00:00,,v9.5.8,2023-08-17T18:15:43+00:00,22.219560185185184,low
72469,2023-07-27T17:43:22+00:00,2023-08-03T09:15:44+00:00,,v9.5.8,2023-08-17T18:15:43+00:00,21.022465277777776,low
72729,2023-08-02T10:38:52+00:00,2023-08-03T12:56:46+00:00,f8c44676df238b7ecc14e84c7abb9b0e46a03c53,v10.2.0,2023-10-24T14:35:37+00:00,83.16440972222222,medium
63295,2023-02-11T08:23:12+00:00,2023-08-04T08:43:15+00:00,1aed2ede7e82551ef6b51e5ad09d330cd5a7b8f2,v10.2.0,2023-10-24T14:35:37+00:00,255.25862268518517,medium
64756,2023-03-14T16:44:25+00:00,2023-08-04T09:43:49+00:00,,v9.5.8,2023-08-17T18:15:43+00:00,156.06340277777778,low
72853,2023-08-03T20:22:06+00:00,2023-08-04T15:21:15+00:00,92e7829e7a9836f78990d98b6b6cfb7c3c4adf0b,v10.2.0,2023-10-24T14:35:37+00:00,81.75938657407407,medium
72861,2023-08-03T21:36:15+00:00,2023-08-04T17:12:53+00:00,,v9.5.8,2023-08-17T18:15:43+00:00,13.860740740740741,low
66964,2023-04-20T13:45:03+00:00,2023-08-07T13:13:10+00:00,,v9.5.8,2023-08-17T18:15:43+00:00,119.18796296296296,low
67832,2023-05-04T12:41:45+00:00,2023-08-08T07:28:16+00:00,,v9.5.8,2023-08-17T18:15:43+00:00,105.23192129629629,low
71258,2023-07-08T01:10:34+00:00,2023-08-08T13:00:54+00:00,,v9.5.8,2023-08-17T18:15:43+00:00,40.711909722222224,low
72676,2023-08-01T13:20:11+00:00,2023-08-09T12:42:46+00:00,,v9.5.8,2023-08-17T18:15:43+00:00,16.20523148148148,low
73021,2023-08-08T01:27:31+00:00,2023-08-10T16:01:59+00:00,207dc44fbdb4bc45f00ca34723f3f61d75998f6f,v9.5.8,2023-08-17T18:15:43+00:00,9.700138888888889,low
73120,2023-08-09T16:28:55+00:00,2023-08-10T21:41:18+00:00,,v9.5.8,2023-08-17T18:15:43+00:00,8.074166666666667,low
72341,2023-07-26T10:30:05+00:00,2023-08-11T08:03:57+00:00,,v9.5.8,2023-08-17T18:15:43+00:00,22.323356481481483,low
73012,2023-08-07T18:26:30+00:00,2023-08-14T09:49:27+00:00,,v9.5.8,2023-08-17T18:15:43+00:00,9.992511574074074,low
72709,2023-08-02T06:44:18+00:00,2023-08-15T08:19:16+00:00,57d8997b86df7a6388dcab01394b971048399fe3,v10.2.0,2023-10-24T14:35:37+00:00,83.32730324074075,medium
72579,2023-07-31T08:29:17+00:00,2023-08-15T11:48:23+00:00,,v9.5.8,2023-08-17T18:15:43+00:00,17.40724537037037,low
69833,2023-06-09T07:45:09+00:00,2023-08-15T11:54:51+00:00,cd6ed02256ecf547ea96d6399e24f15f3cd56477,v10.2.0,2023-10-24T14:35:37+00:00,137.2850462962963,high
66790,2023-04-18T16:06:32+00:00,2023-08-15T14:27:17+00:00,,v9.5.8,2023-08-17T18:15:43+00:00,121.08971064814814,low
65101,2023-03-21T11:44:59+00:00,2023-08-15T17:47:58+00:00,,v9.5.8,2023-08-17T18:15:43+00:00,149.2713425925926,low
70323,2023-06-19T12:43:14+00:00,2023-08-16T15:32:50+00:00,8e7fa507751b5f84bef1534589ed0490371bd72f,v10.2.0,2023-10-24T14:35:37+00:00,127.07804398148149,medium
73269,2023-08-15T09:23:35+00:00,2023-08-16T15:51:20+00:00,,v9.5.8,2023-08-17T18:15:43+00:00,2.369537037037037,low
72505,2023-07-28T11:13:28+00:00,2023-08-17T15:53:13+00:00,,v9.5.8,2023-08-17T18:15:43+00:00,20.293229166666666,low
71747,2023-07-17T12:03:17+00:00,2023-08-17T16:01:32+00:00,,v9.5.8,2023-08-17T18:15:43+00:00,31.25863425925926,low
73312,2023-08-15T20:04:00+00:00,2023-08-18T12:42:57+00:00,,v10.0.4,2023-08-23T20:47:47+00:00,8.030405092592593,low
71358,2023-07-11T12:14:06+00:00,2023-08-18T15:01:38+00:00,,v10.0.4,2023-08-23T20:47:47+00:00,43.35672453703704,low
73089,2023-08-09T09:33:34+00:00,2023-08-21T12:19:22+00:00,,v10.0.4,2023-08-23T20:47:47+00:00,14.468206018518519,low
45810,2022-02-23T20:52:26+00:00,2023-08-21T17:10:38+00:00,,v10.0.4,2023-08-23T20:47:47+00:00,545.9967708333334,low
66221,2023-04-10T18:44:56+00:00,2023-08-21T21:36:38+00:00,,v10.0.4,2023-08-23T20:47:47+00:00,135.0853125,low
73531,2023-08-19T15:19:48+00:00,2023-08-22T13:19:53+00:00,997d21f6e560573e9aa78886122c1bbced647747,v10.2.0,2023-10-24T14:35:37+00:00,65.96931712962963,medium
48545,2022-04-29T15:01:24+00:00,2023-08-23T09:55:16+00:00,,v10.0.4,2023-08-23T20:47:47+00:00,481.2405439814815,low
63197,2023-02-09T08:57:25+00:00,2023-08-23T12:26:56+00:00,,v10.0.4,2023-08-23T20:47:47+00:00,195.49331018518518,low
69939,2023-06-12T15:53:37+00:00,2023-08-23T12:57:34+00:00,,v10.0.4,2023-08-23T20:47:47+00:00,72.2042824074074,low
56175,2022-10-03T12:28:24+00:00,2023-08-23T14:02:51+00:00,,v10.0.4,2023-08-23T20:47:47+00:00,324.3467939814815,low
73573,2023-08-21T15:23:18+00:00,2023-08-23T15:12:25+00:00,a01a9034926c231fff1cba93585e22a9ea17217f,v10.2.0,2023-10-24T14:35:37+00:00,63.966886574074074,medium
72259,2023-07-25T10:13:47+00:00,2023-08-24T07:39:31+00:00,,v10.1.1,2023-08-31T23:44:07+00:00,37.56273148148148,low
73100,2023-08-09T11:35:44+00:00,2023-08-24T12:10:15+00:00,d293b08e525c6b30f7d10bd6c589680bcb705793,v10.2.0,2023-10-24T14:35:37+00:00,76.12491898148149,medium
67549,2023-04-28T17:21:10+00:00,2023-08-24T19:26:29+00:00,9f17482318d658f5cb39864e0c274310aff1f095,v10.1.1,2023-08-31T23:44:07+00:00,125.2659375,low
73744,2023-08-24T10:54:14+00:00,2023-08-25T08:25:14+00:00,,v10.1.1,2023-08-31T23:44:07+00:00,7.534641203703703,low
73786,2023-08-24T17:17:42+00:00,2023-08-25T11:59:46+00:00,5d14b6ba195e790d9cf9a0290985e8b90ec9b1b4,v10.2.0,2023-10-24T14:35:37+00:00,60.887442129629626,medium
73814,2023-08-25T10:42:22+00:00,2023-08-25T18:24:51+00:00,39077769a8c1a2565f53023880905636cbdb6ecd,v10.2.0,2023-10-24T14:35:37+00:00,60.16197916666667,medium
68447,2023-05-15T10:45:02+00:00,2023-08-28T08:33:10+00:00,,v10.1.1,2023-08-31T23:44:07+00:00,108.54103009259259,low
73563,2023-08-21T12:18:20+00:00,2023-08-28T08:53:32+00:00,aa0d4b3e455b97910abd1875e353c80730c4a3f1,v10.2.0,2023-10-24T14:35:37+00:00,64.09533564814815,medium
73670,2023-08-23T10:32:09+00:00,2023-08-28T10:08:59+00:00,,v10.1.1,2023-08-31T23:44:07+00:00,8.549976851851852,low
64887,2023-03-16T10:37:16+00:00,2023-08-28T12:38:34+00:00,97c3cd1af3f4c41e7473cdac1ee5400a404541ec,v10.2.0,2023-10-24T14:35:37+00:00,222.16552083333335,medium
73747,2023-08-24T12:21:53+00:00,2023-08-28T12:53:52+00:00,38603b1a9e0e71f6cb9dce8752ef64c3a6b376b4,v10.2.0,2023-10-24T14:35:37+00:00,61.09287037037037,high
73863,2023-08-25T20:42:20+00:00,2023-08-28T15:44:00+00:00,,v10.1.1,2023-08-31T23:44:07+00:00,6.1262384259259255,low
73890,2023-08-28T07:59:07+00:00,2023-08-29T12:05:04+00:00,45a8ca3111276db92a2a7d33a7c19265faf1f996,v10.2.0,2023-10-24T14:35:37+00:00,57.27534722222222,medium
73796,2023-08-24T21:31:22+00:00,2023-08-29T15:41:46+00:00,6f368d51fd96460b46916d1474a2788ce56f1595,v10.2.0,2023-10-24T14:35:37+00:00,60.711284722222224,medium
73912,2023-08-28T11:14:51+00:00,2023-08-30T09:11:07+00:00,,v10.1.1,2023-08-31T23:44:07+00:00,3.520324074074074,low
67556,2023-04-28T18:40:28+00:00,2023-08-30T12:38:14+00:00,,v10.1.1,2023-08-31T23:44:07+00:00,125.21086805555555,low
71781,2023-07-17T16:29:52+00:00,2023-08-30T15:45:22+00:00,3e272d2bdaf116b5a1738fb80388a044547c0683,v10.2.0,2023-10-24T14:35:37+00:00,98.92065972222223,medium
72260,2023-07-25T10:30:28+00:00,2023-08-30T16:41:21+00:00,,v10.1.1,2023-08-31T23:44:07+00:00,37.55114583333334,low
74233,2023-08-31T19:44:06+00:00,2023-09-04T08:29:41+00:00,4ebf5109114d9c41c7f45828c19fdcab3e153256,v9.4.14,2023-09-05T11:07:47+00:00,4.641446759259259,low
59665,2022-12-01T16:37:29+00:00,2023-09-04T09:38:37+00:00,7369ec9e9856ffa6347309d5266b6259aafedc15,v9.4.14,2023-09-05T11:07:47+00:00,277.7710416666667,low
71619,2023-07-14T03:41:01+00:00,2023-09-04T17:31:28+00:00,c15717be28206d99c32f030070612d239c3dc818,v9.4.14,2023-09-05T11:07:47+00:00,53.31025462962963,low
74348,2023-09-04T18:44:26+00:00,2023-09-04T21:19:23+00:00,,v9.4.14,2023-09-05T11:07:47+00:00,0.6828819444444445,low
59805,2022-12-05T11:48:17+00:00,2023-09-05T11:06:40+00:00,,v9.4.14,2023-09-05T11:07:47+00:00,273.971875,low
74333,2023-09-04T14:50:09+00:00,2023-09-05T11:10:02+00:00,c5a0d64652b03b506e3f9a60add80ffe585db223,v10.2.0,2023-10-24T14:35:37+00:00,49.98990740740741,medium
66503,2023-04-13T17:44:05+00:00,2023-09-05T19:15:13+00:00,,v9.4.15,2023-09-19T05:38:39+00:00,158.49622685185184,low
64880,2023-03-16T10:00:40+00:00,2023-09-05T20:41:12+00:00,,v9.4.15,2023-09-19T05:38:39+00:00,186.81804398148148,low
73888,2023-08-28T07:44:59+00:00,2023-09-06T16:08:26+00:00,,v9.4.15,2023-09-19T05:38:39+00:00,21.91226851851852,low
74590,2023-09-08T10:03:57+00:00,2023-09-08T14:07:01+00:00,a31b02035ad67f0fe1f9fd474eef9d468b490429,v10.2.0,2023-10-24T14:35:37+00:00,46.188657407407405,medium
73818,2023-08-25T11:32:22+00:00,2023-09-08T18:57:12+00:00,,v9.4.15,2023-09-19T05:38:39+00:00,24.754363425925927,low
62904,2023-02-03T18:28:48+00:00,2023-09-08T19:09:37+00:00,,v9.4.15,2023-09-19T05:38:39+00:00,227.4651736111111,low
73805,2023-08-25T09:16:12+00:00,2023-09-09T12:11:38+00:00,,v9.4.15,2023-09-19T05:38:39+00:00,24.84892361111111,low
74587,2023-09-08T09:49:55+00:00,2023-09-11T11:43:59+00:00,,v9.4.15,2023-09-19T05:38:39+00:00,10.82550925925926,low
69870,2023-06-09T21:03:59+00:00,2023-09-11T17:34:34+00:00,,v9.4.15,2023-09-19T05:38:39+00:00,101.35740740740741,low
61955,2023-01-23T20:08:37+00:00,2023-09-11T20:46:59+00:00,,v9.4.15,2023-09-19T05:38:39+00:00,238.39585648148147,low
66639,2023-04-16T16:06:28+00:00,2023-09-11T20:48:48+00:00,,v9.4.15,2023-09-19T05:38:39+00:00,155.56401620370372,low
72293,2023-07-25T15:41:50+00:00,2023-09-12T07:31:40+00:00,29238c19fd6ffc25d36047e2c093573e1ec01604,v10.2.0,2023-10-24T14:35:37+00:00,90.9540162037037,medium
45281,2022-02-11T10:33:34+00:00,2023-09-12T08:33:10+00:00,8cb93bf3e785273d67fdd6f0e157210e442aae2e,v10.2.0,2023-10-24T14:35:37+00:00,620.1680902777778,medium
74648,2023-09-11T07:45:54+00:00,2023-09-12T08:34:14+00:00,1a8a19a9edeb2896f04409382eb72c95ebdc2eae,v10.2.0,2023-10-24T14:35:37+00:00,43.28452546296296,medium
74692,2023-09-11T19:13:47+00:00,2023-09-12T14:57:16+00:00,,v9.4.15,2023-09-19T05:38:39+00:00,7.433935185185185,low
74799,2023-09-13T08:40:29+00:00,2023-09-13T09:47:41+00:00,e4ea62b3af673e4db686fc8684d81194eb48ed20,v10.2.0,2023-10-24T14:35:37+00:00,41.24662037037037,medium
59543,2022-11-30T11:07:23+00:00,2023-09-13T10:00:22+00:00,,v9.4.15,2023-09-19T05:38:39+00:00,292.77171296296297,low
74727,2023-09-12T12:00:35+00:00,2023-09-13T11:29:13+00:00,,v9.4.15,2023-09-19T05:38:39+00:00,6.734768518518519,low
64242,2023-03-06T16:16:40+00:00,2023-09-13T12:46:51+00:00,,v9.4.15,2023-09-19T05:38:39+00:00,196.55693287037036,low
69002,2023-05-24T15:32:47+00:00,2023-09-13T19:04:51+00:00,4b7b323061a803125db161219c5452d7e2f27e6f,v10.2.0,2023-10-24T14:35:37+00:00,152.96030092592594,medium
74269,2023-09-01T11:29:54+00:00,2023-09-14T14:12:40+00:00,a046c043d7c4470ec675319ebdd6a5722a15fd24,v10.2.0,2023-10-24T14:35:37+00:00,53.12896990740741,medium
74645,2023-09-11T04:31:53+00:00,2023-09-14T16:26:02+00:00,,v9.4.15,2023-09-19T05:38:39+00:00,8.046365740740741,low
74258,2023-09-01T08:46:28+00:00,2023-09-18T12:44:57+00:00,,v9.4.15,2023-09-19T05:38:39+00:00,17.86957175925926,low
71364,2023-07-11T12:47:33+00:00,2023-09-19T09:16:36+00:00,,v10.1.4,2023-09-29T20:09:54+00:00,80.3071875,low
74972,2023-09-16T16:13:16+00:00,2023-09-19T14:23:03+00:00,,v10.1.4,2023-09-29T20:09:54+00:00,13.164328703703704,low
52371,2022-07-17T23:04:27+00:00,2023-09-19T14:44:33+00:00,,v10.1.4,2023-09-29T20:09:54+00:00,438.87878472222224,low
74975,2023-09-17T21:57:12+00:00,2023-09-19T19:44:52+00:00,,v10.1.4,2023-09-29T20:09:54+00:00,11.92548611111111,low
70902,2023-06-29T13:37:06+00:00,2023-09-20T06:51:38+00:00,d852aed4f350255d29c1881da074c2de1262e9fe,v10.2.0,2023-10-24T14:35:37+00:00,117.04063657407407,medium
75101,2023-09-19T13:22:43+00:00,2023-09-20T14:54:26+00:00,480aa1ccca03f267907c685a0f2358a9793ff677,v10.2.0,2023-10-24T14:35:37+00:00,35.050625,medium
70301,2023-06-19T07:41:25+00:00,2023-09-20T15:10:25+00:00,0884f7811069cbfd24d9fb2d7bc438ca569cc083,v10.2.0,2023-10-24T14:35:37+00:00,127.28763888888889,medium
74222,2023-08-31T18:50:38+00:00,2023-09-21T20:36:04+00:00,b5da762477d0e568d8db94106d59142e0974fbdd,v10.2.0,2023-10-24T14:35:37+00:00,53.82290509259259,medium
75259,2023-09-21T23:49:58+00:00,2023-09-22T09:32:34+00:00,,v10.1.4,2023-09-29T20:09:54+00:00,7.847175925925926,low
51743,2022-07-05T13:59:31+00:00,2023-09-22T15:32:21+00:00,,v10.1.4,2023-09-29T20:09:54+00:00,451.25721064814815,low
74987,2023-09-18T09:25:25+00:00,2023-09-22T15:40:21+00:00,,v10.1.4,2023-09-29T20:09:54+00:00,11.447557870370371,low
65581,2023-03-30T01:23:31+00:00,2023-09-22T16:33:42+00:00,,v10.1.4,2023-09-29T20:09:54+00:00,183.78221064814815,low
69610,2023-06-06T08:28:06+00:00,2023-09-22T16:33:42+00:00,,v10.1.4,2023-09-29T20:09:54+00:00,115.48736111111111,low
63840,2023-02-28T10:17:31+00:00,2023-09-22T16:33:43+00:00,,v10.1.4,2023-09-29T20:09:54+00:00,213.4113773148148,low
75179,2023-09-20T16:04:34+00:00,2023-09-25T09:52:57+00:00,,v10.1.4,2023-09-29T20:09:54+00:00,9.170370370370371,low
74685,2023-09-11T15:53:05+00:00,2023-09-26T18:27:35+00:00,,v10.1.4,2023-09-29T20:09:54+00:00,18.178344907407407,low
75093,2023-09-19T12:44:50+00:00,2023-09-27T12:15:45+00:00,,v10.1.4,2023-09-29T20:09:54+00:00,10.309074074074074,low
69568,2023-06-05T14:46:32+00:00,2023-09-27T13:53:40+00:00,,v10.1.4,2023-09-29T20:09:54+00:00,116.22456018518518,low
72172,2023-07-23T10:18:37+00:00,2023-09-27T14:41:51+00:00,06a35f55ac56ca5699031b2af9202ac7a26918fc,v10.2.0,2023-10-24T14:35:37+00:00,93.17847222222223,medium
75279,2023-09-22T10:42:23+00:00,2023-09-28T09:23:55+00:00,8eadc94d3e8f3c6acf675ea623dfb544cad2654e,v10.2.0,2023-10-24T14:35:37+00:00,32.161967592592596,medium
75255,2023-09-21T19:43:16+00:00,2023-09-28T13:16:52+00:00,,v10.1.4,2023-09-29T20:09:54+00:00,8.01849537037037,low
74189,2023-08-31T14:14:00+00:00,2023-09-29T07:27:26+00:00,,v10.1.4,2023-09-29T20:09:54+00:00,29.247152777777778,low
73608,2023-08-22T11:16:39+00:00,2023-09-29T09:12:07+00:00,a2ee9833dc329af4d4a1b55ab214a47d37d4ef48,v10.2.0,2023-10-24T14:35:37+00:00,63.1381712962963,medium
75694,2023-09-28T16:36:47+00:00,2023-09-29T12:47:55+00:00,,v10.1.4,2023-09-29T20:09:54+00:00,1.1479976851851852,low
75352,2023-09-25T08:03:00+00:00,2023-09-29T14:54:18+00:00,f39ed59662a862bf62d8869d0365b411bc4b0e25,v10.2.0,2023-10-24T14:35:37+00:00,29.272650462962964,medium
75422,2023-09-26T09:29:15+00:00,2023-10-02T17:11:29+00:00,,v9.4.17,2023-10-12T09:41:57+00:00,16.008819444444445,low
75244,2023-09-21T14:23:38+00:00,2023-10-03T12:55:44+00:00,,v9.4.17,2023-10-12T09:41:57+00:00,20.804386574074073,low
72594,2023-07-31T11:05:26+00:00,2023-10-03T13:54:52+00:00,5108430aec4b9a31ca0a1eda41d8af61cb3f2127,v10.2.0,2023-10-24T14:35:37+00:00,85.14596064814815,medium
73232,2023-08-14T12:45:13+00:00,2023-10-03T14:16:05+00:00,,v9.4.17,2023-10-12T09:41:57+00:00,58.87273148148148,low
75512,2023-09-27T08:59:21+00:00,2023-10-03T15:37:34+00:00,,v9.4.17,2023-10-12T09:41:57+00:00,15.029583333333333,low
73976,2023-08-29T06:58:03+00:00,2023-10-03T20:43:14+00:00,,v9.4.17,2023-10-12T09:41:57+00:00,44.113819444444445,low
74225,2023-08-31T18:52:29+00:00,2023-10-04T04:33:00+00:00,549acf09b153dc828f4beee604e931e7c523d82c,v10.2.0,2023-10-24T14:35:37+00:00,53.82162037037037,medium
74807,2023-09-13T09:37:33+00:00,2023-10-04T11:48:57+00:00,,v9.4.17,2023-10-12T09:41:57+00:00,29.003055555555555,low
64210,2023-03-06T11:08:50+00:00,2023-10-05T10:14:12+00:00,,v9.4.17,2023-10-12T09:41:57+00:00,219.93966435185186,low
51825,2022-07-06T15:29:48+00:00,2023-10-05T10:14:12+00:00,,v9.4.17,2023-10-12T09:41:57+00:00,462.7584375,low
74500,2023-09-07T03:34:06+00:00,2023-10-05T19:58:37+00:00,,v9.4.17,2023-10-12T09:41:57+00:00,35.255451388888886,low
74501,2023-09-07T03:34:11+00:00,2023-10-05T19:58:38+00:00,b9e371dcd302624d3ca8bbf6ea033b270be6ca8d,v9.4.17,2023-10-12T09:41:57+00:00,35.25539351851852,low
75962,2023-10-04T14:00:15+00:00,2023-10-06T13:03:22+00:00,,v9.4.17,2023-10-12T09:41:57+00:00,7.820625,low
75493,2023-09-26T18:50:04+00:00,2023-10-06T17:23:50+00:00,,v9.4.17,2023-10-12T09:41:57+00:00,15.619363425925926,low
74297,2023-09-03T08:44:24+00:00,2023-10-09T09:01:38+00:00,,v9.4.17,2023-10-12T09:41:57+00:00,39.039965277777775,low
74989,2023-09-18T09:48:40+00:00,2023-10-09T13:23:17+00:00,8bf914ac0b61c32b71191d7ce701e951c033564b,v10.2.0,2023-10-24T14:35:37+00:00,36.19927083333334,medium
74711,2023-09-12T09:23:22+00:00,2023-10-09T13:23:18+00:00,8bf914ac0b61c32b71191d7ce701e951c033564b,v10.2.0,2023-10-24T14:35:37+00:00,42.21684027777778,medium
74703,2023-09-12T08:31:57+00:00,2023-10-09T13:26:46+00:00,,v9.4.17,2023-10-12T09:41:57+00:00,30.04861111111111,low
76211,2023-10-09T16:10:34+00:00,2023-10-10T14:23:10+00:00,2a2401e673a7828b937a66b03b928ca25ad52a00,v10.2.0,2023-10-24T14:35:37+00:00,14.9340625,medium
72797,2023-08-03T08:58:41+00:00,2023-10-10T16:07:26+00:00,,v9.4.17,2023-10-12T09:41:57+00:00,70.03004629629629,low
72525,2023-07-28T15:03:39+00:00,2023-10-10T16:28:29+00:00,,v9.4.17,2023-10-12T09:41:57+00:00,75.77659722222222,low
71081,2023-07-05T13:52:37+00:00,2023-10-10T18:14:58+00:00,56043052714c216a1617cb1a19e0b94714e34bb7,v10.2.0,2023-10-24T14:35:37+00:00,111.02986111111112,medium
76041,2023-10-05T13:00:38+00:00,2023-10-11T13:51:22+00:00,05e12e787bc002eccb30a3085aaa397f4fc11e6f,v10.2.0,2023-10-24T14:35:37+00:00,19.06596064814815,medium
51235,2022-06-22T11:22:20+00:00,2023-10-11T15:24:07+00:00,,v9.4.17,2023-10-12T09:41:57+00:00,476.93028935185185,low
76090,2023-10-05T23:46:37+00:00,2023-10-12T05:43:34+00:00,4dfffa3c32089f0d888f1b62690ae031c38e6079,v10.2.0,2023-10-24T14:35:37+00:00,18.617361111111112,medium
74443,2023-09-06T13:29:47+00:00,2023-10-12T08:39:25+00:00,,v9.4.17,2023-10-12T09:41:57+00:00,35.84178240740741,low
71529,2023-07-13T08:48:00+00:00,2023-10-12T22:12:42+00:00,,v10.2.0,2023-10-24T14:35:37+00:00,103.24140046296296,low
67448,2023-04-27T20:28:22+00:00,2023-10-12T22:23:53+00:00,,v10.2.0,2023-10-24T14:35:37+00:00,179.75503472222223,low
75091,2023-09-19T12:04:00+00:00,2023-10-13T06:53:41+00:00,03bb6d6f741f7dfa9db13e9f859745cb38fe9356,v10.2.0,2023-10-24T14:35:37+00:00,35.10528935185185,medium
57565,2022-10-24T20:34:28+00:00,2023-10-13T10:48:32+00:00,,v10.2.0,2023-10-24T14:35:37+00:00,364.7507986111111,low
54887,2022-09-08T10:00:23+00:00,2023-10-13T12:51:01+00:00,,v10.2.0,2023-10-24T14:35:37+00:00,411.1911342592593,low
63782,2023-02-27T07:09:18+00:00,2023-10-13T13:43:43+00:00,,v10.2.0,2023-10-24T14:35:37+00:00,239.30994212962963,low
76448,2023-10-12T12:46:58+00:00,2023-10-13T14:23:26+00:00,,v10.2.0,2023-10-24T14:35:37+00:00,12.075451388888888,low
73425,2023-08-17T19:04:24+00:00,2023-10-16T14:10:03+00:00,,v10.2.0,2023-10-24T14:35:37+00:00,67.81334490740741,low
76714,2023-10-17T17:09:01+00:00,2023-10-17T21:26:33+00:00,41e3b3bea2d91f9da38d65bfee89f321499ea3f9,v10.2.3,2023-12-19T12:26:27+00:00,62.803773148148146,medium
76713,2023-10-17T17:08:54+00:00,2023-10-17T21:26:34+00:00,,v10.2.0,2023-10-24T14:35:37+00:00,6.893553240740741,low
76718,2023-10-17T17:41:21+00:00,2023-10-17T22:00:29+00:00,,v10.2.0,2023-10-24T14:35:37+00:00,6.871018518518518,low
76802,2023-10-19T11:42:05+00:00,2023-10-19T17:31:08+00:00,8f6a3c18c58a5f1f193ed9570ad0501ee8e3ce96,v10.2.3,2023-12-19T12:26:27+00:00,61.03081018518518,medium
76542,2023-10-13T12:33:09+00:00,2023-10-19T17:31:25+00:00,aa7ea872e70e84383406b5fe91aaf50966ef7180,v10.2.0,2023-10-24T14:35:37+00:00,11.085046296296296,low
76734,2023-10-18T08:23:35+00:00,2023-10-20T09:09:10+00:00,a0476741f2974bbba9f995daeb3166e959a55c34,v10.2.3,2023-12-19T12:26:27+00:00,62.16865740740741,medium
57497,2022-10-23T15:29:41+00:00,2023-10-20T13:00:42+00:00,7028406b6d99d3058c52e547ab60e2bc7ef6b18f,v10.2.3,2023-12-19T12:26:27+00:00,421.87275462962964,medium
76715,2023-10-17T17:09:05+00:00,2023-10-20T17:29:54+00:00,,v10.2.0,2023-10-24T14:35:37+00:00,6.893425925925926,low
76878,2023-10-20T12:43:48+00:00,2023-10-21T18:21:23+00:00,152e0e21f986f78d0922fab42efb40e2476876ed,v10.2.3,2023-12-19T12:26:27+00:00,59.98795138888889,medium
76897,2023-10-20T15:46:46+00:00,2023-10-23T17:21:33+00:00,,v10.2.0,2023-10-24T14:35:37+00:00,3.9505902777777777,low
76995,2023-10-23T18:44:31+00:00,2023-10-23T20:14:03+00:00,,v10.2.0,2023-10-24T14:35:37+00:00,0.8271527777777777,low
77020,2023-10-24T08:11:42+00:00,2023-10-24T08:52:16+00:00,,v10.2.0,2023-10-24T14:35:37+00:00,0.2666087962962963,low
57207,2022-10-18T18:13:33+00:00,2023-10-24T11:16:35+00:00,,v10.2.0,2023-10-24T14:35:37+00:00,370.8486574074074,low
47991,2022-04-20T17:19:24+00:00,2023-10-24T17:11:41+00:00,,v10.2.1,2023-11-14T17:20:40+00:00,573.0008796296296,low
77105,2023-10-25T07:03:31+00:00,2023-10-25T13:56:12+00:00,,v10.2.1,2023-11-14T17:20:40+00:00,20.42857638888889,low
77093,2023-10-24T20:50:40+00:00,2023-10-25T23:14:43+00:00,,v10.2.1,2023-11-14T17:20:40+00:00,20.854166666666668,low
77100,2023-10-24T23:37:36+00:00,2023-10-26T09:37:37+00:00,,v10.2.1,2023-11-14T17:20:40+00:00,20.73824074074074,low
77200,2023-10-26T11:03:54+00:00,2023-10-26T12:17:41+00:00,,v10.2.1,2023-11-14T17:20:40+00:00,19.261643518518518,low
76768,2023-10-18T15:37:24+00:00,2023-10-26T13:16:25+00:00,2c92e370dd3369eeb2d1f63da57e4b7177006932,v10.2.3,2023-12-19T12:26:27+00:00,61.86739583333333,medium
77106,2023-10-25T07:03:56+00:00,2023-10-27T07:20:21+00:00,,v10.2.1,2023-11-14T17:20:40+00:00,20.428287037037038,low
76024,2023-10-05T10:40:52+00:00,2023-10-27T08:14:09+00:00,45bcbff115984f7df20c2f67483beccef074068a,v10.2.3,2023-12-19T12:26:27+00:00,75.07332175925926,medium
77237,2023-10-26T18:52:35+00:00,2023-10-27T13:37:25+00:00,bf554d121cc116457f3432f2448314381b234016,v10.2.3,2023-12-19T12:26:27+00:00,53.73185185185185,medium
76291,2023-10-10T17:10:45+00:00,2023-10-27T15:30:51+00:00,71e3814c469e6d407cf5458951258c000ffc861c,v10.2.3,2023-12-19T12:26:27+00:00,69.80256944444444,medium
62313,2023-01-27T12:35:03+00:00,2023-10-27T16:35:59+00:00,,v10.2.1,2023-11-14T17:20:40+00:00,291.19834490740743,low
77202,2023-10-26T11:06:20+00:00,2023-10-30T08:56:28+00:00,dae49fbb3431bd026e5b12ebfd5aa9e0ae3a2225,v10.2.3,2023-12-19T12:26:27+00:00,54.05563657407407,medium
72507,2023-07-28T11:15:35+00:00,2023-10-30T12:40:46+00:00,03ca9c7c66d219b521f6440080ea2272d5770f8f,v10.2.3,2023-12-19T12:26:27+00:00,144.04921296296297,medium
76764,2023-10-18T14:59:46+00:00,2023-10-30T19:31:31+00:00,1ba30b4de3f1ab47083c83b0b027d00b589b1aa7,v10.2.3,2023-12-19T12:26:27+00:00,61.89353009259259,medium
63919,2023-03-01T09:10:44+00:00,2023-10-31T08:39:40+00:00,,v10.2.1,2023-11-14T17:20:40+00:00,258.34023148148145,low
75591,2023-09-27T18:43:18+00:00,2023-10-31T15:33:38+00:00,,v10.2.1,2023-11-14T17:20:40+00:00,47.94261574074074,low
77451,2023-10-31T15:07:41+00:00,2023-11-01T15:49:47+00:00,7737226786c68cc4c323a717f6cb5dfc56d5ea03,v10.2.3,2023-12-19T12:26:27+00:00,48.88803240740741,medium
71303,2023-07-10T17:36:16+00:00,2023-11-01T15:55:04+00:00,,v10.2.1,2023-11-14T17:20:40+00:00,126.98916666666666,low
71877,2023-07-18T16:36:03+00:00,2023-11-01T16:42:26+00:00,9116043453a2673a748336cce47b940c93ea7ad8,v10.2.3,2023-12-19T12:26:27+00:00,153.82666666666665,medium
77384,2023-10-30T15:15:06+00:00,2023-11-02T09:46:45+00:00,,v10.2.1,2023-11-14T17:20:40+00:00,15.087199074074075,low
76973,2023-10-23T14:23:14+00:00,2023-11-02T10:23:20+00:00,,v10.2.1,2023-11-14T17:20:40+00:00,22.123217592592592,low
77306,2023-10-27T16:22:45+00:00,2023-11-02T15:36:49+00:00,,v10.2.1,2023-11-14T17:20:40+00:00,18.04021990740741,low
72331,2023-07-26T09:07:07+00:00,2023-11-02T15:47:44+00:00,0eda368d32dbd7f57635cabd6b7d6870ca7b58ee,v10.2.3,2023-12-19T12:26:27+00:00,146.13842592592593,medium
77194,2023-10-26T09:06:50+00:00,2023-11-02T16:16:16+00:00,,v10.2.1,2023-11-14T17:20:40+00:00,19.342939814814816,low
77149,2023-10-25T14:37:25+00:00,2023-11-03T15:36:55+00:00,,v10.2.1,2023-11-14T17:20:40+00:00,20.113368055555554,low
77593,2023-11-02T19:34:31+00:00,2023-11-03T16:34:01+00:00,c98add6e5a1653f3c0b494704c63807bcbe744e3,v10.2.3,2023-12-19T12:26:27+00:00,46.70273148148148,high
74971,2023-09-16T14:00:31+00:00,2023-11-06T07:35:44+00:00,f88a0f36ecf16a88124759b22367f9b50fbecad1,v10.2.3,2023-12-19T12:26:27+00:00,93.93467592592593,medium
57270,2022-10-19T12:20:05+00:00,2023-11-06T09:05:57+00:00,,v10.2.1,2023-11-14T17:20:40+00:00,391.2087384259259,low
77502,2023-11-01T15:17:56+00:00,2023-11-06T14:23:25+00:00,,v10.2.1,2023-11-14T17:20:40+00:00,13.08523148148148,low
76699,2023-10-17T15:21:52+00:00,2023-11-06T16:30:01+00:00,8aa5d470ca34831757e7aa4b47822210505a6db5,v10.2.3,2023-12-19T12:26:27+00:00,62.878182870370374,medium
75223,2023-09-21T10:54:37+00:00,2023-11-07T11:17:05+00:00,b7f854a06cfbbd13024d8d7ef6f98e681eec07da,v10.2.3,2023-12-19T12:26:27+00:00,89.06377314814814,medium
76958,2023-10-23T12:29:37+00:00,2023-11-07T12:06:55+00:00,,v10.2.1,2023-11-14T17:20:40+00:00,22.202118055555555,low
77740,2023-11-06T16:26:36+00:00,2023-11-07T14:40:33+00:00,,v10.2.1,2023-11-14T17:20:40+00:00,8.037546296296297,low
74212,2023-08-31T17:08:00+00:00,2023-11-08T10:43:40+00:00,,v10.2.1,2023-11-14T17:20:40+00:00,75.0087962962963,low
75046,2023-09-18T21:21:07+00:00,2023-11-08T11:51:30+00:00,,v10.2.1,2023-11-14T17:20:40+00:00,56.833020833333336,low
58628,2022-11-11T09:52:42+00:00,2023-11-08T12:49:41+00:00,,v10.2.1,2023-11-14T17:20:40+00:00,368.311087962963,low
76800,2023-10-19T11:06:01+00:00,2023-11-08T13:04:32+00:00,,v10.2.1,2023-11-14T17:20:40+00:00,26.26017361111111,low
55977,2022-09-29T07:25:29+00:00,2023-11-09T14:33:27+00:00,,v10.2.1,2023-11-14T17:20:40+00:00,411.41332175925925,low
66827,2023-04-19T10:18:06+00:00,2023-11-10T16:48:33+00:00,,v10.2.1,2023-11-14T17:20:40+00:00,209.29344907407406,low
77535,2023-11-02T04:21:59+00:00,2023-11-13T02:55:01+00:00,,v10.2.1,2023-11-14T17:20:40+00:00,12.540752314814815,low
77572,2023-11-02T15:09:56+00:00,2023-11-13T13:31:21+00:00,,v10.2.1,2023-11-14T17:20:40+00:00,12.090787037037037,low
59235,2022-11-23T15:36:03+00:00,2023-11-13T15:38:59+00:00,,v10.2.1,2023-11-14T17:20:40+00:00,356.07265046296294,low
63918,2023-03-01T09:04:55+00:00,2023-11-14T10:58:56+00:00,,v10.2.1,2023-11-14T17:20:40+00:00,258.3442708333333,low
74714,2023-09-12T09:32:39+00:00,2023-11-14T16:40:08+00:00,,v10.2.1,2023-11-14T17:20:40+00:00,63.325011574074075,low
78025,2023-11-12T09:54:13+00:00,2023-11-15T09:12:06+00:00,20f541d7e759dd9c7683f37fd1394151cde280cb,v10.2.3,2023-12-19T12:26:27+00:00,37.10571759259259,medium
77673,2023-11-04T19:05:39+00:00,2023-11-15T14:00:48+00:00,,v10.2.2,2023-11-21T09:46:16+00:00,16.611539351851853,low
78166,2023-11-15T07:49:24+00:00,2023-11-15T20:56:23+00:00,,v10.2.2,2023-11-21T09:46:16+00:00,6.0811574074074075,low
78124,2023-11-14T16:11:25+00:00,2023-11-15T21:06:38+00:00,1ebdf390e6bcfae73a23b9b4076381fd0a9a9256,v10.2.3,2023-12-19T12:26:27+00:00,34.843773148148145,medium
78099,2023-11-14T11:16:13+00:00,2023-11-16T07:42:46+00:00,,v10.2.2,2023-11-21T09:46:16+00:00,6.937534722222222,low
76068,2023-10-05T16:02:17+00:00,2023-11-16T11:11:37+00:00,,v10.2.2,2023-11-21T09:46:16+00:00,46.738877314814815,low
78236,2023-11-15T20:15:02+00:00,2023-11-16T14:06:39+00:00,3d4940cf8559d4676077e522a8d24a55c017bdfc,v10.2.3,2023-12-19T12:26:27+00:00,33.67459490740741,medium
78234,2023-11-15T20:09:54+00:00,2023-11-17T09:02:54+00:00,f32f8a160eca77a909a1195eaf8ca94f15e5f08c,v10.2.3,2023-12-19T12:26:27+00:00,33.67815972222222,medium
78063,2023-11-13T15:23:31+00:00,2023-11-17T16:10:29+00:00,,v10.2.2,2023-11-21T09:46:16+00:00,7.765798611111111,low
71317,2023-07-11T02:59:34+00:00,2023-11-17T21:43:19+00:00,,v10.2.2,2023-11-21T09:46:16+00:00,133.28243055555555,low
78185,2023-11-15T11:35:47+00:00,2023-11-18T02:31:51+00:00,e5c2e123efdc73c650e1b92524678e01848e1db9,v10.2.3,2023-12-19T12:26:27+00:00,34.035185185185185,medium
77114,2023-10-25T08:01:22+00:00,2023-11-20T11:01:42+00:00,,v10.2.2,2023-11-21T09:46:16+00:00,27.072847222222222,low
70883,2023-06-29T09:05:25+00:00,2023-11-20T11:36:51+00:00,,v10.2.2,2023-11-21T09:46:16+00:00,145.02836805555555,low
75763,2023-09-29T17:59:45+00:00,2023-11-20T11:36:51+00:00,,v10.2.2,2023-11-21T09:46:16+00:00,52.65730324074074,low
76065,2023-10-05T15:47:57+00:00,2023-11-20T16:51:34+00:00,,v10.2.2,2023-11-21T09:46:16+00:00,46.748831018518516,low
78079,2023-11-13T20:06:27+00:00,2023-11-20T19:33:17+00:00,,v10.2.2,2023-11-21T09:46:16+00:00,7.5693171296296295,low
78186,2023-11-15T11:36:50+00:00,2023-11-20T21:36:08+00:00,efdfa29fe281945193a5f4072ac4550285049c13,v10.2.3,2023-12-19T12:26:27+00:00,34.03445601851852,medium
74872,2023-09-13T18:19:35+00:00,2023-11-20T22:44:24+00:00,7f7d912af7e5730f749b7b4c9e9bde9765e952fa,v10.2.3,2023-12-19T12:26:27+00:00,96.75476851851852,medium
78405,2023-11-20T15:43:47+00:00,2023-11-21T09:40:32+00:00,ee42f41e0e1e6a9a1fa8a1e32f507b45291138cf,v10.2.3,2023-12-19T12:26:27+00:00,28.862962962962964,medium
78059,2023-11-13T13:33:06+00:00,2023-11-21T12:20:59+00:00,bd6f8e6ef7e46f96fa340b7ad567227a8061dbbf,v10.2.3,2023-12-19T12:26:27+00:00,35.953715277777775,medium
78047,2023-11-13T12:25:41+00:00,2023-11-21T13:07:26+00:00,,v10.2.3,2023-12-19T12:26:27+00:00,36.000532407407405,low
72501,2023-07-28T10:36:26+00:00,2023-11-21T15:44:42+00:00,,v10.2.3,2023-12-19T12:26:27+00:00,144.07640046296297,low
74816,2023-09-13T10:44:02+00:00,2023-11-22T08:04:55+00:00,,v10.2.3,2023-12-19T12:26:27+00:00,97.07112268518519,low
78473,2023-11-21T14:40:40+00:00,2023-11-22T13:15:31+00:00,,v10.2.3,2023-12-19T12:26:27+00:00,27.90679398148148,low
75951,2023-10-04T11:56:27+00:00,2023-11-23T11:18:17+00:00,,v10.2.3,2023-12-19T12:26:27+00:00,76.02083333333333,low
70820,2023-06-28T11:30:24+00:00,2023-11-24T13:21:19+00:00,,v10.2.3,2023-12-19T12:26:27+00:00,174.0389236111111,low
57627,2022-10-25T16:31:49+00:00,2023-11-24T14:15:26+00:00,,v10.2.3,2023-12-19T12:26:27+00:00,419.8296064814815,low
78184,2023-11-15T11:34:49+00:00,2023-11-24T16:21:21+00:00,53e618225714e1d131726798a9cd0d577f64fa45,v10.2.3,2023-12-19T12:26:27+00:00,34.03585648148148,medium
78606,2023-11-23T17:03:15+00:00,2023-11-24T16:27:45+00:00,4b439b7f52fc2ef567ee1383400132a61479e005,v10.2.3,2023-12-19T12:26:27+00:00,25.807777777777776,medium
78644,2023-11-24T13:45:01+00:00,2023-11-27T09:25:57+00:00,1ab23108c4accf01e2b65db6010d7b5453422a6f,v10.2.3,2023-12-19T12:26:27+00:00,24.945439814814815,medium
78707,2023-11-27T19:13:51+00:00,2023-11-28T13:31:00+00:00,fc4b0faacd5dd2cfc8e03b488944e17751f860b2,v10.2.3,2023-12-19T12:26:27+00:00,21.717083333333335,medium
76273,2023-10-10T14:41:37+00:00,2023-11-29T08:52:51+00:00,d1777705608a6cd6cb290e6c5fb994bae35a20b0,v10.2.3,2023-12-19T12:26:27+00:00,69.90613425925926,medium
77828,2023-11-07T20:29:16+00:00,2023-11-29T16:01:46+00:00,931c8e99b9a721dab2a62ee158afa9973eebcc39,v10.2.3,2023-12-19T12:26:27+00:00,41.66471064814815,medium
75495,2023-09-26T19:22:11+00:00,2023-11-29T17:35:28+00:00,,v10.2.3,2023-12-19T12:26:27+00:00,83.7112962962963,low
70048,2023-06-14T09:34:37+00:00,2023-11-29T19:07:56+00:00,99b75178de331451424b0b8a34c33772c411e678,v10.2.3,2023-12-19T12:26:27+00:00,188.1193287037037,low
78629,2023-11-24T10:25:01+00:00,2023-11-30T11:51:42+00:00,f26ad881ed6631f3899f8e3d4bec106455206090,v10.2.3,2023-12-19T12:26:27+00:00,25.084328703703704,medium
78509,2023-11-22T00:51:26+00:00,2023-11-30T18:28:39+00:00,,v10.2.3,2023-12-19T12:26:27+00:00,27.48265046296296,low
78810,2023-11-29T14:41:01+00:00,2023-12-01T09:15:43+00:00,8d7314bb9a296fb9f8bf1e4f9a21cf478bb5945d,v10.2.3,2023-12-19T12:26:27+00:00,19.906550925925927,medium
69873,2023-06-09T22:22:16+00:00,2023-12-01T14:23:39+00:00,,v10.2.3,2023-12-19T12:26:27+00:00,192.58623842592593,low
78947,2023-12-01T11:06:40+00:00,2023-12-01T14:30:49+00:00,,v10.2.3,2023-12-19T12:26:27+00:00,18.055405092592594,low
73868,2023-08-26T09:49:43+00:00,2023-12-01T19:37:11+00:00,d894f4cc79df18a55c75ff9fc5992eb708d1ea5f,v10.2.3,2023-12-19T12:26:27+00:00,115.1088425925926,medium
68545,2023-05-16T12:49:18+00:00,2023-12-04T10:52:43+00:00,,v10.2.3,2023-12-19T12:26:27+00:00,216.98413194444444,low
78020,2023-11-11T18:38:07+00:00,2023-12-04T21:57:39+00:00,ab83bc73461d39db6c18f43ab4458c877c550bb0,v10.2.3,2023-12-19T12:26:27+00:00,37.741898148148145,medium
78982,2023-12-01T21:54:59+00:00,2023-12-08T15:16:32+00:00,1833539c322964ac2ef0b59995515dbcb98da5a3,v10.2.3,2023-12-19T12:26:27+00:00,17.605185185185185,medium
79374,2023-12-12T09:22:40+00:00,2023-12-12T10:34:44+00:00,,v10.2.3,2023-12-19T12:26:27+00:00,7.127627314814815,low
79105,2023-12-05T17:56:50+00:00,2023-12-12T11:55:23+00:00,,v10.2.3,2023-12-19T12:26:27+00:00,13.77056712962963,low
78096,2023-11-14T10:38:45+00:00,2023-12-13T13:08:32+00:00,,v10.2.3,2023-12-19T12:26:27+00:00,35.07479166666667,low
49495,2022-05-24T13:54:35+00:00,2023-12-13T13:40:11+00:00,d28284c8f14a027f5ccb19a85b4dcf026ea00dae,v10.3.0,2024-01-23T15:55:49+00:00,609.0841898148149,medium
77380,2023-10-30T14:40:15+00:00,2023-12-13T16:06:09+00:00,70b980e47f8c2b846d60015d60ad1b7126808a67,v10.3.0,2024-01-23T15:55:49+00:00,85.05247685185185,medium
74015,2023-08-29T13:55:52+00:00,2023-12-15T09:03:01+00:00,,v10.2.3,2023-12-19T12:26:27+00:00,111.93790509259259,low
79510,2023-12-14T12:51:47+00:00,2023-12-15T10:57:54+00:00,,v10.2.3,2023-12-19T12:26:27+00:00,4.982407407407408,low
79529,2023-12-14T18:06:34+00:00,2023-12-15T10:57:55+00:00,,v10.2.3,2023-12-19T12:26:27+00:00,4.76380787037037,low
79401,2023-12-12T14:14:52+00:00,2023-12-15T17:34:10+00:00,d89a8a3a82cfe78bf0e473126c167ee3cdd4b9aa,v10.3.0,2024-01-23T15:55:49+00:00,42.07010416666667,medium
78793,2023-11-29T09:40:42+00:00,2023-12-18T14:33:21+00:00,,v10.2.3,2023-12-19T12:26:27+00:00,20.115104166666665,low
53480,2022-08-09T15:58:29+00:00,2023-12-18T15:12:47+00:00,adf5532ccf03138dd0f49b1ac75386a6d551ea7f,v10.2.3,2023-12-19T12:26:27+00:00,496.85275462962966,low
78700,2023-11-27T15:46:02+00:00,2023-12-19T10:56:41+00:00,,v10.2.3,2023-12-19T12:26:27+00:00,21.861400462962962,low
71291,2023-07-10T15:41:35+00:00,2023-12-19T15:19:53+00:00,,v10.1.6,2023-12-19T16:50:35+00:00,162.04791666666668,low
78100,2023-11-14T11:18:04+00:00,2023-12-20T13:34:00+00:00,,v10.3.0,2024-01-23T15:55:49+00:00,70.19288194444445,low
53612,2022-08-11T18:07:24+00:00,2023-12-20T17:12:02+00:00,03624c413751ec4ce918be5bff5d588c02676cea,v10.3.0,2024-01-23T15:55:49+00:00,529.9086226851852,low
52378,2022-07-18T07:31:55+00:00,2023-12-21T15:58:35+00:00,,v10.3.0,2024-01-23T15:55:49+00:00,554.3499305555556,low
61205,2023-01-10T04:38:28+00:00,2023-12-28T15:23:04+00:00,,v10.3.0,2024-01-23T15:55:49+00:00,378.47038194444445,low
79476,2023-12-13T17:33:56+00:00,2024-01-02T13:16:26+00:00,5e9e6ddaf7de3504e9eea17aba0123db933ec0b4,v10.3.0,2024-01-23T15:55:49+00:00,40.931863425925926,medium
78431,2023-11-20T22:48:16+00:00,2024-01-03T10:31:00+00:00,,v10.3.0,2024-01-23T15:55:49+00:00,63.71357638888889,low
59350,2022-11-27T06:40:45+00:00,2024-01-03T12:42:27+00:00,92eb3e0c9995d56f536fa3c80e3db5c35bd3e9c5,v10.3.0,2024-01-23T15:55:49+00:00,422.38546296296295,low
77045,2023-10-24T13:06:36+00:00,2024-01-03T15:43:35+00:00,,v10.3.0,2024-01-23T15:55:49+00:00,91.11751157407407,low
79797,2023-12-21T14:32:21+00:00,2024-01-04T04:00:43+00:00,,v10.3.0,2024-01-23T15:55:49+00:00,33.05796296296296,low
78115,2023-11-14T14:18:39+00:00,2024-01-04T09:50:29+00:00,2d18961768a74275e55d5b675b0577454b1ea9cc,v10.3.0,2024-01-23T15:55:49+00:00,70.06747685185185,medium
75586,2023-09-27T17:07:59+00:00,2024-01-04T17:41:30+00:00,,v10.3.0,2024-01-23T15:55:49+00:00,117.94988425925926,low
79736,2023-12-20T08:35:46+00:00,2024-01-05T14:50:21+00:00,,v10.3.0,2024-01-23T15:55:49+00:00,34.305590277777775,low
79221,2023-12-07T13:38:56+00:00,2024-01-05T16:19:18+00:00,,v10.3.0,2024-01-23T15:55:49+00:00,47.09505787037037,low
79731,2023-12-20T06:50:38+00:00,2024-01-05T16:58:48+00:00,,v10.3.0,2024-01-23T15:55:49+00:00,34.37859953703704,low
79194,2023-12-07T01:23:20+00:00,2024-01-08T16:17:21+00:00,,v10.3.0,2024-01-23T15:55:49+00:00,47.605891203703706,low
80123,2024-01-08T08:17:45+00:00,2024-01-09T10:08:29+00:00,229c1f417f7d1af17b5efd17cc4864e997b020de,v10.4.0,2024-03-06T15:20:17+00:00,58.29342592592592,medium
80182,2024-01-09T05:12:24+00:00,2024-01-09T19:47:20+00:00,1d4419fbe497ea4f3b66364a5840cbdb643d4b04,v10.4.0,2024-03-06T15:20:17+00:00,57.4221412037037,medium
78743,2023-11-28T14:05:08+00:00,2024-01-10T09:17:59+00:00,282a3f9a66c8ee20691cc4cfa8940e2ec2b0a3a8,v10.4.0,2024-03-06T15:20:17+00:00,99.0521875,medium
54703,2022-09-05T12:10:16+00:00,2024-01-10T14:07:14+00:00,,v10.3.0,2024-01-23T15:55:49+00:00,505.1566319444444,low
76182,2023-10-09T10:32:20+00:00,2024-01-10T14:32:15+00:00,,v10.3.0,2024-01-23T15:55:49+00:00,106.2246412037037,low
71311,2023-07-10T19:48:45+00:00,2024-01-10T22:01:53+00:00,,v10.3.0,2024-01-23T15:55:49+00:00,196.83824074074073,low
80156,2024-01-08T14:29:47+00:00,2024-01-11T11:01:21+00:00,,v10.3.0,2024-01-23T15:55:49+00:00,15.05974537037037,low
79883,2023-12-28T08:36:02+00:00,2024-01-11T17:41:21+00:00,,v10.3.0,2024-01-23T15:55:49+00:00,26.305405092592594,low
78362,2023-11-17T22:50:59+00:00,2024-01-12T09:36:11+00:00,,v10.3.0,2024-01-23T15:55:49+00:00,66.71168981481482,low
55044,2022-09-12T16:27:35+00:00,2024-01-12T09:46:56+00:00,,v10.3.0,2024-01-23T15:55:49+00:00,497.9779398148148,low
75714,2023-09-29T05:45:44+00:00,2024-01-12T11:04:35+00:00,,v10.3.0,2024-01-23T15:55:49+00:00,116.42366898148148,low
60214,2022-12-13T09:51:37+00:00,2024-01-12T14:17:31+00:00,,v10.3.0,2024-01-23T15:55:49+00:00,406.2529166666667,low
68397,2023-05-12T16:04:56+00:00,2024-01-12T14:32:06+00:00,76c4facb19a8ee0aa7d837baf2244a5d372919e3,v10.3.0,2024-01-23T15:55:49+00:00,255.99366898148148,low
80348,2024-01-11T10:26:06+00:00,2024-01-12T15:47:28+00:00,,v10.3.0,2024-01-23T15:55:49+00:00,12.228969907407407,low
72775,2023-08-02T20:34:29+00:00,2024-01-12T18:59:48+00:00,11662e18b397a516bbb0c342bdfb23dd5f94922e,v10.4.0,2024-03-06T15:20:17+00:00,216.78180555555556,medium
79402,2023-12-12T14:27:05+00:00,2024-01-15T10:26:37+00:00,,v10.3.0,2024-01-23T15:55:49+00:00,42.06162037037037,low
80194,2024-01-09T09:24:13+00:00,2024-01-15T12:36:28+00:00,,v10.3.0,2024-01-23T15:55:49+00:00,14.271944444444445,low
64979,2023-03-17T16:03:02+00:00,2024-01-15T15:43:55+00:00,,v10.3.0,2024-01-23T15:55:49+00:00,311.99498842592595,low
78819,2023-11-29T15:46:08+00:00,2024-01-15T16:19:28+00:00,,v10.3.0,2024-01-23T15:55:49+00:00,55.00672453703704,low
78451,2023-11-21T10:41:38+00:00,2024-01-19T09:50:58+00:00,0e4c6742c802a03a86ee0a09ea2f3491105d55a2,v10.4.0,2024-03-06T15:20:17+00:00,106.19350694444445,medium
80377,2024-01-11T15:36:02+00:00,2024-01-19T10:14:29+00:00,,v10.3.0,2024-01-23T15:55:49+00:00,12.013738425925926,low
78790,2023-11-29T09:31:16+00:00,2024-01-19T14:05:38+00:00,,v10.3.0,2024-01-23T15:55:49+00:00,55.267048611111115,low
80454,2024-01-12T15:03:36+00:00,2024-01-19T16:46:12+00:00,,v10.3.0,2024-01-23T15:55:49+00:00,11.036261574074073,low
80648,2024-01-16T16:54:28+00:00,2024-01-19T17:43:06+00:00,91e747d8ab2a40cf248bdd659cb3402997c8e44d,v10.4.0,2024-03-06T15:20:17+00:00,49.93459490740741,medium
52789,2022-07-26T09:55:53+00:00,2024-01-20T01:40:45+00:00,d7af7d01c8daf1c5b393f767a7590b5ed9c61b38,v10.4.0,2024-03-06T15:20:17+00:00,589.2252777777778,medium
74140,2023-08-30T20:02:27+00:00,2024-01-23T13:14:59+00:00,,v10.3.0,2024-01-23T15:55:49+00:00,145.82872685185185,low
67639,2023-05-02T09:36:39+00:00,2024-01-23T15:56:22+00:00,,v10.3.1,2024-01-23T15:57:41+00:00,266.2646064814815,low
65880,2023-04-04T02:36:35+00:00,2024-01-23T17:08:19+00:00,,v9.5.16,2024-02-13T19:02:47+00:00,315.6848611111111,low
70030,2023-06-13T20:28:00+00:00,2024-01-23T17:28:13+00:00,,v9.5.16,2024-02-13T19:02:47+00:00,244.94082175925925,low
80478,2024-01-12T17:56:44+00:00,2024-01-23T21:59:24+00:00,,v9.5.16,2024-02-13T19:02:47+00:00,32.04586805555556,low
80462,2024-01-12T15:54:25+00:00,2024-01-24T11:41:27+00:00,,v9.5.16,2024-02-13T19:02:47+00:00,32.13081018518518,low
79852,2023-12-25T09:22:22+00:00,2024-01-24T13:18:02+00:00,3f1e97cb070e92d6e21f65c3a25c66be9a6d9f57,v10.4.0,2024-03-06T15:20:17+00:00,72.24855324074075,medium
80767,2024-01-17T22:24:08+00:00,2024-01-24T16:16:17+00:00,,v9.5.16,2024-02-13T19:02:47+00:00,26.86017361111111,low
79777,2023-12-21T08:12:21+00:00,2024-01-25T07:51:18+00:00,ebe8c005cec6e4a4716ae6fadbc3ba180cf40341,v10.4.0,2024-03-06T15:20:17+00:00,76.29717592592593,medium
73966,2023-08-28T19:41:50+00:00,2024-01-25T11:43:55+00:00,,v9.5.16,2024-02-13T19:02:47+00:00,168.97288194444445,low
61418,2023-01-12T17:55:37+00:00,2024-01-26T09:30:16+00:00,,v9.5.16,2024-02-13T19:02:47+00:00,397.0466435185185,low
76783,2023-10-19T02:45:43+00:00,2024-01-26T13:38:07+00:00,bdcf5ee472811868ebb39f13504ae60a994e20c1,v9.5.16,2024-02-13T19:02:47+00:00,117.67851851851852,low
80503,2024-01-13T03:53:44+00:00,2024-01-26T17:15:01+00:00,,v9.5.16,2024-02-13T19:02:47+00:00,31.631284722222222,low
80039,2024-01-04T17:34:49+00:00,2024-01-26T23:49:16+00:00,,v9.5.16,2024-02-13T19:02:47+00:00,40.061087962962965,low
81393,2024-01-26T17:56:41+00:00,2024-01-29T16:22:45+00:00,de662810cfd841b6febaf0477406d4f780a38089,v10.4.0,2024-03-06T15:20:17+00:00,39.89138888888889,medium
64760,2023-03-14T17:27:12+00:00,2024-01-29T20:25:15+00:00,,v9.5.16,2024-02-13T19:02:47+00:00,336.0663773148148,low
81192,2024-01-24T17:32:39+00:00,2024-01-31T09:08:07+00:00,,v9.5.16,2024-02-13T19:02:47+00:00,20.062592592592594,low
81193,2024-01-24T17:47:26+00:00,2024-01-31T09:08:08+00:00,,v9.5.16,2024-02-13T19:02:47+00:00,20.05232638888889,low
79856,2023-12-26T13:01:53+00:00,2024-01-31T10:01:22+00:00,39057552dc2ddfe8ee770c67a71cf55159aca741,v10.4.0,2024-03-06T15:20:17+00:00,71.09611111111111,medium
79692,2023-12-19T14:18:36+00:00,2024-01-31T23:30:23+00:00,,v9.5.16,2024-02-13T19:02:47+00:00,56.197349537037034,low
79765,2023-12-20T16:17:41+00:00,2024-01-31T23:30:24+00:00,,v9.5.16,2024-02-13T19:02:47+00:00,55.11465277777778,low
81191,2024-01-24T17:18:28+00:00,2024-02-01T09:48:20+00:00,,v9.5.16,2024-02-13T19:02:47+00:00,20.07244212962963,low
81009,2024-01-22T17:12:18+00:00,2024-02-01T14:07:03+00:00,,v9.5.16,2024-02-13T19:02:47+00:00,22.076724537037038,low
81225,2024-01-25T07:00:58+00:00,2024-02-02T11:59:41+00:00,,v9.5.16,2024-02-13T19:02:47+00:00,19.501261574074075,low
81080,2024-01-23T13:45:27+00:00,2024-02-05T08:06:13+00:00,ec5bc7c4ab5396ee68f8851de50957a8f578e783,v10.4.0,2024-03-06T15:20:17+00:00,43.06585648148148,medium
81766,2024-02-02T09:39:31+00:00,2024-02-05T08:32:59+00:00,,v9.5.16,2024-02-13T19:02:47+00:00,11.391157407407407,low
81640,2024-01-31T13:34:06+00:00,2024-02-05T10:48:10+00:00,ded0554bac006c23cec2871c6322d348cc770dd3,v10.4.0,2024-03-06T15:20:17+00:00,35.073738425925924,medium
80708,2024-01-17T10:36:03+00:00,2024-02-05T14:45:49+00:00,96772e1a3236e891038a29782018fa5b9da6233b,v10.4.0,2024-03-06T15:20:17+00:00,49.19738425925926,medium
44509,2022-01-27T05:02:46+00:00,2024-02-05T15:25:56+00:00,b02f0b926afb25b5eb895fb8527ed2dfbf3426a0,v10.4.0,2024-03-06T15:20:17+00:00,769.4288310185185,medium
81931,2024-02-06T07:49:17+00:00,2024-02-06T08:46:35+00:00,,v9.5.16,2024-02-13T19:02:47+00:00,7.467708333333333,low
46440,2022-03-11T09:12:39+00:00,2024-02-06T18:44:43+00:00,,v9.5.16,2024-02-13T19:02:47+00:00,704.4098148148148,low
81619,2024-01-31T08:15:05+00:00,2024-02-07T14:17:14+00:00,26bc87b60e4983053824fdb4efce8645a17436ce,v10.4.0,2024-03-06T15:20:17+00:00,35.29527777777778,medium
81469,2024-01-29T11:35:54+00:00,2024-02-07T23:40:23+00:00,,v9.5.16,2024-02-13T19:02:47+00:00,15.310335648148149,low
76180,2023-10-09T10:01:12+00:00,2024-02-08T11:19:29+00:00,99feb928cf87269d80c3322e1265d793933870b9,v10.4.0,2024-03-06T15:20:17+00:00,149.22158564814814,medium
82150,2024-02-08T11:55:21+00:00,2024-02-08T12:36:10+00:00,4dc1ebbb66e8d78889c8828399d5c55321a96571,v10.4.0,2024-03-06T15:20:17+00:00,27.142314814814814,medium
80408,2024-01-12T06:49:28+00:00,2024-02-12T09:15:47+00:00,,v9.5.16,2024-02-13T19:02:47+00:00,32.50924768518519,low
81788,2024-02-02T12:06:54+00:00,2024-02-12T10:26:40+00:00,e2ea20b44642a8cb74611df8cab809d0b47e09ed,v10.4.0,2024-03-06T15:20:17+00:00,33.134293981481484,medium
81846,2024-02-03T08:20:06+00:00,2024-02-12T21:37:30+00:00,,v9.5.16,2024-02-13T19:02:47+00:00,10.44630787037037,low
79745,2023-12-20T09:29:53+00:00,2024-02-13T15:02:51+00:00,6f245121d09cc5cfb048334316c6e8bf60f8b635,v10.4.0,2024-03-06T15:20:17+00:00,77.24333333333334,medium
69374,2023-06-01T13:11:57+00:00,2024-02-13T15:05:53+00:00,,v9.5.16,2024-02-13T19:02:47+00:00,257.24363425925924,low
82348,2024-02-13T08:55:04+00:00,2024-02-14T10:07:12+00:00,222b2370a72918be65b8db7c3d2671a2173ca1b9,v10.2.4,2024-02-14T10:38:39+00:00,1.0719328703703703,low
81387,2024-01-26T16:35:07+00:00,2024-02-14T14:04:17+00:00,44ecb26ea1e9bd1cbfd12317e52736d0085c9718,v10.4.0,2024-03-06T15:20:17+00:00,39.94803240740741,medium
82323,2024-02-09T16:04:16+00:00,2024-02-14T16:24:58+00:00,e422309bc4475e1ab790788665ee26abcf1464af,v10.4.0,2024-03-06T15:20:17+00:00,25.969456018518517,medium
80308,2024-01-10T16:53:47+00:00,2024-02-15T12:02:27+00:00,,v10.4.0,2024-03-06T15:20:17+00:00,55.935069444444444,low
82530,2024-02-15T11:29:54+00:00,2024-02-15T15:28:07+00:00,7ec97f4ad82d45be9a1ecb1d49fd2f94a7aff81f,v10.4.0,2024-03-06T15:20:17+00:00,20.159988425925928,medium
82210,2024-02-08T21:22:36+00:00,2024-02-15T18:54:45+00:00,,v10.4.0,2024-03-06T15:20:17+00:00,26.748391203703704,low
82008,2024-02-06T18:38:37+00:00,2024-02-15T22:37:17+00:00,,v10.4.0,2024-03-06T15:20:17+00:00,28.86226851851852,low
82248,2024-02-09T12:19:57+00:00,2024-02-16T11:13:52+00:00,,v10.4.0,2024-03-06T15:20:17+00:00,26.12523148148148,low
73038,2023-08-08T10:10:53+00:00,2024-02-16T16:11:04+00:00,,v10.4.0,2024-03-06T15:20:17+00:00,211.2148611111111,low
44417,2022-01-25T10:57:27+00:00,2024-02-17T11:28:52+00:00,,v10.4.0,2024-03-06T15:20:17+00:00,771.1825231481481,low
45462,2022-02-16T12:53:31+00:00,2024-02-19T01:48:11+00:00,,v10.4.0,2024-03-06T15:20:17+00:00,749.1019212962963,low
45558,2022-02-17T17:55:47+00:00,2024-02-19T01:48:14+00:00,,v10.4.0,2024-03-06T15:20:17+00:00,747.8920138888889,low
46456,2022-03-11T14:39:39+00:00,2024-02-19T01:48:21+00:00,,v10.4.0,2024-03-06T15:20:17+00:00,726.0282175925926,low
46556,2022-03-14T21:50:15+00:00,2024-02-19T01:48:22+00:00,,v10.4.0,2024-03-06T15:20:17+00:00,722.7291898148148,low
48586,2022-05-02T14:27:32+00:00,2024-02-19T01:49:00+00:00,be48ab689f20dafea3abddc66825cd6519701704,v8.5.2,2022-05-04T09:56:31+00:00,1.8117939814814814,medium
78003,2023-11-10T15:21:44+00:00,2024-02-20T11:48:52+00:00,ac866aceeade3c12ae27dde20f32b263980cb363,v10.4.0,2024-03-06T15:20:17+00:00,116.99899305555556,low
80947,2024-01-22T04:43:07+00:00,2024-02-20T22:22:10+00:00,,v10.4.0,2024-03-06T15:20:17+00:00,44.44247685185185,low
82037,2024-02-07T05:02:59+00:00,2024-02-21T11:28:58+00:00,6b31b1fc037a473d9a3a3d7f2b084ae45473392a,v11.0.0-preview,2024-04-08T11:00:06+00:00,61.24799768518518,medium
82984,2024-02-17T01:06:19+00:00,2024-02-21T15:57:55+00:00,5460d75e74b0f6f477deed177683a2160477a8ba,v11.0.0-preview,2024-04-08T11:00:06+00:00,51.41234953703704,medium
45021,2022-02-08T00:34:04+00:00,2024-02-22T01:50:01+00:00,,v10.4.0,2024-03-06T15:20:17+00:00,757.6154282407407,low
48923,2022-05-12T05:50:59+00:00,2024-02-22T01:50:07+00:00,,v10.4.0,2024-03-06T15:20:17+00:00,664.3953472222222,low
49265,2022-05-19T16:05:18+00:00,2024-02-22T01:50:09+00:00,,v10.4.0,2024-03-06T15:20:17+00:00,656.968738425926,low
49625,2022-05-25T15:33:41+00:00,2024-02-22T01:50:14+00:00,3f21cfde6cf07184f1da81cb516224d67599a0bf,v10.4.0,2024-03-06T15:20:17+00:00,650.9906944444444,low
49779,2022-05-30T02:57:04+00:00,2024-02-22T01:50:16+00:00,,v10.4.0,2024-03-06T15:20:17+00:00,646.5161226851852,low
49795,2022-05-30T09:16:47+00:00,2024-02-22T01:50:17+00:00,,v10.4.0,2024-03-06T15:20:17+00:00,646.2524305555555,low
50045,2022-06-01T21:32:49+00:00,2024-02-22T01:50:21+00:00,,v10.4.0,2024-03-06T15:20:17+00:00,643.7412962962962,low
50418,2022-06-08T12:26:31+00:00,2024-02-23T01:47:19+00:00,,v10.4.0,2024-03-06T15:20:17+00:00,637.1206712962963,low
50422,2022-06-08T12:38:36+00:00,2024-02-23T01:47:20+00:00,,v10.4.0,2024-03-06T15:20:17+00:00,637.1122800925926,low
54402,2022-08-29T15:56:31+00:00,2024-02-23T01:47:54+00:00,,v10.4.0,2024-03-06T15:20:17+00:00,554.974837962963,low
54926,2022-09-08T16:26:09+00:00,2024-02-23T01:48:11+00:00,,v10.4.0,2024-03-06T15:20:17+00:00,544.9542592592593,low
55192,2022-09-14T18:54:12+00:00,2024-02-23T01:48:16+00:00,,v10.4.0,2024-03-06T15:20:17+00:00,538.8514467592593,low
56151,2022-10-03T02:42:36+00:00,2024-02-23T01:48:18+00:00,,v10.4.0,2024-03-06T15:20:17+00:00,520.5261689814815,low
56412,2022-10-05T15:30:35+00:00,2024-02-23T01:48:23+00:00,,v10.4.0,2024-03-06T15:20:17+00:00,517.9928472222222,low
82925,2024-02-16T17:18:03+00:00,2024-02-23T22:03:36+00:00,e4276a4ede829cb2e30e6dd32a9dc4ca09845054,v11.0.0-preview,2024-04-08T11:00:06+00:00,51.73753472222222,medium
55704,2022-09-23T20:53:30+00:00,2024-02-24T01:46:25+00:00,,v10.4.0,2024-03-06T15:20:17+00:00,529.7685995370371,low
55950,2022-09-28T15:52:55+00:00,2024-02-24T01:46:37+00:00,,v10.4.0,2024-03-06T15:20:17+00:00,524.9773379629629,low
58198,2022-11-03T20:40:07+00:00,2024-02-24T01:46:43+00:00,,v10.4.0,2024-03-06T15:20:17+00:00,488.7778935185185,low
58324,2022-11-07T11:41:18+00:00,2024-02-24T01:46:44+00:00,,v10.4.0,2024-03-06T15:20:17+00:00,485.1520717592593,low
59159,2022-11-22T19:08:10+00:00,2024-02-24T01:46:59+00:00,,v10.4.0,2024-03-06T15:20:17+00:00,469.84174768518517,low
60107,2022-12-09T16:20:16+00:00,2024-02-24T01:47:26+00:00,,v10.4.0,2024-03-06T15:20:17+00:00,452.9583449074074,low
60427,2022-12-15T22:01:31+00:00,2024-02-24T01:47:32+00:00,,v10.4.0,2024-03-06T15:20:17+00:00,446.72136574074074,low
56085,2022-09-30T11:27:15+00:00,2024-02-25T01:47:29+00:00,,v10.4.0,2024-03-06T15:20:17+00:00,523.1618287037037,low
59034,2022-11-21T13:13:10+00:00,2024-02-25T01:47:32+00:00,,v10.4.0,2024-03-06T15:20:17+00:00,471.08827546296294,low
58672,2022-11-11T17:39:02+00:00,2024-02-26T09:52:53+00:00,,v10.4.0,2024-03-06T15:20:17+00:00,480.9036458333333,low
80185,2024-01-09T05:55:51+00:00,2024-02-26T12:36:16+00:00,,v10.4.0,2024-03-06T15:20:17+00:00,57.39196759259259,low
81593,2024-01-30T18:55:10+00:00,2024-02-26T15:48:18+00:00,,v10.4.0,2024-03-06T15:20:17+00:00,35.850775462962964,low
64084,2023-03-02T22:34:57+00:00,2024-02-27T00:35:47+00:00,99271441fb9a8a56c839e03302a784dbf6762720,v11.0.0-preview,2024-04-08T11:00:06+00:00,402.5174652777778,medium
55060,2022-09-13T00:02:56+00:00,2024-02-27T15:20:45+00:00,,v10.4.0,2024-03-06T15:20:17+00:00,540.6370486111111,low
55282,2022-09-16T08:11:56+00:00,2024-02-27T15:22:30+00:00,,v10.4.0,2024-03-06T15:20:17+00:00,537.2974652777777,low
81631,2024-01-31T12:18:36+00:00,2024-02-27T15:48:10+00:00,30965d47a35b20a21cc07c627d2761ac96498fac,v11.0.0-preview,2024-04-08T11:00:06+00:00,67.94548611111111,medium
81995,2024-02-06T17:37:51+00:00,2024-02-27T16:21:29+00:00,,v10.4.0,2024-03-06T15:20:17+00:00,28.904467592592592,low
80893,2024-01-19T14:16:22+00:00,2024-02-28T10:03:04+00:00,,v10.4.0,2024-03-06T15:20:17+00:00,47.044386574074075,low
79987,2024-01-03T15:31:04+00:00,2024-02-28T10:11:19+00:00,,v10.4.0,2024-03-06T15:20:17+00:00,62.99251157407407,low
50552,2022-06-09T20:37:43+00:00,2024-02-28T10:37:56+00:00,,v10.4.0,2024-03-06T15:20:17+00:00,635.7795601851852,low
56751,2022-10-11T19:21:51+00:00,2024-02-28T10:48:21+00:00,,v10.4.0,2024-03-06T15:20:17+00:00,511.83224537037034,low
53032,2022-08-01T11:21:10+00:00,2024-02-28T11:14:13+00:00,,v10.4.0,2024-03-06T15:20:17+00:00,583.1660532407408,low
59453,2022-11-29T06:41:40+00:00,2024-02-28T13:01:56+00:00,,v10.4.0,2024-03-06T15:20:17+00:00,463.36015046296296,low
80434,2024-01-12T12:02:20+00:00,2024-02-28T13:59:26+00:00,,v10.4.0,2024-03-06T15:20:17+00:00,54.13746527777778,low
71635,2023-07-14T09:44:19+00:00,2024-02-28T14:27:34+00:00,,v10.4.0,2024-03-06T15:20:17+00:00,236.2333101851852,low
68172,2023-05-10T07:55:40+00:00,2024-02-28T14:49:28+00:00,,v10.4.0,2024-03-06T15:20:17+00:00,301.3087615740741,low
68408,2023-05-12T17:21:32+00:00,2024-02-28T14:53:17+00:00,,v10.4.0,2024-03-06T15:20:17+00:00,298.9157986111111,low
83538,2024-02-27T16:57:36+00:00,2024-02-28T14:59:07+00:00,,v10.4.0,2024-03-06T15:20:17+00:00,7.932418981481481,low
83472,2024-02-27T08:50:17+00:00,2024-02-28T15:32:57+00:00,,v10.4.0,2024-03-06T15:20:17+00:00,8.270833333333334,low
69732,2023-06-07T16:13:13+00:00,2024-02-29T06:38:11+00:00,,v10.4.0,2024-03-06T15:20:17+00:00,272.96324074074073,low
78564,2023-11-22T22:24:46+00:00,2024-03-01T00:56:41+00:00,,v10.4.0,2024-03-06T15:20:17+00:00,104.70521990740741,low
43733,2022-01-05T22:29:41+00:00,2024-03-01T01:47:56+00:00,,v10.4.0,2024-03-06T15:20:17+00:00,790.7018055555556,low
43909,2022-01-11T15:10:55+00:00,2024-03-01T01:48:00+00:00,,v10.4.0,2024-03-06T15:20:17+00:00,785.0065046296296,low
44416,2022-01-25T10:50:12+00:00,2024-03-01T01:48:08+00:00,,v10.4.0,2024-03-06T15:20:17+00:00,771.1875578703704,low
83734,2024-02-29T20:59:06+00:00,2024-03-01T15:56:46+00:00,,v10.4.0,2024-03-06T15:20:17+00:00,5.7647106481481485,low
64088,2023-03-02T23:28:17+00:00,2024-03-04T08:38:17+00:00,,v10.4.0,2024-03-06T15:20:17+00:00,369.6611111111111,low
83717,2024-02-29T18:09:45+00:00,2024-03-05T10:22:34+00:00,,v10.4.0,2024-03-06T15:20:17+00:00,5.882314814814815,low
79611,2023-12-17T01:12:02+00:00,2024-03-05T11:10:47+00:00,112c0e7a79c00c7057ef362b6b8a9b7e4471f1b5,v11.0.0-preview,2024-04-08T11:00:06+00:00,113.40837962962964,medium
76848,2023-10-20T07:06:24+00:00,2024-03-05T11:40:09+00:00,,v10.4.0,2024-03-06T15:20:17+00:00,138.34297453703704,low
83344,2024-02-23T20:21:32+00:00,2024-03-05T23:23:12+00:00,,v10.4.0,2024-03-06T15:20:17+00:00,11.79079861111111,low
51357,2022-06-23T23:38:22+00:00,2024-03-06T01:46:28+00:00,,v10.4.0,2024-03-06T15:20:17+00:00,621.6541087962963,low
83912,2024-03-05T14:23:19+00:00,2024-03-06T11:58:10+00:00,,v10.4.0,2024-03-06T15:20:17+00:00,1.0395601851851852,low
83783,2024-03-01T16:50:33+00:00,2024-03-06T13:57:12+00:00,,v10.4.0,2024-03-06T15:20:17+00:00,4.9373148148148145,low
83375,2024-02-26T10:20:07+00:00,2024-03-07T16:32:39+00:00,81ca577441af43df10e4193585cd0afddfeb5e33,v10.4.1,2024-03-21T16:20:20+00:00,24.250150462962964,low
76752,2023-10-18T11:45:03+00:00,2024-03-11T11:28:30+00:00,,v10.4.1,2024-03-21T16:20:20+00:00,155.19116898148147,low
53049,2022-08-01T14:31:04+00:00,2024-03-11T13:27:00+00:00,,v10.4.1,2024-03-21T16:20:20+00:00,598.0758796296296,low
79024,2023-12-04T14:53:32+00:00,2024-03-11T13:58:21+00:00,,v10.4.1,2024-03-21T16:20:20+00:00,108.06027777777778,low
56827,2022-10-12T20:22:34+00:00,2024-03-11T14:23:23+00:00,5d7d54d07694f694b88e1523e7b7f686b134f299,v9.3.0,2022-11-30T09:35:55+00:00,48.5509375,medium
84182,2024-03-11T13:12:29+00:00,2024-03-11T14:37:54+00:00,,v10.4.1,2024-03-21T16:20:20+00:00,10.130451388888888,low
84047,2024-03-07T03:36:15+00:00,2024-03-12T11:13:30+00:00,,v10.4.1,2024-03-21T16:20:20+00:00,14.530613425925926,low
82137,2024-02-08T08:56:17+00:00,2024-03-12T12:54:49+00:00,,v10.4.1,2024-03-21T16:20:20+00:00,42.308368055555555,low
84174,2024-03-11T11:47:58+00:00,2024-03-12T12:54:49+00:00,,v10.4.1,2024-03-21T16:20:20+00:00,10.189143518518518,low
83827,2024-03-04T12:40:40+00:00,2024-03-12T13:49:37+00:00,,v10.4.1,2024-03-21T16:20:20+00:00,17.152546296296297,low
83345,2024-02-23T20:27:45+00:00,2024-03-12T19:37:51+00:00,e552e21221d9e958b1f9ff6bb162fe764bd81d8d,v11.0.0-preview,2024-04-08T11:00:06+00:00,44.60579861111111,medium
84229,2024-03-11T20:12:21+00:00,2024-03-12T20:30:55+00:00,,v10.4.1,2024-03-21T16:20:20+00:00,9.838877314814814,low
64714,2023-03-13T18:22:05+00:00,2024-03-13T09:20:53+00:00,,v10.4.1,2024-03-21T16:20:20+00:00,373.91545138888887,low
76945,2023-10-23T08:47:48+00:00,2024-03-13T12:01:26+00:00,,v10.4.1,2024-03-21T16:20:20+00:00,150.31425925925927,low
83624,2024-02-28T16:48:59+00:00,2024-03-13T13:41:05+00:00,c0d0f13a8d12f3cbf35c8bde4a33521adfe52026,v11.0.0-preview,2024-04-08T11:00:06+00:00,39.757719907407406,medium
83690,2024-02-29T13:23:45+00:00,2024-03-13T16:24:27+00:00,,v10.4.1,2024-03-21T16:20:20+00:00,21.122627314814814,low
65816,2023-04-03T11:47:08+00:00,2024-03-14T08:18:37+00:00,9bbd9cf4caf9f728195a11edc9f4edea87703fbd,v10.4.1,2024-03-21T16:20:20+00:00,353.1897222222222,medium
80415,2024-01-12T09:09:01+00:00,2024-03-14T10:39:10+00:00,,v10.4.1,2024-03-21T16:20:20+00:00,69.29952546296296,low
53151,2022-08-02T14:45:59+00:00,2024-03-14T13:58:27+00:00,8690a42e331cbf0f8b1bb3a162ebeedd474323d7,v11.0.0-preview,2024-04-08T11:00:06+00:00,614.843136574074,medium
84296,2024-03-12T14:40:39+00:00,2024-03-15T14:49:06+00:00,85bd116a1071b71d290487112e5532487f256781,v11.0.0-preview,2024-04-08T11:00:06+00:00,26.846840277777776,high
74849,2023-09-13T14:58:36+00:00,2024-03-18T09:30:29+00:00,,v10.4.1,2024-03-21T16:20:20+00:00,190.05675925925925,low
83613,2024-02-28T15:39:47+00:00,2024-03-18T12:02:14+00:00,26e1a5887ac4116a5e9c50d35e0132dc81a706d9,v11.0.0-preview,2024-04-08T11:00:06+00:00,39.80577546296296,medium
84054,2024-03-07T09:33:29+00:00,2024-03-18T17:03:10+00:00,,v10.4.1,2024-03-21T16:20:20+00:00,14.282534722222222,low
83968,2024-03-06T12:39:55+00:00,2024-03-18T17:03:11+00:00,,v10.4.1,2024-03-21T16:20:20+00:00,15.15306712962963,low
84679,2024-03-18T16:31:12+00:00,2024-03-18T17:04:59+00:00,3ea5c08c88ba13885746fd2289476cdd5a604951,v11.0.0-preview,2024-04-08T11:00:06+00:00,20.770069444444445,medium
79833,2023-12-22T12:03:20+00:00,2024-03-18T21:31:01+00:00,0606a8e413d4253df7f5a6d0edaecc13c0dedd5a,v11.0.0-preview,2024-04-08T11:00:06+00:00,107.95608796296297,medium
65380,2023-03-27T15:13:23+00:00,2024-03-19T09:01:13+00:00,6d98d06f6e9680635515e16f8cb09c28c38aa104,v10.2.0,2023-10-24T14:35:37+00:00,210.97377314814815,medium
84466,2024-03-14T13:06:35+00:00,2024-03-20T15:00:20+00:00,,v10.4.1,2024-03-21T16:20:20+00:00,7.134548611111111,low
81840,2024-02-03T00:45:12+00:00,2024-03-20T17:10:41+00:00,6d16cf2699102363c1d0867a58866a57cd198d1f,v11.0.0-preview,2024-04-08T11:00:06+00:00,65.4270138888889,medium
81750,2024-02-01T23:53:31+00:00,2024-03-21T09:18:40+00:00,,v10.4.1,2024-03-21T16:20:20+00:00,48.68528935185185,low
84288,2024-03-12T13:52:57+00:00,2024-03-21T13:11:19+00:00,,v10.4.1,2024-03-21T16:20:20+00:00,9.102349537037037,low
84937,2024-03-21T17:02:35+00:00,2024-03-21T17:37:55+00:00,,v9.5.18,2024-03-26T13:02:06+00:00,4.832997685185185,low
81517,2024-01-29T20:50:09+00:00,2024-03-21T19:42:55+00:00,,v9.5.18,2024-03-26T13:02:06+00:00,56.67496527777778,low
84717,2024-03-19T10:33:51+00:00,2024-03-22T11:05:26+00:00,bb1133d6d9a815fa3eabd49c0baddc95670e4d07,v11.0.0-preview,2024-04-08T11:00:06+00:00,20.018229166666668,medium
84929,2024-03-21T16:03:55+00:00,2024-03-22T15:14:12+00:00,,v9.5.18,2024-03-26T13:02:06+00:00,4.873738425925926,low
84606,2024-03-15T17:00:01+00:00,2024-03-22T23:54:11+00:00,cdb64cb7ebb5b0f3ba7a86f8e84c259353e6ca13,v11.0.0-preview,2024-04-08T11:00:06+00:00,23.75005787037037,medium
56506,2022-10-06T20:11:42+00:00,2024-03-25T01:47:18+00:00,,v9.5.18,2024-03-26T13:02:06+00:00,536.7016666666667,low
71217,2023-07-07T15:03:11+00:00,2024-03-25T09:11:20+00:00,,v9.5.18,2024-03-26T13:02:06+00:00,262.9159143518518,low
80304,2024-01-10T16:35:32+00:00,2024-03-25T12:33:25+00:00,,v9.5.18,2024-03-26T13:02:06+00:00,75.85178240740741,low
80183,2024-01-09T05:34:27+00:00,2024-03-25T13:16:58+00:00,,v9.5.18,2024-03-26T13:02:06+00:00,77.31086805555556,low
80523,2024-01-15T06:10:33+00:00,2024-03-25T19:19:37+00:00,,v9.5.18,2024-03-26T13:02:06+00:00,71.2857986111111,low
85081,2024-03-25T14:38:39+00:00,2024-03-25T19:36:57+00:00,,v9.5.18,2024-03-26T13:02:06+00:00,0.9329513888888888,low
61815,2023-01-19T20:59:44+00:00,2024-03-26T01:46:51+00:00,,v9.5.18,2024-03-26T13:02:06+00:00,431.6683101851852,low
62447,2023-01-30T09:46:40+00:00,2024-03-26T01:47:03+00:00,,v9.5.18,2024-03-26T13:02:06+00:00,421.1357175925926,low
63266,2023-02-10T15:17:44+00:00,2024-03-26T01:47:12+00:00,,v9.5.18,2024-03-26T13:02:06+00:00,409.9058101851852,low
84818,2024-03-20T13:39:16+00:00,2024-03-26T13:01:36+00:00,,v9.5.18,2024-03-26T13:02:06+00:00,5.974189814814815,low
81883,2024-02-05T13:01:00+00:00,2024-03-26T14:55:56+00:00,08ef6e1a42a7f374870fc055127fe075cf272503,v11.0.0-preview,2024-04-08T11:00:06+00:00,62.916041666666665,high
63607,2023-02-23T08:53:06+00:00,2024-03-27T01:47:21+00:00,,v11.0.0-preview,2024-04-08T11:00:06+00:00,410.08819444444447,low
69285,2023-05-30T20:40:15+00:00,2024-03-27T15:12:00+00:00,618cf8e5a103b0cf14c1ed9202b0c36b69d3564a,v11.0.0-preview,2024-04-08T11:00:06+00:00,313.59711805555554,high
85252,2024-03-26T12:00:08+00:00,2024-03-28T09:47:50+00:00,,v11.0.0-preview,2024-04-08T11:00:06+00:00,12.958310185185185,low
84542,2024-03-15T08:43:22+00:00,2024-03-28T14:19:50+00:00,,v11.0.0-preview,2024-04-08T11:00:06+00:00,24.094953703703705,low
85080,2024-03-25T13:56:24+00:00,2024-03-28T14:29:49+00:00,,v11.0.0-preview,2024-04-08T11:00:06+00:00,13.877569444444445,low
84194,2024-03-11T14:51:50+00:00,2024-03-28T14:45:34+00:00,,v11.0.0-preview,2024-04-08T11:00:06+00:00,27.839074074074073,low
84564,2024-03-15T12:01:54+00:00,2024-03-28T15:40:40+00:00,,v11.0.0-preview,2024-04-08T11:00:06+00:00,23.957083333333333,low
80877,2024-01-19T11:12:53+00:00,2024-03-28T15:40:40+00:00,2d0e78e2fe9d66d589f256748e3f4ce326d367f7,v11.0.0-preview,2024-04-08T11:00:06+00:00,79.99112268518519,low
84871,2024-03-21T00:27:05+00:00,2024-03-28T22:27:00+00:00,726a6660599f4fb605de1946d9ac5dbc0fa79d2e,v11.0.0-preview,2024-04-08T11:00:06+00:00,18.439594907407407,medium
84869,2024-03-20T23:31:53+00:00,2024-03-29T06:10:45+00:00,20eac8d264d3a6605ddc256e0b68fd1009962c21,v11.0.0-preview,2024-04-08T11:00:06+00:00,18.47792824074074,medium
85405,2024-03-29T14:53:20+00:00,2024-03-30T17:34:28+00:00,,v11.0.0-preview,2024-04-08T11:00:06+00:00,9.838032407407407,low
84570,2024-03-15T12:11:26+00:00,2024-03-30T17:34:28+00:00,,v11.0.0-preview,2024-04-08T11:00:06+00:00,23.950462962962963,low
84569,2024-03-15T12:09:51+00:00,2024-03-30T17:34:28+00:00,,v11.0.0-preview,2024-04-08T11:00:06+00:00,23.9515625,low
64112,2023-03-03T09:22:28+00:00,2024-04-02T01:48:14+00:00,,v11.0.0-preview,2024-04-08T11:00:06+00:00,402.06780092592595,low
84199,2024-03-11T15:21:49+00:00,2024-04-02T10:34:16+00:00,,v11.0.0-preview,2024-04-08T11:00:06+00:00,27.818252314814814,low
84212,2024-03-11T16:48:38+00:00,2024-04-02T10:50:33+00:00,,v11.0.0-preview,2024-04-08T11:00:06+00:00,27.757962962962964,low
84563,2024-03-15T11:59:11+00:00,2024-04-02T10:53:47+00:00,,v11.0.0-preview,2024-04-08T11:00:06+00:00,23.958969907407408,low
84843,2024-03-20T16:20:15+00:00,2024-04-02T16:04:38+00:00,,v11.0.0-preview,2024-04-08T11:00:06+00:00,18.777673611111112,low
85139,2024-03-26T08:59:41+00:00,2024-04-03T10:06:39+00:00,,v11.0.0-preview,2024-04-08T11:00:06+00:00,13.083622685185185,low
84577,2024-03-15T12:25:20+00:00,2024-04-03T14:39:03+00:00,85127464a3a6454adcd5e18dc83af76f4d950a7b,v11.1.0,2024-06-25T10:59:04+00:00,101.94009259259259,high
85457,2024-04-02T10:46:00+00:00,2024-04-04T09:45:25+00:00,9537de26a53b6f4dff8fcd7dee8fbaf17db884eb,v11.1.0,2024-06-25T10:59:04+00:00,84.00907407407408,high
84985,2024-03-22T11:21:24+00:00,2024-04-04T10:25:16+00:00,,v11.0.0-preview,2024-04-08T11:00:06+00:00,16.985208333333333,low
81121,2024-01-23T20:35:16+00:00,2024-04-04T11:14:51+00:00,4e60f44d98c9fc740e798a18e001f53ce8b8d2c3,v11.1.0,2024-06-25T10:59:04+00:00,153.59986111111112,medium
84576,2024-03-15T12:24:12+00:00,2024-04-04T13:45:28+00:00,,v11.0.0-preview,2024-04-08T11:00:06+00:00,23.94159722222222,low
83154,2024-02-21T10:54:26+00:00,2024-04-04T15:24:19+00:00,,v11.0.0-preview,2024-04-08T11:00:06+00:00,47.003935185185185,low
84848,2024-03-20T16:29:48+00:00,2024-04-04T18:08:25+00:00,5a53041c49404154b795cc5d8ee37cbfaa0419a1,v11.1.0,2024-06-25T10:59:04+00:00,96.77032407407407,medium
83916,2024-03-05T15:22:53+00:00,2024-04-05T09:19:28+00:00,,v11.0.0-preview,2024-04-08T11:00:06+00:00,33.817511574074075,low
85124,2024-03-25T21:04:29+00:00,2024-04-05T14:29:02+00:00,,v11.0.0-preview,2024-04-08T11:00:06+00:00,13.580289351851851,low
84575,2024-03-15T12:22:36+00:00,2024-04-05T14:47:34+00:00,,v11.0.0-preview,2024-04-08T11:00:06+00:00,23.942708333333332,low
85076,2024-03-25T13:06:54+00:00,2024-04-05T15:31:42+00:00,9d44c8e8cf3e934e68e3ff8e78e752e2773f83ca,v11.1.0,2024-06-25T10:59:04+00:00,91.91122685185185,medium
81465,2024-01-29T11:10:33+00:00,2024-04-05T17:24:58+00:00,d23918fd955a89613f0bb7dde1c250d98c4058a7,v11.1.0,2024-06-25T10:59:04+00:00,147.99202546296297,high
52388,2022-07-18T09:51:58+00:00,2024-04-05T17:40:48+00:00,,v11.0.0-preview,2024-04-08T11:00:06+00:00,630.0473148148149,low
49763,2022-05-27T23:54:05+00:00,2024-04-07T01:48:09+00:00,,v11.0.0-preview,2024-04-08T11:00:06+00:00,681.462511574074,low
85023,2024-03-22T20:39:30+00:00,2024-04-08T07:28:25+00:00,,v11.0.0-preview,2024-04-08T11:00:06+00:00,16.597638888888888,low
84562,2024-03-15T11:56:33+00:00,2024-04-08T10:06:51+00:00,d983629650885ea480c00e2e0f83e9281cc42d72,v11.1.0,2024-06-25T10:59:04+00:00,101.96008101851852,medium
84302,2024-03-12T15:16:57+00:00,2024-04-09T15:48:12+00:00,27bc0c19ab845094c5d4cbf83532fb4bb99474dd,v11.1.0,2024-06-25T10:59:04+00:00,104.82091435185185,medium
84568,2024-03-15T12:08:42+00:00,2024-04-09T15:53:11+00:00,,v10.4.2,2024-04-11T19:42:33+00:00,27.31517361111111,low
84573,2024-03-15T12:19:59+00:00,2024-04-09T17:59:39+00:00,,v10.4.2,2024-04-11T19:42:33+00:00,27.30733796296296,low
85783,2024-04-09T09:14:44+00:00,2024-04-09T18:39:32+00:00,96abe65fe4cc6961fdbc52793e23fcff3d9661c7,v11.1.0,2024-06-25T10:59:04+00:00,77.0724537037037,medium
82622,2024-02-15T15:38:59+00:00,2024-04-10T09:17:19+00:00,,v10.4.2,2024-04-11T19:42:33+00:00,56.16914351851852,low
84567,2024-03-15T12:06:08+00:00,2024-04-10T10:13:20+00:00,,v10.4.2,2024-04-11T19:42:33+00:00,27.316956018518518,low
83307,2024-02-23T13:14:00+00:00,2024-04-10T12:41:31+00:00,,v10.4.2,2024-04-11T19:42:33+00:00,48.26982638888889,low
85820,2024-04-09T18:03:09+00:00,2024-04-10T13:21:32+00:00,98c575d28f6e615bc19c5d7ffacf542a5a81b655,v11.1.0,2024-06-25T10:59:04+00:00,76.70549768518518,medium
84830,2024-03-20T15:18:11+00:00,2024-04-10T17:39:45+00:00,79631bdd154120d71010983bc0780bad801e579f,v11.1.0,2024-06-25T10:59:04+00:00,96.82005787037038,medium
84155,2024-03-11T09:26:41+00:00,2024-04-11T06:02:44+00:00,,v10.4.2,2024-04-11T19:42:33+00:00,31.427685185185187,low
83908,2024-03-05T13:52:57+00:00,2024-04-11T06:41:35+00:00,,v10.4.2,2024-04-11T19:42:33+00:00,37.242777777777775,low
80842,2024-01-18T20:32:10+00:00,2024-04-11T09:31:48+00:00,62c512662c717ace7d40a3c1142ea8e93fa65d5e,v11.1.0,2024-06-25T10:59:04+00:00,158.60201388888888,medium
84959,2024-03-21T21:54:21+00:00,2024-04-11T20:36:34+00:00,,v11.0.0,2024-05-14T09:16:18+00:00,53.47357638888889,low
83471,2024-02-27T08:49:56+00:00,2024-04-12T08:13:30+00:00,ce5fc59d54d3add3853ecb010de8e78fa77bc6b5,v11.1.0,2024-06-25T10:59:04+00:00,119.08967592592593,medium
84958,2024-03-21T21:51:35+00:00,2024-04-12T21:35:37+00:00,,v11.0.0,2024-05-14T09:16:18+00:00,53.47549768518518,low
62336,2023-01-27T15:05:56+00:00,2024-04-14T02:03:57+00:00,,v11.0.0,2024-05-14T09:16:18+00:00,472.7571990740741,low
54499,2022-08-30T20:57:04+00:00,2024-04-15T02:49:48+00:00,,v11.0.0,2024-05-14T09:16:18+00:00,622.5133564814815,low
85925,2024-04-11T09:59:20+00:00,2024-04-15T07:18:04+00:00,,v11.0.0,2024-05-14T09:16:18+00:00,32.97011574074074,low
86039,2024-04-12T11:25:18+00:00,2024-04-15T07:43:39+00:00,,v11.0.0,2024-05-14T09:16:18+00:00,31.910416666666666,low
59293,2022-11-24T12:43:40+00:00,2024-04-15T09:11:35+00:00,,v11.0.0,2024-05-14T09:16:18+00:00,536.8559953703704,low
86082,2024-04-12T23:54:04+00:00,2024-04-15T12:21:04+00:00,44adfea0493fc42aa84587d1eccc8ebcb50bddf2,v11.1.0,2024-06-25T10:59:04+00:00,73.46180555555556,medium
82276,2024-02-09T20:12:02+00:00,2024-04-15T15:40:18+00:00,,v11.0.0,2024-05-14T09:16:18+00:00,94.54462962962963,low
85924,2024-04-11T09:54:15+00:00,2024-04-16T01:10:25+00:00,869814ea3ea459c303be9874c9ba73a55dca850c,v11.1.0,2024-06-25T10:59:04+00:00,75.04501157407407,medium
84578,2024-03-15T12:27:57+00:00,2024-04-16T01:13:43+00:00,e15beab362ed2f8eb6c19c96fccc07619f50c031,v11.1.0,2024-06-25T10:59:04+00:00,101.93827546296296,medium
84566,2024-03-15T12:05:19+00:00,2024-04-16T08:04:27+00:00,,v11.0.0,2024-05-14T09:16:18+00:00,59.88262731481481,low
86153,2024-04-15T14:02:18+00:00,2024-04-16T12:46:27+00:00,,v11.0.0,2024-05-14T09:16:18+00:00,28.801388888888887,low
86005,2024-04-11T23:28:57+00:00,2024-04-16T16:14:40+00:00,533bed6d94063da0785edd05feb2767f5fd1c6fb,v11.1.0,2024-06-25T10:59:04+00:00,74.47924768518519,medium
77260,2023-10-27T08:43:24+00:00,2024-04-17T06:05:24+00:00,989e7c2c113d4482b78017363619608ec5a33683,v11.1.0,2024-06-25T10:59:04+00:00,242.09421296296296,medium
86296,2024-04-16T11:38:29+00:00,2024-04-17T07:24:11+00:00,,v11.0.0,2024-05-14T09:16:18+00:00,27.901261574074073,low
86158,2024-04-15T14:22:53+00:00,2024-04-17T08:19:52+00:00,,v11.0.0,2024-05-14T09:16:18+00:00,28.787094907407408,low
85859,2024-04-10T11:46:22+00:00,2024-04-17T14:07:24+00:00,,v11.0.0,2024-05-14T09:16:18+00:00,33.89578703703704,low
85850,2024-04-10T09:48:22+00:00,2024-04-17T14:38:44+00:00,,v11.0.0,2024-05-14T09:16:18+00:00,33.977731481481484,low
85031,2024-03-23T00:02:35+00:00,2024-04-17T17:18:19+00:00,ed8eacbc7ed73b35419668958cc07a1e92bb02b4,v11.1.0,2024-06-25T10:59:04+00:00,94.4558912037037,medium
85295,2024-03-27T16:21:04+00:00,2024-04-17T17:19:36+00:00,,v11.0.0,2024-05-14T09:16:18+00:00,47.70502314814815,low
85689,2024-04-05T22:03:29+00:00,2024-04-17T20:03:34+00:00,82dd573ea41c461fea19fdd94a71f48a099c3491,v11.1.0,2024-06-25T10:59:04+00:00,80.53859953703704,medium
82214,2024-02-08T23:26:51+00:00,2024-04-17T21:06:43+00:00,8d415611c5e8cbcc735df81d909845aa91d4625a,v11.0.0,2024-05-14T09:16:18+00:00,95.40934027777777,low
86457,2024-04-17T18:01:24+00:00,2024-04-17T21:24:15+00:00,,v11.0.0,2024-05-14T09:16:18+00:00,26.635347222222222,low
86167,2024-04-15T14:34:36+00:00,2024-04-18T06:46:26+00:00,,v11.0.0,2024-05-14T09:16:18+00:00,28.778958333333332,low
86380,2024-04-16T17:23:17+00:00,2024-04-18T09:21:42+00:00,,v11.0.0,2024-05-14T09:16:18+00:00,27.66181712962963,low
81632,2024-01-31T12:29:41+00:00,2024-04-18T10:02:17+00:00,,v11.0.0,2024-05-14T09:16:18+00:00,103.86570601851852,low
84981,2024-03-22T10:38:26+00:00,2024-04-18T13:46:06+00:00,817f7879478dede2394c262501cb64364272cdfb,v11.1.0,2024-06-25T10:59:04+00:00,95.0143287037037,medium
86208,2024-04-15T16:58:06+00:00,2024-04-18T23:14:31+00:00,,v11.0.0,2024-05-14T09:16:18+00:00,28.679305555555555,low
64968,2023-03-17T15:05:05+00:00,2024-04-19T01:47:37+00:00,,v11.0.0,2024-05-14T09:16:18+00:00,423.75778935185184,low
84727,2024-03-19T12:20:16+00:00,2024-04-19T11:04:02+00:00,65afe90124cd57deae18f6955b5f286a4dd438e9,v11.1.0,2024-06-25T10:59:04+00:00,97.94361111111111,medium
75280,2023-09-22T10:42:40+00:00,2024-04-19T19:56:13+00:00,74ee675732083c74eb716da26f865a71b7a666c4,v11.1.0,2024-06-25T10:59:04+00:00,277.0113888888889,medium
54126,2022-08-24T00:44:04+00:00,2024-04-21T01:48:23+00:00,6f125994b38d6a917cf333ba98cd9e2a8e06e8bf,v11.0.0,2024-05-14T09:16:18+00:00,629.3557175925926,low
85027,2024-03-22T23:39:55+00:00,2024-04-23T03:24:41+00:00,,v11.0.0,2024-05-14T09:16:18+00:00,52.4002662037037,low
86435,2024-04-17T12:27:17+00:00,2024-04-23T04:52:27+00:00,dccad4e0811132e9d992e07faa4ad2048d50f2d3,v11.1.0,2024-06-25T10:59:04+00:00,68.93873842592592,medium
86554,2024-04-18T22:28:23+00:00,2024-04-23T06:33:06+00:00,b28e6bc5d8547eda9754dac94a3faa4bb340e360,v11.1.0,2024-06-25T10:59:04+00:00,67.52130787037036,medium
84807,2024-03-20T11:49:59+00:00,2024-04-23T11:59:55+00:00,,v11.0.0,2024-05-14T09:16:18+00:00,54.89327546296296,low
84633,2024-03-18T09:10:20+00:00,2024-04-23T12:08:36+00:00,,v11.0.0,2024-05-14T09:16:18+00:00,57.00414351851852,low
86555,2024-04-18T22:36:28+00:00,2024-04-23T13:25:17+00:00,b28e6bc5d8547eda9754dac94a3faa4bb340e360,v11.1.0,2024-06-25T10:59:04+00:00,67.51569444444445,medium
86556,2024-04-18T22:44:38+00:00,2024-04-23T13:25:18+00:00,b28e6bc5d8547eda9754dac94a3faa4bb340e360,v11.1.0,2024-06-25T10:59:04+00:00,67.51002314814815,medium
86557,2024-04-18T22:52:20+00:00,2024-04-23T13:25:18+00:00,b28e6bc5d8547eda9754dac94a3faa4bb340e360,v11.1.0,2024-06-25T10:59:04+00:00,67.50467592592592,medium
86559,2024-04-18T23:08:28+00:00,2024-04-23T13:25:19+00:00,b28e6bc5d8547eda9754dac94a3faa4bb340e360,v11.1.0,2024-06-25T10:59:04+00:00,67.49347222222222,medium
86558,2024-04-18T22:57:41+00:00,2024-04-23T13:25:19+00:00,b28e6bc5d8547eda9754dac94a3faa4bb340e360,v11.1.0,2024-06-25T10:59:04+00:00,67.50096064814815,medium
86769,2024-04-23T12:10:41+00:00,2024-04-23T13:50:44+00:00,,v11.0.0,2024-05-14T09:16:18+00:00,20.878900462962964,low
86210,2024-04-15T17:08:21+00:00,2024-04-23T14:54:43+00:00,173ba73a8a5280cac48ef2414ba1355097f0c426,v11.1.0,2024-06-25T10:59:04+00:00,70.74355324074074,medium
85582,2024-04-04T11:28:56+00:00,2024-04-24T08:00:40+00:00,a8424f483123e37f40c9fb625ef19fbed0b80e19,v11.1.0,2024-06-25T10:59:04+00:00,81.97925925925927,medium
86500,2024-04-18T10:06:01+00:00,2024-04-24T08:21:02+00:00,de589b98c7f5e4d8cb5235a090e82aa8a726662c,v11.1.0,2024-06-25T10:59:04+00:00,68.03684027777778,medium
84632,2024-03-18T09:07:53+00:00,2024-04-24T10:05:22+00:00,,v11.0.0,2024-05-14T09:16:18+00:00,57.00584490740741,low
85020,2024-03-22T19:07:17+00:00,2024-04-24T16:32:02+00:00,,v11.0.0,2024-05-14T09:16:18+00:00,52.58959490740741,low
77597,2023-11-02T20:47:30+00:00,2024-04-24T18:57:20+00:00,,v11.0.0,2024-05-14T09:16:18+00:00,193.52,low
86948,2024-04-25T18:02:29+00:00,2024-04-25T18:38:14+00:00,,v11.0.0,2024-05-14T09:16:18+00:00,18.634594907407408,low
65034,2023-03-20T10:24:15+00:00,2024-04-26T01:47:48+00:00,,v11.0.0,2024-05-14T09:16:18+00:00,420.9528125,low
86949,2024-04-25T18:03:40+00:00,2024-04-26T14:34:56+00:00,,v11.0.0,2024-05-14T09:16:18+00:00,18.633773148148148,low
84565,2024-03-15T12:04:07+00:00,2024-04-26T17:44:19+00:00,1dbb3bfdea76da4b6d6604288c91b547c9e0baa1,v11.1.0,2024-06-25T10:59:04+00:00,101.95482638888889,high
45433,2022-02-16T03:50:39+00:00,2024-04-27T01:47:13+00:00,,v11.0.0,2024-05-14T09:16:18+00:00,818.2261458333334,low
55670,2022-09-23T11:10:09+00:00,2024-04-28T01:48:40+00:00,,v11.0.0,2024-05-14T09:16:18+00:00,598.9209375,low
86943,2024-04-25T16:34:52+00:00,2024-04-29T07:41:45+00:00,fdc102358659385b1643de961a8ed0e2428e682a,v11.1.0,2024-06-25T10:59:04+00:00,60.76680555555556,medium
86966,2024-04-26T08:52:06+00:00,2024-04-29T07:49:48+00:00,67968df70e76ba7c78971018f0e59448eabe0709,v11.1.0,2024-06-25T10:59:04+00:00,60.088171296296295,medium
86437,2024-04-17T12:37:22+00:00,2024-04-29T08:28:42+00:00,01f83015047d0026f3d7083430e930ad5d6e6c34,v11.1.0,2024-06-25T10:59:04+00:00,68.9317361111111,medium
86420,2024-04-17T09:27:56+00:00,2024-04-29T08:53:59+00:00,,v11.0.0,2024-05-14T09:16:18+00:00,26.991921296296297,low
86305,2024-04-16T12:11:18+00:00,2024-04-29T09:46:46+00:00,,v11.0.0,2024-05-14T09:16:18+00:00,27.87847222222222,low
86964,2024-04-26T08:43:56+00:00,2024-04-29T12:33:01+00:00,5830d6761d745740db5c81c9c2be58bcb7b94601,v11.1.0,2024-06-25T10:59:04+00:00,60.093842592592594,medium
86933,2024-04-25T15:04:53+00:00,2024-04-29T16:16:03+00:00,49fbe970fb9dceca72a7455f5c2a77cf85c4f2a8,v11.1.0,2024-06-25T10:59:04+00:00,60.829293981481484,medium
87064,2024-04-29T15:42:35+00:00,2024-04-29T17:13:30+00:00,70ff229bed758374de1faecbb058cf9dcb9ee0d7,v11.1.0,2024-06-25T10:59:04+00:00,56.80311342592593,medium
85382,2024-03-28T17:29:13+00:00,2024-04-29T21:02:40+00:00,e3719471d5daccbad3fcc736144c942f2a4cd4cb,v11.1.0,2024-06-25T10:59:04+00:00,88.7290625,medium
87134,2024-04-30T14:00:56+00:00,2024-05-01T09:17:49+00:00,7a5c17d61388d201d49c3feb875e2f2887259c3a,v11.1.0,2024-06-25T10:59:04+00:00,55.873703703703704,medium
86988,2024-04-26T12:32:49+00:00,2024-05-01T12:30:55+00:00,,v11.0.0,2024-05-14T09:16:18+00:00,17.863530092592594,low
85033,2024-03-23T00:20:34+00:00,2024-05-01T14:55:13+00:00,0fbfb67b159fd30e164207e0d82cffc71c643b48,v11.1.0,2024-06-25T10:59:04+00:00,94.44340277777778,medium
85029,2024-03-22T23:46:52+00:00,2024-05-01T18:19:56+00:00,ee4422d1e2de0cb00cd14a068bdf83c787924df0,v11.1.0,2024-06-25T10:59:04+00:00,94.46680555555555,medium
86774,2024-04-23T13:21:48+00:00,2024-05-02T08:30:20+00:00,,v11.0.0,2024-05-14T09:16:18+00:00,20.82951388888889,low
87133,2024-04-30T13:58:28+00:00,2024-05-02T12:07:14+00:00,4d37e11ce94644858ad5725a3fc7d981526514e2,v11.1.0,2024-06-25T10:59:04+00:00,55.875416666666666,medium
87135,2024-04-30T14:04:02+00:00,2024-05-02T12:10:08+00:00,37ca484aad6f20ba584c74ba04156ac53b6e2532,v11.1.0,2024-06-25T10:59:04+00:00,55.87155092592592,medium
86547,2024-04-18T17:57:26+00:00,2024-05-02T13:15:13+00:00,6851ad9f8cd685c7953b0a8e2e1ae6c97f075bda,v11.1.0,2024-06-25T10:59:04+00:00,67.70946759259259,medium
87051,2024-04-29T13:43:39+00:00,2024-05-02T15:23:30+00:00,,v11.0.0,2024-05-14T09:16:18+00:00,14.814340277777777,low
85829,2024-04-09T20:23:38+00:00,2024-05-02T20:06:42+00:00,21afe3dc62c05c6c38af2fe266a96eae8d29bf19,v11.1.0,2024-06-25T10:59:04+00:00,76.60793981481481,medium
54494,2022-08-30T18:43:20+00:00,2024-05-03T01:48:32+00:00,,v11.0.0,2024-05-14T09:16:18+00:00,622.6062268518518,low
57588,2022-10-25T08:57:52+00:00,2024-05-03T01:48:38+00:00,,v11.0.0,2024-05-14T09:16:18+00:00,567.012800925926,low
66691,2023-04-17T15:41:59+00:00,2024-05-03T08:02:16+00:00,,v11.0.0,2024-05-14T09:16:18+00:00,392.73216435185185,low
87171,2024-05-01T12:19:26+00:00,2024-05-03T09:50:11+00:00,b3f173f15319544cb1e4f8cd5cb72879b3505f8a,v11.1.0,2024-06-25T10:59:04+00:00,54.94418981481481,high
87169,2024-05-01T11:51:31+00:00,2024-05-03T15:33:50+00:00,64330534799cd1e222c69a0a07ba5dc8f39366e1,v11.1.0,2024-06-25T10:59:04+00:00,54.96357638888889,medium
85299,2024-03-27T17:03:05+00:00,2024-05-03T21:17:06+00:00,,v11.0.0,2024-05-14T09:16:18+00:00,47.67584490740741,low
85034,2024-03-23T00:31:05+00:00,2024-05-03T22:06:06+00:00,8a96fcedb2f29f60d9a1fffeb0828e38a9cd4f4a,v11.1.0,2024-06-25T10:59:04+00:00,94.43609953703704,medium
85036,2024-03-23T00:41:59+00:00,2024-05-03T22:21:47+00:00,,v11.0.0,2024-05-14T09:16:18+00:00,52.35716435185185,low
87359,2024-05-03T22:51:47+00:00,2024-05-03T23:47:31+00:00,,v11.0.0,2024-05-14T09:16:18+00:00,10.43369212962963,low
65933,2023-04-04T14:45:25+00:00,2024-05-05T01:49:15+00:00,,v11.0.0,2024-05-14T09:16:18+00:00,405.7714467592593,low
66099,2023-04-06T08:59:46+00:00,2024-05-06T01:48:26+00:00,167c370589750a649c751a893f2b672518c4eada,v11.0.0,2024-05-14T09:16:18+00:00,404.0114814814815,low
87229,2024-05-02T12:15:31+00:00,2024-05-06T06:56:16+00:00,,v11.0.0,2024-05-14T09:16:18+00:00,11.875543981481481,low
87184,2024-05-01T15:21:08+00:00,2024-05-06T12:13:10+00:00,8173bd89bf0b233485f42c87acf8461d353a09a9,v11.1.0,2024-06-25T10:59:04+00:00,54.818009259259256,medium
55842,2022-09-27T14:50:14+00:00,2024-05-06T15:03:34+00:00,,v11.0.0,2024-05-14T09:16:18+00:00,594.7681018518518,low
70635,2023-06-23T18:32:10+00:00,2024-05-06T16:07:05+00:00,fae9bfccb2f8d813b142561212c4d02c05fe9e26,v11.1.0,2024-06-25T10:59:04+00:00,367.6853472222222,medium
79737,2023-12-20T08:46:58+00:00,2024-05-07T06:50:12+00:00,,v11.0.0,2024-05-14T09:16:18+00:00,146.02037037037036,low
86963,2024-04-26T08:40:30+00:00,2024-05-07T12:02:53+00:00,c6975e06d241e31295ec55327c641d73d483dcf9,v11.1.0,2024-06-25T10:59:04+00:00,60.09622685185185,medium
87455,2024-05-07T15:40:40+00:00,2024-05-07T15:44:55+00:00,,v11.0.0,2024-05-14T09:16:18+00:00,6.733078703703704,low
64193,2023-03-05T13:58:43+00:00,2024-05-08T09:48:13+00:00,,v11.0.0,2024-05-14T09:16:18+00:00,435.8038773148148,low
57278,2022-10-19T13:05:11+00:00,2024-05-08T09:50:05+00:00,,v11.0.0,2024-05-14T09:16:18+00:00,572.8410532407407,low
87361,2024-05-03T22:57:01+00:00,2024-05-09T17:01:00+00:00,9bd44aed2eeee4d6c56c49af418d1143dc972968,v11.1.0,2024-06-25T10:59:04+00:00,52.501423611111115,medium
71846,2023-07-18T13:26:51+00:00,2024-05-10T10:26:53+00:00,,v11.0.0,2024-05-14T09:16:18+00:00,300.82600694444443,low
74560,2023-09-07T16:30:47+00:00,2024-05-10T10:30:33+00:00,,v11.0.0,2024-05-14T09:16:18+00:00,249.69827546296295,low
82154,2024-02-08T12:28:29+00:00,2024-05-10T13:09:14+00:00,,v11.0.0,2024-05-14T09:16:18+00:00,95.86653935185186,low
83844,2024-03-04T15:39:54+00:00,2024-05-10T13:15:02+00:00,,v11.0.0,2024-05-14T09:16:18+00:00,70.73361111111112,low
82044,2024-02-07T08:12:33+00:00,2024-05-10T13:42:25+00:00,c203a030e8e6123b9abe5d580ea00a16aa81e0ba,v11.1.0,2024-06-25T10:59:04+00:00,139.11563657407407,medium
74561,2023-09-07T16:35:35+00:00,2024-05-10T17:06:28+00:00,,v11.0.0,2024-05-14T09:16:18+00:00,249.69494212962962,low
85521,2024-04-03T10:52:13+00:00,2024-05-10T17:58:55+00:00,,v11.0.0,2024-05-14T09:16:18+00:00,40.93339120370371,low
85035,2024-03-23T00:39:09+00:00,2024-05-10T23:59:04+00:00,,v11.0.0,2024-05-14T09:16:18+00:00,52.35913194444444,low
76433,2023-10-12T12:04:50+00:00,2024-05-13T08:48:15+00:00,,v11.0.0,2024-05-14T09:16:18+00:00,214.88296296296295,low
84795,2024-03-20T08:54:24+00:00,2024-05-14T07:53:19+00:00,,v11.0.0,2024-05-14T09:16:18+00:00,55.015208333333334,low
87536,2024-05-09T07:38:18+00:00,2024-05-14T10:39:11+00:00,,v10.3.6,2024-05-14T15:07:34+00:00,5.3119907407407405,low
87495,2024-05-08T09:25:49+00:00,2024-05-14T14:51:00+00:00,5f147644d4e9fd639f5ffc237dd9595edd5ea258,v11.1.0,2024-06-25T10:59:04+00:00,48.06475694444445,medium
79791,2023-12-21T11:30:09+00:00,2024-05-14T14:57:36+00:00,b07b927a9457a33c270b4515711768f56c2a7784,v11.1.0,2024-06-25T10:59:04+00:00,186.97841435185185,high
62725,2023-02-01T19:37:33+00:00,2024-05-15T11:49:54+00:00,,v10.4.4,2024-06-13T15:20:35+00:00,497.8215509259259,low
87911,2024-05-15T12:50:38+00:00,2024-05-15T13:20:01+00:00,,v10.4.4,2024-06-13T15:20:35+00:00,29.104131944444443,low
82682,2024-02-15T17:29:29+00:00,2024-05-15T13:41:50+00:00,,v10.4.4,2024-06-13T15:20:35+00:00,118.91048611111111,low
87446,2024-05-07T13:41:03+00:00,2024-05-16T00:17:51+00:00,,v10.4.4,2024-06-13T15:20:35+00:00,37.06912037037037,low
86981,2024-04-26T11:44:12+00:00,2024-05-16T08:34:08+00:00,9e29c215c38290d2b7120343b76d9e8c1a0c81b0,v11.1.0,2024-06-25T10:59:04+00:00,59.968657407407406,medium
79463,2023-12-13T14:52:13+00:00,2024-05-16T16:09:51+00:00,,v10.4.4,2024-06-13T15:20:35+00:00,183.01969907407408,low
87856,2024-05-14T18:19:32+00:00,2024-05-16T16:50:03+00:00,edae5fc7916011bedf1f58388785e731b1e825de,v11.1.0,2024-06-25T10:59:04+00:00,41.69412037037037,medium
82741,2024-02-15T18:56:19+00:00,2024-05-17T14:54:54+00:00,,v10.4.4,2024-06-13T15:20:35+00:00,118.85018518518518,low
87547,2024-05-09T11:35:52+00:00,2024-05-20T07:48:08+00:00,fe991a9a7bcdc060e61fddfe65c45cb4ef3505a4,v11.1.0,2024-06-25T10:59:04+00:00,46.974444444444444,medium
69401,2023-06-01T15:52:00+00:00,2024-05-20T09:39:54+00:00,cf407fe8dee08b049c37e1e28e49baea80cc1c16,v11.1.0,2024-06-25T10:59:04+00:00,389.7965740740741,medium
69659,2023-06-06T16:25:02+00:00,2024-05-20T17:42:25+00:00,28992f0488e0555493041675ee30f77b9442ab94,v11.1.0,2024-06-25T10:59:04+00:00,384.77363425925927,medium
87608,2024-05-10T04:40:35+00:00,2024-05-21T11:12:28+00:00,,v10.4.4,2024-06-13T15:20:35+00:00,34.44444444444444,low
66292,2023-04-11T14:29:30+00:00,2024-05-22T01:48:51+00:00,,v10.4.4,2024-06-13T15:20:35+00:00,429.03547453703703,low
85238,2024-03-27T10:15:51+00:00,2024-05-22T09:28:40+00:00,,v10.4.4,2024-06-13T15:20:35+00:00,78.21162037037037,low
86659,2024-04-22T08:57:05+00:00,2024-05-22T12:15:57+00:00,,v10.4.4,2024-06-13T15:20:35+00:00,52.26631944444444,low
86464,2024-04-17T20:29:45+00:00,2024-05-22T16:36:02+00:00,,v10.4.4,2024-06-13T15:20:35+00:00,56.785300925925924,low
86705,2024-04-22T15:27:32+00:00,2024-05-23T19:17:56+00:00,,v10.4.4,2024-06-13T15:20:35+00:00,51.99517361111111,low
63834,2023-02-28T09:11:32+00:00,2024-05-24T01:48:43+00:00,,v10.4.4,2024-06-13T15:20:35+00:00,471.25628472222223,low
67162,2023-04-24T21:27:41+00:00,2024-05-24T01:48:52+00:00,,v10.4.4,2024-06-13T15:20:35+00:00,415.7450694444444,low
83263,2024-02-22T17:25:04+00:00,2024-05-24T11:49:54+00:00,,v10.4.4,2024-06-13T15:20:35+00:00,111.91355324074074,low
65298,2023-03-23T19:39:38+00:00,2024-05-25T01:48:27+00:00,,v10.4.4,2024-06-13T15:20:35+00:00,447.8201041666667,low
74262,2023-09-01T09:20:48+00:00,2024-05-28T08:59:12+00:00,,v10.4.4,2024-06-13T15:20:35+00:00,286.24984953703705,low
47005,2022-03-29T09:37:45+00:00,2024-05-29T07:11:25+00:00,06304894a13ab9fbf3386eddcf5e870adc477989,v11.1.0,2024-06-25T10:59:04+00:00,819.0564699074074,medium
88391,2024-05-28T15:56:59+00:00,2024-05-29T09:54:41+00:00,,v10.4.4,2024-06-13T15:20:35+00:00,15.974722222222223,low
87924,2024-05-15T15:02:59+00:00,2024-05-30T08:46:06+00:00,56a544668fa4c7e3ac2335f38a8fa708ce07863e,v11.1.0,2024-06-25T10:59:04+00:00,40.830613425925925,medium
88494,2024-05-30T11:37:13+00:00,2024-05-30T17:34:02+00:00,fddf77ee35677f33d0ce64c032aa51b7374c9655,v11.1.0,2024-06-25T10:59:04+00:00,25.973506944444445,medium
79829,2023-12-22T10:52:37+00:00,2024-05-31T18:36:39+00:00,be2e420e6bb8d7d08015df9640fa15ee13eee042,v11.1.0,2024-06-25T10:59:04+00:00,186.00447916666667,medium
67640,2023-05-02T09:38:13+00:00,2024-06-01T01:51:49+00:00,,v10.4.4,2024-06-13T15:20:35+00:00,408.23775462962965,low
67641,2023-05-02T09:45:04+00:00,2024-06-01T01:51:50+00:00,,v10.4.4,2024-06-13T15:20:35+00:00,408.2329976851852,low
48565,2022-04-30T13:39:30+00:00,2024-06-02T01:51:26+00:00,,v10.4.4,2024-06-13T15:20:35+00:00,775.0701967592593,low
88359,2024-05-28T07:41:17+00:00,2024-06-03T08:02:42+00:00,,v10.4.4,2024-06-13T15:20:35+00:00,16.318958333333335,low
85730,2024-04-08T12:05:07+00:00,2024-06-03T11:58:31+00:00,,v10.4.4,2024-06-13T15:20:35+00:00,66.13574074074074,low
88482,2024-05-30T09:39:11+00:00,2024-06-03T13:19:54+00:00,,v10.4.4,2024-06-13T15:20:35+00:00,14.237083333333333,low
65769,2023-04-03T07:48:42+00:00,2024-06-04T01:49:38+00:00,,v10.4.4,2024-06-13T15:20:35+00:00,437.3138078703704,low
67923,2023-05-05T14:56:15+00:00,2024-06-04T01:49:45+00:00,,v10.4.4,2024-06-13T15:20:35+00:00,405.01689814814813,low
67942,2023-05-05T19:02:31+00:00,2024-06-04T01:49:46+00:00,,v10.4.4,2024-06-13T15:20:35+00:00,404.8458796296296,low
67946,2023-05-05T19:54:51+00:00,2024-06-04T01:49:48+00:00,,v10.4.4,2024-06-13T15:20:35+00:00,404.80953703703705,low
85079,2024-03-25T13:49:03+00:00,2024-06-04T09:46:43+00:00,,v10.4.4,2024-06-13T15:20:35+00:00,80.06356481481481,low
88686,2024-06-04T12:15:29+00:00,2024-06-04T12:39:02+00:00,,v10.4.4,2024-06-13T15:20:35+00:00,9.128541666666667,low
81044,2024-01-23T10:20:01+00:00,2024-06-04T13:04:37+00:00,,v10.4.4,2024-06-13T15:20:35+00:00,142.20872685185185,low
88688,2024-06-04T12:31:11+00:00,2024-06-04T14:57:02+00:00,,v10.4.4,2024-06-13T15:20:35+00:00,9.117638888888889,low
86851,2024-04-24T12:13:17+00:00,2024-06-05T11:36:16+00:00,fe3e5917f1bc83ab29b6a57578316e054718aa4a,v11.1.0,2024-06-25T10:59:04+00:00,61.94846064814815,medium
76207,2023-10-09T15:37:54+00:00,2024-06-06T09:47:19+00:00,,v10.4.4,2024-06-13T15:20:35+00:00,247.98797453703705,low
88723,2024-06-04T18:23:53+00:00,2024-06-06T09:50:00+00:00,a23174849c2a31b49c461fdf8bf7b66f3977a1cf,v11.1.0,2024-06-25T10:59:04+00:00,20.691099537037037,medium
88821,2024-06-06T08:29:39+00:00,2024-06-06T12:09:50+00:00,,v10.4.4,2024-06-13T15:20:35+00:00,7.28537037037037,low
69409,2023-06-01T17:25:15+00:00,2024-06-06T18:08:07+00:00,,v10.4.4,2024-06-13T15:20:35+00:00,377.91342592592594,low
67378,2023-04-27T10:52:51+00:00,2024-06-09T01:53:57+00:00,,v10.4.4,2024-06-13T15:20:35+00:00,413.1859259259259,low
67689,2023-05-02T21:06:54+00:00,2024-06-09T01:53:59+00:00,,v10.4.4,2024-06-13T15:20:35+00:00,407.7595023148148,low
85697,2024-04-07T20:49:55+00:00,2024-06-10T12:27:18+00:00,80bdfbe2eb9a06b37cebed123c2c8091f99d861e,v11.2.0,2024-08-27T17:18:36+00:00,141.85325231481482,medium
82520,2024-02-15T10:13:51+00:00,2024-06-10T13:14:40+00:00,0a05ac6aeda8a4f41b5609c2ba1887365a79ee79,v11.2.0,2024-08-27T17:18:36+00:00,194.29496527777778,medium
86544,2024-04-18T16:48:52+00:00,2024-06-10T16:00:53+00:00,,v10.4.4,2024-06-13T15:20:35+00:00,55.93869212962963,low
46806,2022-03-21T18:24:20+00:00,2024-06-11T01:50:51+00:00,,v10.4.4,2024-06-13T15:20:35+00:00,814.8723958333334,low
68414,2023-05-12T18:49:03+00:00,2024-06-11T01:51:02+00:00,,v10.4.4,2024-06-13T15:20:35+00:00,397.8552314814815,low
88775,2024-06-05T13:00:58+00:00,2024-06-11T12:10:27+00:00,55dfc76b232ff62d2330e7db507f0f5857f21565,v11.2.0,2024-08-27T17:18:36+00:00,83.17891203703704,medium
76820,2023-10-19T14:19:32+00:00,2024-06-11T13:35:43+00:00,,v10.4.4,2024-06-13T15:20:35+00:00,238.04239583333333,low
87568,2024-05-09T16:08:59+00:00,2024-06-12T13:31:07+00:00,9877aa70399b54fd728bab406eba2bf37960ef0f,v11.2.0,2024-08-27T17:18:36+00:00,110.04834490740741,medium
80777,2024-01-18T06:33:51+00:00,2024-06-12T16:22:01+00:00,,v10.4.4,2024-06-13T15:20:35+00:00,147.36578703703702,low
89145,2024-06-13T07:31:41+00:00,2024-06-13T09:24:30+00:00,99e5e1c8bd6d66f60fa72c6ac84d5aa73c577201,v11.2.0,2024-08-27T17:18:36+00:00,75.40758101851851,medium
89164,2024-06-13T12:53:27+00:00,2024-06-13T13:39:36+00:00,,v10.4.4,2024-06-13T15:20:35+00:00,0.10217592592592592,low
63584,2023-02-22T16:43:02+00:00,2024-06-14T01:50:20+00:00,b71ef9b6670c18f8e93cafc5d0ac97d08818239e,v10.0.0,2023-06-22T15:09:32+00:00,119.93506944444445,medium
89203,2024-06-14T09:17:45+00:00,2024-06-14T15:58:35+00:00,,v11.1.0,2024-06-25T10:59:04+00:00,11.070358796296297,low
88906,2024-06-07T11:03:32+00:00,2024-06-17T15:58:49+00:00,0abe4fc709133521cae92ba044b641a6caebd150,v11.2.0,2024-08-27T17:18:36+00:00,81.26046296296296,medium
88683,2024-06-04T12:01:50+00:00,2024-06-18T11:21:41+00:00,0afbaa39dfe59bd6428e8ab1b999cfa25b6ce8d2,v11.2.0,2024-08-27T17:18:36+00:00,84.21997685185185,medium
88983,2024-06-10T14:26:32+00:00,2024-06-19T06:23:22+00:00,,v11.1.0,2024-06-25T10:59:04+00:00,14.855925925925925,low
88008,2024-05-16T21:33:31+00:00,2024-06-19T06:39:54+00:00,,v11.1.0,2024-06-25T10:59:04+00:00,39.55940972222222,low
89459,2024-06-20T10:32:09+00:00,2024-06-20T10:32:15+00:00,,v11.1.0,2024-06-25T10:59:04+00:00,5.018692129629629,low
84360,2024-03-13T11:43:08+00:00,2024-06-20T16:50:49+00:00,,v11.1.0,2024-06-25T10:59:04+00:00,103.96939814814814,low
82786,2024-02-15T20:10:24+00:00,2024-06-20T17:00:27+00:00,,v11.1.0,2024-06-25T10:59:04+00:00,130.61712962962963,low
81836,2024-02-02T22:06:11+00:00,2024-06-20T18:09:50+00:00,,v11.1.0,2024-06-25T10:59:04+00:00,143.53672453703703,low
89270,2024-06-17T08:51:12+00:00,2024-06-21T09:07:36+00:00,,v11.1.0,2024-06-25T10:59:04+00:00,8.088796296296296,low
89458,2024-06-20T10:29:03+00:00,2024-06-21T10:18:54+00:00,d750af0c482ca8cc80617f3b14005ddf7ba6f8fd,v11.2.0,2024-08-27T17:18:36+00:00,68.28440972222222,medium
68877,2023-05-23T10:07:08+00:00,2024-06-22T01:49:06+00:00,,v11.1.0,2024-06-25T10:59:04+00:00,399.03606481481484,low
74666,2023-09-11T12:36:08+00:00,2024-06-25T07:42:19+00:00,fd96edaef763ce6ba236e07c99684570efff2c98,v11.2.0,2024-08-27T17:18:36+00:00,351.1961574074074,medium
69182,2023-05-26T14:40:38+00:00,2024-06-26T01:50:25+00:00,,v11.0.2,2024-07-26T00:44:05+00:00,426.4190625,low
73369,2023-08-17T08:55:15+00:00,2024-06-26T11:06:34+00:00,,v11.0.2,2024-07-26T00:44:05+00:00,343.65891203703706,low
64568,2023-03-09T22:06:29+00:00,2024-06-27T15:10:29+00:00,,v11.0.2,2024-07-26T00:44:05+00:00,504.1094444444444,low
89489,2024-06-20T15:05:21+00:00,2024-07-01T19:01:21+00:00,,v11.0.2,2024-07-26T00:44:05+00:00,35.40189814814815,low
88415,2024-05-29T10:49:28+00:00,2024-07-03T15:27:17+00:00,,v11.0.2,2024-07-26T00:44:05+00:00,57.579594907407404,low
69532,2023-06-05T07:50:03+00:00,2024-07-05T01:51:10+00:00,,v11.0.2,2024-07-26T00:44:05+00:00,416.7041898148148,low
90141,2024-07-05T14:22:24+00:00,2024-07-05T14:58:56+00:00,,v11.0.2,2024-07-26T00:44:05+00:00,20.431724537037038,low
89960,2024-07-02T16:54:16+00:00,2024-07-05T15:17:46+00:00,,v11.0.2,2024-07-26T00:44:05+00:00,23.326261574074074,low
88356,2024-05-28T03:13:59+00:00,2024-07-05T17:06:38+00:00,,v11.0.2,2024-07-26T00:44:05+00:00,58.89590277777778,low
52213,2022-07-14T10:06:58+00:00,2024-07-08T17:43:56+00:00,,v11.0.2,2024-07-26T00:44:05+00:00,742.6091087962963,low
65270,2023-03-23T13:43:39+00:00,2024-07-09T13:22:59+00:00,,v11.0.2,2024-07-26T00:44:05+00:00,490.45863425925927,low
88990,2024-06-10T15:37:33+00:00,2024-07-09T15:07:10+00:00,,v11.0.2,2024-07-26T00:44:05+00:00,45.37953703703704,low
69849,2023-06-09T12:24:04+00:00,2024-07-10T01:52:27+00:00,,v11.0.2,2024-07-26T00:44:05+00:00,412.51390046296297,low
89530,2024-06-21T09:09:10+00:00,2024-07-11T10:37:48+00:00,fe1ab29ce413e823c2f5b7af5281a16517f91514,v11.0.2,2024-07-26T00:44:05+00:00,34.64924768518519,low
67209,2023-04-25T13:18:11+00:00,2024-07-12T01:51:37+00:00,,v11.0.2,2024-07-26T00:44:05+00:00,457.47631944444447,low
87785,2024-05-13T15:56:45+00:00,2024-07-12T14:04:09+00:00,,v11.0.2,2024-07-26T00:44:05+00:00,73.3662037037037,low
88017,2024-05-17T12:45:47+00:00,2024-07-12T15:42:23+00:00,,v11.0.2,2024-07-26T00:44:05+00:00,69.49881944444445,low
90374,2024-07-12T15:11:18+00:00,2024-07-12T15:49:24+00:00,,v11.0.2,2024-07-26T00:44:05+00:00,13.397766203703704,low
80996,2024-01-22T14:53:25+00:00,2024-07-12T16:26:59+00:00,ba800692c6c2afba3bec24cb585a05df72d9eeff,v11.2.0,2024-08-27T17:18:36+00:00,218.10082175925925,medium
90000,2024-07-03T14:20:43+00:00,2024-07-12T18:24:10+00:00,9a8be1785a65774b6d951806622ca161a8fc021a,v11.2.0,2024-08-27T17:18:36+00:00,55.123530092592596,medium
89647,2024-06-24T21:38:38+00:00,2024-07-12T18:51:39+00:00,,v11.0.2,2024-07-26T00:44:05+00:00,31.12878472222222,low
64548,2023-03-09T17:44:03+00:00,2024-07-13T01:51:32+00:00,,v11.0.2,2024-07-26T00:44:05+00:00,504.2916898148148,low
78106,2023-11-14T11:50:15+00:00,2024-07-15T09:27:33+00:00,,v11.0.2,2024-07-26T00:44:05+00:00,254.53738425925926,low
59007,2022-11-21T03:22:38+00:00,2024-07-17T01:53:08+00:00,,v11.0.2,2024-07-26T00:44:05+00:00,612.8898958333333,low
67057,2023-04-21T14:40:41+00:00,2024-07-17T01:53:21+00:00,,v11.0.2,2024-07-26T00:44:05+00:00,461.4190277777778,low
71061,2023-07-05T07:57:44+00:00,2024-07-17T16:23:10+00:00,bc2cdd82dc03a1e0fda87dd1f39eaee0ba4bceb7,v11.2.0,2024-08-27T17:18:36+00:00,419.38949074074077,medium
89312,2024-06-17T17:38:49+00:00,2024-07-18T19:56:20+00:00,,v11.0.2,2024-07-26T00:44:05+00:00,38.295324074074074,low
60937,2023-01-04T03:33:13+00:00,2024-07-21T01:55:45+00:00,,v11.0.2,2024-07-26T00:44:05+00:00,568.8825462962963,low
90652,2024-07-19T11:46:34+00:00,2024-07-22T13:07:58+00:00,,v11.0.2,2024-07-26T00:44:05+00:00,6.53994212962963,low
89836,2024-06-27T13:06:19+00:00,2024-07-22T17:26:54+00:00,,v11.0.2,2024-07-26T00:44:05+00:00,28.484560185185185,low
90738,2024-07-22T13:15:44+00:00,2024-07-23T09:28:17+00:00,474ea9615dd5dde7995226f98bc41b225d846daa,v11.2.0,2024-08-27T17:18:36+00:00,36.16865740740741,medium
89039,2024-06-11T12:09:02+00:00,2024-07-29T09:07:07+00:00,58285e37a24bcf1de323b2783e80cf66972a1fa4,v11.2.0,2024-08-27T17:18:36+00:00,77.21497685185186,medium
90981,2024-07-25T16:55:11+00:00,2024-07-29T09:31:27+00:00,c694c97651c77849a1d640e7b73a0418cd08c5f0,v11.2.0,2024-08-27T17:18:36+00:00,33.01626157407407,medium
90924,2024-07-25T07:37:57+00:00,2024-07-30T09:06:43+00:00,,v10.4.7,2024-08-14T17:48:14+00:00,20.42380787037037,low
91144,2024-07-29T15:51:32+00:00,2024-07-30T11:41:09+00:00,,v10.4.7,2024-08-14T17:48:14+00:00,16.081041666666668,low
88156,2024-05-22T05:24:01+00:00,2024-07-30T12:27:24+00:00,,v10.4.7,2024-08-14T17:48:14+00:00,84.51681712962963,low
90168,2024-07-08T04:31:46+00:00,2024-07-31T08:10:13+00:00,95f340738c206b49f6cdf2f88d15ee55e7ae51c4,v11.2.0,2024-08-27T17:18:36+00:00,50.53252314814815,medium
91196,2024-07-30T12:59:59+00:00,2024-07-31T10:07:09+00:00,57323e1104b9ed35c4b60489eed9603798112c77,v11.2.0,2024-08-27T17:18:36+00:00,28.179594907407406,medium
91120,2024-07-29T10:17:30+00:00,2024-07-31T12:56:41+00:00,85d0e17dc4ad106f1e45f5d130b0e9360c881e3b,v11.2.0,2024-08-27T17:18:36+00:00,29.292430555555555,medium
88722,2024-06-04T17:34:05+00:00,2024-07-31T18:10:53+00:00,a0268a9ad258efe408a4325e33b513c16ce4182c,v11.2.0,2024-08-27T17:18:36+00:00,83.98924768518519,medium
91362,2024-07-31T20:55:23+00:00,2024-08-01T13:58:13+00:00,,v10.4.7,2024-08-14T17:48:14+00:00,13.870034722222222,low
90927,2024-07-25T09:59:12+00:00,2024-08-02T09:29:52+00:00,,v10.4.7,2024-08-14T17:48:14+00:00,20.325717592592593,low
70946,2023-06-30T09:05:26+00:00,2024-08-03T01:53:27+00:00,,v10.4.7,2024-08-14T17:48:14+00:00,411.36305555555555,low
54872,2022-09-07T21:08:23+00:00,2024-08-05T08:16:08+00:00,,v10.4.7,2024-08-14T17:48:14+00:00,706.8610069444444,low
90633,2024-07-18T21:29:00+00:00,2024-08-06T08:21:42+00:00,9300c1bbeaaabd924094a63074f9da23ea13e500,v11.2.0,2024-08-27T17:18:36+00:00,39.82611111111111,medium
90930,2024-07-25T10:05:50+00:00,2024-08-06T08:51:33+00:00,,v10.4.7,2024-08-14T17:48:14+00:00,20.32111111111111,low
90929,2024-07-25T10:04:05+00:00,2024-08-06T08:51:33+00:00,,v10.4.7,2024-08-14T17:48:14+00:00,20.32232638888889,low
65486,2023-03-28T19:49:37+00:00,2024-08-07T01:54:37+00:00,,v10.4.7,2024-08-14T17:48:14+00:00,504.9157060185185,low
91592,2024-08-06T16:37:32+00:00,2024-08-07T19:35:19+00:00,,v10.4.7,2024-08-14T17:48:14+00:00,8.049097222222223,low
70356,2023-06-20T01:15:02+00:00,2024-08-10T01:54:18+00:00,c9c15aba0af63db36e4ea9d35f6f427473b05d38,v10.4.7,2024-08-14T17:48:14+00:00,421.6897222222222,low
71274,2023-07-10T10:49:49+00:00,2024-08-11T01:58:25+00:00,,v10.4.7,2024-08-14T17:48:14+00:00,401.2905671296296,low
46932,2022-03-24T15:09:29+00:00,2024-08-12T01:55:44+00:00,,v10.4.7,2024-08-14T17:48:14+00:00,874.1102430555555,low
90722,2024-07-22T10:42:23+00:00,2024-08-12T13:31:02+00:00,b9cece8f9eb66df6f9405ab721b923fde315b6ee,v11.3.0,2024-10-22T20:10:05+00:00,92.39423611111111,medium
70139,2023-06-15T10:21:29+00:00,2024-08-12T19:57:55+00:00,,v10.4.7,2024-08-14T17:48:14+00:00,426.31024305555553,low
84481,2024-03-14T15:14:21+00:00,2024-08-13T06:31:08+00:00,b67bcdb9b85fee973141a9ed2e20ad3eb4d6c944,v11.3.0,2024-10-22T20:10:05+00:00,222.20537037037036,medium
91553,2024-08-05T20:44:03+00:00,2024-08-13T12:13:27+00:00,7ce308d4a56d563d94ecd2c5efe4d07e8e673415,v10.4.7,2024-08-14T17:48:14+00:00,8.877905092592593,low
71691,2023-07-15T01:34:06+00:00,2024-08-15T02:40:45+00:00,,v10.3.9,2024-08-27T11:49:23+00:00,409.4272800925926,low
89653,2024-06-25T08:12:35+00:00,2024-08-15T10:18:24+00:00,,v10.3.9,2024-08-27T11:49:23+00:00,63.150555555555556,low
91029,2024-07-26T04:15:33+00:00,2024-08-15T12:35:22+00:00,42efb14989b0b5542bc113da36f518a1e9d216a4,v11.3.0,2024-10-22T20:10:05+00:00,88.66287037037037,medium
89402,2024-06-19T12:33:16+00:00,2024-08-16T10:38:41+00:00,8dfa0ddcd68e9b9059a31c3654480050964250b5,v10.3.9,2024-08-27T11:49:23+00:00,68.96952546296296,low
89403,2024-06-19T12:35:39+00:00,2024-08-16T10:39:16+00:00,,v10.3.9,2024-08-27T11:49:23+00:00,68.96787037037036,low
91950,2024-08-15T12:07:02+00:00,2024-08-16T12:47:40+00:00,b0031c0781689c71a5ba30d0e6146a1ce4216e83,v11.3.0,2024-10-22T20:10:05+00:00,68.33545138888888,medium
72766,2023-08-02T18:01:05+00:00,2024-08-19T07:57:30+00:00,,v10.3.9,2024-08-27T11:49:23+00:00,390.741875,low
90176,2024-07-08T10:54:29+00:00,2024-08-19T08:45:59+00:00,dcdef1a02d35f98d7ce8f2efacfd2510917e42a7,v11.3.0,2024-10-22T20:10:05+00:00,106.38583333333334,medium
90020,2024-07-03T20:22:15+00:00,2024-08-19T10:06:38+00:00,,v10.3.9,2024-08-27T11:49:23+00:00,54.64384259259259,low
91452,2024-08-02T00:10:45+00:00,2024-08-20T13:48:38+00:00,,v10.3.9,2024-08-27T11:49:23+00:00,25.485162037037036,low
90413,2024-07-14T09:30:54+00:00,2024-08-20T13:48:38+00:00,,v10.3.9,2024-08-27T11:49:23+00:00,44.09616898148148,low
91740,2024-08-09T10:49:10+00:00,2024-08-20T13:48:39+00:00,,v10.3.9,2024-08-27T11:49:23+00:00,18.041817129629628,low
85654,2024-04-05T12:32:52+00:00,2024-08-20T15:05:13+00:00,cd4b7ef9dbf4551966546c47d11173b54a94a3ae,v11.3.0,2024-10-22T20:10:05+00:00,200.31751157407408,medium
79062,2023-12-05T10:41:21+00:00,2024-08-22T10:41:07+00:00,,v10.3.9,2024-08-27T11:49:23+00:00,266.0472453703704,low
66056,2023-04-05T18:03:58+00:00,2024-08-24T01:53:15+00:00,,v10.3.9,2024-08-27T11:49:23+00:00,509.73987268518516,low
46581,2022-03-15T12:49:34+00:00,2024-08-25T00:02:30+00:00,,v10.3.9,2024-08-27T11:49:23+00:00,895.9582060185185,low
63413,2023-02-18T12:52:14+00:00,2024-08-25T00:25:38+00:00,,v10.3.9,2024-08-27T11:49:23+00:00,555.9563541666666,low
65643,2023-03-30T17:28:46+00:00,2024-08-25T01:58:55+00:00,,v10.3.9,2024-08-27T11:49:23+00:00,515.7643171296296,low
61561,2023-01-16T14:08:32+00:00,2024-08-28T01:56:28+00:00,,v10.3.10,2024-09-26T12:54:54+00:00,618.9488657407408,low
91565,2024-08-06T09:57:21+00:00,2024-08-29T09:22:51+00:00,7e92cea000eb12cf7de4a2bf694c810edb9e37a2,v11.3.0,2024-10-22T20:10:05+00:00,77.42550925925926,medium
91186,2024-07-30T11:33:38+00:00,2024-08-30T13:50:23+00:00,,v10.3.10,2024-09-26T12:54:54+00:00,58.05643518518519,low
70939,2023-06-30T05:58:57+00:00,2024-09-01T02:05:52+00:00,,v10.3.10,2024-09-26T12:54:54+00:00,454.2888541666667,low
47040,2022-03-30T06:18:13+00:00,2024-09-02T01:58:24+00:00,,v10.3.10,2024-09-26T12:54:54+00:00,911.275474537037,low
47964,2022-04-20T14:03:03+00:00,2024-09-02T01:58:25+00:00,,v10.3.10,2024-09-26T12:54:54+00:00,889.9526736111111,low
50465,2022-06-08T22:11:58+00:00,2024-09-02T01:58:26+00:00,,v10.3.10,2024-09-26T12:54:54+00:00,840.6131481481482,low
51733,2022-07-05T09:56:19+00:00,2024-09-02T01:58:27+00:00,,v10.3.10,2024-09-26T12:54:54+00:00,814.1240162037037,low
51770,2022-07-06T00:17:50+00:00,2024-09-02T01:58:29+00:00,,v10.3.10,2024-09-26T12:54:54+00:00,813.5257407407407,low
52745,2022-07-25T16:27:15+00:00,2024-09-02T01:58:30+00:00,,v10.3.10,2024-09-26T12:54:54+00:00,793.8525347222222,low
54783,2022-09-06T13:41:08+00:00,2024-09-02T01:58:34+00:00,5183939d4358b6229379ff765718cdafff515359,v10.3.10,2024-09-26T12:54:54+00:00,750.9678935185185,low
55154,2022-09-14T09:27:47+00:00,2024-09-02T01:58:36+00:00,,v10.3.10,2024-09-26T12:54:54+00:00,743.1438310185185,low
58010,2022-11-01T18:09:44+00:00,2024-09-02T01:58:46+00:00,,v10.3.10,2024-09-26T12:54:54+00:00,694.7813657407407,low
58558,2022-11-10T08:30:42+00:00,2024-09-02T01:58:48+00:00,,v10.3.10,2024-09-26T12:54:54+00:00,686.1834722222222,low
60093,2022-12-09T13:00:47+00:00,2024-09-02T01:58:52+00:00,,v10.3.10,2024-09-26T12:54:54+00:00,656.9959143518519,low
67217,2023-04-25T14:14:34+00:00,2024-09-02T01:59:07+00:00,,v10.3.10,2024-09-26T12:54:54+00:00,519.9446759259259,low
68288,2023-05-11T09:20:12+00:00,2024-09-02T01:59:09+00:00,,v10.3.10,2024-09-26T12:54:54+00:00,504.1490972222222,low
70327,2023-06-19T13:39:24+00:00,2024-09-02T01:59:15+00:00,,v10.3.10,2024-09-26T12:54:54+00:00,464.9690972222222,low
72173,2023-07-23T11:57:02+00:00,2024-09-02T01:59:23+00:00,,v10.3.10,2024-09-26T12:54:54+00:00,431.0401851851852,low
72859,2023-08-03T21:06:51+00:00,2024-09-02T01:59:26+00:00,,v10.3.10,2024-09-26T12:54:54+00:00,419.65836805555557,low
91188,2024-07-30T11:39:40+00:00,2024-09-02T09:05:15+00:00,,v10.3.10,2024-09-26T12:54:54+00:00,58.05224537037037,low
54326,2022-08-26T13:18:41+00:00,2024-09-03T01:56:24+00:00,,v10.3.10,2024-09-26T12:54:54+00:00,761.9834837962962,low
54768,2022-09-06T11:33:44+00:00,2024-09-03T01:56:25+00:00,,v10.3.10,2024-09-26T12:54:54+00:00,751.0563657407407,low
72856,2023-08-03T20:51:42+00:00,2024-09-03T01:56:37+00:00,,v10.3.10,2024-09-26T12:54:54+00:00,419.6688888888889,low
72857,2023-08-03T20:57:24+00:00,2024-09-03T01:56:39+00:00,,v10.3.10,2024-09-26T12:54:54+00:00,419.66493055555554,low
72858,2023-08-03T21:02:23+00:00,2024-09-03T01:56:40+00:00,,v10.3.10,2024-09-26T12:54:54+00:00,419.6614699074074,low
57179,2022-10-18T12:45:20+00:00,2024-09-04T01:57:13+00:00,,v10.3.10,2024-09-26T12:54:54+00:00,709.0066435185186,low
72392,2023-07-26T15:38:12+00:00,2024-09-04T01:57:24+00:00,,v10.3.10,2024-09-26T12:54:54+00:00,427.88659722222224,low
91948,2024-08-15T10:42:37+00:00,2024-09-04T15:20:02+00:00,,v10.3.10,2024-09-26T12:54:54+00:00,42.09186342592593,low
92614,2024-08-28T17:42:17+00:00,2024-09-04T20:25:45+00:00,c00a3bed42db25a3d88b01edd5c00b9625f770d0,v11.3.0,2024-10-22T20:10:05+00:00,55.10263888888889,medium
50767,2022-06-14T10:48:28+00:00,2024-09-05T01:57:32+00:00,19e9a6af490503db6a645123d75ed465b82fd538,v10.3.10,2024-09-26T12:54:54+00:00,835.0878009259259,low
90669,2024-07-19T14:16:16+00:00,2024-09-05T21:18:53+00:00,,v10.3.10,2024-09-26T12:54:54+00:00,68.94349537037037,low
90625,2024-07-18T18:12:29+00:00,2024-09-06T13:23:07+00:00,,v10.3.10,2024-09-26T12:54:54+00:00,69.77945601851852,low
82206,2024-02-08T20:23:29+00:00,2024-09-09T13:18:28+00:00,,v10.3.10,2024-09-26T12:54:54+00:00,230.6884837962963,low
93061,2024-09-07T00:12:34+00:00,2024-09-09T17:58:23+00:00,,v10.3.10,2024-09-26T12:54:54+00:00,19.529398148148147,low
73202,2023-08-11T14:31:31+00:00,2024-09-11T01:57:50+00:00,,v10.3.10,2024-09-26T12:54:54+00:00,411.9329050925926,low
92411,2024-08-26T15:38:11+00:00,2024-09-11T13:17:43+00:00,,v10.3.10,2024-09-26T12:54:54+00:00,30.886608796296297,low
89205,2024-06-14T09:30:21+00:00,2024-09-11T15:40:09+00:00,,v10.3.10,2024-09-26T12:54:54+00:00,104.14204861111111,low
90135,2024-07-05T12:51:15+00:00,2024-09-12T11:22:05+00:00,,v10.3.10,2024-09-26T12:54:54+00:00,83.00253472222222,low
64041,2023-03-02T15:38:52+00:00,2024-09-13T01:58:28+00:00,,v10.3.10,2024-09-26T12:54:54+00:00,573.8861342592593,low
59351,2022-11-27T08:09:22+00:00,2024-09-13T09:44:25+00:00,,v10.3.10,2024-09-26T12:54:54+00:00,669.1982870370371,low
72854,2023-08-03T20:37:57+00:00,2024-09-14T01:57:30+00:00,,v10.3.10,2024-09-26T12:54:54+00:00,419.6784375,low
93398,2024-09-17T12:05:11+00:00,2024-09-17T12:13:30+00:00,,v10.3.10,2024-09-26T12:54:54+00:00,9.034525462962963,low
93348,2024-09-13T16:23:37+00:00,2024-09-17T16:07:32+00:00,0f788d8d830c5182ac13071adf009b15fb1d6af1,v11.3.0,2024-10-22T20:10:05+00:00,39.15726851851852,medium
61368,2023-01-12T12:45:23+00:00,2024-09-18T01:58:03+00:00,,v10.3.10,2024-09-26T12:54:54+00:00,623.0066087962963,low
73126,2023-08-09T19:09:27+00:00,2024-09-18T01:58:13+00:00,,v10.3.10,2024-09-26T12:54:54+00:00,413.7398958333333,low
73210,2023-08-12T07:42:28+00:00,2024-09-18T01:58:15+00:00,,v10.3.10,2024-09-26T12:54:54+00:00,411.2169675925926,low
77592,2023-11-02T19:18:37+00:00,2024-09-18T09:00:43+00:00,98a4d2858a3aaaa01d54187e506af830ef2d0b12,v11.3.0,2024-10-22T20:10:05+00:00,355.0357407407407,medium
72431,2023-07-27T07:58:43+00:00,2024-09-20T01:59:47+00:00,,v10.3.10,2024-09-26T12:54:54+00:00,427.20568287037037,low
93530,2024-09-20T11:39:11+00:00,2024-09-20T11:55:23+00:00,,v10.3.10,2024-09-26T12:54:54+00:00,6.052581018518518,low
88837,2024-06-06T12:02:57+00:00,2024-09-20T13:35:59+00:00,,v10.3.10,2024-09-26T12:54:54+00:00,112.03607638888889,low
73445,2023-08-17T21:59:06+00:00,2024-09-21T01:58:31+00:00,,v10.3.10,2024-09-26T12:54:54+00:00,405.6220833333333,low
91907,2024-08-14T15:15:55+00:00,2024-09-23T09:22:08+00:00,bca8bd3c8b83e2c2258ce9298fc883517c3023f7,v11.3.0,2024-10-22T20:10:05+00:00,69.2042824074074,medium
92414,2024-08-26T15:40:31+00:00,2024-09-23T15:38:02+00:00,,v10.3.10,2024-09-26T12:54:54+00:00,30.884988425925926,low
92636,2024-08-29T04:33:43+00:00,2024-09-24T03:17:17+00:00,,v10.3.10,2024-09-26T12:54:54+00:00,28.34804398148148,low
93252,2024-09-12T08:18:28+00:00,2024-09-24T10:23:02+00:00,,v10.3.10,2024-09-26T12:54:54+00:00,14.191967592592592,low
93653,2024-09-24T09:54:52+00:00,2024-09-24T11:13:59+00:00,,v10.3.10,2024-09-26T12:54:54+00:00,2.125023148148148,low
93510,2024-09-19T22:38:25+00:00,2024-09-24T13:11:55+00:00,,v10.3.10,2024-09-26T12:54:54+00:00,6.594780092592592,low
92883,2024-09-03T16:02:25+00:00,2024-09-24T13:13:03+00:00,,v10.3.10,2024-09-26T12:54:54+00:00,22.869780092592592,low
93435,2024-09-18T13:48:37+00:00,2024-09-24T13:47:23+00:00,,v10.3.10,2024-09-26T12:54:54+00:00,7.962696759259259,low
93518,2024-09-20T07:22:54+00:00,2024-09-24T14:02:03+00:00,813e1c136406e0ab78fdc568873606411a652cc8,v11.3.0,2024-10-22T20:10:05+00:00,32.5327662037037,medium
92154,2024-08-20T17:38:55+00:00,2024-09-24T17:45:09+00:00,76c8975b4f25a62a71e631642dfb2c8d0bac6d5f,v11.3.0,2024-10-22T20:10:05+00:00,63.10497685185185,medium
93667,2024-09-24T13:14:44+00:00,2024-09-25T09:21:58+00:00,,v10.3.10,2024-09-26T12:54:54+00:00,1.9862268518518518,low
93564,2024-09-22T10:16:55+00:00,2024-09-25T09:49:52+00:00,,v10.3.10,2024-09-26T12:54:54+00:00,4.109710648148148,low
62870,2023-02-03T13:47:45+00:00,2024-09-25T11:44:59+00:00,,v10.3.10,2024-09-26T12:54:54+00:00,600.9632986111111,low
65999,2023-04-05T10:12:19+00:00,2024-09-25T11:46:00+00:00,,v10.3.10,2024-09-26T12:54:54+00:00,540.1129050925925,low
66630,2023-04-15T09:22:05+00:00,2024-09-25T11:47:07+00:00,,v10.3.10,2024-09-26T12:54:54+00:00,530.1477893518519,low
93413,2024-09-18T02:18:13+00:00,2024-09-25T15:53:28+00:00,,v10.3.10,2024-09-26T12:54:54+00:00,8.442141203703704,low
93240,2024-09-11T18:47:54+00:00,2024-09-25T19:47:22+00:00,,v10.3.10,2024-09-26T12:54:54+00:00,14.754861111111111,low
93459,2024-09-18T22:41:10+00:00,2024-09-26T01:47:05+00:00,,v10.3.10,2024-09-26T12:54:54+00:00,7.59287037037037,low
93251,2024-09-12T08:15:12+00:00,2024-09-26T05:43:18+00:00,,v10.3.10,2024-09-26T12:54:54+00:00,14.194236111111111,low
93388,2024-09-17T09:34:40+00:00,2024-09-26T15:47:58+00:00,1418e8869545b62b733e5f8ceb913c33d6989b75,v11.3.0,2024-10-22T20:10:05+00:00,35.441261574074076,medium
73918,2023-08-28T12:01:29+00:00,2024-09-27T02:01:36+00:00,,v10.3.11,2024-10-01T15:58:39+00:00,400.16469907407406,low
90335,2024-07-11T15:15:32+00:00,2024-09-27T16:11:10+00:00,157ded7c3fc13f8bcb25c5fc2a7ee89807d40928,v11.3.0,2024-10-22T20:10:05+00:00,103.20454861111111,medium
89570,2024-06-21T16:18:21+00:00,2024-09-28T04:11:07+00:00,,v10.3.11,2024-10-01T15:58:39+00:00,101.98631944444445,low
92719,2024-08-30T07:16:39+00:00,2024-09-28T04:11:07+00:00,,v10.3.11,2024-10-01T15:58:39+00:00,32.3625,low
93372,2024-09-16T20:00:52+00:00,2024-09-28T14:04:41+00:00,e23ba32722d40930404b7e32012eb5ec3d875f44,v11.3.0,2024-10-22T20:10:05+00:00,36.006400462962965,medium
93732,2024-09-25T11:20:47+00:00,2024-09-28T17:09:19+00:00,fe93e4687c349c34b56a46c55cec645f93b9fdfe,v10.3.11,2024-10-01T15:58:39+00:00,6.192962962962963,low
73982,2023-08-29T08:07:38+00:00,2024-09-30T02:03:35+00:00,,v10.3.11,2024-10-01T15:58:39+00:00,399.3270949074074,low
45370,2022-02-14T23:04:45+00:00,2024-09-30T08:20:54+00:00,,v10.3.11,2024-10-01T15:58:39+00:00,959.7040972222222,low
93964,2024-09-29T13:45:40+00:00,2024-09-30T08:46:32+00:00,fcaeae4555ca0b38a83c278d083b13b9451a6292,v10.3.11,2024-10-01T15:58:39+00:00,2.092349537037037,low
92707,2024-08-29T18:29:37+00:00,2024-09-30T16:50:36+00:00,,v10.3.11,2024-10-01T15:58:39+00:00,32.89516203703704,low
93943,2024-09-27T19:13:54+00:00,2024-09-30T21:16:44+00:00,,v10.3.11,2024-10-01T15:58:39+00:00,3.8644097222222222,low
74281,2023-09-01T15:22:03+00:00,2024-10-01T02:07:21+00:00,,v10.3.11,2024-10-01T15:58:39+00:00,396.0254166666667,low
93664,2024-09-24T12:55:52+00:00,2024-10-01T12:00:17+00:00,,v10.3.11,2024-10-01T15:58:39+00:00,7.1269328703703705,low
74848,2023-09-13T14:41:08+00:00,2024-10-01T13:22:18+00:00,,v10.3.11,2024-10-01T15:58:39+00:00,384.0538310185185,low
94079,2024-10-01T13:28:13+00:00,2024-10-02T06:03:37+00:00,,v11.2.2,2024-10-09T18:39:00+00:00,8.21582175925926,low
92747,2024-08-30T11:38:46+00:00,2024-10-02T18:22:43+00:00,4be5ccaece209effe2bd1c3379989905ecb6efee,v11.3.0,2024-10-22T20:10:05+00:00,53.35508101851852,medium
68395,2023-05-12T15:57:36+00:00,2024-10-03T09:19:07+00:00,,v11.2.2,2024-10-09T18:39:00+00:00,516.1120833333333,low
93469,2024-09-19T09:27:40+00:00,2024-10-03T11:20:02+00:00,,v11.2.2,2024-10-09T18:39:00+00:00,20.38287037037037,low
93337,2024-09-13T15:07:27+00:00,2024-10-03T15:35:49+00:00,,v11.2.2,2024-10-09T18:39:00+00:00,26.146909722222222,low
93755,2024-09-25T16:53:11+00:00,2024-10-04T13:20:56+00:00,,v11.2.2,2024-10-09T18:39:00+00:00,14.073483796296296,low
92307,2024-08-22T14:40:53+00:00,2024-10-04T19:54:14+00:00,,v11.2.2,2024-10-09T18:39:00+00:00,48.165358796296296,low
73856,2023-08-25T16:30:11+00:00,2024-10-04T21:31:23+00:00,f444e44cb94bca211deb17c139b642b6f417d8af,v11.2.2,2024-10-09T18:39:00+00:00,411.08945601851855,low
73801,2023-08-25T07:50:33+00:00,2024-10-05T02:00:37+00:00,,v11.2.2,2024-10-09T18:39:00+00:00,411.4503125,low
74278,2023-09-01T14:21:49+00:00,2024-10-06T02:05:10+00:00,,v11.2.2,2024-10-09T18:39:00+00:00,404.17859953703703,low
94303,2024-10-07T08:55:46+00:00,2024-10-07T10:40:01+00:00,,v11.2.2,2024-10-09T18:39:00+00:00,2.4050231481481483,low
94212,2024-10-03T13:30:54+00:00,2024-10-07T13:41:20+00:00,f9361bf5bf83d71895d457c9401af243b32e0419,v11.3.0,2024-10-22T20:10:05+00:00,19.27721064814815,medium
93151,2024-09-10T08:20:02+00:00,2024-10-07T14:22:19+00:00,63bdbb67fce896f848257b5d989e6cc56e0ffed6,v11.3.0,2024-10-22T20:10:05+00:00,42.493090277777775,medium
94156,2024-10-02T14:55:34+00:00,2024-10-07T21:19:59+00:00,,v11.2.2,2024-10-09T18:39:00+00:00,7.155162037037037,low
94368,2024-10-08T06:00:22+00:00,2024-10-08T11:12:33+00:00,,v11.2.2,2024-10-09T18:39:00+00:00,1.5268287037037036,low
91510,2024-08-02T20:06:45+00:00,2024-10-08T13:15:10+00:00,ff7a96d60e1d73eb75267238fda78049bb4becc1,v11.3.0,2024-10-22T20:10:05+00:00,81.00231481481481,medium
92349,2024-08-23T08:15:44+00:00,2024-10-09T09:49:30+00:00,,v11.2.2,2024-10-09T18:39:00+00:00,47.43282407407408,low
92277,2024-08-22T10:10:11+00:00,2024-10-09T10:01:42+00:00,,v11.2.2,2024-10-09T18:39:00+00:00,48.353344907407404,low
92415,2024-08-26T15:41:17+00:00,2024-10-09T14:05:45+00:00,38827e5a16d97dd0cde1b10233dbe9c962354301,v11.5.0,2025-01-28T18:40:22+00:00,155.12436342592594,medium
73233,2023-08-14T12:49:57+00:00,2024-10-09T17:23:56+00:00,,v11.2.2,2024-10-09T18:39:00+00:00,422.2423958333333,low
94250,2024-10-04T12:56:05+00:00,2024-10-10T08:40:20+00:00,,v11.0.5+security-01,2024-10-17T16:45:07+00:00,13.159050925925927,low
92787,2024-08-30T22:42:25+00:00,2024-10-12T00:08:52+00:00,,v11.0.5+security-01,2024-10-17T16:45:07+00:00,47.751875,low
73907,2023-08-28T09:59:13+00:00,2024-10-13T02:05:00+00:00,7828e9a20cd70a5e18a83cd012dc2657742196de,v11.0.5+security-01,2024-10-17T16:45:07+00:00,416.281875,low
57748,2022-10-27T12:40:23+00:00,2024-10-14T02:02:40+00:00,,v11.0.5+security-01,2024-10-17T16:45:07+00:00,721.1699537037038,low
93458,2024-09-18T22:24:05+00:00,2024-10-14T06:15:50+00:00,,v11.0.5+security-01,2024-10-17T16:45:07+00:00,28.764606481481483,low
94641,2024-10-11T16:58:59+00:00,2024-10-14T07:33:28+00:00,,v11.0.5+security-01,2024-10-17T16:45:07+00:00,5.99037037037037,low
94783,2024-10-15T20:58:36+00:00,2024-10-16T04:43:02+00:00,,v11.0.5+security-01,2024-10-17T16:45:07+00:00,1.8239699074074074,low
94589,2024-10-11T09:11:09+00:00,2024-10-16T07:41:41+00:00,,v11.0.5+security-01,2024-10-17T16:45:07+00:00,6.31525462962963,low
94486,2024-10-09T15:00:04+00:00,2024-10-16T10:29:30+00:00,cc9881343e6d1a980966d70fe673339c7b8990bd,v11.5.0,2025-01-28T18:40:22+00:00,111.1529861111111,medium
94296,2024-10-07T04:24:07+00:00,2024-10-16T10:29:30+00:00,cc9881343e6d1a980966d70fe673339c7b8990bd,v11.5.0,2025-01-28T18:40:22+00:00,113.59461805555556,high
90805,2024-07-23T06:57:41+00:00,2024-10-16T15:15:15+00:00,,v11.0.5+security-01,2024-10-17T16:45:07+00:00,86.40793981481481,low
90472,2024-07-16T13:25:04+00:00,2024-10-16T15:18:43+00:00,,v11.0.5+security-01,2024-10-17T16:45:07+00:00,93.13892361111111,low
90274,2024-07-10T13:48:10+00:00,2024-10-16T15:20:49+00:00,,v11.0.5+security-01,2024-10-17T16:45:07+00:00,99.12288194444444,low
90260,2024-07-10T08:57:52+00:00,2024-10-16T15:26:02+00:00,,v11.0.5+security-01,2024-10-17T16:45:07+00:00,99.32447916666666,low
94798,2024-10-16T08:40:59+00:00,2024-10-17T12:57:28+00:00,8f5edb09ef945264ab557146ee30850cc3688dd2,v11.5.0,2025-01-28T18:40:22+00:00,104.41623842592593,medium
94298,2024-10-07T06:23:45+00:00,2024-10-17T15:44:20+00:00,,v11.0.5+security-01,2024-10-17T16:45:07+00:00,10.431504629629629,low
94580,2024-10-11T03:25:10+00:00,2024-10-17T16:14:40+00:00,9ec48075eee71502195fb22569d84bdb7c0b6d7f,v11.5.0,2025-01-28T18:40:22+00:00,109.63555555555556,medium
94639,2024-10-11T15:49:27+00:00,2024-10-18T15:21:27+00:00,053a806ab11421041175446f4d70e572fb96f0c9,v11.5.0,2025-01-28T18:40:22+00:00,109.11869212962964,medium
88310,2024-05-24T17:54:07+00:00,2024-10-18T15:31:06+00:00,fd5f351a6fc72436f7d26b2d1569212122811f0a,v11.5.0,2025-01-28T18:40:22+00:00,249.03211805555554,medium
94645,2024-10-11T19:25:34+00:00,2024-10-21T13:26:14+00:00,,v10.3.12,2024-10-22T10:20:44+00:00,10.62164351851852,low
82257,2024-02-09T13:54:58+00:00,2024-10-21T18:04:42+00:00,,v10.3.12,2024-10-22T10:20:44+00:00,255.85122685185186,low
94616,2024-10-11T12:41:24+00:00,2024-10-21T19:29:52+00:00,aeb116a784234d6a6998d41b191a81240e034504,v10.3.12,2024-10-22T10:20:44+00:00,10.902314814814815,low
94938,2024-10-18T03:56:25+00:00,2024-10-22T09:14:54+00:00,,v10.3.12,2024-10-22T10:20:44+00:00,4.266886574074074,low
94721,2024-10-15T11:30:16+00:00,2024-10-22T12:24:55+00:00,986bd2f9f8006858fc05c30ec482273ff3af3550,v11.5.0,2025-01-28T18:40:22+00:00,105.29868055555555,medium
94665,2024-10-14T03:40:45+00:00,2024-10-23T03:05:14+00:00,,v10.4.12,2024-11-08T15:45:26+00:00,25.503252314814816,low
92268,2024-08-22T07:16:07+00:00,2024-10-23T06:16:03+00:00,,v10.4.12,2024-11-08T15:45:26+00:00,78.35369212962964,low
95219,2024-10-23T06:11:52+00:00,2024-10-23T09:08:10+00:00,,v10.4.12,2024-11-08T15:45:26+00:00,16.398310185185185,low
94932,2024-10-17T20:43:43+00:00,2024-10-23T13:49:28+00:00,008c51b5b19c76971962554a39a5ddc92d34ce25,v11.5.0,2025-01-28T18:40:22+00:00,102.91434027777778,medium
95268,2024-10-23T15:03:02+00:00,2024-10-24T10:02:28+00:00,,v10.4.12,2024-11-08T15:45:26+00:00,16.029444444444444,low
94320,2024-10-07T11:44:46+00:00,2024-10-24T13:12:10+00:00,9ec48075eee71502195fb22569d84bdb7c0b6d7f,v11.5.0,2025-01-28T18:40:22+00:00,113.28861111111111,medium
91358,2024-07-31T20:01:38+00:00,2024-10-24T13:32:10+00:00,2a65de8aaa98ddf5db9f69afe0cfb13a052b98de,v11.5.0,2025-01-28T18:40:22+00:00,180.9435648148148,medium
94476,2024-10-09T13:32:30+00:00,2024-10-24T14:12:53+00:00,06e826d3af1b8819cb78c2f1f768add7573b9569,v11.5.0,2025-01-28T18:40:22+00:00,111.2137962962963,medium
95017,2024-10-21T01:40:57+00:00,2024-10-25T07:12:53+00:00,,v10.4.12,2024-11-08T15:45:26+00:00,18.58644675925926,low
94222,2024-10-03T15:19:17+00:00,2024-10-25T10:44:57+00:00,,v10.4.12,2024-11-08T15:45:26+00:00,36.01815972222222,low
95346,2024-10-24T12:59:27+00:00,2024-10-25T12:04:44+00:00,,v10.4.12,2024-11-08T15:45:26+00:00,15.115266203703703,low
95438,2024-10-25T21:24:19+00:00,2024-10-25T21:31:27+00:00,,v10.4.12,2024-11-08T15:45:26+00:00,13.764664351851852,low
72334,2023-07-26T09:22:21+00:00,2024-10-27T02:05:13+00:00,,v10.4.12,2024-11-08T15:45:26+00:00,471.2660300925926,low
75122,2023-09-19T17:43:12+00:00,2024-10-28T02:04:06+00:00,,v10.4.12,2024-11-08T15:45:26+00:00,415.9182175925926,low
95465,2024-10-28T07:43:42+00:00,2024-10-28T14:34:09+00:00,6f888720de3434b4cbe1546e2b2f8515a97161a4,v11.5.0,2025-01-28T18:40:22+00:00,92.45601851851852,medium
93289,2024-09-12T17:12:10+00:00,2024-10-29T14:51:55+00:00,,v10.4.12,2024-11-08T15:45:26+00:00,56.93976851851852,low
94813,2024-10-16T14:37:40+00:00,2024-10-29T16:15:21+00:00,6be787dd4781e1d5294ebfd346caba8e6bff860b,v11.5.0,2025-01-28T18:40:22+00:00,104.16854166666667,medium
95567,2024-10-29T16:35:49+00:00,2024-10-29T17:47:33+00:00,,v10.4.12,2024-11-08T15:45:26+00:00,9.965011574074074,low
95323,2024-10-24T09:40:22+00:00,2024-10-30T08:17:04+00:00,,v10.4.12,2024-11-08T15:45:26+00:00,15.253518518518518,low
78563,2023-11-22T22:04:11+00:00,2024-10-30T09:57:36+00:00,,v10.4.12,2024-11-08T15:45:26+00:00,351.7369791666667,low
95560,2024-10-29T15:41:27+00:00,2024-10-30T13:33:16+00:00,,v10.4.12,2024-11-08T15:45:26+00:00,10.002766203703704,low
95537,2024-10-29T09:00:57+00:00,2024-10-30T14:14:03+00:00,,v10.4.12,2024-11-08T15:45:26+00:00,10.280891203703703,low
95403,2024-10-25T12:27:13+00:00,2024-10-30T15:28:55+00:00,08e880a823e635405bb7ca0c35a649716e594438,v11.5.0,2025-01-28T18:40:22+00:00,95.25913194444445,medium
92686,2024-08-29T14:48:19+00:00,2024-10-31T11:42:08+00:00,,v10.4.12,2024-11-08T15:45:26+00:00,71.03966435185185,low
89540,2024-06-21T11:12:57+00:00,2024-10-31T13:58:54+00:00,6c45f7f5565f44e38d8aa6deb4f93bd858112299,v11.5.0,2025-01-28T18:40:22+00:00,221.31070601851852,medium
95675,2024-10-31T16:30:55+00:00,2024-10-31T17:44:13+00:00,,v10.4.12,2024-11-08T15:45:26+00:00,7.968414351851852,low
95532,2024-10-29T07:58:17+00:00,2024-11-02T12:23:40+00:00,,v10.4.12,2024-11-08T15:45:26+00:00,10.324409722222223,low
76013,2023-10-05T09:00:48+00:00,2024-11-04T02:03:20+00:00,,v10.4.12,2024-11-08T15:45:26+00:00,400.28099537037036,low
95513,2024-10-28T16:39:29+00:00,2024-11-04T10:11:37+00:00,,v10.4.12,2024-11-08T15:45:26+00:00,10.962465277777778,low
95757,2024-11-02T16:29:34+00:00,2024-11-05T09:56:56+00:00,,v10.4.12,2024-11-08T15:45:26+00:00,5.969351851851852,low
92634,2024-08-29T04:09:58+00:00,2024-11-05T10:23:09+00:00,,v10.4.12,2024-11-08T15:45:26+00:00,71.48296296296296,low
95762,2024-11-03T07:28:01+00:00,2024-11-05T10:41:50+00:00,,v10.4.12,2024-11-08T15:45:26+00:00,5.34542824074074,low
93088,2024-09-09T08:55:37+00:00,2024-11-05T11:25:02+00:00,,v10.4.12,2024-11-08T15:45:26+00:00,60.28459490740741,low
95377,2024-10-25T05:23:05+00:00,2024-11-05T15:40:45+00:00,,v10.4.12,2024-11-08T15:45:26+00:00,14.4321875,low
95355,2024-10-24T14:14:27+00:00,2024-11-06T08:47:33+00:00,ab974ddf1476179e27d1ebad433e1c359c328d4d,v11.5.0,2025-01-28T18:40:22+00:00,96.18466435185185,medium
93375,2024-09-16T20:42:03+00:00,2024-11-06T13:41:05+00:00,,v10.4.12,2024-11-08T15:45:26+00:00,52.794016203703706,low
93455,2024-09-18T20:52:36+00:00,2024-11-06T14:44:03+00:00,,v10.4.12,2024-11-08T15:45:26+00:00,50.786689814814814,low
95616,2024-10-30T15:26:03+00:00,2024-11-06T15:03:07+00:00,,v10.4.12,2024-11-08T15:45:26+00:00,9.013460648148149,low
93381,2024-09-17T07:52:44+00:00,2024-11-06T16:56:09+00:00,,v10.4.12,2024-11-08T15:45:26+00:00,52.32826388888889,low
96001,2024-11-07T01:04:26+00:00,2024-11-07T10:51:19+00:00,,v10.4.12,2024-11-08T15:45:26+00:00,1.6118055555555555,low
95447,2024-10-27T07:28:07+00:00,2024-11-07T13:48:52+00:00,1e58747a3944619c55df36dd61b0304b879e3509,v11.5.0,2025-01-28T18:40:22+00:00,93.46684027777778,medium
95904,2024-11-05T17:50:49+00:00,2024-11-07T13:51:08+00:00,,v10.4.12,2024-11-08T15:45:26+00:00,2.9129282407407406,low
96027,2024-11-07T12:48:14+00:00,2024-11-08T09:42:17+00:00,,v10.4.12,2024-11-08T15:45:26+00:00,1.1230555555555555,low
91727,2024-08-09T07:38:27+00:00,2024-11-08T15:15:15+00:00,,v10.4.12,2024-11-08T15:45:26+00:00,91.33818287037037,low
73534,2023-08-21T06:03:56+00:00,2024-11-08T16:43:25+00:00,95692b3d6831dcd6e086233de9760d614479444b,v11.5.0,2025-01-28T18:40:22+00:00,526.5253009259259,medium
95832,2024-11-05T11:18:11+00:00,2024-11-08T20:42:51+00:00,,v11.2.3+security-01,2024-11-12T16:01:23+00:00,7.196666666666666,low
50934,2022-06-16T10:12:12+00:00,2024-11-09T01:58:16+00:00,,v11.2.3+security-01,2024-11-12T16:01:23+00:00,880.2424884259259,low
61190,2023-01-09T18:02:46+00:00,2024-11-10T02:03:11+00:00,,v11.2.3+security-01,2024-11-12T16:01:23+00:00,672.9157060185186,low
71054,2023-07-04T18:53:23+00:00,2024-11-10T02:03:21+00:00,,v11.2.3+security-01,2024-11-12T16:01:23+00:00,496.88055555555553,low
83088,2024-02-20T10:49:37+00:00,2024-11-11T09:31:44+00:00,,v11.2.3+security-01,2024-11-12T16:01:23+00:00,266.21650462962964,low
96094,2024-11-08T12:32:55+00:00,2024-11-11T12:27:55+00:00,a459f648b5012e55926dfce286eb0c799884f81b,v11.5.0,2025-01-28T18:40:22+00:00,81.2551736111111,medium
90681,2024-07-19T16:05:37+00:00,2024-11-12T08:21:14+00:00,,v11.2.3+security-01,2024-11-12T16:01:23+00:00,115.99706018518519,low
96040,2024-11-07T15:29:52+00:00,2024-11-12T10:35:03+00:00,,v11.2.3+security-01,2024-11-12T16:01:23+00:00,5.021886574074074,low
96143,2024-11-08T17:08:12+00:00,2024-11-12T13:15:23+00:00,,v11.2.3+security-01,2024-11-12T16:01:23+00:00,3.953599537037037,low
94651,2024-10-11T22:28:33+00:00,2024-11-12T13:38:35+00:00,06f2f622234e8a54a3aa128f0feebf762f0346ef,v11.5.0,2025-01-28T18:40:22+00:00,108.84153935185185,medium
86887,2024-04-24T17:41:08+00:00,2024-11-12T15:41:37+00:00,,v11.2.3+security-01,2024-11-12T16:01:23+00:00,201.93072916666668,low
94169,2024-10-02T18:05:15+00:00,2024-11-12T18:44:08+00:00,,v10.4.13,2024-11-19T15:31:30+00:00,47.893229166666664,low
93068,2024-09-08T14:04:51+00:00,2024-11-12T18:57:20+00:00,,v10.4.13,2024-11-19T15:31:30+00:00,72.06017361111111,low
96288,2024-11-12T12:36:14+00:00,2024-11-13T09:22:03+00:00,,v10.4.13,2024-11-19T15:31:30+00:00,7.121712962962963,low
96375,2024-11-13T10:49:41+00:00,2024-11-13T21:22:20+00:00,,v10.4.13,2024-11-19T15:31:30+00:00,6.195706018518519,low
95980,2024-11-06T17:23:17+00:00,2024-11-14T14:24:27+00:00,b23fdd63a6963af8e95a53b3a36d564a2f9b0345,v11.5.0,2025-01-28T18:40:22+00:00,83.0535300925926,medium
96189,2024-11-10T16:46:54+00:00,2024-11-14T16:13:59+00:00,,v10.4.13,2024-11-19T15:31:30+00:00,8.94763888888889,low
93018,2024-09-06T01:59:53+00:00,2024-11-14T16:32:44+00:00,,v10.4.13,2024-11-19T15:31:30+00:00,74.56362268518518,low
95542,2024-10-29T10:03:07+00:00,2024-11-14T18:03:39+00:00,,v10.4.13,2024-11-19T15:31:30+00:00,21.22804398148148,low
96233,2024-11-11T15:33:18+00:00,2024-11-15T21:21:31+00:00,,v10.4.13,2024-11-19T15:31:30+00:00,7.99875,low
75804,2023-10-02T10:26:06+00:00,2024-11-16T02:03:59+00:00,,v10.4.13,2024-11-19T15:31:30+00:00,414.21208333333334,low
96595,2024-11-16T11:19:12+00:00,2024-11-18T08:49:57+00:00,,v10.4.13,2024-11-19T15:31:30+00:00,3.1752083333333334,low
96209,2024-11-11T10:37:52+00:00,2024-11-18T11:00:25+00:00,30bbcf82005241b1bf087cd601efd1316e6a3a22,v11.5.0,2025-01-28T18:40:22+00:00,78.33506944444444,medium
96529,2024-11-15T09:57:19+00:00,2024-11-18T14:38:41+00:00,,v10.4.13,2024-11-19T15:31:30+00:00,4.232071759259259,low
96269,2024-11-12T10:17:02+00:00,2024-11-18T16:57:53+00:00,9cd2598e8ceab833a399db36475a108b5a2a63c3,v11.5.0,2025-01-28T18:40:22+00:00,77.34953703703704,medium
96349,2024-11-12T18:57:24+00:00,2024-11-18T17:12:26+00:00,466688436eb9061a03cc59101b2cd60af7901199,v11.5.0,2025-01-28T18:40:22+00:00,76.9881712962963,medium
63429,2023-02-20T08:56:17+00:00,2024-11-19T09:46:25+00:00,3fa8df6b6244bb96f44b63467bc8161e0015871c,v11.5.0,2025-01-28T18:40:22+00:00,708.4056134259259,medium
93838,2024-09-26T14:53:03+00:00,2024-11-19T10:41:32+00:00,0929feba06f829351368d3ad4aed2938f2b8c049,v11.5.0,2025-01-28T18:40:22+00:00,124.1578587962963,medium
96346,2024-11-12T17:47:10+00:00,2024-11-19T14:53:47+00:00,,v10.4.13,2024-11-19T15:31:30+00:00,6.905787037037037,low
94075,2024-10-01T12:57:18+00:00,2024-11-19T15:06:17+00:00,32de1a00d3c05cd0a5327fea45eb67928b49add1,v11.5.0,2025-01-28T18:40:22+00:00,119.23824074074074,medium
91870,2024-08-14T07:40:37+00:00,2024-11-19T19:43:51+00:00,,v10.4.14,2024-12-04T16:54:49+00:00,112.3848611111111,low
74974,2023-09-17T18:08:47+00:00,2024-11-20T02:04:18+00:00,,v10.4.14,2024-12-04T16:54:49+00:00,443.9486342592593,low
96596,2024-11-16T14:24:37+00:00,2024-11-21T13:20:23+00:00,afb4f6c0ce21dbf3336d45f731aed471aa270253,v11.5.0,2025-01-28T18:40:22+00:00,73.17760416666667,medium
96519,2024-11-15T08:06:56+00:00,2024-11-21T13:57:44+00:00,,v10.4.14,2024-12-04T16:54:49+00:00,19.36658564814815,low
96602,2024-11-06T15:56:43+00:00,2024-11-22T15:33:44+00:00,,v10.4.14,2024-12-04T16:54:49+00:00,28.040347222222223,low
96572,2024-11-15T15:54:34+00:00,2024-11-22T16:39:39+00:00,,v10.4.14,2024-12-04T16:54:49+00:00,19.041840277777776,low
76901,2023-10-20T16:16:16+00:00,2024-11-23T02:02:58+00:00,,v10.4.14,2024-12-04T16:54:49+00:00,411.02677083333333,low
77036,2023-10-24T11:16:21+00:00,2024-11-23T02:03:00+00:00,,v10.4.14,2024-12-04T16:54:49+00:00,407.2350462962963,low
77201,2023-10-26T11:03:59+00:00,2024-11-25T02:06:57+00:00,,v10.4.14,2024-12-04T16:54:49+00:00,405.24363425925924,low
93697,2024-09-24T17:17:36+00:00,2024-11-25T08:39:28+00:00,,v10.4.14,2024-12-04T16:54:49+00:00,70.98417824074075,low
92371,2024-08-23T15:35:45+00:00,2024-11-25T14:13:58+00:00,,v10.4.14,2024-12-04T16:54:49+00:00,103.05490740740741,low
95928,2024-11-06T07:32:17+00:00,2024-11-25T17:37:15+00:00,,v10.4.14,2024-12-04T16:54:49+00:00,28.39064814814815,low
96115,2024-11-08T14:05:09+00:00,2024-11-26T11:42:43+00:00,,v10.4.14,2024-12-04T16:54:49+00:00,26.117824074074075,low
96020,2024-11-07T11:20:21+00:00,2024-11-26T15:45:46+00:00,,v10.4.14,2024-12-04T16:54:49+00:00,27.23226851851852,low
96790,2024-11-20T18:26:14+00:00,2024-11-27T07:45:56+00:00,,v10.4.14,2024-12-04T16:54:49+00:00,13.936516203703704,low
92718,2024-08-30T07:03:18+00:00,2024-11-27T11:06:46+00:00,,v10.4.14,2024-12-04T16:54:49+00:00,96.41077546296296,low
95732,2024-11-01T13:15:45+00:00,2024-11-27T12:50:45+00:00,5b0b9c9ecc11e3a6c130f6e780208159f23cdabe,v11.5.0,2025-01-28T18:40:22+00:00,88.22542824074074,medium
79485,2023-12-13T22:39:19+00:00,2024-11-27T17:33:53+00:00,,v10.4.14,2024-12-04T16:54:49+00:00,356.7607638888889,low
97044,2024-11-26T14:17:08+00:00,2024-11-28T08:07:27+00:00,,v10.4.14,2024-12-04T16:54:49+00:00,8.109502314814815,low
96193,2024-11-11T04:13:30+00:00,2024-11-28T10:26:25+00:00,,v10.4.14,2024-12-04T16:54:49+00:00,23.52869212962963,low
94649,2024-10-11T21:49:20+00:00,2024-11-28T16:44:13+00:00,fa634e14765f397e959bbb8f2792176e97ba352b,v11.5.0,2025-01-28T18:40:22+00:00,108.86877314814815,medium
97203,2024-11-29T15:21:36+00:00,2024-12-01T20:10:50+00:00,,v10.4.14,2024-12-04T16:54:49+00:00,5.064733796296296,low
97074,2024-11-27T03:31:59+00:00,2024-12-02T01:30:22+00:00,,v10.4.14,2024-12-04T16:54:49+00:00,7.557523148148148,low
96140,2024-11-08T16:52:18+00:00,2024-12-03T05:19:24+00:00,ee07c86ac6fc0ca623e7f3176a3c850a5b8e4ff3,v10.4.14,2024-12-04T16:54:49+00:00,26.001747685185187,low
58313,2022-11-07T10:41:45+00:00,2024-12-03T18:47:12+00:00,,v10.4.14,2024-12-04T16:54:49+00:00,758.2590740740741,low
96980,2024-11-25T12:32:35+00:00,2024-12-04T10:50:34+00:00,,v10.4.14,2024-12-04T16:54:49+00:00,9.182106481481481,low
92574,2024-08-28T10:37:03+00:00,2024-12-04T15:35:53+00:00,f78cd0761b566d8d43af131af5a30c8bd5260530,v11.5.0,2025-01-28T18:40:22+00:00,153.33563657407407,medium
96953,2024-11-23T06:30:04+00:00,2024-12-05T07:43:16+00:00,,v11.4.0,2024-12-05T19:24:34+00:00,12.537847222222222,low
96809,2024-11-20T23:04:22+00:00,2024-12-05T22:59:24+00:00,,v11.4.1,2025-01-28T15:43:19+00:00,68.69371527777778,low
47215,2022-04-01T17:36:37+00:00,2024-12-06T02:07:26+00:00,,v11.4.1,2025-01-28T15:43:19+00:00,1032.9213194444444,low
48294,2022-04-26T16:09:11+00:00,2024-12-06T02:07:28+00:00,,v11.4.1,2025-01-28T15:43:19+00:00,1007.982037037037,low
48581,2022-05-02T13:16:02+00:00,2024-12-06T02:07:31+00:00,3200bfbb4cdd4ab07f8360e204fc2d01f78ca07f,v11.4.1,2025-01-28T15:43:19+00:00,1002.1022800925925,low
55202,2022-09-14T21:36:39+00:00,2024-12-06T02:07:44+00:00,,v11.4.1,2025-01-28T15:43:19+00:00,866.7546296296297,low
56752,2022-10-11T19:43:36+00:00,2024-12-06T02:07:48+00:00,,v11.4.1,2025-01-28T15:43:19+00:00,839.833136574074,low
59698,2022-12-02T10:30:15+00:00,2024-12-06T02:07:52+00:00,,v11.4.1,2025-01-28T15:43:19+00:00,788.2174074074074,low
59936,2022-12-07T09:19:27+00:00,2024-12-06T02:07:54+00:00,,v11.4.1,2025-01-28T15:43:19+00:00,783.2665740740741,low
60053,2022-12-08T19:48:23+00:00,2024-12-06T02:07:55+00:00,,v11.4.1,2025-01-28T15:43:19+00:00,781.8298148148148,low
60320,2022-12-14T13:55:22+00:00,2024-12-06T02:07:59+00:00,,v11.4.1,2025-01-28T15:43:19+00:00,776.0749652777778,low
62084,2023-01-25T10:21:13+00:00,2024-12-06T02:08:01+00:00,,v11.4.1,2025-01-28T15:43:19+00:00,734.2236805555556,low
66384,2023-04-12T14:12:37+00:00,2024-12-06T02:08:21+00:00,,v11.4.1,2025-01-28T15:43:19+00:00,657.0629861111111,low
69511,2023-06-03T00:31:30+00:00,2024-12-06T02:08:26+00:00,,v11.4.1,2025-01-28T15:43:19+00:00,605.6332060185185,low
69513,2023-06-03T00:44:15+00:00,2024-12-06T02:08:27+00:00,,v11.4.1,2025-01-28T15:43:19+00:00,605.6243518518519,low
94071,2024-10-01T11:54:29+00:00,2024-12-06T18:04:15+00:00,,v11.4.1,2025-01-28T15:43:19+00:00,119.15891203703704,low
97451,2024-12-05T02:43:11+00:00,2024-12-06T18:05:11+00:00,,v11.4.1,2025-01-28T15:43:19+00:00,54.54175925925926,low
66058,2023-04-05T18:36:44+00:00,2024-12-07T02:06:36+00:00,,v11.4.1,2025-01-28T15:43:19+00:00,663.8795717592593,low
92949,2024-09-04T16:46:38+00:00,2024-12-07T16:05:08+00:00,,v11.4.1,2025-01-28T15:43:19+00:00,145.95603009259258,low
77898,2023-11-08T22:06:49+00:00,2024-12-09T02:09:54+00:00,,v11.4.1,2025-01-28T15:43:19+00:00,446.73368055555557,low
77956,2023-11-09T17:25:15+00:00,2024-12-09T02:09:58+00:00,,v11.4.1,2025-01-28T15:43:19+00:00,445.92921296296294,low
97618,2024-12-09T07:34:14+00:00,2024-12-10T11:11:20+00:00,,v11.4.1,2025-01-28T15:43:19+00:00,50.33964120370371,low
62791,2023-02-02T14:50:53+00:00,2024-12-10T13:27:52+00:00,,v11.4.1,2025-01-28T15:43:19+00:00,726.036412037037,low
97634,2024-12-09T11:23:11+00:00,2024-12-10T14:13:13+00:00,,v11.4.1,2025-01-28T15:43:19+00:00,50.18064814814815,low
95558,2024-10-29T14:52:45+00:00,2024-12-10T14:30:33+00:00,,v11.4.1,2025-01-28T15:43:19+00:00,91.03511574074074,low
50823,2022-06-14T18:21:53+00:00,2024-12-11T02:07:45+00:00,,v11.4.1,2025-01-28T15:43:19+00:00,958.8898842592592,low
77124,2023-10-25T10:31:23+00:00,2024-12-11T02:08:03+00:00,,v11.4.1,2025-01-28T15:43:19+00:00,461.2166203703704,low
96547,2024-11-15T12:57:45+00:00,2024-12-12T09:22:51+00:00,e3e7086a91c706206217237906e69d76c27aba12,v11.5.0,2025-01-28T18:40:22+00:00,74.23792824074074,medium
97821,2024-12-12T08:27:02+00:00,2024-12-12T13:21:48+00:00,,v11.4.1,2025-01-28T15:43:19+00:00,47.30297453703704,low
79196,2023-12-07T02:36:51+00:00,2024-12-12T14:05:26+00:00,,v11.4.1,2025-01-28T15:43:19+00:00,418.5461574074074,low
97185,2024-11-29T09:53:18+00:00,2024-12-12T14:05:48+00:00,,v11.4.1,2025-01-28T15:43:19+00:00,60.24306712962963,low
96676,2024-11-19T13:22:15+00:00,2024-12-12T17:25:55+00:00,,v11.4.1,2025-01-28T15:43:19+00:00,70.09796296296297,low
97501,2024-12-05T18:54:05+00:00,2024-12-12T21:14:06+00:00,,v11.4.1,2025-01-28T15:43:19+00:00,53.867523148148145,low
96934,2024-11-22T18:23:38+00:00,2024-12-12T23:26:45+00:00,cc4afff8896823f0330bd4a7f842aa8ed83c844d,v11.5.0,2025-01-28T18:40:22+00:00,67.01162037037037,medium
97897,2024-12-13T03:34:41+00:00,2024-12-13T04:03:09+00:00,,v11.4.1,2025-01-28T15:43:19+00:00,46.50599537037037,low
94312,2024-10-07T10:18:50+00:00,2024-12-13T10:11:26+00:00,,v11.4.1,2025-01-28T15:43:19+00:00,113.22533564814815,low
97157,2024-11-28T12:41:31+00:00,2024-12-16T13:51:05+00:00,7698968f05ed530917b844bb27437e4daed7b11b,v11.4.1,2025-01-28T15:43:19+00:00,61.12625,low
94224,2024-10-03T15:42:23+00:00,2024-12-17T11:35:27+00:00,,v11.4.1,2025-01-28T15:43:19+00:00,117.00064814814814,low
96262,2024-11-12T09:50:12+00:00,2024-12-17T14:20:19+00:00,4477cad1ba05c8938771a82df4c98a4646643707,v11.5.0,2025-01-28T18:40:22+00:00,77.3681712962963,medium
97712,2024-12-10T02:32:58+00:00,2024-12-17T14:21:04+00:00,,v11.4.1,2025-01-28T15:43:19+00:00,49.548854166666665,low
98101,2024-12-17T12:34:06+00:00,2024-12-17T15:31:30+00:00,7c583ed8fb11838ff8324f46b1356617f32745b8,v11.5.0,2025-01-28T18:40:22+00:00,42.25435185185185,medium
76292,2023-10-10T17:21:43+00:00,2024-12-18T02:04:33+00:00,,v11.4.1,2025-01-28T15:43:19+00:00,475.9316666666667,low
97093,2024-11-27T10:18:04+00:00,2024-12-18T12:54:27+00:00,,v11.4.1,2025-01-28T15:43:19+00:00,62.22586805555556,low
97715,2024-12-10T07:12:13+00:00,2024-12-18T16:25:37+00:00,,v11.4.1,2025-01-28T15:43:19+00:00,49.354930555555555,low
98195,2024-12-18T14:34:16+00:00,2024-12-18T19:56:40+00:00,,v11.4.1,2025-01-28T15:43:19+00:00,41.04795138888889,low
96063,2024-11-07T20:49:36+00:00,2024-12-18T21:31:09+00:00,721c50a304588ebd7cea76e301ec0f68a5a55d68,v11.5.0,2025-01-28T18:40:22+00:00,81.91025462962963,medium
64732,2023-03-14T11:18:15+00:00,2024-12-19T02:05:09+00:00,,v11.4.1,2025-01-28T15:43:19+00:00,686.184074074074,low
96104,2024-11-08T13:19:58+00:00,2024-12-20T12:25:41+00:00,,v11.4.1,2025-01-28T15:43:19+00:00,81.09954861111112,low
64418,2023-03-08T14:38:45+00:00,2024-12-21T02:00:02+00:00,,v11.4.1,2025-01-28T15:43:19+00:00,692.044837962963,low
66666,2023-04-17T12:29:30+00:00,2024-12-22T02:05:36+00:00,,v11.4.1,2025-01-28T15:43:19+00:00,652.1345949074074,low
76596,2023-10-16T06:08:15+00:00,2024-12-22T02:05:44+00:00,,v11.4.1,2025-01-28T15:43:19+00:00,470.39935185185186,low
77097,2023-10-24T21:47:06+00:00,2024-12-22T02:05:46+00:00,,v11.4.1,2025-01-28T15:43:19+00:00,461.7473726851852,low
92762,2024-08-30T13:59:39+00:00,2024-12-23T22:04:40+00:00,,v11.4.1,2025-01-28T15:43:19+00:00,151.07199074074074,low
98072,2024-12-16T22:24:47+00:00,2024-12-25T06:29:08+00:00,967c13f5b7d381842fb470febe7860b836c5226a,v11.5.0,2025-01-28T18:40:22+00:00,42.844155092592594,medium
98346,2024-12-22T12:31:52+00:00,2024-12-26T11:44:09+00:00,,v11.4.1,2025-01-28T15:43:19+00:00,37.13295138888889,low
70729,2023-06-27T07:11:29+00:00,2024-12-28T01:59:32+00:00,,v11.4.1,2025-01-28T15:43:19+00:00,581.3554398148148,low
46299,2022-03-07T15:43:02+00:00,2024-12-29T02:06:17+00:00,,v11.4.1,2025-01-28T15:43:19+00:00,1058.0001967592593,low
96451,2024-11-14T11:56:55+00:00,2024-12-30T14:18:16+00:00,,v11.4.1,2025-01-28T15:43:19+00:00,75.15722222222222,low
78175,2023-11-15T10:48:35+00:00,2024-12-31T02:00:49+00:00,,v11.4.1,2025-01-28T15:43:19+00:00,440.2046759259259,low
78900,2023-11-30T12:33:40+00:00,2024-12-31T02:00:53+00:00,,v11.4.1,2025-01-28T15:43:19+00:00,425.13170138888887,low
83806,2024-03-04T01:57:31+00:00,2024-12-31T12:57:03+00:00,,v11.4.1,2025-01-28T15:43:19+00:00,330.5734722222222,low
95335,2024-10-24T11:04:02+00:00,2025-01-02T08:04:46+00:00,,v11.4.1,2025-01-28T15:43:19+00:00,96.19394675925926,low
98364,2024-12-24T13:30:25+00:00,2025-01-02T09:29:03+00:00,,v11.4.1,2025-01-28T15:43:19+00:00,35.09229166666667,low
93961,2024-09-29T06:04:31+00:00,2025-01-02T13:14:20+00:00,,v11.4.1,2025-01-28T15:43:19+00:00,121.40194444444444,low
97881,2024-12-12T17:08:26+00:00,2025-01-02T15:45:04+00:00,,v11.4.1,2025-01-28T15:43:19+00:00,46.94089120370371,low
98447,2025-01-02T14:05:32+00:00,2025-01-02T22:42:39+00:00,,v11.4.1,2025-01-28T15:43:19+00:00,26.067905092592593,low
78836,2023-11-29T17:47:35+00:00,2025-01-04T02:00:01+00:00,,v11.4.1,2025-01-28T15:43:19+00:00,425.91370370370373,low
67082,2023-04-23T21:13:13+00:00,2025-01-06T12:08:17+00:00,c48406753f5cc39aed17ac1710ef0725f24716d9,v11.5.0,2025-01-28T18:40:22+00:00,645.8938541666666,high
98468,2025-01-03T01:18:01+00:00,2025-01-06T12:45:26+00:00,,v11.4.1,2025-01-28T15:43:19+00:00,25.600902777777776,low
95433,2024-10-25T17:29:30+00:00,2025-01-06T15:17:10+00:00,,v11.4.1,2025-01-28T15:43:19+00:00,94.92626157407408,low
98131,2024-12-17T17:50:14+00:00,2025-01-06T17:16:31+00:00,,v11.4.1,2025-01-28T15:43:19+00:00,41.91186342592592,low
98357,2024-12-23T21:20:23+00:00,2025-01-06T19:53:56+00:00,,v11.4.1,2025-01-28T15:43:19+00:00,35.76592592592593,low
98532,2025-01-06T15:38:58+00:00,2025-01-07T13:43:47+00:00,,v11.4.1,2025-01-28T15:43:19+00:00,22.003020833333334,low
98197,2024-12-18T14:56:32+00:00,2025-01-07T15:27:40+00:00,,v11.4.1,2025-01-28T15:43:19+00:00,41.032488425925926,low
71006,2023-06-30T22:30:50+00:00,2025-01-07T22:09:28+00:00,25538bcfdf249447f133ed63bbfb30e7ce038fe4,v11.5.0,2025-01-28T18:40:22+00:00,577.8399537037037,medium
73349,2023-08-16T20:11:24+00:00,2025-01-08T02:01:22+00:00,,v11.4.1,2025-01-28T15:43:19+00:00,530.8138310185185,low
98483,2025-01-03T14:33:11+00:00,2025-01-08T17:14:20+00:00,121a9162ffbf08ec21e52f11b7990062eba3bea7,v11.5.0,2025-01-28T18:40:22+00:00,25.17165509259259,medium
70484,2023-06-22T05:31:53+00:00,2025-01-08T18:43:59+00:00,,v11.4.1,2025-01-28T15:43:19+00:00,586.4246064814815,low
95759,2024-11-02T19:41:04+00:00,2025-01-08T18:45:37+00:00,,v11.4.1,2025-01-28T15:43:19+00:00,86.83489583333333,low
67342,2023-04-27T02:08:11+00:00,2025-01-09T02:15:23+00:00,,v11.4.1,2025-01-28T15:43:19+00:00,642.5660648148148,low
98431,2025-01-01T01:39:23+00:00,2025-01-09T02:41:54+00:00,,v11.4.1,2025-01-28T15:43:19+00:00,27.586064814814815,low
98005,2024-12-16T09:15:11+00:00,2025-01-09T04:39:28+00:00,64967051206263788d05a09a08ac06bb1235e2b4,v11.6.0,2025-03-25T22:10:15+00:00,99.53824074074075,medium
98373,2024-12-25T09:06:20+00:00,2025-01-09T09:27:47+00:00,,v11.4.1,2025-01-28T15:43:19+00:00,34.27568287037037,low
68734,2023-05-18T20:32:10+00:00,2025-01-10T14:27:38+00:00,f4b4fca79e834c3e86ab8fd9c1dbea65487348a6,v11.4.1,2025-01-28T15:43:19+00:00,620.7994097222222,low
97960,2024-12-13T16:38:32+00:00,2025-01-13T08:21:19+00:00,5282b7ca8c96eded59c17142be6b48a8196f9b33,v11.5.0,2025-01-28T18:40:22+00:00,46.08460648148148,medium
98873,2025-01-13T11:00:39+00:00,2025-01-13T12:54:21+00:00,,v11.4.1,2025-01-28T15:43:19+00:00,15.196296296296296,low
98063,2024-12-16T18:50:19+00:00,2025-01-13T15:51:16+00:00,,v11.4.1,2025-01-28T15:43:19+00:00,42.87013888888889,low
60335,2022-12-14T15:11:39+00:00,2025-01-13T16:43:58+00:00,,v11.4.1,2025-01-28T15:43:19+00:00,776.0219907407408,low
97768,2024-12-10T19:45:12+00:00,2025-01-13T17:57:32+00:00,743b8c084988d3c537eb913ff591e62d84a2a0d9,v11.4.1,2025-01-28T15:43:19+00:00,48.83202546296296,low
98831,2025-01-10T16:59:03+00:00,2025-01-14T08:35:56+00:00,,v11.4.1,2025-01-28T15:43:19+00:00,17.947407407407407,low
98975,2025-01-14T16:17:21+00:00,2025-01-14T16:51:36+00:00,,v11.4.1,2025-01-28T15:43:19+00:00,13.976365740740741,low
67334,2023-04-26T21:45:29+00:00,2025-01-14T21:35:48+00:00,,v11.4.1,2025-01-28T15:43:19+00:00,642.7484953703704,low
98140,2024-12-17T19:28:25+00:00,2025-01-14T21:38:36+00:00,69da0bb22c9d23351e651ce25e39995b312948e8,v11.6.0,2025-03-25T22:10:15+00:00,98.11238425925926,medium
79588,2023-12-15T16:57:17+00:00,2025-01-15T01:59:42+00:00,,v11.4.1,2025-01-28T15:43:19+00:00,409.9486342592593,low
98736,2025-01-09T15:20:38+00:00,2025-01-15T14:13:57+00:00,a290db6a7eda4f85bdab451dd1ccb8d6edc335d1,v11.6.0,2025-03-25T22:10:15+00:00,75.28445601851851,high
97404,2024-12-04T14:03:47+00:00,2025-01-16T08:54:36+00:00,,v11.4.1,2025-01-28T15:43:19+00:00,55.06912037037037,low
97697,2024-12-09T18:50:34+00:00,2025-01-16T12:40:03+00:00,,v11.4.1,2025-01-28T15:43:19+00:00,49.86996527777778,low
96951,2024-11-23T00:43:02+00:00,2025-01-16T14:45:24+00:00,,v11.4.1,2025-01-28T15:43:19+00:00,66.62519675925925,low
98453,2025-01-02T15:50:14+00:00,2025-01-16T15:38:19+00:00,,v11.4.1,2025-01-28T15:43:19+00:00,25.995196759259258,low
79100,2023-12-05T17:43:41+00:00,2025-01-16T21:25:11+00:00,,v11.4.1,2025-01-28T15:43:19+00:00,419.91641203703705,low
91034,2024-07-26T09:00:54+00:00,2025-01-17T14:13:32+00:00,,v11.4.1,2025-01-28T15:43:19+00:00,186.27945601851852,low
90226,2024-07-09T13:12:54+00:00,2025-01-17T14:14:29+00:00,,v11.4.1,2025-01-28T15:43:19+00:00,203.1044560185185,low
88875,2024-06-06T19:51:43+00:00,2025-01-17T14:14:59+00:00,,v11.4.1,2025-01-28T15:43:19+00:00,235.8275,low
91074,2024-07-26T16:24:59+00:00,2025-01-17T14:15:12+00:00,,v11.4.1,2025-01-28T15:43:19+00:00,185.9710648148148,low
79639,2023-12-18T13:35:25+00:00,2025-01-18T01:57:43+00:00,,v11.4.1,2025-01-28T15:43:19+00:00,407.0888194444444,low
79756,2023-12-20T14:35:33+00:00,2025-01-19T02:03:29+00:00,,v11.4.1,2025-01-28T15:43:19+00:00,405.04706018518516,low
79779,2023-12-21T09:00:54+00:00,2025-01-20T02:00:56+00:00,,v11.4.1,2025-01-28T15:43:19+00:00,404.27945601851854,low
98099,2024-12-17T12:26:49+00:00,2025-01-20T10:04:44+00:00,55ec66c416d517d7591559a08874e6ce5ef93f48,v11.6.0,2025-03-25T22:10:15+00:00,98.40516203703703,medium
93972,2024-09-30T07:35:46+00:00,2025-01-20T16:09:33+00:00,,v11.4.1,2025-01-28T15:43:19+00:00,120.3385763888889,low
99031,2025-01-15T17:03:27+00:00,2025-01-21T08:26:07+00:00,,v11.4.1,2025-01-28T15:43:19+00:00,12.944351851851852,low
99297,2025-01-21T06:28:05+00:00,2025-01-21T09:19:02+00:00,,v11.4.1,2025-01-28T15:43:19+00:00,7.385578703703704,low
98847,2025-01-12T12:19:42+00:00,2025-01-21T10:32:55+00:00,da7ba27f19e024195fa3bfba7fdfc2bdc0f092bc,v11.4.1,2025-01-28T15:43:19+00:00,16.141400462962963,low
99146,2025-01-17T09:21:18+00:00,2025-01-21T13:39:35+00:00,,v11.4.1,2025-01-28T15:43:19+00:00,11.265289351851852,low
99115,2025-01-16T19:22:30+00:00,2025-01-21T23:11:23+00:00,,v11.4.1,2025-01-28T15:43:19+00:00,11.847789351851851,low
79842,2023-12-22T19:53:15+00:00,2025-01-22T02:01:38+00:00,,v11.4.1,2025-01-28T15:43:19+00:00,402.8264351851852,low
99158,2025-01-17T09:58:26+00:00,2025-01-22T11:51:26+00:00,,v11.4.1,2025-01-28T15:43:19+00:00,11.239502314814814,low
79776,2023-12-21T07:06:06+00:00,2025-01-22T13:57:43+00:00,,v11.4.1,2025-01-28T15:43:19+00:00,404.35917824074073,low
67330,2023-04-26T21:20:30+00:00,2025-01-22T15:51:07+00:00,,v11.4.1,2025-01-28T15:43:19+00:00,642.7658449074074,low
89117,2024-06-12T13:14:09+00:00,2025-01-22T16:22:20+00:00,,v11.4.1,2025-01-28T15:43:19+00:00,230.10358796296296,low
81801,2024-02-02T14:35:08+00:00,2025-01-22T16:37:23+00:00,,v11.4.1,2025-01-28T15:43:19+00:00,361.04734953703706,low
98353,2024-12-23T07:29:09+00:00,2025-01-23T09:46:33+00:00,d476b65d344176ef5e3ee73a15266c810f7f7125,v11.6.0,2025-03-25T22:10:15+00:00,92.611875,medium
49465,2022-05-24T07:51:05+00:00,2025-01-23T11:50:26+00:00,,v11.4.1,2025-01-28T15:43:19+00:00,980.3279398148148,low
99198,2025-01-17T15:23:41+00:00,2025-01-23T16:17:39+00:00,,v11.4.1,2025-01-28T15:43:19+00:00,11.013634259259259,low
97720,2024-12-10T09:58:24+00:00,2025-01-23T20:20:42+00:00,fdbac6fb5421f1f9ac6fae373015e1e39e1f7e66,v11.6.0,2025-03-25T22:10:15+00:00,105.50822916666667,medium
98739,2025-01-09T15:31:40+00:00,2025-01-23T20:24:00+00:00,,v11.4.1,2025-01-28T15:43:19+00:00,19.00809027777778,low
80264,2024-01-10T00:47:18+00:00,2025-01-25T13:11:55+00:00,,v11.4.1,2025-01-28T15:43:19+00:00,384.6222337962963,low
64685,2023-03-13T13:04:23+00:00,2025-01-26T17:08:45+00:00,,v11.4.1,2025-01-28T15:43:19+00:00,687.1103703703703,low
79889,2023-12-28T14:51:20+00:00,2025-01-27T02:01:26+00:00,,v11.4.1,2025-01-28T15:43:19+00:00,397.03609953703705,low
99021,2025-01-15T15:05:17+00:00,2025-01-27T19:15:24+00:00,,v11.4.1,2025-01-28T15:43:19+00:00,13.026412037037037,low
98807,2025-01-10T13:01:52+00:00,2025-01-28T13:32:58+00:00,,v11.4.1,2025-01-28T15:43:19+00:00,18.112118055555555,low
95937,2024-11-06T09:15:27+00:00,2025-01-28T13:49:48+00:00,,v11.4.1,2025-01-28T15:43:19+00:00,83.26935185185185,low
99240,2025-01-20T10:52:37+00:00,2025-01-28T14:00:18+00:00,52a6c27d99e5d984032cc36802e7cc4dcd2bf79d,v11.6.0,2025-03-25T22:10:15+00:00,64.47057870370371,medium
63866,2023-02-28T14:10:19+00:00,2025-01-28T15:32:52+00:00,,v11.4.1,2025-01-28T15:43:19+00:00,700.0645833333333,low
93189,2024-09-10T19:56:27+00:00,2025-01-28T18:14:05+00:00,,v10.4.15,2025-01-28T18:18:40+00:00,139.93209490740742,low
81306,2024-01-25T19:51:30+00:00,2025-01-28T18:37:21+00:00,f8e6c02a40fd75859c529d01881b62592f207dfa,v11.5.0,2025-01-28T18:40:22+00:00,368.95060185185184,low
98434,2025-01-02T05:22:46+00:00,2025-01-28T19:57:55+00:00,046754c3c2610cf075b06cdec3a78fc663447ab0,v11.6.0,2025-03-25T22:10:15+00:00,82.6996412037037,medium
99541,2025-01-26T16:47:08+00:00,2025-01-29T12:14:37+00:00,,v11.5.1,2025-02-03T13:23:31+00:00,7.858599537037037,low
89226,2024-06-14T13:33:19+00:00,2025-01-29T19:02:57+00:00,1795a2b4e3a88d0fcdf562d6fdfffbd47ef8bdab,v11.6.0,2025-03-25T22:10:15+00:00,284.35898148148146,medium
96897,2024-11-22T10:07:43+00:00,2025-01-29T19:02:58+00:00,1795a2b4e3a88d0fcdf562d6fdfffbd47ef8bdab,v11.6.0,2025-03-25T22:10:15+00:00,123.50175925925926,medium
98374,2024-12-25T18:32:42+00:00,2025-01-29T22:01:16+00:00,,v11.5.1,2025-02-03T13:23:31+00:00,39.78528935185185,low
99628,2025-01-28T08:35:10+00:00,2025-01-29T23:28:29+00:00,,v11.5.1,2025-02-03T13:23:31+00:00,6.200243055555555,low
99349,2025-01-22T01:13:03+00:00,2025-01-30T10:24:30+00:00,408e3e91a8355fff3ef62315c5f34e6cebdcf8cd,v11.6.0,2025-03-25T22:10:15+00:00,62.87305555555555,medium
58757,2022-11-15T15:01:07+00:00,2025-01-30T20:36:46+00:00,8ce8c1635fc5822faed1fbae67ee0f6671c225eb,v11.6.0,2025-03-25T22:10:15+00:00,861.2980092592593,medium
91101,2024-07-27T14:55:39+00:00,2025-01-31T09:39:23+00:00,,v11.5.1,2025-02-03T13:23:31+00:00,190.93601851851852,low
99538,2025-01-25T20:46:42+00:00,2025-01-31T10:46:40+00:00,,v11.5.1,2025-02-03T13:23:31+00:00,8.692233796296296,low
99726,2025-01-29T04:56:43+00:00,2025-01-31T14:00:25+00:00,,v11.5.1,2025-02-03T13:23:31+00:00,5.351944444444444,low
79945,2024-01-02T17:23:31+00:00,2025-02-01T02:02:55+00:00,,v11.5.1,2025-02-03T13:23:31+00:00,397.8333333333333,low
72837,2023-08-03T15:47:56+00:00,2025-02-02T02:02:08+00:00,,v11.5.1,2025-02-03T13:23:31+00:00,549.8997106481481,low
79950,2024-01-02T21:33:10+00:00,2025-02-03T02:00:36+00:00,,v11.5.1,2025-02-03T13:23:31+00:00,397.65996527777776,low
79951,2024-01-02T21:38:28+00:00,2025-02-03T02:00:37+00:00,,v11.5.1,2025-02-03T13:23:31+00:00,397.6562847222222,low
99860,2025-01-31T07:33:01+00:00,2025-02-03T13:31:22+00:00,,v11.2.7,2025-02-19T00:03:47+00:00,18.68803240740741,low
92984,2024-09-05T14:23:20+00:00,2025-02-04T09:29:25+00:00,,v11.2.7,2025-02-19T00:03:47+00:00,166.40309027777778,low
99354,2025-01-22T08:13:45+00:00,2025-02-04T10:44:55+00:00,73e3b04565c6f491a984c91082ac055cf72db31f,v11.6.0,2025-03-25T22:10:15+00:00,62.58090277777778,medium
97838,2024-12-12T12:21:56+00:00,2025-02-04T13:00:56+00:00,,v11.2.7,2025-02-19T00:03:47+00:00,68.48739583333334,low
77319,2023-10-27T19:56:36+00:00,2025-02-05T02:01:13+00:00,,v11.2.7,2025-02-19T00:03:47+00:00,480.1716550925926,low
79311,2023-12-11T13:01:08+00:00,2025-02-05T02:01:19+00:00,,v11.2.7,2025-02-19T00:03:47+00:00,435.4601736111111,low
75268,2023-09-22T08:46:55+00:00,2025-02-05T12:13:02+00:00,,v11.2.7,2025-02-19T00:03:47+00:00,515.636712962963,low
99640,2025-01-28T11:08:47+00:00,2025-02-06T13:15:45+00:00,,v11.2.7,2025-02-19T00:03:47+00:00,21.538194444444443,low
96651,2024-11-19T00:52:34+00:00,2025-02-06T14:25:42+00:00,,v11.2.7,2025-02-19T00:03:47+00:00,91.96612268518518,low
65767,2023-04-03T06:39:00+00:00,2025-02-06T15:44:29+00:00,,v11.2.7,2025-02-19T00:03:47+00:00,687.7255439814815,low
100137,2025-02-05T17:25:10+00:00,2025-02-06T16:14:39+00:00,,v11.2.7,2025-02-19T00:03:47+00:00,13.27681712962963,low
69172,2023-05-26T13:56:30+00:00,2025-02-06T16:27:00+00:00,,v11.2.7,2025-02-19T00:03:47+00:00,634.421724537037,low
69777,2023-06-08T10:27:08+00:00,2025-02-06T16:33:58+00:00,,v11.2.7,2025-02-19T00:03:47+00:00,621.5671180555555,low
96677,2024-11-19T13:31:15+00:00,2025-02-06T18:44:45+00:00,,v11.2.7,2025-02-19T00:03:47+00:00,91.43925925925926,low
100217,2025-02-06T16:19:11+00:00,2025-02-06T18:45:31+00:00,,v11.2.7,2025-02-19T00:03:47+00:00,12.32263888888889,low
100283,2025-02-07T15:06:22+00:00,2025-02-07T15:26:06+00:00,,v11.2.7,2025-02-19T00:03:47+00:00,11.373206018518518,low
99870,2025-01-31T09:53:27+00:00,2025-02-07T15:27:52+00:00,,v11.2.7,2025-02-19T00:03:47+00:00,18.59050925925926,low
100104,2025-02-05T09:03:18+00:00,2025-02-07T17:47:08+00:00,f5d8f4263554c51956c63ecf60219a72f297256f,v11.6.0,2025-03-25T22:10:15+00:00,48.54649305555556,medium
57060,2022-10-17T08:34:05+00:00,2025-02-10T02:01:21+00:00,,v11.2.7,2025-02-19T00:03:47+00:00,855.645625,low
80268,2024-01-10T08:56:48+00:00,2025-02-10T02:01:56+00:00,,v11.2.7,2025-02-19T00:03:47+00:00,405.62984953703705,low
100324,2025-02-08T23:39:27+00:00,2025-02-10T09:55:56+00:00,,v11.2.7,2025-02-19T00:03:47+00:00,10.016898148148147,low
100321,2025-02-08T14:32:09+00:00,2025-02-10T11:09:48+00:00,,v11.2.7,2025-02-19T00:03:47+00:00,10.396967592592592,low
99976,2025-02-03T14:21:26+00:00,2025-02-10T11:16:22+00:00,,v11.2.7,2025-02-19T00:03:47+00:00,15.404409722222223,low
98283,2024-12-19T17:10:45+00:00,2025-02-10T15:28:35+00:00,,v11.2.7,2025-02-19T00:03:47+00:00,61.286828703703705,low
98223,2024-12-18T20:00:47+00:00,2025-02-10T17:30:01+00:00,,v11.2.7,2025-02-19T00:03:47+00:00,62.16875,low
96740,2024-11-20T09:24:03+00:00,2025-02-10T18:16:47+00:00,,v11.2.7,2025-02-19T00:03:47+00:00,90.61092592592593,low
95114,2024-10-22T03:18:05+00:00,2025-02-10T18:27:48+00:00,,v11.2.7,2025-02-19T00:03:47+00:00,119.86506944444444,low
98347,2024-12-22T15:00:09+00:00,2025-02-10T20:52:29+00:00,,v11.2.7,2025-02-19T00:03:47+00:00,58.37752314814815,low
99418,2025-01-23T09:30:31+00:00,2025-02-11T07:52:01+00:00,f2d34254d3b2d7e23e39cf17c99374f96a0d09e7,v11.6.0,2025-03-25T22:10:15+00:00,61.52759259259259,medium
99801,2025-01-30T11:19:42+00:00,2025-02-11T10:31:18+00:00,,v11.2.7,2025-02-19T00:03:47+00:00,19.530613425925925,low
100388,2025-02-10T21:00:31+00:00,2025-02-11T11:08:20+00:00,cbe5741096a283fcbe7d0da15475365fdccbd843,v11.6.0,2025-03-25T22:10:15+00:00,43.048425925925926,medium
100439,2025-02-11T14:58:20+00:00,2025-02-11T15:21:59+00:00,b8eb8ad7d0ee800ba3bbc447464a56c5067cb271,v11.2.7,2025-02-19T00:03:47+00:00,7.378784722222222,low
99574,2025-01-27T15:24:09+00:00,2025-02-11T19:26:48+00:00,,v11.2.7,2025-02-19T00:03:47+00:00,22.36085648148148,low
80488,2024-01-12T20:15:05+00:00,2025-02-12T02:01:32+00:00,,v11.2.7,2025-02-19T00:03:47+00:00,403.1588194444444,low
99841,2025-01-30T19:23:32+00:00,2025-02-12T06:16:02+00:00,9b37e9249aac66b4b63fcfd1d51f4d2fd5e6271a,v11.6.0,2025-03-25T22:10:15+00:00,54.115775462962965,medium
100166,2025-02-06T06:03:05+00:00,2025-02-12T08:05:11+00:00,,v11.2.7,2025-02-19T00:03:47+00:00,12.750486111111112,low
98781,2025-01-10T05:23:15+00:00,2025-02-12T10:13:35+00:00,,v11.2.7,2025-02-19T00:03:47+00:00,39.77814814814815,low
98564,2025-01-06T22:12:49+00:00,2025-02-12T16:29:49+00:00,,v11.2.7,2025-02-19T00:03:47+00:00,43.07706018518518,low
97785,2024-12-11T12:00:32+00:00,2025-02-13T14:46:23+00:00,,v11.2.7,2025-02-19T00:03:47+00:00,69.50225694444444,low
100630,2025-02-13T15:32:58+00:00,2025-02-13T16:02:53+00:00,,v11.2.7,2025-02-19T00:03:47+00:00,5.354733796296296,low
100246,2025-02-07T07:58:24+00:00,2025-02-13T16:28:50+00:00,,v11.2.7,2025-02-19T00:03:47+00:00,11.670405092592592,low
53832,2022-08-17T13:30:48+00:00,2025-02-14T02:00:42+00:00,,v11.2.7,2025-02-19T00:03:47+00:00,916.4395717592593,low
77937,2023-11-09T14:22:59+00:00,2025-02-14T02:01:09+00:00,,v11.2.7,2025-02-19T00:03:47+00:00,467.4033333333333,low
100594,2025-02-13T12:01:13+00:00,2025-02-14T09:48:32+00:00,,v11.2.7,2025-02-19T00:03:47+00:00,5.501782407407408,low
99499,2025-01-24T11:49:26+00:00,2025-02-14T11:38:34+00:00,,v11.2.7,2025-02-19T00:03:47+00:00,25.509965277777777,low
100723,2025-02-14T12:55:36+00:00,2025-02-14T13:25:27+00:00,196a73ec7282467992601811e4e980efc8d0670c,v11.6.0,2025-03-25T22:10:15+00:00,39.385173611111114,high
45249,2022-02-10T15:58:02+00:00,2025-02-15T01:59:33+00:00,,v11.2.7,2025-02-19T00:03:47+00:00,1104.3373263888889,low
62384,2022-10-03T19:00:51+00:00,2025-02-15T01:59:47+00:00,,v11.2.7,2025-02-19T00:03:47+00:00,869.2103703703704,low
61441,2023-01-13T01:34:12+00:00,2025-02-15T01:59:51+00:00,,v11.2.7,2025-02-19T00:03:47+00:00,767.9372106481482,low
63585,2023-02-22T16:58:39+00:00,2025-02-15T01:59:52+00:00,,v11.2.7,2025-02-19T00:03:47+00:00,727.2952314814814,low
63796,2023-02-27T13:07:16+00:00,2025-02-15T01:59:53+00:00,,v11.2.7,2025-02-19T00:03:47+00:00,722.4559143518519,low
64953,2023-03-17T11:54:21+00:00,2025-02-15T01:59:54+00:00,,v11.2.7,2025-02-19T00:03:47+00:00,704.5065509259259,low
66626,2023-04-15T03:52:41+00:00,2025-02-15T01:59:56+00:00,,v11.2.7,2025-02-19T00:03:47+00:00,675.8410416666667,low
67790,2023-05-03T22:00:51+00:00,2025-02-15T01:59:58+00:00,,v11.2.7,2025-02-19T00:03:47+00:00,657.0853703703704,low
67940,2023-05-05T18:41:08+00:00,2025-02-15T01:59:59+00:00,,v11.2.7,2025-02-19T00:03:47+00:00,655.2240625,low
68211,2023-05-10T11:00:40+00:00,2025-02-15T02:00:00+00:00,,v11.2.7,2025-02-19T00:03:47+00:00,650.5438310185185,low
68277,2023-05-11T03:52:52+00:00,2025-02-15T02:00:02+00:00,,v11.2.7,2025-02-19T00:03:47+00:00,649.8409143518519,low
68551,2023-05-16T14:06:15+00:00,2025-02-15T02:00:04+00:00,,v11.2.7,2025-02-19T00:03:47+00:00,644.4149537037038,low
69421,2023-06-01T22:34:16+00:00,2025-02-15T02:00:06+00:00,,v11.2.7,2025-02-19T00:03:47+00:00,628.0621643518518,low
69510,2023-06-03T00:24:14+00:00,2025-02-15T02:00:07+00:00,,v11.2.7,2025-02-19T00:03:47+00:00,626.9857986111111,low
71237,2023-07-07T18:34:04+00:00,2025-02-15T02:00:10+00:00,,v11.2.7,2025-02-19T00:03:47+00:00,592.2289699074074,low
73274,2023-08-15T10:24:22+00:00,2025-02-15T02:00:12+00:00,,v11.2.7,2025-02-19T00:03:47+00:00,553.5690393518519,low
73611,2023-08-22T12:39:27+00:00,2025-02-15T02:00:14+00:00,,v11.2.7,2025-02-19T00:03:47+00:00,546.4752314814815,low
74044,2023-08-29T16:06:17+00:00,2025-02-15T02:00:16+00:00,,v11.2.7,2025-02-19T00:03:47+00:00,539.3315972222222,low
74338,2023-09-04T15:13:59+00:00,2025-02-15T02:00:17+00:00,,v11.2.7,2025-02-19T00:03:47+00:00,533.3679166666667,low
74517,2023-09-07T09:38:24+00:00,2025-02-15T02:00:18+00:00,,v11.2.7,2025-02-19T00:03:47+00:00,530.6009606481482,low
75083,2023-09-19T10:56:20+00:00,2025-02-15T02:00:20+00:00,,v11.2.7,2025-02-19T00:03:47+00:00,518.5468402777777,low
76645,2023-10-16T16:30:38+00:00,2025-02-15T02:00:23+00:00,,v11.2.7,2025-02-19T00:03:47+00:00,491.3146875,low
79153,2023-12-06T16:41:58+00:00,2025-02-15T02:00:27+00:00,,v11.2.7,2025-02-19T00:03:47+00:00,440.3068171296296,low
80299,2024-01-10T16:18:00+00:00,2025-02-15T02:00:38+00:00,,v11.2.7,2025-02-19T00:03:47+00:00,405.32346064814817,low
80630,2024-01-16T15:03:20+00:00,2025-02-15T02:00:43+00:00,,v11.2.7,2025-02-19T00:03:47+00:00,399.3753125,low
100794,2025-02-16T18:11:55+00:00,2025-02-16T18:42:54+00:00,,v11.2.7,2025-02-19T00:03:47+00:00,2.2443518518518517,low
75124,2023-09-19T18:37:04+00:00,2025-02-17T02:02:59+00:00,,v11.2.7,2025-02-19T00:03:47+00:00,518.2268865740741,low
69138,2023-05-26T09:42:36+00:00,2025-02-17T04:13:59+00:00,,v11.2.7,2025-02-19T00:03:47+00:00,634.5980439814815,low
66642,2023-04-16T19:36:05+00:00,2025-02-17T10:24:12+00:00,,v11.2.7,2025-02-19T00:03:47+00:00,674.1859027777778,low
95577,2024-10-29T20:08:29+00:00,2025-02-17T11:02:42+00:00,,v11.2.7,2025-02-19T00:03:47+00:00,112.16340277777778,low
94184,2024-10-03T08:07:28+00:00,2025-02-17T11:24:00+00:00,,v11.2.7,2025-02-19T00:03:47+00:00,138.6641087962963,low
95788,2024-11-04T15:10:02+00:00,2025-02-17T11:24:38+00:00,,v11.2.7,2025-02-19T00:03:47+00:00,106.37065972222223,low
73685,2023-08-23T13:28:34+00:00,2025-02-17T11:43:21+00:00,,v11.2.7,2025-02-19T00:03:47+00:00,545.4411226851852,low
99824,2025-01-30T16:11:03+00:00,2025-02-17T12:07:12+00:00,6a197d7249e86038b6535d0081bea27bbfbead58,v11.2.7,2025-02-19T00:03:47+00:00,19.328287037037036,low
99627,2025-01-28T08:02:11+00:00,2025-02-17T14:17:41+00:00,,v11.2.7,2025-02-19T00:03:47+00:00,21.66777777777778,low
94292,2024-10-05T20:02:26+00:00,2025-02-18T14:03:13+00:00,870c65a80f91b36546100de27b2ebd0f01a8b5b6,v11.6.0,2025-03-25T22:10:15+00:00,171.08876157407408,medium
80834,2024-01-18T17:39:18+00:00,2025-02-19T02:01:39+00:00,,v10.4.17,2025-03-25T20:24:11+00:00,432.11450231481484,low
80890,2024-01-19T13:45:52+00:00,2025-02-19T02:01:40+00:00,,v10.4.17,2025-03-25T20:24:11+00:00,431.2766087962963,low
100871,2025-02-18T12:15:37+00:00,2025-02-19T05:26:35+00:00,,v10.4.17,2025-03-25T20:24:11+00:00,35.33928240740741,low
97793,2024-12-11T14:34:43+00:00,2025-02-19T19:57:02+00:00,,v10.4.17,2025-03-25T20:24:11+00:00,104.24268518518518,low
70257,2023-06-16T16:05:37+00:00,2025-02-20T02:01:34+00:00,,v10.4.17,2025-03-25T20:24:11+00:00,648.1795601851852,low
97840,2024-12-12T12:52:51+00:00,2025-02-20T08:17:15+00:00,,v10.4.17,2025-03-25T20:24:11+00:00,103.31342592592593,low
101110,2025-02-21T03:51:35+00:00,2025-02-21T03:55:55+00:00,,v10.4.17,2025-03-25T20:24:11+00:00,32.689305555555556,low
97445,2024-12-04T22:22:47+00:00,2025-02-21T10:33:59+00:00,,v10.4.17,2025-03-25T20:24:11+00:00,110.91763888888889,low
99654,2025-01-28T12:53:51+00:00,2025-02-21T13:52:59+00:00,,v10.4.17,2025-03-25T20:24:11+00:00,56.31273148148148,low
101148,2025-02-21T14:33:23+00:00,2025-02-21T15:09:48+00:00,,v10.4.17,2025-03-25T20:24:11+00:00,32.243611111111115,low
91943,2024-08-15T08:17:11+00:00,2025-02-21T20:22:31+00:00,c33e908baff25768d86e7ffb7e80a58940730acf,v11.6.0,2025-03-25T22:10:15+00:00,222.5785185185185,medium
72649,2023-07-31T21:32:32+00:00,2025-02-23T02:05:29+00:00,,v10.4.17,2025-03-25T20:24:11+00:00,602.9525347222223,low
77698,2023-11-06T10:51:43+00:00,2025-02-23T02:05:36+00:00,1f840600b68a0e01d7fa973b79183e56193d2551,v10.4.0,2024-03-06T15:20:17+00:00,121.18650462962962,medium
100798,2025-02-17T08:38:33+00:00,2025-02-24T10:33:01+00:00,,v10.4.17,2025-03-25T20:24:11+00:00,36.49002314814815,low
99719,2025-01-28T22:40:23+00:00,2025-02-24T13:45:34+00:00,ec14822dd010c18eafd5f3513b206d221a58ec65,v11.6.0,2025-03-25T22:10:15+00:00,55.97907407407408,medium
100326,2025-02-09T04:46:08+00:00,2025-02-25T04:53:53+00:00,24f9126cdff7440087e6c04b2eb1dee1546ebccf,v11.6.0,2025-03-25T22:10:15+00:00,44.725081018518516,medium
100359,2025-02-10T13:53:30+00:00,2025-02-25T15:18:42+00:00,,v10.4.17,2025-03-25T20:24:11+00:00,43.27130787037037,low
94150,2024-10-02T13:21:41+00:00,2025-02-25T15:18:53+00:00,,v10.4.17,2025-03-25T20:24:11+00:00,174.29340277777777,low
101308,2025-02-25T17:07:19+00:00,2025-02-26T07:23:36+00:00,,v10.4.17,2025-03-25T20:24:11+00:00,28.136712962962964,low
100429,2025-02-11T13:52:18+00:00,2025-02-26T10:32:33+00:00,,v10.4.17,2025-03-25T20:24:11+00:00,42.272141203703704,low
101335,2025-02-26T07:37:22+00:00,2025-02-26T13:45:03+00:00,,v10.4.17,2025-03-25T20:24:11+00:00,27.532511574074075,low
101305,2025-02-25T16:14:53+00:00,2025-02-27T16:18:29+00:00,,v10.4.17,2025-03-25T20:24:11+00:00,28.173125,low
97804,2024-12-11T16:29:44+00:00,2025-02-27T16:20:16+00:00,,v10.4.17,2025-03-25T20:24:11+00:00,104.1628125,low
93200,2024-09-11T05:31:33+00:00,2025-02-27T17:09:45+00:00,,v10.4.17,2025-03-25T20:24:11+00:00,195.61988425925927,low
69350,2023-05-31T22:10:09+00:00,2025-02-28T02:03:23+00:00,,v10.4.17,2025-03-25T20:24:11+00:00,663.926412037037,low
70346,2023-06-19T17:14:58+00:00,2025-02-28T02:03:25+00:00,,v10.4.17,2025-03-25T20:24:11+00:00,645.1314004629629,low
101448,2025-02-28T09:08:20+00:00,2025-02-28T12:00:29+00:00,,v10.4.17,2025-03-25T20:24:11+00:00,25.46934027777778,low
81567,2024-01-30T13:13:27+00:00,2025-03-01T02:07:33+00:00,,v10.4.17,2025-03-25T20:24:11+00:00,420.29912037037036,low
81697,2024-02-01T11:22:14+00:00,2025-03-04T02:04:32+00:00,,v10.4.17,2025-03-25T20:24:11+00:00,418.37635416666666,low
81699,2024-02-01T11:26:38+00:00,2025-03-04T02:04:33+00:00,,v10.4.17,2025-03-25T20:24:11+00:00,418.3732986111111,low
49000,2022-05-16T09:41:18+00:00,2025-03-05T02:03:34+00:00,,v10.4.17,2025-03-25T20:24:11+00:00,1044.4464467592593,low
101593,2025-03-05T00:15:47+00:00,2025-03-05T02:06:26+00:00,,v10.4.17,2025-03-25T20:24:11+00:00,20.839166666666667,low
101605,2025-03-05T09:45:33+00:00,2025-03-05T15:56:04+00:00,,v10.4.17,2025-03-25T20:24:11+00:00,20.44349537037037,low
99774,2025-01-29T17:56:11+00:00,2025-03-05T22:33:11+00:00,,v10.4.17,2025-03-25T20:24:11+00:00,55.102777777777774,low
75319,2023-09-22T18:59:17+00:00,2025-03-06T11:00:51+00:00,,v10.4.17,2025-03-25T20:24:11+00:00,550.0589583333333,low
101493,2025-03-02T23:15:48+00:00,2025-03-06T14:59:33+00:00,,v10.4.17,2025-03-25T20:24:11+00:00,22.88082175925926,low
75738,2023-09-29T11:49:50+00:00,2025-03-07T02:04:39+00:00,,v10.4.17,2025-03-25T20:24:11+00:00,543.3571875,low
78169,2023-11-15T08:23:40+00:00,2025-03-10T01:53:17+00:00,,v10.4.17,2025-03-25T20:24:11+00:00,496.50035879629627,low
97984,2024-12-13T23:49:02+00:00,2025-03-10T14:27:58+00:00,,v10.4.17,2025-03-25T20:24:11+00:00,101.85774305555556,low
101421,2025-02-27T14:45:35+00:00,2025-03-10T14:44:58+00:00,,v10.4.17,2025-03-25T20:24:11+00:00,26.23513888888889,low
100477,2025-02-12T01:55:43+00:00,2025-03-10T15:04:09+00:00,,v10.4.17,2025-03-25T20:24:11+00:00,41.76976851851852,low
100274,2025-02-07T13:35:49+00:00,2025-03-10T15:14:15+00:00,d4c3b8f6c6cd4c25f9243eeff8cbe821472b117a,v10.4.17,2025-03-25T20:24:11+00:00,46.28358796296296,low
97759,2024-12-10T17:11:17+00:00,2025-03-10T16:30:17+00:00,,v10.4.17,2025-03-25T20:24:11+00:00,105.13395833333334,low
99752,2025-01-29T13:56:26+00:00,2025-03-10T20:07:01+00:00,,v10.4.17,2025-03-25T20:24:11+00:00,55.26927083333333,low
97557,2024-12-06T13:30:44+00:00,2025-03-11T09:59:17+00:00,,v10.4.17,2025-03-25T20:24:11+00:00,109.28711805555555,low
98351,2024-12-23T06:59:29+00:00,2025-03-11T11:07:37+00:00,,v10.4.17,2025-03-25T20:24:11+00:00,92.55881944444444,low
101759,2025-03-07T07:27:56+00:00,2025-03-12T13:21:16+00:00,4f0b5d33d25b08de49a16153d262b43605d3e988,v10.4.17,2025-03-25T20:24:11+00:00,18.5390625,low
99052,2025-01-16T01:41:30+00:00,2025-03-12T14:50:47+00:00,,v10.4.17,2025-03-25T20:24:11+00:00,68.7796412037037,low
100599,2025-02-13T12:57:36+00:00,2025-03-13T09:42:13+00:00,f3fb9592da11a5f8343699ea307e591e522af627,v12.0.0,2025-05-05T18:28:19+00:00,81.22966435185185,medium
93528,2024-09-20T11:35:41+00:00,2025-03-13T11:26:49+00:00,,v10.4.17,2025-03-25T20:24:11+00:00,186.3670138888889,low
101719,2025-03-06T15:54:29+00:00,2025-03-13T16:49:28+00:00,,v10.4.17,2025-03-25T20:24:11+00:00,19.187291666666667,low
101797,2025-03-07T14:37:45+00:00,2025-03-14T10:26:19+00:00,,v10.4.17,2025-03-25T20:24:11+00:00,18.240578703703704,low
86136,2024-04-15T13:14:59+00:00,2025-03-14T14:54:23+00:00,,v10.4.17,2025-03-25T20:24:11+00:00,344.29805555555555,low
102053,2025-03-12T16:52:50+00:00,2025-03-14T17:49:19+00:00,,v10.4.17,2025-03-25T20:24:11+00:00,13.146770833333333,low
82341,2024-02-13T07:01:06+00:00,2025-03-15T02:03:30+00:00,,v10.4.17,2025-03-25T20:24:11+00:00,406.5576967592593,low
49515,2022-05-24T15:38:13+00:00,2025-03-16T02:08:47+00:00,,v10.4.17,2025-03-25T20:24:11+00:00,1036.198587962963,low
81197,2024-01-24T19:20:46+00:00,2025-03-16T02:09:25+00:00,,v10.4.17,2025-03-25T20:24:11+00:00,426.04403935185184,low
101635,2025-03-05T17:08:28+00:00,2025-03-17T16:07:34+00:00,3bdb2aa34994dca804cef4ad13b1f5d281772d75,v12.0.0,2025-05-05T18:28:19+00:00,61.05545138888889,high
102324,2025-03-17T21:10:15+00:00,2025-03-18T00:39:49+00:00,,v10.4.17,2025-03-25T20:24:11+00:00,7.968009259259259,low
102315,2025-03-17T18:22:57+00:00,2025-03-18T09:23:09+00:00,,v10.4.17,2025-03-25T20:24:11+00:00,8.084189814814815,low
96916,2024-11-22T12:53:41+00:00,2025-03-18T13:19:00+00:00,8c5a4591fdedee0cf2e59059c829ea6477e51141,v12.0.0,2025-05-05T18:28:19+00:00,164.23238425925925,medium
97252,2024-12-02T13:31:43+00:00,2025-03-18T15:56:34+00:00,,v10.4.17,2025-03-25T20:24:11+00:00,113.28643518518518,low
95209,2024-10-22T20:32:27+00:00,2025-03-18T18:46:24+00:00,,v10.4.17,2025-03-25T20:24:11+00:00,153.99425925925925,low
82507,2024-02-15T08:28:50+00:00,2025-03-19T02:06:16+00:00,,v10.4.17,2025-03-25T20:24:11+00:00,404.49677083333336,low
96741,2024-11-20T09:24:25+00:00,2025-03-19T10:37:30+00:00,ede278c767f5c081500cedbf50b8917203644ada,v11.4.1,2025-01-28T15:43:19+00:00,69.263125,medium
102317,2025-03-17T19:09:03+00:00,2025-03-19T12:28:29+00:00,,v10.4.17,2025-03-25T20:24:11+00:00,8.052175925925926,low
95790,2024-11-04T15:45:05+00:00,2025-03-19T12:30:51+00:00,,v10.4.17,2025-03-25T20:24:11+00:00,141.19381944444444,low
99988,2025-02-03T16:05:55+00:00,2025-03-19T12:53:23+00:00,,v10.4.17,2025-03-25T20:24:11+00:00,50.179351851851855,low
102428,2025-03-19T09:57:56+00:00,2025-03-19T13:43:01+00:00,,v10.4.17,2025-03-25T20:24:11+00:00,6.434895833333333,low
84071,2024-03-07T13:23:53+00:00,2025-03-19T13:53:04+00:00,,v10.4.17,2025-03-25T20:24:11+00:00,383.291875,low
102313,2025-03-17T18:16:16+00:00,2025-03-19T14:33:35+00:00,,v10.4.17,2025-03-25T20:24:11+00:00,8.088831018518519,low
101267,2025-02-25T08:10:22+00:00,2025-03-19T14:36:21+00:00,,v10.4.17,2025-03-25T20:24:11+00:00,28.509594907407408,low
102422,2025-03-19T08:10:39+00:00,2025-03-20T04:13:22+00:00,,v10.4.17,2025-03-25T20:24:11+00:00,6.509398148148148,low
97439,2024-12-04T20:29:42+00:00,2025-03-20T10:19:59+00:00,,v10.4.17,2025-03-25T20:24:11+00:00,110.99616898148147,low
102078,2025-03-13T04:26:12+00:00,2025-03-20T13:43:33+00:00,,v10.4.17,2025-03-25T20:24:11+00:00,12.665266203703704,low
101793,2025-03-07T14:12:38+00:00,2025-03-21T09:08:24+00:00,,v10.4.17,2025-03-25T20:24:11+00:00,18.258020833333333,low
102432,2025-03-19T10:14:03+00:00,2025-03-21T12:35:45+00:00,,v10.4.17,2025-03-25T20:24:11+00:00,6.423703703703704,low
101344,2025-02-26T11:10:23+00:00,2025-03-21T13:28:54+00:00,,v10.4.17,2025-03-25T20:24:11+00:00,27.38458333333333,low
102459,2025-03-19T14:13:21+00:00,2025-03-21T13:51:51+00:00,,v10.4.17,2025-03-25T20:24:11+00:00,6.257523148148148,low
99972,2025-02-03T14:03:05+00:00,2025-03-24T10:47:58+00:00,d4a4aac8d109826416491bbf9ae3141edcf5940d,v12.0.0,2025-05-05T18:28:19+00:00,91.18418981481481,medium
101371,2025-02-25T15:41:06+00:00,2025-03-24T12:56:53+00:00,,v10.4.17,2025-03-25T20:24:11+00:00,28.196585648148147,low
96899,2024-11-22T10:10:10+00:00,2025-03-24T18:39:01+00:00,,v10.4.17,2025-03-25T20:24:11+00:00,123.42640046296296,low
102743,2025-03-24T19:11:28+00:00,2025-03-24T21:38:51+00:00,,v10.4.17,2025-03-25T20:24:11+00:00,1.0504976851851853,low
102037,2025-03-12T15:11:55+00:00,2025-03-25T16:35:47+00:00,,v10.4.17,2025-03-25T20:24:11+00:00,13.216851851851851,low
102507,2025-03-20T02:51:40+00:00,2025-03-26T02:39:10+00:00,,v10.4.17+security-01,2025-04-22T20:58:23+00:00,33.75466435185185,low
102480,2025-03-19T16:42:04+00:00,2025-03-26T09:38:57+00:00,,v10.4.17+security-01,2025-04-22T20:58:23+00:00,34.17799768518518,low
102742,2025-03-24T19:04:50+00:00,2025-03-26T16:58:33+00:00,,v10.4.17+security-01,2025-04-22T20:58:23+00:00,29.078854166666666,low
102215,2025-03-14T15:38:42+00:00,2025-03-26T19:43:37+00:00,4539e007bbaa2bce6baf9263c3836bb331960e59,v12.0.0,2025-05-05T18:28:19+00:00,52.117789351851854,medium
59719,2022-12-02T13:58:07+00:00,2025-03-27T02:06:03+00:00,,v10.4.17+security-01,2025-04-22T20:58:23+00:00,872.2918518518519,low
61010,2023-01-04T22:56:35+00:00,2025-03-27T09:12:20+00:00,,v10.4.17+security-01,2025-04-22T20:58:23+00:00,838.9179166666667,low
101516,2025-03-03T14:02:32+00:00,2025-03-27T12:49:16+00:00,,v10.4.17+security-01,2025-04-22T20:58:23+00:00,50.288784722222225,low
102678,2025-03-24T06:41:43+00:00,2025-03-27T14:00:18+00:00,1a87f8e5bf458053b349a04181fa313374856844,v12.0.0,2025-05-05T18:28:19+00:00,42.49069444444444,medium
90556,2024-07-17T19:02:11+00:00,2025-03-27T14:57:00+00:00,b2ab99c10d1714e7dcff1ac2cd6e5f126dc3fff5,v12.0.0,2025-05-05T18:28:19+00:00,291.97648148148147,medium
102889,2025-03-26T12:57:22+00:00,2025-03-27T19:24:28+00:00,,v10.4.17+security-01,2025-04-22T20:58:23+00:00,27.334039351851853,low
80131,2024-01-08T11:16:43+00:00,2025-03-29T02:05:36+00:00,,v10.4.17+security-01,2025-04-22T20:58:23+00:00,470.40393518518516,low
83473,2024-02-27T08:52:17+00:00,2025-03-29T02:06:00+00:00,,v10.4.17+security-01,2025-04-22T20:58:23+00:00,420.5042361111111,low
83537,2024-02-27T16:55:44+00:00,2025-03-29T02:06:03+00:00,,v10.4.17+security-01,2025-04-22T20:58:23+00:00,420.16850694444446,low
62379,2022-10-21T19:58:05+00:00,2025-03-30T02:11:07+00:00,,v10.4.17+security-01,2025-04-22T20:58:23+00:00,914.041875,low
74627,2023-09-08T21:10:09+00:00,2025-03-30T02:11:49+00:00,,v10.4.17+security-01,2025-04-22T20:58:23+00:00,591.9918287037037,low
75471,2023-09-26T16:32:20+00:00,2025-03-30T02:11:53+00:00,,v10.4.17+security-01,2025-04-22T20:58:23+00:00,574.1847569444444,low
75751,2023-09-29T14:02:17+00:00,2025-03-30T02:11:54+00:00,,v10.4.17+security-01,2025-04-22T20:58:23+00:00,571.2889583333333,low
63791,2023-02-27T11:35:34+00:00,2025-03-31T02:10:16+00:00,1968e6e244d671001b0a1e91aee018ce4a2ad14b,v10.4.17+security-01,2025-04-22T20:58:23+00:00,785.3908449074074,low
67789,2023-05-03T21:22:10+00:00,2025-03-31T02:10:24+00:00,,v10.4.17+security-01,2025-04-22T20:58:23+00:00,719.9834837962962,low
82903,2024-02-16T14:30:33+00:00,2025-03-31T02:11:02+00:00,,v10.4.17+security-01,2025-04-22T20:58:23+00:00,431.2693287037037,low
82906,2024-02-16T14:56:48+00:00,2025-03-31T02:11:03+00:00,,v10.4.17+security-01,2025-04-22T20:58:23+00:00,431.251099537037,low
101468,2025-02-28T15:14:48+00:00,2025-03-31T10:00:07+00:00,,v10.4.17+security-01,2025-04-22T20:58:23+00:00,53.23859953703704,low
102811,2025-03-25T16:36:55+00:00,2025-03-31T11:28:21+00:00,5668ab9676f80b586e4351b35059b54d2e82dd0a,v12.0.0,2025-05-05T18:28:19+00:00,41.07736111111111,medium
103081,2025-03-31T08:20:22+00:00,2025-03-31T14:26:00+00:00,,v10.4.17+security-01,2025-04-22T20:58:23+00:00,22.526400462962965,low
97051,2024-11-26T15:17:44+00:00,2025-03-31T14:52:13+00:00,,v10.4.17+security-01,2025-04-22T20:58:23+00:00,147.2365625,low
89127,2024-06-12T16:17:18+00:00,2025-03-31T15:02:23+00:00,,v10.4.17+security-01,2025-04-22T20:58:23+00:00,314.19519675925926,low
102483,2025-03-19T17:22:22+00:00,2025-03-31T15:12:33+00:00,,v10.4.17+security-01,2025-04-22T20:58:23+00:00,34.15001157407407,low
102059,2025-03-12T18:21:24+00:00,2025-03-31T16:43:45+00:00,,v10.4.17+security-01,2025-04-22T20:58:23+00:00,41.1090162037037,low
63740,2023-02-24T13:46:52+00:00,2025-04-01T02:13:56+00:00,,v10.4.17+security-01,2025-04-22T20:58:23+00:00,788.2996643518519,low
63987,2023-03-01T23:34:18+00:00,2025-04-01T02:13:58+00:00,,v10.4.17+security-01,2025-04-22T20:58:23+00:00,782.891724537037,low
80139,2024-01-08T12:20:07+00:00,2025-04-01T02:14:11+00:00,,v10.4.17+security-01,2025-04-22T20:58:23+00:00,470.35990740740743,low
99417,2025-01-23T09:25:37+00:00,2025-04-01T12:13:01+00:00,feadd37f27b58d3cb17b4384b4620ce6484cfefb,v12.0.0,2025-05-05T18:28:19+00:00,102.376875,medium
100545,2025-02-12T18:17:30+00:00,2025-04-01T12:41:27+00:00,fa8dafec77a45e5050858d57b40dccc64a61842f,v12.0.0,2025-05-05T18:28:19+00:00,82.00751157407407,medium
103078,2025-03-31T06:48:42+00:00,2025-04-01T21:24:57+00:00,,v10.4.17+security-01,2025-04-22T20:58:23+00:00,22.59005787037037,low
83675,2024-02-29T11:07:11+00:00,2025-04-02T02:08:07+00:00,,v10.4.17+security-01,2025-04-22T20:58:23+00:00,418.41055555555556,low
83686,2024-02-29T12:24:29+00:00,2025-04-02T02:08:09+00:00,,v10.4.17+security-01,2025-04-22T20:58:23+00:00,418.356875,low
83777,2024-03-01T16:20:02+00:00,2025-04-02T02:08:14+00:00,a3f5452dc49a42c765116dfc461f82d539471ed6,v10.4.17+security-01,2025-04-22T20:58:23+00:00,417.1932986111111,low
102114,2025-03-13T14:16:22+00:00,2025-04-02T09:01:50+00:00,d6b71f171dbfd4f5634a905260dfb12b2069aac7,v12.0.0,2025-05-05T18:28:19+00:00,53.17496527777778,medium
103225,2025-04-01T18:03:29+00:00,2025-04-02T09:49:37+00:00,,v10.4.17+security-01,2025-04-22T20:58:23+00:00,21.121458333333333,low
79785,2023-12-21T10:27:42+00:00,2025-04-02T11:38:12+00:00,,v10.4.17+security-01,2025-04-22T20:58:23+00:00,488.43797453703706,low
101507,2025-03-03T10:02:04+00:00,2025-04-02T14:25:06+00:00,,v10.4.17+security-01,2025-04-22T20:58:23+00:00,50.45577546296296,low
103295,2025-04-02T16:07:38+00:00,2025-04-03T11:50:43+00:00,,v10.4.17+security-01,2025-04-22T20:58:23+00:00,20.201909722222222,low
100103,2025-02-05T08:24:48+00:00,2025-04-03T12:58:16+00:00,,v10.4.17+security-01,2025-04-22T20:58:23+00:00,76.52332175925926,low
102964,2025-03-27T09:12:41+00:00,2025-04-03T13:24:21+00:00,,v10.4.17+security-01,2025-04-22T20:58:23+00:00,26.490069444444444,low
102895,2025-03-26T13:53:33+00:00,2025-04-03T15:19:41+00:00,,v10.4.17+security-01,2025-04-22T20:58:23+00:00,27.295023148148147,low
103245,2025-04-02T01:14:41+00:00,2025-04-03T16:31:38+00:00,,v10.4.17+security-01,2025-04-22T20:58:23+00:00,20.82201388888889,low
103287,2025-04-02T14:34:20+00:00,2025-04-03T21:54:11+00:00,,v10.4.17+security-01,2025-04-22T20:58:23+00:00,20.26670138888889,low
76651,2023-10-16T19:23:07+00:00,2025-04-04T02:06:38+00:00,,v10.4.17+security-01,2025-04-22T20:58:23+00:00,554.0661574074074,low
102882,2025-03-26T11:47:40+00:00,2025-04-04T12:12:53+00:00,e2bc620466be189faadd5cba7094305b0c3fc1d8,v12.0.0,2025-05-05T18:28:19+00:00,40.27822916666667,medium
99675,2025-01-28T15:14:06+00:00,2025-04-04T14:19:10+00:00,d16dbc5ac94881491b9b6454b431aa2cb43a9654,v12.0.0,2025-05-05T18:28:19+00:00,97.13487268518519,medium
103510,2025-04-07T08:16:06+00:00,2025-04-07T09:12:24+00:00,,v10.4.17+security-01,2025-04-22T20:58:23+00:00,15.529363425925926,low
102111,2025-03-13T13:44:20+00:00,2025-04-07T13:54:02+00:00,,v10.4.17+security-01,2025-04-22T20:58:23+00:00,40.30142361111111,low
102840,2025-03-25T20:58:07+00:00,2025-04-07T15:53:17+00:00,,v10.4.17+security-01,2025-04-22T20:58:23+00:00,28.000185185185185,low
103264,2025-04-02T09:44:03+00:00,2025-04-08T10:23:17+00:00,11bed7b25d989ef7ccc09518bff31cb0dd138dc3,v12.0.0,2025-05-05T18:28:19+00:00,33.364074074074075,medium
84042,2024-03-06T23:05:12+00:00,2025-04-08T15:48:38+00:00,,v10.4.17+security-01,2025-04-22T20:58:23+00:00,411.9119328703704,low
103167,2025-04-01T07:36:41+00:00,2025-04-09T07:10:19+00:00,,v10.4.17+security-01,2025-04-22T20:58:23+00:00,21.55673611111111,low
92270,2024-08-22T08:28:55+00:00,2025-04-09T08:23:32+00:00,,v10.4.17+security-01,2025-04-22T20:58:23+00:00,243.52046296296297,low
103637,2025-04-08T16:48:20+00:00,2025-04-09T10:50:50+00:00,,v10.4.17+security-01,2025-04-22T20:58:23+00:00,14.173645833333333,low
103695,2025-04-09T10:52:40+00:00,2025-04-09T12:41:05+00:00,,v10.4.17+security-01,2025-04-22T20:58:23+00:00,13.420636574074074,low
99946,2025-02-02T20:34:18+00:00,2025-04-09T12:51:24+00:00,,v10.4.17+security-01,2025-04-22T20:58:23+00:00,79.01672453703704,low
102718,2025-03-24T14:43:21+00:00,2025-04-09T13:13:34+00:00,,v10.4.17+security-01,2025-04-22T20:58:23+00:00,29.260439814814816,low
102967,2025-03-27T09:34:17+00:00,2025-04-09T16:26:15+00:00,,v10.4.17+security-01,2025-04-22T20:58:23+00:00,26.475069444444443,low
103672,2025-04-09T07:55:48+00:00,2025-04-10T09:21:41+00:00,,v10.4.17+security-01,2025-04-22T20:58:23+00:00,13.543460648148148,low
103675,2025-04-09T08:00:43+00:00,2025-04-10T11:31:29+00:00,,v10.4.17+security-01,2025-04-22T20:58:23+00:00,13.540046296296296,low
103538,2025-04-07T13:39:15+00:00,2025-04-10T14:30:15+00:00,52eaf3f16daa0019e2e92294bdea4f425037a5df,v12.0.0,2025-05-05T18:28:19+00:00,28.20074074074074,medium
103569,2025-04-08T03:22:33+00:00,2025-04-10T15:11:29+00:00,,v10.4.17+security-01,2025-04-22T20:58:23+00:00,14.733217592592593,low
103597,2025-04-08T11:17:56+00:00,2025-04-10T15:15:27+00:00,,v10.4.17+security-01,2025-04-22T20:58:23+00:00,14.403090277777778,low
103306,2025-04-02T17:35:00+00:00,2025-04-10T15:19:14+00:00,,v10.4.17+security-01,2025-04-22T20:58:23+00:00,20.141238425925927,low
102141,2025-03-13T16:45:40+00:00,2025-04-10T15:25:16+00:00,,v10.4.17+security-01,2025-04-22T20:58:23+00:00,40.175497685185185,low
103575,2025-04-08T08:01:47+00:00,2025-04-10T19:07:51+00:00,3551e6074cfd113a7fb04dd989d949e64f36e4c4,v12.0.0,2025-05-05T18:28:19+00:00,27.435092592592593,medium
103432,2025-04-04T05:15:14+00:00,2025-04-11T02:33:33+00:00,,v10.4.17+security-01,2025-04-22T20:58:23+00:00,18.654965277777777,low
103567,2025-04-08T02:30:43+00:00,2025-04-11T08:56:27+00:00,,v10.4.17+security-01,2025-04-22T20:58:23+00:00,14.769212962962962,low
96976,2024-11-25T11:11:04+00:00,2025-04-11T10:58:16+00:00,,v10.4.17+security-01,2025-04-22T20:58:23+00:00,148.4078587962963,low
102130,2025-03-13T16:02:11+00:00,2025-04-11T13:10:03+00:00,,v10.4.17+security-01,2025-04-22T20:58:23+00:00,40.20569444444445,low
103859,2025-04-11T09:29:32+00:00,2025-04-11T15:27:39+00:00,,v10.4.17+security-01,2025-04-22T20:58:23+00:00,11.478368055555556,low
102969,2025-03-27T09:53:04+00:00,2025-04-11T16:30:52+00:00,,v10.4.17+security-01,2025-04-22T20:58:23+00:00,26.462025462962963,low
82932,2024-02-16T18:04:57+00:00,2025-04-13T02:18:48+00:00,,v10.4.17+security-01,2025-04-22T20:58:23+00:00,431.1204398148148,low
70218,2023-06-16T06:06:18+00:00,2025-04-14T02:10:16+00:00,,v10.4.17+security-01,2025-04-22T20:58:23+00:00,676.6195023148148,low
97072,2024-11-26T22:08:08+00:00,2025-04-14T09:11:27+00:00,,v10.4.17+security-01,2025-04-22T20:58:23+00:00,146.9515625,low
103992,2025-04-14T14:52:55+00:00,2025-04-14T15:08:30+00:00,,v10.4.17+security-01,2025-04-22T20:58:23+00:00,8.253796296296295,low
97893,2024-12-13T00:27:44+00:00,2025-04-14T17:42:07+00:00,6fb8028abf4f68a7355e7fbb92466c82fd7c43f1,v12.0.0,2025-05-05T18:28:19+00:00,143.7504050925926,medium
103865,2025-04-11T11:10:25+00:00,2025-04-15T09:07:15+00:00,91687735b862377a8dd80e2e7e02215305f14f32,v12.1.0,2025-07-23T19:35:52+00:00,103.35100694444445,medium
103974,2025-04-14T11:56:03+00:00,2025-04-16T14:48:29+00:00,,v10.4.17+security-01,2025-04-22T20:58:23+00:00,8.37662037037037,low
104113,2025-04-16T14:40:37+00:00,2025-04-16T15:20:25+00:00,,v10.4.17+security-01,2025-04-22T20:58:23+00:00,6.262337962962963,low
84252,2024-03-12T10:36:53+00:00,2025-04-17T02:08:51+00:00,,v10.4.17+security-01,2025-04-22T20:58:23+00:00,406.4315972222222,low
84386,2024-03-13T15:35:13+00:00,2025-04-17T02:08:58+00:00,,v10.4.17+security-01,2025-04-22T20:58:23+00:00,405.22442129629627,low
84513,2024-03-14T18:38:16+00:00,2025-04-17T02:09:02+00:00,,v10.4.17+security-01,2025-04-22T20:58:23+00:00,404.09730324074076,low
103312,2025-04-02T19:06:17+00:00,2025-04-17T05:11:30+00:00,,v10.4.17+security-01,2025-04-22T20:58:23+00:00,20.07784722222222,low
103279,2025-04-02T13:13:57+00:00,2025-04-17T12:13:51+00:00,,v10.4.17+security-01,2025-04-22T20:58:23+00:00,20.322523148148147,low
95054,2024-10-21T12:50:54+00:00,2025-04-17T16:56:10+00:00,8b28c84017e2a839c6fa9f7226d3ec77e1e52cc9,v12.1.0,2025-07-23T19:35:52+00:00,275.28122685185184,high
55139,2022-09-13T21:38:43+00:00,2025-04-18T14:57:30+00:00,,v10.4.17+security-01,2025-04-22T20:58:23+00:00,951.9719907407407,low
84957,2024-03-21T21:49:15+00:00,2025-04-21T02:12:45+00:00,,v10.4.17+security-01,2025-04-22T20:58:23+00:00,396.9646759259259,low
101116,2025-02-21T07:58:47+00:00,2025-04-21T08:17:22+00:00,,v10.4.17+security-01,2025-04-22T20:58:23+00:00,60.54138888888889,low
102797,2025-03-25T14:31:44+00:00,2025-04-22T10:53:45+00:00,,v10.4.17+security-01,2025-04-22T20:58:23+00:00,28.268506944444443,low
103658,2025-04-08T23:24:52+00:00,2025-04-22T13:37:42+00:00,,v10.4.17+security-01,2025-04-22T20:58:23+00:00,13.898275462962962,low
85051,2024-03-24T23:01:01+00:00,2025-04-23T01:42:40+00:00,,v11.4.4,2025-04-23T14:49:51+00:00,394.65891203703706,low
84956,2024-03-21T21:46:12+00:00,2025-04-23T02:09:55+00:00,,v11.4.4,2025-04-23T14:49:51+00:00,397.7108680555556,low
85025,2024-03-22T23:35:24+00:00,2025-04-23T02:09:57+00:00,,v11.4.4,2025-04-23T14:49:51+00:00,396.6350347222222,low
85032,2024-03-23T00:16:56+00:00,2025-04-23T02:10:01+00:00,86dd410da85fb01e4e1f4007ab59bd910726e5e1,v11.4.4,2025-04-23T14:49:51+00:00,396.6061921296296,low
104172,2025-04-17T13:02:51+00:00,2025-04-23T08:11:47+00:00,,v11.4.4,2025-04-23T14:49:51+00:00,6.074305555555555,low
100849,2025-02-17T21:00:44+00:00,2025-04-23T08:48:33+00:00,,v11.4.4,2025-04-23T14:49:51+00:00,64.74244212962962,low
90427,2024-07-15T08:54:44+00:00,2025-04-23T14:36:00+00:00,,v11.4.4,2025-04-23T14:49:51+00:00,282.2466087962963,low
103213,2025-04-01T16:30:04+00:00,2025-04-24T11:06:46+00:00,,v12.0.0,2025-05-05T18:28:19+00:00,34.082118055555554,low
100040,2025-02-04T10:45:09+00:00,2025-04-24T12:10:43+00:00,,v12.0.0,2025-05-05T18:28:19+00:00,90.32164351851851,low
103524,2025-04-07T11:44:57+00:00,2025-04-24T13:27:53+00:00,,v12.0.0,2025-05-05T18:28:19+00:00,28.28011574074074,low
62884,2023-02-03T15:13:58+00:00,2025-04-24T16:36:13+00:00,5a10e3b43e1936fa20552bb2772cac4ceb83ac6f,v12.1.0,2025-07-23T19:35:52+00:00,901.181875,medium
71119,2023-07-06T11:59:49+00:00,2025-04-25T02:09:50+00:00,,v12.0.0,2025-05-05T18:28:19+00:00,669.2697916666667,low
85092,2024-03-25T15:52:08+00:00,2025-04-25T02:10:51+00:00,,v12.0.0,2025-05-05T18:28:19+00:00,406.10846064814814,low
104514,2025-04-25T09:07:25+00:00,2025-04-25T22:03:00+00:00,,v12.0.0,2025-05-05T18:28:19+00:00,10.389513888888889,low
80993,2024-01-22T14:43:06+00:00,2025-04-26T02:06:39+00:00,,v12.0.0,2025-05-05T18:28:19+00:00,469.15640046296295,low
85166,2024-03-26T13:29:42+00:00,2025-04-27T02:13:45+00:00,,v12.0.0,2025-05-05T18:28:19+00:00,405.2073726851852,low
104592,2025-04-26T13:17:32+00:00,2025-04-28T08:23:25+00:00,,v12.0.0,2025-05-05T18:28:19+00:00,9.21582175925926,low
103349,2025-04-03T10:37:05+00:00,2025-04-28T11:05:24+00:00,,v12.0.0,2025-05-05T18:28:19+00:00,32.32724537037037,low
85392,2024-03-28T20:59:39+00:00,2025-04-30T02:10:26+00:00,,v12.0.0,2025-05-05T18:28:19+00:00,402.8949074074074,low
104591,2025-04-26T05:04:25+00:00,2025-04-30T02:56:28+00:00,,v12.0.0,2025-05-05T18:28:19+00:00,9.558263888888888,low
104371,2025-04-23T05:49:13+00:00,2025-04-30T07:43:26+00:00,,v12.0.0,2025-05-05T18:28:19+00:00,12.527152777777777,low
104240,2025-04-21T18:44:29+00:00,2025-04-30T08:07:22+00:00,,v12.0.0,2025-05-05T18:28:19+00:00,13.988773148148148,low
104026,2025-04-15T10:57:10+00:00,2025-04-30T08:26:47+00:00,,v12.0.0,2025-05-05T18:28:19+00:00,20.31329861111111,low
104755,2025-04-30T03:16:41+00:00,2025-05-01T12:33:45+00:00,,v12.0.0,2025-05-05T18:28:19+00:00,5.633078703703704,low
98572,2025-01-07T09:15:50+00:00,2025-05-01T13:20:51+00:00,,v12.0.0,2025-05-05T18:28:19+00:00,118.38366898148148,low
104596,2025-04-27T15:52:14+00:00,2025-05-01T15:16:50+00:00,,v12.0.0,2025-05-05T18:28:19+00:00,8.108391203703704,low
83738,2024-02-29T23:48:00+00:00,2025-05-02T02:10:49+00:00,,v12.0.0,2025-05-05T18:28:19+00:00,430.7779976851852,low
87202,2024-05-01T21:05:08+00:00,2025-05-02T02:21:29+00:00,,v12.0.0,2025-05-05T18:28:19+00:00,368.89109953703706,low
101498,2025-03-03T07:08:55+00:00,2025-05-02T09:12:51+00:00,,v12.0.0,2025-05-05T18:28:19+00:00,63.471805555555555,low
101186,2025-02-24T03:38:16+00:00,2025-05-02T09:13:55+00:00,,v12.0.0,2025-05-05T18:28:19+00:00,70.61809027777778,low
103136,2025-03-31T17:06:56+00:00,2025-05-02T09:21:12+00:00,,v12.0.0,2025-05-05T18:28:19+00:00,35.0565162037037,low
101681,2025-03-06T10:55:20+00:00,2025-05-02T09:27:59+00:00,,v12.0.0,2025-05-05T18:28:19+00:00,60.31457175925926,low
99727,2025-01-29T06:43:06+00:00,2025-05-02T09:34:04+00:00,,v12.0.0,2025-05-05T18:28:19+00:00,96.48973379629629,low
99552,2025-01-27T09:56:30+00:00,2025-05-02T09:38:53+00:00,,v12.0.0,2025-05-05T18:28:19+00:00,98.35542824074074,low
104852,2025-05-02T10:07:34+00:00,2025-05-02T22:40:27+00:00,,v12.0.0,2025-05-05T18:28:19+00:00,3.3477430555555556,low
79202,2023-12-07T04:46:21+00:00,2025-05-03T02:08:32+00:00,,v12.0.0,2025-05-05T18:28:19+00:00,515.5708101851852,low
85497,2024-04-02T20:28:12+00:00,2025-05-03T02:09:10+00:00,,v12.0.0,2025-05-05T18:28:19+00:00,397.91674768518516,low
80001,2024-01-03T20:52:36+00:00,2025-05-04T02:15:28+00:00,,v12.0.0,2025-05-05T18:28:19+00:00,487.89980324074077,low
84960,2024-03-21T22:18:36+00:00,2025-05-04T02:15:49+00:00,,v12.0.0,2025-05-05T18:28:19+00:00,409.8400810185185,low
79461,2023-12-13T14:34:32+00:00,2025-05-05T02:12:59+00:00,,v12.0.0,2025-05-05T18:28:19+00:00,509.162349537037,low
79838,2023-12-22T16:48:49+00:00,2025-05-05T09:25:13+00:00,,v12.0.0,2025-05-05T18:28:19+00:00,500.06909722222224,low
101936,2025-03-11T12:36:39+00:00,2025-05-05T13:27:54+00:00,,v12.0.0,2025-05-05T18:28:19+00:00,55.24421296296296,low
102886,2025-03-26T12:45:29+00:00,2025-05-05T17:20:33+00:00,,v12.0.0,2025-05-05T18:28:19+00:00,40.23807870370371,low
73901,2023-08-28T09:44:44+00:00,2025-05-05T19:12:30+00:00,,v10.4.19,2025-05-22T19:20:31+00:00,633.3998495370371,low
104104,2025-04-16T13:42:09+00:00,2025-05-05T19:16:06+00:00,cab241fbb6327273f9ca0307fc4150989c1b34ee,v12.1.0,2025-07-23T19:35:52+00:00,98.24563657407407,medium
81529,2024-01-30T00:16:30+00:00,2025-05-06T02:11:09+00:00,,v10.4.19,2025-05-22T19:20:31+00:00,478.79445601851853,low
104137,2025-04-16T20:31:29+00:00,2025-05-06T05:29:08+00:00,7a2fc797fb4aded72996105a240a0b4c4801bce7,v12.1.0,2025-07-23T19:35:52+00:00,97.96137731481481,medium
91102,2024-07-27T15:52:40+00:00,2025-05-06T09:34:37+00:00,,v10.4.19,2025-05-22T19:20:31+00:00,299.14434027777776,low
105022,2025-05-06T15:24:58+00:00,2025-05-06T17:42:34+00:00,,v10.4.19,2025-05-22T19:20:31+00:00,16.163576388888888,low
85679,2024-04-05T18:57:16+00:00,2025-05-07T02:11:47+00:00,,v10.4.19,2025-05-22T19:20:31+00:00,412.0161458333333,low
100396,2025-02-11T04:42:23+00:00,2025-05-08T01:05:37+00:00,,v10.4.19,2025-05-22T19:20:31+00:00,100.60981481481481,low
103185,2025-04-01T12:54:24+00:00,2025-05-08T10:52:24+00:00,,v10.4.19,2025-05-22T19:20:31+00:00,51.26813657407408,low
104688,2025-04-29T14:11:55+00:00,2025-05-08T13:16:20+00:00,e14c17ef69ca86bf5397a6c0d0d2459316f1cf0a,v12.1.0,2025-07-23T19:35:52+00:00,85.22496527777778,medium
102855,2025-03-26T07:49:32+00:00,2025-05-08T13:23:51+00:00,,v10.4.19,2025-05-22T19:20:31+00:00,57.47984953703704,low
102926,2025-03-26T16:52:56+00:00,2025-05-08T15:10:43+00:00,,v10.4.19,2025-05-22T19:20:31+00:00,57.10248842592593,low
80084,2024-01-05T14:37:00+00:00,2025-05-09T02:11:18+00:00,,v10.4.19,2025-05-22T19:20:31+00:00,503.1968865740741,low
85755,2024-04-08T16:47:13+00:00,2025-05-09T02:11:54+00:00,,v10.4.19,2025-05-22T19:20:31+00:00,409.1064583333333,low
101299,2025-02-25T14:59:28+00:00,2025-05-09T09:30:25+00:00,,v10.4.19,2025-05-22T19:20:31+00:00,86.18128472222222,low
55237,2022-09-15T11:52:25+00:00,2025-05-10T02:07:56+00:00,,v10.4.19,2025-05-22T19:20:31+00:00,980.3111805555556,low
83443,2024-02-26T20:20:02+00:00,2025-05-10T02:08:17+00:00,b79119b810f7eb4c8d4f52a8301cf6a38a125a1b,v10.4.19,2025-05-22T19:20:31+00:00,450.9586689814815,low
102763,2025-03-25T09:19:53+00:00,2025-05-12T13:38:21+00:00,,v10.4.19,2025-05-22T19:20:31+00:00,58.41710648148148,low
104056,2025-04-15T15:37:28+00:00,2025-05-12T14:34:02+00:00,,v10.4.19,2025-05-22T19:20:31+00:00,37.154895833333335,low
105248,2025-05-12T10:36:30+00:00,2025-05-12T16:43:48+00:00,,v10.4.19,2025-05-22T19:20:31+00:00,10.363900462962963,low
104948,2025-05-05T15:06:49+00:00,2025-05-13T07:54:15+00:00,,v10.4.19,2025-05-22T19:20:31+00:00,17.176180555555554,low
83648,2024-02-29T00:00:12+00:00,2025-05-14T02:11:31+00:00,,v10.4.19,2025-05-22T19:20:31+00:00,448.80577546296297,low
105129,2025-05-08T15:11:38+00:00,2025-05-14T18:53:51+00:00,,v10.4.19,2025-05-22T19:20:31+00:00,14.172835648148148,low
105432,2025-05-15T03:57:03+00:00,2025-05-15T04:03:55+00:00,,v10.4.19,2025-05-22T19:20:31+00:00,7.6412962962962965,low
104459,2025-04-24T12:19:10+00:00,2025-05-15T07:12:28+00:00,,v10.4.19,2025-05-22T19:20:31+00:00,28.292604166666667,low
105048,2025-05-07T05:10:01+00:00,2025-05-15T15:50:56+00:00,0041c7e9b7b7c07829831ab1e38309150af3f37e,v12.1.0,2025-07-23T19:35:52+00:00,77.60128472222222,medium
101696,2025-03-06T12:37:50+00:00,2025-05-16T10:08:26+00:00,,v10.4.19,2025-05-22T19:20:31+00:00,77.2796412037037,low
105566,2025-05-16T17:53:08+00:00,2025-05-16T17:58:58+00:00,,v10.4.19,2025-05-22T19:20:31+00:00,6.06068287037037,low
85851,2024-04-10T10:09:26+00:00,2025-05-17T02:10:31+00:00,,v10.4.19,2025-05-22T19:20:31+00:00,407.38269675925926,low
86378,2024-04-16T16:33:30+00:00,2025-05-17T02:10:33+00:00,,v10.4.19,2025-05-22T19:20:31+00:00,401.1159837962963,low
50896,2022-06-15T16:22:20+00:00,2025-05-18T02:15:08+00:00,,v10.4.19,2025-05-22T19:20:31+00:00,1072.123738425926,low
85037,2024-03-23T01:13:06+00:00,2025-05-19T02:14:53+00:00,,v10.4.19,2025-05-22T19:20:31+00:00,425.75515046296294,low
104608,2025-04-28T09:31:58+00:00,2025-05-19T07:47:34+00:00,,v10.4.19,2025-05-22T19:20:31+00:00,24.408715277777777,low
105560,2025-05-16T15:14:22+00:00,2025-05-19T12:05:51+00:00,,v10.4.19,2025-05-22T19:20:31+00:00,6.1709375,low
103883,2025-04-11T12:57:50+00:00,2025-05-19T16:28:16+00:00,c03957d805edfd6d8e21d1cebfc91146cc619628,v12.1.0,2025-07-23T19:35:52+00:00,103.27641203703703,medium
92628,2024-08-28T21:48:48+00:00,2025-05-19T20:22:01+00:00,,v10.4.19,2025-05-22T19:20:31+00:00,266.897025462963,low
94278,2024-10-04T16:41:06+00:00,2025-05-19T20:24:58+00:00,,v10.4.19,2025-05-22T19:20:31+00:00,230.11070601851853,low
105660,2025-05-20T09:53:11+00:00,2025-05-20T14:00:22+00:00,,v10.4.19,2025-05-22T19:20:31+00:00,2.3939814814814815,low
104990,2025-05-06T09:21:19+00:00,2025-05-20T17:57:06+00:00,,v10.4.19,2025-05-22T19:20:31+00:00,16.41611111111111,low
97993,2024-12-16T02:14:54+00:00,2025-05-20T18:07:07+00:00,,v10.4.19,2025-05-22T19:20:31+00:00,157.7122337962963,low
97797,2024-12-11T14:44:38+00:00,2025-05-20T18:34:42+00:00,,v10.4.19,2025-05-22T19:20:31+00:00,162.19158564814813,low
105134,2025-05-08T15:57:20+00:00,2025-05-21T15:02:44+00:00,43e2bf5e3837467368adc032bd1b1791b60a55b3,v12.1.0,2025-07-23T19:35:52+00:00,76.15175925925926,medium
105770,2025-05-21T18:19:31+00:00,2025-05-22T09:04:11+00:00,,v10.4.19,2025-05-22T19:20:31+00:00,1.042361111111111,low
101146,2025-02-21T14:08:50+00:00,2025-05-22T14:18:50+00:00,,v10.4.19,2025-05-22T19:20:31+00:00,90.21644675925926,low
103826,2025-04-10T19:03:21+00:00,2025-05-22T14:43:36+00:00,,v10.4.19,2025-05-22T19:20:31+00:00,42.01192129629629,low
91206,2024-07-30T14:28:16+00:00,2025-05-22T15:21:09+00:00,,v10.4.19,2025-05-22T19:20:31+00:00,296.2029513888889,low
93495,2024-09-10T18:00:45+00:00,2025-05-22T15:30:31+00:00,,v10.4.19,2025-05-22T19:20:31+00:00,254.0553935185185,low
93346,2024-09-13T15:52:54+00:00,2025-05-22T15:31:38+00:00,,v10.4.19,2025-05-22T19:20:31+00:00,251.14417824074073,low
98480,2025-01-03T13:21:58+00:00,2025-05-22T15:44:32+00:00,,v10.4.19,2025-05-22T19:20:31+00:00,139.24899305555556,low
101201,2025-02-24T09:44:27+00:00,2025-05-22T15:46:49+00:00,,v10.4.19,2025-05-22T19:20:31+00:00,87.4000462962963,low
101932,2025-03-11T12:17:59+00:00,2025-05-22T16:56:30+00:00,,v10.4.19,2025-05-22T19:20:31+00:00,72.29342592592593,low
85066,2024-03-25T11:19:35+00:00,2025-05-23T02:12:01+00:00,,v10.4.19+security-01,2025-06-12T14:29:40+00:00,444.1320023148148,low
100256,2025-02-07T10:34:28+00:00,2025-05-23T12:11:23+00:00,392c1a71c98c51ff5600ff7363814b984f525a7e,v12.1.0,2025-07-23T19:35:52+00:00,166.37597222222223,medium
105294,2025-05-12T17:13:33+00:00,2025-05-23T18:29:29+00:00,ff23cb1293bdcd9fbf4997ac24cbc3cf274fb474,v12.1.0,2025-07-23T19:35:52+00:00,72.09883101851852,high
60061,2022-12-08T21:52:03+00:00,2025-05-25T02:15:07+00:00,,v10.4.19+security-01,2025-06-12T14:29:40+00:00,916.6927893518518,low
86819,2024-04-24T00:33:08+00:00,2025-05-25T02:15:50+00:00,,v10.4.19+security-01,2025-06-12T14:29:40+00:00,414.58092592592595,low
70531,2023-06-22T15:29:18+00:00,2025-05-26T02:13:51+00:00,,v10.4.19+security-01,2025-06-12T14:29:40+00:00,720.958587962963,low
78460,2023-11-21T12:05:28+00:00,2025-05-26T02:13:55+00:00,,v10.4.19+security-01,2025-06-12T14:29:40+00:00,569.1001388888889,low
105655,2025-05-20T08:17:34+00:00,2025-05-27T06:58:59+00:00,,v10.4.19+security-01,2025-06-12T14:29:40+00:00,23.25840277777778,low
105465,2025-05-15T11:46:18+00:00,2025-05-27T16:51:00+00:00,,v10.4.19+security-01,2025-06-12T14:29:40+00:00,28.113449074074072,low
97249,2024-12-02T12:52:21+00:00,2025-05-27T17:42:16+00:00,,v10.4.19+security-01,2025-06-12T14:29:40+00:00,192.06758101851852,low
102816,2025-03-25T18:17:16+00:00,2025-05-27T17:44:00+00:00,,v10.4.19+security-01,2025-06-12T14:29:40+00:00,78.84194444444445,low
102427,2025-03-19T09:41:07+00:00,2025-05-27T17:44:44+00:00,,v10.4.19+security-01,2025-06-12T14:29:40+00:00,85.20038194444444,low
103555,2025-04-07T17:48:59+00:00,2025-05-27T17:49:54+00:00,,v10.4.19+security-01,2025-06-12T14:29:40+00:00,65.86158564814815,low
106006,2025-05-26T12:15:15+00:00,2025-05-28T08:51:31+00:00,72357659983fe2885990606850a2f180275d7dec,v12.1.0,2025-07-23T19:35:52+00:00,58.305983796296296,medium
75363,2023-09-25T11:05:52+00:00,2025-05-28T14:57:24+00:00,,v10.4.19+security-01,2025-06-12T14:29:40+00:00,626.1415277777778,low
103124,2025-03-31T15:32:19+00:00,2025-05-28T16:00:39+00:00,7f1a286ffb94b8b14caca7f1ba8025a3ddc62d1a,v12.1.0,2025-07-23T19:35:52+00:00,114.16913194444444,high
103209,2025-04-01T15:29:36+00:00,2025-05-28T16:07:53+00:00,f151efd3cc7984287f0cc1ee4c56dfea28b882e3,v12.1.0,2025-07-23T19:35:52+00:00,113.17101851851852,high
104988,2025-05-06T08:57:05+00:00,2025-05-29T06:40:07+00:00,,v10.4.19+security-01,2025-06-12T14:29:40+00:00,37.23096064814815,low
106198,2025-05-29T09:24:35+00:00,2025-05-29T09:30:04+00:00,,v10.4.19+security-01,2025-06-12T14:29:40+00:00,14.211863425925927,low
105571,2025-05-16T20:44:56+00:00,2025-05-29T21:22:36+00:00,,v10.4.19+security-01,2025-06-12T14:29:40+00:00,26.739398148148148,low
87203,2024-05-01T21:09:25+00:00,2025-06-01T02:16:25+00:00,,v10.4.19+security-01,2025-06-12T14:29:40+00:00,406.72239583333334,low
99071,2025-01-16T12:30:38+00:00,2025-06-03T08:34:09+00:00,28e8947c7e0a12920c5730175c5e3487dba05d9c,v10.4.19+security-01,2025-06-12T14:29:40+00:00,147.08266203703704,low
105982,2025-05-24T10:39:18+00:00,2025-06-03T19:44:08+00:00,,v10.4.19+security-01,2025-06-12T14:29:40+00:00,19.15997685185185,low
105914,2025-05-23T02:42:14+00:00,2025-06-04T14:05:16+00:00,,v10.4.19+security-01,2025-06-12T14:29:40+00:00,20.49127314814815,low
106253,2025-06-01T21:56:58+00:00,2025-06-05T13:41:45+00:00,6fd66dd690678dfb3f59c3ae560817ecfd1c1bb6,v12.1.0,2025-07-23T19:35:52+00:00,51.90201388888889,medium
87515,2024-05-08T15:52:28+00:00,2025-06-08T02:15:49+00:00,,v10.4.19+security-01,2025-06-12T14:29:40+00:00,399.9425,low
101551,2025-03-04T12:08:56+00:00,2025-06-09T10:14:50+00:00,24870931e0dbd31444105a1154d5c41dd3f916ef,v10.4.19+security-01,2025-06-12T14:29:40+00:00,100.09773148148147,low
99181,2025-01-17T12:13:08+00:00,2025-06-10T11:45:18+00:00,,v10.4.19+security-01,2025-06-12T14:29:40+00:00,146.0948148148148,low
83941,2024-03-05T23:01:14+00:00,2025-06-10T11:53:26+00:00,,v10.4.19+security-01,2025-06-12T14:29:40+00:00,463.64474537037034,low
105733,2025-05-21T13:02:16+00:00,2025-06-11T12:53:09+00:00,,v10.4.19+security-01,2025-06-12T14:29:40+00:00,22.060694444444444,low
106232,2025-05-30T07:15:22+00:00,2025-06-12T12:41:34+00:00,6156e9c2d8c67ff067b2e88172cd626d5ac3c707,v12.1.0,2025-07-23T19:35:52+00:00,54.51423611111111,high
92785,2024-08-30T19:54:30+00:00,2025-06-12T13:31:50+00:00,,v10.4.19+security-01,2025-06-12T14:29:40+00:00,285.7744212962963,low
105362,2025-05-14T07:07:39+00:00,2025-06-12T14:39:14+00:00,,v11.2.10+security-01,2025-06-12T15:05:02+00:00,29.331516203703703,low
105411,2025-05-14T15:14:38+00:00,2025-06-12T14:46:54+00:00,,v11.2.10+security-01,2025-06-12T15:05:02+00:00,28.993333333333332,low
106592,2025-06-12T03:18:19+00:00,2025-06-12T15:17:29+00:00,,v11.3.7+security-01,2025-06-12T17:05:16+00:00,0.5742708333333333,low
92944,2024-09-04T16:14:04+00:00,2025-06-12T19:13:27+00:00,1e41c07920eb312dcf13604aef4451e437d8a357,v12.1.0,2025-07-23T19:35:52+00:00,322.1401388888889,medium
105413,2025-05-14T15:26:41+00:00,2025-06-12T22:07:08+00:00,,v11.5.5+security-01,2025-06-13T04:11:29+00:00,29.531111111111112,low
84045,2024-03-06T23:40:46+00:00,2025-06-13T06:36:34+00:00,,v11.3.8,2025-06-17T19:56:35+00:00,467.84431712962964,low
105146,2025-05-08T19:53:08+00:00,2025-06-13T16:04:40+00:00,,v11.3.8,2025-06-17T19:56:35+00:00,40.00239583333333,low
106769,2025-06-16T12:39:57+00:00,2025-06-17T08:52:08+00:00,,v11.3.8,2025-06-17T19:56:35+00:00,1.3032175925925926,low
106749,2025-06-16T07:15:56+00:00,2025-06-17T12:26:42+00:00,,v11.3.8,2025-06-17T19:56:35+00:00,1.5282291666666667,low
85910,2024-04-10T22:45:57+00:00,2025-06-17T15:16:03+00:00,,v11.3.8,2025-06-17T19:56:35+00:00,432.88238425925925,low
105582,2025-05-17T09:18:30+00:00,2025-06-18T06:57:29+00:00,806068b9de7d3cd4a1482bdaae447f9423a7dd6e,v12.1.0,2025-07-23T19:35:52+00:00,67.42872685185185,medium
102015,2025-03-12T10:38:10+00:00,2025-06-18T11:21:47+00:00,,v11.3.8+security-01,2025-07-17T15:57:38+00:00,127.22185185185185,low
106898,2025-06-18T10:18:44+00:00,2025-06-18T13:26:51+00:00,,v11.3.8+security-01,2025-07-17T15:57:38+00:00,29.235347222222224,low
105197,2025-05-09T18:36:41+00:00,2025-06-19T14:18:48+00:00,,v11.3.8+security-01,2025-07-17T15:57:38+00:00,68.88954861111111,low
106987,2025-06-19T12:02:19+00:00,2025-06-20T09:19:15+00:00,,v11.3.8+security-01,2025-07-17T15:57:38+00:00,28.163414351851852,low
106576,2025-06-11T15:55:02+00:00,2025-06-20T12:54:09+00:00,,v11.3.8+security-01,2025-07-17T15:57:38+00:00,36.001805555555556,low
106853,2025-06-17T18:42:25+00:00,2025-06-20T13:45:08+00:00,ac2d2bb2b1bf915ee9e36d162c7285726551c113,v12.1.0,2025-07-23T19:35:52+00:00,36.03711805555555,medium
106523,2025-06-11T06:48:52+00:00,2025-06-20T15:07:14+00:00,,v11.3.8+security-01,2025-07-17T15:57:38+00:00,36.381087962962965,low
88324,2024-05-27T08:17:35+00:00,2025-06-20T16:24:59+00:00,,v11.3.8+security-01,2025-07-17T15:57:38+00:00,416.31947916666667,low
106631,2025-06-12T14:00:20+00:00,2025-06-20T21:33:30+00:00,0e35c8bdb415d8bf12d5d11735162fad95138ab2,v12.1.0,2025-07-23T19:35:52+00:00,41.23300925925926,medium
87795,2024-05-14T09:34:07+00:00,2025-06-21T02:13:07+00:00,,v11.3.8+security-01,2025-07-17T15:57:38+00:00,429.26633101851854,low
107069,2025-06-21T16:51:40+00:00,2025-06-21T18:39:42+00:00,,v11.3.8+security-01,2025-07-17T15:57:38+00:00,25.962476851851854,low
84468,2024-03-14T13:13:49+00:00,2025-06-22T02:15:50+00:00,,v11.3.8+security-01,2025-07-17T15:57:38+00:00,490.1137615740741,low
93069,2024-09-08T14:05:08+00:00,2025-06-23T23:13:30+00:00,,v11.3.8+security-01,2025-07-17T15:57:38+00:00,312.078125,low
107079,2025-06-23T09:53:44+00:00,2025-06-24T10:27:48+00:00,,v11.3.8+security-01,2025-07-17T15:57:38+00:00,24.252708333333334,low
106809,2025-06-17T08:59:28+00:00,2025-06-24T12:15:46+00:00,f7fafe70f40fcb69dafe9d032bba58444dc14dfc,v12.1.0,2025-07-23T19:35:52+00:00,36.441944444444445,medium
106578,2025-06-11T16:35:15+00:00,2025-06-24T13:14:17+00:00,16e5d8a6de9e9c5c78f38e91890c76ebb2bc9206,v12.1.0,2025-07-23T19:35:52+00:00,42.12542824074074,medium
106362,2025-06-05T10:26:54+00:00,2025-06-24T14:11:47+00:00,06278615fbbc1714adaa1920f04ac3ba29678bfa,v12.1.0,2025-07-23T19:35:52+00:00,48.38122685185185,medium
106970,2025-06-19T08:53:53+00:00,2025-06-24T16:07:15+00:00,,v11.3.8+security-01,2025-07-17T15:57:38+00:00,28.294270833333332,low
100249,2025-02-07T09:26:36+00:00,2025-06-24T19:57:48+00:00,,v11.3.8+security-01,2025-07-17T15:57:38+00:00,160.27155092592594,low
107083,2025-06-23T16:17:29+00:00,2025-06-25T10:37:07+00:00,,v11.3.8+security-01,2025-07-17T15:57:38+00:00,23.986215277777777,low
107161,2025-06-25T02:22:52+00:00,2025-06-25T13:37:14+00:00,,v11.3.8+security-01,2025-07-17T15:57:38+00:00,22.565810185185185,low
107189,2025-06-25T13:14:24+00:00,2025-06-26T00:16:09+00:00,,v11.3.8+security-01,2025-07-17T15:57:38+00:00,22.113356481481482,low
102676,2025-03-23T17:58:55+00:00,2025-06-26T13:10:22+00:00,58a47ef1d61c26db5c6e11cdd71071ead50c0ba5,v12.1.0,2025-07-23T19:35:52+00:00,122.06732638888889,medium
106937,2025-06-18T15:03:25+00:00,2025-06-27T09:26:27+00:00,,v11.3.8+security-01,2025-07-17T15:57:38+00:00,29.03765046296296,low
88004,2024-05-16T19:28:48+00:00,2025-06-27T13:28:14+00:00,ee6cbd0efc5eefcb4ba8013240810b9dcea58734,v12.1.0,2025-07-23T19:35:52+00:00,433.0049074074074,medium
107337,2025-06-27T17:14:04+00:00,2025-06-27T17:20:02+00:00,,v11.3.8+security-01,2025-07-17T15:57:38+00:00,19.946921296296296,low
51923,2022-07-07T15:49:32+00:00,2025-06-30T02:15:16+00:00,,v11.3.8+security-01,2025-07-17T15:57:38+00:00,1106.005625,low
106252,2025-06-01T18:44:53+00:00,2025-06-30T07:28:50+00:00,,v11.3.8+security-01,2025-07-17T15:57:38+00:00,45.883854166666666,low
92792,2024-09-01T13:44:24+00:00,2025-06-30T11:58:39+00:00,7940da4803d512f50211a1463921cf0e048d057b,v12.1.0,2025-07-23T19:35:52+00:00,325.2440740740741,high
106007,2025-05-26T12:29:12+00:00,2025-06-30T14:24:08+00:00,,v11.3.8+security-01,2025-07-17T15:57:38+00:00,52.14474537037037,low
88227,2024-05-23T13:28:21+00:00,2025-06-30T14:35:18+00:00,,v11.3.8+security-01,2025-07-17T15:57:38+00:00,420.10366898148146,low
103948,2025-04-11T21:27:47+00:00,2025-06-30T21:45:26+00:00,,v11.3.8+security-01,2025-07-17T15:57:38+00:00,96.77072916666667,low
68393,2023-05-12T15:37:24+00:00,2025-06-30T21:54:28+00:00,,v11.3.8+security-01,2025-07-17T15:57:38+00:00,797.014050925926,low
107377,2025-06-30T08:55:28+00:00,2025-07-01T04:04:53+00:00,,v11.3.8+security-01,2025-07-17T15:57:38+00:00,17.293171296296297,low
104057,2025-04-15T15:39:43+00:00,2025-07-01T13:58:41+00:00,,v11.3.8+security-01,2025-07-17T15:57:38+00:00,93.01244212962963,low
89887,2024-07-01T07:15:36+00:00,2025-07-02T06:32:14+00:00,,v11.3.8+security-01,2025-07-17T15:57:38+00:00,381.36252314814817,low
107462,2025-07-01T12:43:16+00:00,2025-07-02T08:11:13+00:00,,v11.3.8+security-01,2025-07-17T15:57:38+00:00,16.134976851851853,low
48141,2022-04-22T19:22:17+00:00,2025-07-02T10:24:30+00:00,,v11.3.8+security-01,2025-07-17T15:57:38+00:00,1181.8578819444444,low
107413,2025-06-30T17:42:01+00:00,2025-07-02T14:11:34+00:00,a01b1536f99e395e3183375637061f1e5fb55b51,v12.1.0,2025-07-23T19:35:52+00:00,23.0790625,medium
107520,2025-07-02T13:37:52+00:00,2025-07-02T15:21:56+00:00,,v11.3.8+security-01,2025-07-17T15:57:38+00:00,15.097060185185185,low
70241,2023-06-16T12:45:48+00:00,2025-07-03T02:14:55+00:00,,v11.3.8+security-01,2025-07-17T15:57:38+00:00,762.1332175925926,low
103365,2025-04-03T13:24:48+00:00,2025-07-03T07:40:17+00:00,,v11.3.8+security-01,2025-07-17T15:57:38+00:00,105.10613425925926,low
106686,2025-06-13T03:07:57+00:00,2025-07-03T09:35:58+00:00,,v11.3.8+security-01,2025-07-17T15:57:38+00:00,34.534502314814816,low
107360,2025-06-28T00:22:34+00:00,2025-07-03T09:48:37+00:00,,v11.3.8+security-01,2025-07-17T15:57:38+00:00,19.64935185185185,low
104164,2025-04-17T11:21:49+00:00,2025-07-03T10:01:41+00:00,,v11.3.8+security-01,2025-07-17T15:57:38+00:00,91.19153935185186,low
102471,2025-03-19T15:40:23+00:00,2025-07-03T10:09:08+00:00,,v11.3.8+security-01,2025-07-17T15:57:38+00:00,120.01197916666666,low
98928,2025-01-14T08:55:46+00:00,2025-07-03T11:49:10+00:00,,v11.3.8+security-01,2025-07-17T15:57:38+00:00,184.29296296296297,low
96505,2024-11-14T20:24:51+00:00,2025-07-03T13:12:48+00:00,,v11.3.8+security-01,2025-07-17T15:57:38+00:00,244.81443287037038,low
96336,2024-11-12T16:19:23+00:00,2025-07-03T15:17:32+00:00,,v11.3.8+security-01,2025-07-17T15:57:38+00:00,246.98489583333333,low
98496,2025-01-04T09:34:46+00:00,2025-07-03T15:59:22+00:00,,v11.3.8+security-01,2025-07-17T15:57:38+00:00,194.26587962962964,low
99960,2025-02-03T11:13:03+00:00,2025-07-03T16:11:12+00:00,,v11.3.8+security-01,2025-07-17T15:57:38+00:00,164.1976273148148,low
105822,2025-05-22T10:14:48+00:00,2025-07-04T08:58:30+00:00,,v11.3.8+security-01,2025-07-17T15:57:38+00:00,56.23807870370371,low
103532,2025-04-07T12:20:40+00:00,2025-07-04T09:41:21+00:00,,v11.3.8+security-01,2025-07-17T15:57:38+00:00,101.1506712962963,low
107530,2025-07-02T15:33:51+00:00,2025-07-04T11:45:32+00:00,3ba2457a7090b2b76f4b368c8a9db835d0bec66c,v12.1.0,2025-07-23T19:35:52+00:00,21.16806712962963,medium
89705,2024-06-25T16:17:25+00:00,2025-07-04T12:23:39+00:00,,v11.3.8+security-01,2025-07-17T15:57:38+00:00,386.9862615740741,low
106011,2025-05-26T13:08:02+00:00,2025-07-04T16:15:31+00:00,5edbdb7c4f945634c6afa87db5e7a711f14e8d19,v12.1.0,2025-07-23T19:35:52+00:00,58.26932870370371,medium
88691,2024-06-04T12:44:00+00:00,2025-07-06T02:16:17+00:00,,v11.3.8+security-01,2025-07-17T15:57:38+00:00,408.1344675925926,low
107361,2025-06-28T15:21:11+00:00,2025-07-06T12:58:15+00:00,,v11.3.8+security-01,2025-07-17T15:57:38+00:00,19.0253125,low
61259,2023-01-11T09:08:22+00:00,2025-07-07T02:15:22+00:00,c84b9494c401e5fbd25969bfeb80ec9d068d6248,v11.3.8+security-01,2025-07-17T15:57:38+00:00,918.284212962963,low
105667,2025-05-20T11:58:46+00:00,2025-07-07T08:33:47+00:00,,v11.3.8+security-01,2025-07-17T15:57:38+00:00,58.16587962962963,low
105917,2025-05-23T06:11:58+00:00,2025-07-07T12:06:03+00:00,,v11.3.8+security-01,2025-07-17T15:57:38+00:00,55.40671296296296,low
102413,2025-03-18T23:18:06+00:00,2025-07-07T13:51:21+00:00,,v11.3.8+security-01,2025-07-17T15:57:38+00:00,120.69412037037037,low
101210,2025-02-24T12:10:41+00:00,2025-07-07T13:53:03+00:00,,v11.3.8+security-01,2025-07-17T15:57:38+00:00,143.15760416666666,low
107541,2025-07-02T19:32:39+00:00,2025-07-07T14:24:44+00:00,,v11.3.8+security-01,2025-07-17T15:57:38+00:00,14.85068287037037,low
107494,2025-07-02T06:29:36+00:00,2025-07-08T13:08:03+00:00,2e3c2df6bf677bde44017112809089aa4284e513,v12.1.0,2025-07-23T19:35:52+00:00,21.54601851851852,medium
102340,2025-03-18T06:33:58+00:00,2025-07-08T18:37:56+00:00,,v11.3.8+security-01,2025-07-17T15:57:38+00:00,121.39143518518519,low
88947,2024-06-07T19:46:58+00:00,2025-07-09T02:15:33+00:00,,v11.3.8+security-01,2025-07-17T15:57:38+00:00,404.8407407407407,low
103164,2025-04-01T04:27:11+00:00,2025-07-09T08:53:33+00:00,e78411f17a574d49f3852dfeab0685f8a05295f1,v12.1.0,2025-07-23T19:35:52+00:00,113.6310300925926,medium
97158,2024-11-28T12:53:22+00:00,2025-07-09T10:24:23+00:00,92121a1030e63ea36cfce0442b89665d90eca46b,v12.1.0,2025-07-23T19:35:52+00:00,237.27951388888889,medium
107804,2025-07-08T20:06:07+00:00,2025-07-09T11:40:17+00:00,,v11.3.8+security-01,2025-07-17T15:57:38+00:00,8.82744212962963,low
102940,2025-03-26T20:16:45+00:00,2025-07-09T16:26:51+00:00,,v11.3.8+security-01,2025-07-17T15:57:38+00:00,112.82005787037038,low
95623,2024-10-30T16:48:55+00:00,2025-07-09T16:32:07+00:00,,v11.3.8+security-01,2025-07-17T15:57:38+00:00,259.96438657407407,low
107007,2025-06-19T18:53:34+00:00,2025-07-09T16:35:17+00:00,,v11.3.8+security-01,2025-07-17T15:57:38+00:00,27.877824074074073,low
104181,2025-04-17T20:16:33+00:00,2025-07-09T17:48:44+00:00,,v11.3.8+security-01,2025-07-17T15:57:38+00:00,90.82019675925926,low
107743,2025-07-07T21:46:34+00:00,2025-07-10T16:50:15+00:00,,v11.3.8+security-01,2025-07-17T15:57:38+00:00,9.757685185185185,low
106889,2025-06-18T08:45:09+00:00,2025-07-10T16:59:43+00:00,,v11.3.8+security-01,2025-07-17T15:57:38+00:00,29.30033564814815,low
104957,2025-05-05T17:35:15+00:00,2025-07-10T20:41:58+00:00,,v11.3.8+security-01,2025-07-17T15:57:38+00:00,72.93221064814814,low
107148,2025-06-24T18:11:59+00:00,2025-07-10T23:47:20+00:00,a01b4c31a1fe358420095e0278b10437e8425e8a,v12.2.0,2025-09-23T23:47:02+00:00,91.23267361111111,medium
88978,2024-06-10T12:09:39+00:00,2025-07-11T02:15:58+00:00,,v11.3.8+security-01,2025-07-17T15:57:38+00:00,402.15832175925925,low
105308,2025-05-13T06:58:16+00:00,2025-07-11T13:49:22+00:00,3a9cf3c9af18f39575ac9f32a3a396b0706a2917,v11.3.8+security-01,2025-07-17T15:57:38+00:00,65.37456018518519,low
85772,2024-04-08T23:24:29+00:00,2025-07-11T15:19:42+00:00,,v11.3.8+security-01,2025-07-17T15:57:38+00:00,464.6896875,low
108029,2025-07-11T14:12:02+00:00,2025-07-12T00:18:26+00:00,,v11.3.8+security-01,2025-07-17T15:57:38+00:00,6.073333333333333,low
108086,2025-07-14T18:55:25+00:00,2025-07-14T19:53:19+00:00,,v11.3.8+security-01,2025-07-17T15:57:38+00:00,2.876539351851852,low
60703,2022-12-22T15:42:10+00:00,2025-07-15T02:15:31+00:00,,v11.3.8+security-01,2025-07-17T15:57:38+00:00,938.0107407407407,low
65872,2023-04-03T18:22:44+00:00,2025-07-15T02:15:36+00:00,,v11.3.8+security-01,2025-07-17T15:57:38+00:00,835.8992361111111,low
107506,2025-07-02T10:04:36+00:00,2025-07-15T06:37:45+00:00,,v11.3.8+security-01,2025-07-17T15:57:38+00:00,15.245162037037037,low
75036,2023-09-18T18:09:29+00:00,2025-07-15T06:39:42+00:00,,v11.3.8+security-01,2025-07-17T15:57:38+00:00,667.9084375,low
108067,2025-07-14T14:19:04+00:00,2025-07-15T13:38:57+00:00,66c56cdb839443f254879d5b94449c4d0126073a,v12.1.0,2025-07-23T19:35:52+00:00,9.22,medium
106496,2025-06-10T16:38:57+00:00,2025-07-15T14:57:07+00:00,,v11.3.8+security-01,2025-07-17T15:57:38+00:00,36.97130787037037,low
108126,2025-07-15T13:52:58+00:00,2025-07-17T06:03:40+00:00,0d2657e2f0991c236708099af8e6a476d38802fb,v12.2.0,2025-09-23T23:47:02+00:00,70.4125462962963,medium
108166,2025-07-16T08:22:59+00:00,2025-07-17T11:12:19+00:00,,v11.3.8+security-01,2025-07-17T15:57:38+00:00,1.3157291666666666,low
107734,2025-07-07T17:41:41+00:00,2025-07-17T13:35:47+00:00,,v11.3.8+security-01,2025-07-17T15:57:38+00:00,9.927743055555556,low
100216,2025-02-06T16:12:04+00:00,2025-07-17T15:19:47+00:00,,v11.3.8+security-01,2025-07-17T15:57:38+00:00,160.98997685185185,low
65981,2023-04-05T07:32:33+00:00,2025-07-18T02:15:32+00:00,,v11.3.9,2025-07-23T15:28:01+00:00,840.3301851851852,low
89279,2024-06-17T10:03:59+00:00,2025-07-18T02:16:07+00:00,,v11.3.9,2025-07-23T15:28:01+00:00,401.2250231481481,low
104076,2025-04-15T22:04:03+00:00,2025-07-18T14:29:40+00:00,f009c2dcddc238f5929f892d887ec60f7699357c,v12.2.0,2025-09-23T23:47:02+00:00,161.0715162037037,medium
87287,2024-05-03T05:33:39+00:00,2025-07-20T02:16:06+00:00,,v11.3.9,2025-07-23T15:28:01+00:00,446.4127546296296,low
106390,2025-06-06T09:02:44+00:00,2025-07-21T12:52:32+00:00,,v11.3.9,2025-07-23T15:28:01+00:00,47.26755787037037,low
107866,2025-07-09T09:29:18+00:00,2025-07-21T15:55:31+00:00,,v11.3.9,2025-07-23T15:28:01+00:00,14.249108796296296,low
103704,2025-04-09T12:14:01+00:00,2025-07-21T17:44:00+00:00,,v11.3.9,2025-07-23T15:28:01+00:00,105.13472222222222,low
101068,2025-02-20T14:20:08+00:00,2025-07-21T17:47:06+00:00,,v11.3.9,2025-07-23T15:28:01+00:00,153.04714120370372,low
104667,2025-04-29T05:17:47+00:00,2025-07-21T17:47:59+00:00,,v11.3.9,2025-07-23T15:28:01+00:00,85.42377314814814,low
107651,2025-07-04T19:22:19+00:00,2025-07-21T21:44:11+00:00,,v11.3.9,2025-07-23T15:28:01+00:00,18.837291666666665,low
101962,2025-03-11T17:08:44+00:00,2025-07-22T13:51:30+00:00,,v11.3.9,2025-07-23T15:28:01+00:00,133.93005787037038,low
94007,2024-09-30T14:22:04+00:00,2025-07-22T15:45:51+00:00,,v11.3.9,2025-07-23T15:28:01+00:00,296.04579861111114,low
106555,2025-06-11T13:02:21+00:00,2025-07-22T15:47:54+00:00,a421f55cd5ffd10d69ef0219dbedead3ef97c5e3,v12.2.0,2025-09-23T23:47:02+00:00,104.44769675925926,medium
104124,2025-04-16T16:52:14+00:00,2025-07-22T18:23:38+00:00,,v11.3.9,2025-07-23T15:28:01+00:00,97.9415162037037,low
99527,2025-01-24T21:05:57+00:00,2025-07-22T18:26:33+00:00,,v11.3.9,2025-07-23T15:28:01+00:00,179.76532407407407,low
101544,2025-03-04T05:54:03+00:00,2025-07-22T22:26:40+00:00,,v11.3.9,2025-07-23T15:28:01+00:00,141.39858796296295,low
76712,2023-10-17T17:05:04+00:00,2025-07-23T02:15:33+00:00,,v11.3.9,2025-07-23T15:28:01+00:00,644.9326041666667,low
93241,2024-09-11T19:43:31+00:00,2025-07-23T10:52:20+00:00,,v11.3.9,2025-07-23T15:28:01+00:00,314.82256944444447,low
98780,2025-01-10T04:06:43+00:00,2025-07-23T19:35:55+00:00,,v11.4.8,2025-08-12T18:36:25+00:00,214.60395833333334,low
107085,2025-06-23T18:28:44+00:00,2025-07-23T22:41:28+00:00,95eb66be3d1c272e19bcaf522bce7aecae8689ba,v12.2.0,2025-09-23T23:47:02+00:00,92.22104166666666,medium
105991,2025-05-26T05:55:35+00:00,2025-07-24T06:25:03+00:00,,v11.4.8,2025-08-12T18:36:25+00:00,78.52835648148148,low
101443,2025-02-28T00:03:32+00:00,2025-07-24T15:29:36+00:00,,v11.4.8,2025-08-12T18:36:25+00:00,165.77283564814815,low
108600,2025-07-24T13:58:30+00:00,2025-07-24T18:12:44+00:00,,v11.4.8,2025-08-12T18:36:25+00:00,19.192997685185187,low
89618,2024-06-24T12:09:32+00:00,2025-07-25T02:15:50+00:00,,v11.4.8,2025-08-12T18:36:25+00:00,414.2686689814815,low
107264,2025-06-26T15:16:52+00:00,2025-07-25T14:41:22+00:00,,v11.4.8,2025-08-12T18:36:25+00:00,47.138576388888886,low
108125,2025-07-15T13:44:49+00:00,2025-07-25T21:43:37+00:00,,v11.4.8,2025-08-12T18:36:25+00:00,28.2025,low
89717,2024-06-25T18:35:52+00:00,2025-07-26T02:15:38+00:00,,v11.4.8,2025-08-12T18:36:25+00:00,413.0003819444444,low
89782,2024-06-26T13:59:14+00:00,2025-07-27T02:16:43+00:00,,v11.4.8,2025-08-12T18:36:25+00:00,412.19248842592594,low
89793,2024-06-26T16:07:04+00:00,2025-07-28T02:16:19+00:00,,v11.4.8,2025-08-12T18:36:25+00:00,412.1037152777778,low
108559,2025-07-23T21:24:38+00:00,2025-07-28T09:15:54+00:00,15f291aa8ea72dd5bd080409361a25e23b8a8422,v12.2.0,2025-09-23T23:47:02+00:00,62.09888888888889,medium
107600,2025-07-03T22:48:22+00:00,2025-07-28T13:08:36+00:00,f7523f03bc71f14b67fc9318cdc435cc5403eb44,v12.2.0,2025-09-23T23:47:02+00:00,82.04074074074074,medium
107167,2025-06-25T07:29:56+00:00,2025-07-28T15:46:24+00:00,,v11.4.8,2025-08-12T18:36:25+00:00,48.46283564814815,low
104062,2025-04-15T16:58:10+00:00,2025-07-28T16:12:49+00:00,,v11.4.8,2025-08-12T18:36:25+00:00,119.06822916666667,low
108804,2025-07-28T14:32:01+00:00,2025-07-28T21:03:57+00:00,4b9e03e7c07d70c62c5cadba3a73c94e1268a8df,v12.2.0,2025-09-23T23:47:02+00:00,57.385428240740744,high
106783,2025-06-16T15:17:28+00:00,2025-07-29T10:16:34+00:00,c32aaf63e8d753d117ed3c799870ab8068c92b78,v12.2.0,2025-09-23T23:47:02+00:00,99.35386574074074,medium
97845,2024-12-12T13:25:09+00:00,2025-07-30T09:44:45+00:00,d14e794aa48dda2df5c98ae39f39272e9abdcde7,v12.2.0,2025-09-23T23:47:02+00:00,285.43186342592594,medium
108527,2025-07-23T13:54:07+00:00,2025-07-30T13:47:49+00:00,,v11.4.8,2025-08-12T18:36:25+00:00,20.196041666666666,low
108070,2025-07-14T14:19:08+00:00,2025-07-30T14:14:45+00:00,4a34a2313c08607dfe1b38649df633ce8ccf9b76,v12.2.0,2025-09-23T23:47:02+00:00,71.394375,medium
104372,2025-04-23T06:53:48+00:00,2025-07-31T14:40:44+00:00,,v11.4.8,2025-08-12T18:36:25+00:00,111.48792824074074,low
88169,2024-05-22T12:07:31+00:00,2025-07-31T15:43:51+00:00,,v11.4.8,2025-08-12T18:36:25+00:00,447.27006944444446,low
108651,2025-07-25T07:08:11+00:00,2025-08-01T12:56:32+00:00,,v11.4.8,2025-08-12T18:36:25+00:00,18.477939814814814,low
96603,2024-11-18T07:44:56+00:00,2025-08-01T13:09:08+00:00,,v11.4.8,2025-08-12T18:36:25+00:00,267.45241898148146,low
89847,2024-06-27T14:38:12+00:00,2025-08-03T02:16:45+00:00,,v11.4.8,2025-08-12T18:36:25+00:00,411.16542824074077,low
85448,2024-04-02T07:12:39+00:00,2025-08-04T02:16:27+00:00,,v11.4.8,2025-08-12T18:36:25+00:00,497.47483796296297,low
106183,2025-05-28T20:13:13+00:00,2025-08-04T09:08:31+00:00,,v11.4.8,2025-08-12T18:36:25+00:00,75.93277777777777,low
105971,2025-05-23T18:33:44+00:00,2025-08-04T12:53:28+00:00,0dfcaf56d356cacc65f75c5d0475fc835a18c51e,v12.2.0,2025-09-23T23:47:02+00:00,123.21756944444445,medium
108783,2025-07-28T11:52:42+00:00,2025-08-04T15:09:14+00:00,990f1c69ecc2f9e9438fc27fab781086d4aeb77c,v12.2.0,2025-09-23T23:47:02+00:00,57.496064814814815,medium
109063,2025-08-01T15:26:44+00:00,2025-08-05T09:23:39+00:00,,v11.4.8,2025-08-12T18:36:25+00:00,11.131724537037037,low
109061,2025-08-01T15:11:34+00:00,2025-08-05T09:33:40+00:00,,v11.4.8,2025-08-12T18:36:25+00:00,11.142256944444444,low
107943,2025-07-10T09:12:35+00:00,2025-08-06T12:16:56+00:00,,v11.4.8,2025-08-12T18:36:25+00:00,33.39155092592593,low
109058,2025-08-01T14:58:01+00:00,2025-08-06T12:18:11+00:00,,v11.4.8,2025-08-12T18:36:25+00:00,11.151666666666667,low
109222,2025-08-06T06:02:29+00:00,2025-08-06T13:20:56+00:00,,v11.4.8,2025-08-12T18:36:25+00:00,6.523564814814815,low
94821,2024-10-16T15:24:16+00:00,2025-08-06T13:27:18+00:00,,v11.4.8,2025-08-12T18:36:25+00:00,300.1334375,low
108952,2025-07-30T23:33:22+00:00,2025-08-06T13:52:36+00:00,7e603d855dca94a00dd3b32ef7608ac8cab229d1,v12.2.0,2025-09-23T23:47:02+00:00,55.00949074074074,medium
109138,2025-08-04T15:33:29+00:00,2025-08-06T14:08:51+00:00,,v11.4.8,2025-08-12T18:36:25+00:00,8.127037037037036,low
107700,2025-07-07T14:09:46+00:00,2025-08-07T11:32:48+00:00,,v11.4.8,2025-08-12T18:36:25+00:00,36.18517361111111,low
92234,2024-08-21T16:34:09+00:00,2025-08-07T14:10:30+00:00,,v11.4.8,2025-08-12T18:36:25+00:00,356.0849074074074,low
105092,2025-05-08T09:05:07+00:00,2025-08-08T11:34:22+00:00,,v11.4.8,2025-08-12T18:36:25+00:00,96.39673611111111,low
106308,2025-06-04T07:44:44+00:00,2025-08-08T17:29:08+00:00,,v11.4.8,2025-08-12T18:36:25+00:00,69.45255787037037,low
89841,2024-06-27T13:49:05+00:00,2025-08-10T02:16:21+00:00,,v11.4.8,2025-08-12T18:36:25+00:00,411.19953703703703,low
90307,2024-07-10T21:08:48+00:00,2025-08-10T02:16:28+00:00,,v11.4.8,2025-08-12T18:36:25+00:00,397.89417824074076,low
109376,2025-08-08T07:22:52+00:00,2025-08-10T10:19:20+00:00,,v11.4.8,2025-08-12T18:36:25+00:00,4.467743055555555,low
62260,2023-01-26T18:49:44+00:00,2025-08-11T02:15:40+00:00,,v11.4.8,2025-08-12T18:36:25+00:00,928.9907523148148,low
89265,2024-06-17T06:33:42+00:00,2025-08-11T06:13:47+00:00,,v11.4.8,2025-08-12T18:36:25+00:00,421.5018865740741,low
108746,2025-07-27T20:47:56+00:00,2025-08-11T10:49:39+00:00,,v11.4.8,2025-08-12T18:36:25+00:00,15.908668981481481,low
106584,2025-06-11T20:13:44+00:00,2025-08-11T13:55:53+00:00,,v11.4.8,2025-08-12T18:36:25+00:00,61.93241898148148,low
105585,2025-05-17T16:08:43+00:00,2025-08-11T16:45:21+00:00,43ac5b52f9bc705756e91c9e61090300bd2fe29f,v12.2.0,2025-09-23T23:47:02+00:00,129.31827546296296,medium
109182,2025-08-05T10:23:28+00:00,2025-08-12T16:40:09+00:00,4e64372b0b4cbf141e4aaabb5915df880f53660b,v11.4.8,2025-08-12T18:36:25+00:00,7.342326388888889,low
109613,2025-08-13T15:17:18+00:00,2025-08-13T17:22:08+00:00,b34642b1880a496c51b6fa826aa52ac5612f3165,v12.2.0,2025-09-23T23:47:02+00:00,41.35398148148148,medium
102160,2025-03-13T21:46:35+00:00,2025-08-14T08:45:32+00:00,,v11.5.9,2025-09-23T21:25:46+00:00,193.98554398148147,low
109378,2025-08-08T07:45:50+00:00,2025-08-14T15:10:15+00:00,,v11.5.9,2025-09-23T21:25:46+00:00,46.569398148148146,low
103737,2025-04-09T16:38:36+00:00,2025-08-14T15:31:28+00:00,,v11.5.9,2025-09-23T21:25:46+00:00,167.1994212962963,low
109681,2025-08-14T15:31:18+00:00,2025-08-14T16:27:51+00:00,,v11.5.9,2025-09-23T21:25:46+00:00,40.24615740740741,low
109635,2025-08-13T19:05:26+00:00,2025-08-14T16:29:43+00:00,,v11.5.9,2025-09-23T21:25:46+00:00,41.09745370370371,low
109367,2025-08-07T21:01:47+00:00,2025-08-14T20:19:45+00:00,17444fdc0d6e1c6b577fb985a46491e655e034fa,v12.2.0,2025-09-23T23:47:02+00:00,47.114756944444444,medium
109649,2025-08-14T07:59:00+00:00,2025-08-15T08:58:29+00:00,,v11.5.9,2025-09-23T21:25:46+00:00,40.56025462962963,low
107144,2025-06-24T17:22:01+00:00,2025-08-15T14:16:38+00:00,,v11.5.9,2025-09-23T21:25:46+00:00,91.16927083333333,low
101290,2025-02-25T12:27:18+00:00,2025-08-15T18:01:39+00:00,,v11.5.9,2025-09-23T21:25:46+00:00,210.3739351851852,low
109767,2025-08-16T08:00:15+00:00,2025-08-17T21:54:02+00:00,,v11.5.9,2025-09-23T21:25:46+00:00,38.559386574074075,low
90544,2024-07-17T15:50:58+00:00,2025-08-18T02:16:29+00:00,,v11.5.9,2025-09-23T21:25:46+00:00,433.2325,low
90561,2024-07-17T19:33:13+00:00,2025-08-18T02:16:31+00:00,,v11.5.9,2025-09-23T21:25:46+00:00,433.0781597222222,low
92033,2024-08-16T19:21:40+00:00,2025-08-18T14:23:48+00:00,,v11.5.9,2025-09-23T21:25:46+00:00,403.08618055555553,low
109532,2025-08-12T13:50:24+00:00,2025-08-19T10:00:06+00:00,,v11.5.9,2025-09-23T21:25:46+00:00,42.31622685185185,low
109716,2025-08-15T01:11:57+00:00,2025-08-19T13:37:45+00:00,,v11.5.9,2025-09-23T21:25:46+00:00,39.84292824074074,low
109859,2025-08-19T12:43:55+00:00,2025-08-19T15:43:16+00:00,,v11.5.9,2025-09-23T21:25:46+00:00,35.36239583333333,low
109126,2025-08-04T13:34:32+00:00,2025-08-19T20:14:46+00:00,,v11.5.9,2025-09-23T21:25:46+00:00,50.32724537037037,low
109842,2025-08-19T09:24:25+00:00,2025-08-19T20:51:36+00:00,,v11.5.9,2025-09-23T21:25:46+00:00,35.5009375,low
109875,2025-08-19T18:14:47+00:00,2025-08-19T21:22:34+00:00,,v11.5.9,2025-09-23T21:25:46+00:00,35.13262731481481,low
98996,2025-01-15T06:38:22+00:00,2025-08-19T21:59:47+00:00,,v11.5.9,2025-09-23T21:25:46+00:00,251.61625,low
109456,2025-08-11T10:43:54+00:00,2025-08-20T11:16:41+00:00,,v11.5.9,2025-09-23T21:25:46+00:00,43.44574074074074,low
106405,2025-06-06T15:02:09+00:00,2025-08-20T17:19:49+00:00,7fd5121c4fa523e33990d3228826db3ac327d2a6,v12.2.0,2025-09-23T23:47:02+00:00,109.36450231481481,medium
109830,2025-08-18T21:01:13+00:00,2025-08-21T21:18:41+00:00,,v11.5.9,2025-09-23T21:25:46+00:00,36.017048611111115,low
110067,2025-08-22T21:03:56+00:00,2025-08-22T21:11:16+00:00,,v11.5.9,2025-09-23T21:25:46+00:00,32.01516203703704,low
103435,2025-04-04T06:32:49+00:00,2025-08-23T02:23:32+00:00,c4073bf5fb0783471bc4fa05e5d1143f770e9be8,v11.5.9,2025-09-23T21:25:46+00:00,172.62010416666666,low
96949,2024-11-22T21:41:25+00:00,2025-08-23T18:13:39+00:00,,v11.5.9,2025-09-23T21:25:46+00:00,304.98913194444447,low
90804,2024-07-23T06:53:02+00:00,2025-08-24T02:16:02+00:00,,v11.5.9,2025-09-23T21:25:46+00:00,427.60606481481483,low
89794,2024-06-26T16:10:54+00:00,2025-08-25T02:13:16+00:00,,v11.5.9,2025-09-23T21:25:46+00:00,454.2186574074074,low
109805,2025-08-13T08:15:56+00:00,2025-08-25T10:41:57+00:00,,v11.5.9,2025-09-23T21:25:46+00:00,41.54849537037037,low
109889,2025-08-20T03:33:38+00:00,2025-08-25T15:10:37+00:00,,v11.5.9,2025-09-23T21:25:46+00:00,34.744537037037034,low
109386,2025-08-08T11:23:02+00:00,2025-08-25T19:47:12+00:00,67502a5a7cca36367e9bf7be239ed7421ffcbbdc,v12.2.0,2025-09-23T23:47:02+00:00,46.516666666666666,medium
109499,2025-08-11T23:39:56+00:00,2025-08-26T00:14:05+00:00,e87652060ce6764b17b46c6ad0dbbea2fbe8b42e,v12.2.0,2025-09-23T23:47:02+00:00,43.00493055555555,medium
90950,2024-07-25T14:45:04+00:00,2025-08-26T02:11:06+00:00,,v11.5.9,2025-09-23T21:25:46+00:00,425.2782638888889,low
108732,2025-07-26T03:53:42+00:00,2025-08-26T10:58:48+00:00,,v11.5.9,2025-09-23T21:25:46+00:00,59.73060185185185,low
109652,2025-08-14T08:26:12+00:00,2025-08-26T13:45:04+00:00,,v11.5.9,2025-09-23T21:25:46+00:00,40.541365740740744,low
89915,2024-07-01T14:11:04+00:00,2025-08-27T02:08:11+00:00,,v11.5.9,2025-09-23T21:25:46+00:00,449.301875,low
90870,2024-07-23T21:52:44+00:00,2025-08-27T02:08:22+00:00,,v11.5.9,2025-09-23T21:25:46+00:00,426.98127314814815,low
91068,2024-07-26T15:08:05+00:00,2025-08-27T02:08:28+00:00,,v11.5.9,2025-09-23T21:25:46+00:00,424.2622800925926,low
110177,2025-08-26T15:36:10+00:00,2025-08-27T13:19:50+00:00,,v11.5.9,2025-09-23T21:25:46+00:00,28.24277777777778,low
98296,2024-12-19T22:49:30+00:00,2025-08-28T06:04:49+00:00,fe88f2366ad150300e33345c416d9ab82ee5e3c3,v12.2.0,2025-09-23T23:47:02+00:00,278.0399537037037,medium
109963,2025-08-21T11:37:53+00:00,2025-08-28T12:02:01+00:00,,v11.5.9,2025-09-23T21:25:46+00:00,33.40825231481482,low
110073,2025-08-22T23:20:36+00:00,2025-08-28T14:40:12+00:00,,v11.5.9,2025-09-23T21:25:46+00:00,31.92025462962963,low
101203,2025-02-24T10:48:25+00:00,2025-08-28T15:27:43+00:00,,v11.5.9,2025-09-23T21:25:46+00:00,211.44260416666665,low
102455,2025-03-19T13:32:21+00:00,2025-08-29T06:41:35+00:00,,v11.5.9,2025-09-23T21:25:46+00:00,188.32876157407406,low
110234,2025-08-27T17:05:30+00:00,2025-08-29T08:26:38+00:00,,v11.5.9,2025-09-23T21:25:46+00:00,27.18074074074074,low
102839,2025-03-25T20:52:59+00:00,2025-08-29T14:47:16+00:00,,v11.5.9,2025-09-23T21:25:46+00:00,182.0227662037037,low
107815,2025-07-09T01:12:31+00:00,2025-08-29T20:00:45+00:00,,v11.5.9,2025-09-23T21:25:46+00:00,76.84253472222223,low
55273,2022-09-16T02:50:14+00:00,2025-08-30T02:02:53+00:00,,v11.5.9,2025-09-23T21:25:46+00:00,1103.774675925926,low
109772,2025-08-17T12:48:10+00:00,2025-08-30T09:03:12+00:00,,v11.5.9,2025-09-23T21:25:46+00:00,37.35944444444444,low
89330,2024-06-18T08:26:46+00:00,2025-08-31T02:12:14+00:00,,v11.5.9,2025-09-23T21:25:46+00:00,462.5409722222222,low
90761,2024-07-22T16:33:18+00:00,2025-09-01T02:15:52+00:00,,v11.5.9,2025-09-23T21:25:46+00:00,428.20310185185184,low
103686,2025-04-09T09:44:50+00:00,2025-09-01T21:48:46+00:00,88886d39d0c9d2eacb00dec8c59461e2656a6009,v12.2.0,2025-09-23T23:47:02+00:00,167.5848611111111,medium
108659,2025-07-25T08:26:30+00:00,2025-09-02T10:49:18+00:00,,v11.5.9,2025-09-23T21:25:46+00:00,60.541157407407404,low
109164,2025-08-05T03:23:22+00:00,2025-09-02T23:14:35+00:00,,v11.5.9,2025-09-23T21:25:46+00:00,49.751666666666665,low
90903,2024-07-24T14:05:08+00:00,2025-09-03T02:03:09+00:00,,v11.5.9,2025-09-23T21:25:46+00:00,426.3059953703704,low
109542,2025-08-12T15:03:55+00:00,2025-09-03T16:02:18+00:00,,v11.5.9,2025-09-23T21:25:46+00:00,42.26517361111111,low
108801,2025-07-28T14:20:27+00:00,2025-09-03T18:05:49+00:00,,v11.5.9,2025-09-23T21:25:46+00:00,57.2953587962963,low
109787,2025-08-18T10:32:32+00:00,2025-09-03T21:36:44+00:00,65e192f305ab4f089ab6c7eb5bfcf192d79301f7,v11.5.9,2025-09-23T21:25:46+00:00,36.45363425925926,low
109434,2025-08-09T04:04:51+00:00,2025-09-04T04:46:00+00:00,,v11.5.9,2025-09-23T21:25:46+00:00,45.72285879629629,low
103356,2025-04-03T11:57:07+00:00,2025-09-04T19:07:58+00:00,,v11.5.9,2025-09-23T21:25:46+00:00,173.39489583333332,low
99445,2025-01-23T12:58:26+00:00,2025-09-04T19:27:29+00:00,978846d376c64b650a19f8abfbbeb2572da66fa6,v11.5.9,2025-09-23T21:25:46+00:00,243.3523148148148,low
98961,2025-01-14T13:49:49+00:00,2025-09-04T20:16:12+00:00,,v11.5.9,2025-09-23T21:25:46+00:00,252.31663194444445,low
105393,2025-05-14T12:28:21+00:00,2025-09-04T20:50:29+00:00,,v11.5.9,2025-09-23T21:25:46+00:00,132.37320601851852,low
109958,2025-08-21T10:33:13+00:00,2025-09-04T20:52:06+00:00,,v11.5.9,2025-09-23T21:25:46+00:00,33.453159722222225,low
72848,2023-08-03T19:34:03+00:00,2025-09-05T02:05:14+00:00,,v11.5.9,2025-09-23T21:25:46+00:00,782.0775810185186,low
110509,2025-09-03T10:31:17+00:00,2025-09-05T10:03:14+00:00,,v11.5.9,2025-09-23T21:25:46+00:00,20.454502314814814,low
55450,2022-09-20T10:01:30+00:00,2025-09-06T02:02:35+00:00,,v11.5.9,2025-09-23T21:25:46+00:00,1099.4751851851852,low
91554,2024-08-05T22:07:18+00:00,2025-09-07T02:09:48+00:00,,v11.5.9,2025-09-23T21:25:46+00:00,413.9711574074074,low
91568,2024-08-06T10:37:12+00:00,2025-09-07T02:09:50+00:00,,v11.5.9,2025-09-23T21:25:46+00:00,413.4503935185185,low
102393,2025-03-18T18:24:27+00:00,2025-09-08T16:49:12+00:00,32e997d282ca5a1c572a99e2fee176b248da969c,v12.3.0,2025-11-19T15:15:43+00:00,245.8689351851852,medium
108243,2025-07-17T14:34:02+00:00,2025-09-08T18:12:54+00:00,,v11.5.9,2025-09-23T21:25:46+00:00,68.28592592592592,low
105179,2025-05-09T13:47:51+00:00,2025-09-09T14:14:34+00:00,,v11.5.9,2025-09-23T21:25:46+00:00,137.3179976851852,low
110597,2025-09-04T12:53:01+00:00,2025-09-09T14:33:07+00:00,,v11.5.9,2025-09-23T21:25:46+00:00,19.356076388888887,low
105163,2025-05-09T06:35:50+00:00,2025-09-09T14:47:12+00:00,,v11.5.9,2025-09-23T21:25:46+00:00,137.61800925925925,low
101160,2025-02-21T16:16:23+00:00,2025-09-09T15:04:18+00:00,,v11.5.9,2025-09-23T21:25:46+00:00,214.21484953703703,low
96988,2024-11-25T15:16:35+00:00,2025-09-09T18:02:27+00:00,,v11.5.9,2025-09-23T21:25:46+00:00,302.2563773148148,low
59273,2022-11-24T09:54:43+00:00,2025-09-10T02:03:09+00:00,,v11.5.9,2025-09-23T21:25:46+00:00,1034.4798958333333,low
110668,2025-09-05T09:58:41+00:00,2025-09-10T10:56:23+00:00,,v11.5.9,2025-09-23T21:25:46+00:00,18.477141203703702,low
108071,2025-07-14T14:19:11+00:00,2025-09-10T14:04:06+00:00,b36bd7dd6a5af7f79918fe5e12da69e1691a418c,v12.3.0,2025-11-19T15:15:43+00:00,128.03925925925927,medium
103581,2025-04-08T08:23:18+00:00,2025-09-10T19:14:09+00:00,,v11.5.9,2025-09-23T21:25:46+00:00,168.54337962962964,low
110200,2025-08-27T08:53:10+00:00,2025-09-11T09:03:21+00:00,,v11.5.9,2025-09-23T21:25:46+00:00,27.52263888888889,low
109657,2025-08-14T09:36:30+00:00,2025-09-11T10:48:07+00:00,,v11.5.9,2025-09-23T21:25:46+00:00,40.4925462962963,low
95420,2024-10-25T14:43:31+00:00,2025-09-11T15:19:12+00:00,,v11.5.9,2025-09-23T21:25:46+00:00,333.2793402777778,low
96735,2024-11-20T07:59:29+00:00,2025-09-11T15:22:12+00:00,,v11.5.9,2025-09-23T21:25:46+00:00,307.5599189814815,low
97319,2024-12-03T03:40:37+00:00,2025-09-11T15:43:51+00:00,,v11.5.9,2025-09-23T21:25:46+00:00,294.7396875,low
98399,2024-12-30T09:50:46+00:00,2025-09-11T15:44:01+00:00,,v11.5.9,2025-09-23T21:25:46+00:00,267.4826388888889,low
110089,2025-08-25T08:34:25+00:00,2025-09-12T07:14:08+00:00,,v11.5.9,2025-09-23T21:25:46+00:00,29.53565972222222,low
106234,2025-05-30T09:06:36+00:00,2025-09-12T15:15:17+00:00,ccc87a03f0ec70eb28f9ce49221834718abeca7d,v12.3.0,2025-11-19T15:15:43+00:00,173.25633101851852,medium
110977,2025-09-11T18:00:54+00:00,2025-09-12T17:54:13+00:00,,v11.5.9,2025-09-23T21:25:46+00:00,12.142268518518518,low
103037,2025-03-28T03:54:15+00:00,2025-09-15T09:54:02+00:00,,v11.5.9,2025-09-23T21:25:46+00:00,179.73021990740742,low
84915,2024-03-21T13:46:49+00:00,2025-09-15T10:40:03+00:00,,v11.5.9,2025-09-23T21:25:46+00:00,551.3187152777778,low
110038,2025-08-22T12:05:44+00:00,2025-09-15T19:34:31+00:00,c4e8c7b5625a114b76c30a753048afe6ad5f6db8,v12.3.0,2025-11-19T15:15:43+00:00,89.13193287037036,medium
99266,2025-01-20T14:23:18+00:00,2025-09-16T14:54:30+00:00,,v11.5.9,2025-09-23T21:25:46+00:00,246.29337962962964,low
97739,2024-12-10T13:45:53+00:00,2025-09-16T15:01:41+00:00,,v11.5.9,2025-09-23T21:25:46+00:00,287.3193634259259,low
110997,2025-09-11T23:55:26+00:00,2025-09-16T15:40:42+00:00,,v11.5.9,2025-09-23T21:25:46+00:00,11.896064814814816,low
65894,2023-04-04T09:25:26+00:00,2025-09-16T15:48:54+00:00,7e13882a1ab8c2aef36280992af1687e5458d48d,v12.3.0,2025-11-19T15:15:43+00:00,960.2432523148149,medium
111139,2025-09-15T20:14:08+00:00,2025-09-16T19:23:42+00:00,,v11.5.9,2025-09-23T21:25:46+00:00,8.04974537037037,low
98366,2024-12-24T14:40:16+00:00,2025-09-17T08:40:51+00:00,d806689650b28fc61e77b6f23230f5b9eea7dce2,v11.5.9,2025-09-23T21:25:46+00:00,273.2815972222222,low
96187,2024-11-10T15:33:03+00:00,2025-09-17T12:41:10+00:00,,v11.5.9,2025-09-23T21:25:46+00:00,317.24494212962964,low
111252,2025-09-17T13:46:23+00:00,2025-09-17T14:41:43+00:00,,v11.5.9,2025-09-23T21:25:46+00:00,6.319016203703704,low
110564,2025-09-03T21:35:36+00:00,2025-09-17T14:44:48+00:00,,v11.5.9,2025-09-23T21:25:46+00:00,19.993171296296296,low
94453,2024-10-09T07:31:23+00:00,2025-09-17T15:43:26+00:00,,v11.5.9,2025-09-23T21:25:46+00:00,349.5794328703704,low
52432,2022-07-19T06:45:56+00:00,2025-09-17T15:44:44+00:00,,v11.5.9,2025-09-23T21:25:46+00:00,1162.6109953703703,low
110574,2025-09-04T05:29:50+00:00,2025-09-17T16:30:36+00:00,,v11.5.9,2025-09-23T21:25:46+00:00,19.66384259259259,low
77961,2023-11-09T18:45:11+00:00,2025-09-17T18:55:05+00:00,,v11.5.9,2025-09-23T21:25:46+00:00,684.1115162037037,low
111272,2025-09-17T18:16:36+00:00,2025-09-17T20:52:28+00:00,,v11.5.9,2025-09-23T21:25:46+00:00,6.1313657407407405,low
92385,2024-08-24T15:18:25+00:00,2025-09-18T15:23:19+00:00,,v11.5.9,2025-09-23T21:25:46+00:00,395.2551041666667,low
110902,2025-09-10T17:46:17+00:00,2025-09-18T15:37:23+00:00,,v11.5.9,2025-09-23T21:25:46+00:00,13.152418981481482,low
68162,2023-05-10T04:09:45+00:00,2025-09-20T02:02:07+00:00,,v11.5.9,2025-09-23T21:25:46+00:00,867.7194560185185,low
92081,2024-08-19T14:21:28+00:00,2025-09-20T02:03:02+00:00,,v11.5.9,2025-09-23T21:25:46+00:00,400.2946527777778,low
89879,2024-06-28T18:35:18+00:00,2025-09-21T02:11:29+00:00,63f6ba3cae96a5409b525ece837a1d57e5f1c2db,v11.5.9,2025-09-23T21:25:46+00:00,452.11837962962966,low
90791,2024-07-22T19:25:57+00:00,2025-09-22T02:11:31+00:00,,v11.5.9,2025-09-23T21:25:46+00:00,428.0832060185185,low
92383,2024-08-24T01:56:42+00:00,2025-09-24T02:05:24+00:00,,v11.5.10,2025-10-21T12:08:30+00:00,423.4248611111111,low
111536,2025-09-24T09:47:46+00:00,2025-09-24T14:47:21+00:00,,v11.5.10,2025-10-21T12:08:30+00:00,27.097731481481482,low
106728,2025-06-13T17:01:35+00:00,2025-09-24T19:23:44+00:00,,v11.5.10,2025-10-21T12:08:30+00:00,129.7964699074074,low
109102,2025-08-04T05:22:59+00:00,2025-09-24T21:01:35+00:00,,v11.5.10,2025-10-21T12:08:30+00:00,78.2816087962963,low
110484,2025-09-02T21:09:38+00:00,2025-09-24T22:18:28+00:00,,v11.5.10,2025-10-21T12:08:30+00:00,48.624212962962964,low
111199,2025-09-16T19:16:06+00:00,2025-09-25T16:26:07+00:00,6629021f369ff6a1e63918976a3af41d186c4a66,v12.3.0,2025-11-19T15:15:43+00:00,63.83306712962963,medium
98293,2024-12-19T20:56:53+00:00,2025-09-25T22:24:33+00:00,,v11.5.10,2025-10-21T12:08:30+00:00,305.63306712962964,low
109437,2025-08-10T08:18:50+00:00,2025-09-26T06:40:53+00:00,,v11.5.10,2025-10-21T12:08:30+00:00,72.15949074074074,low
110663,2025-09-05T09:09:05+00:00,2025-09-26T10:35:11+00:00,,v11.5.10,2025-10-21T12:08:30+00:00,46.124594907407406,low
72778,2023-08-02T21:19:57+00:00,2025-09-28T02:11:52+00:00,,v11.5.10,2025-10-21T12:08:30+00:00,810.6170486111112,low
78905,2023-11-30T13:03:38+00:00,2025-09-28T02:12:02+00:00,,v11.5.10,2025-10-21T12:08:30+00:00,690.9617129629629,low
92623,2024-08-28T20:03:50+00:00,2025-09-29T02:08:46+00:00,,v11.5.10,2025-10-21T12:08:30+00:00,418.6699074074074,low
111738,2025-09-29T12:40:55+00:00,2025-09-29T16:57:43+00:00,,v11.5.10,2025-10-21T12:08:30+00:00,21.977488425925927,low
111688,2025-09-26T17:13:27+00:00,2025-09-30T04:06:49+00:00,9b722efe57598b40b93795d065017627d05480de,v12.3.0,2025-11-19T15:15:43+00:00,53.91824074074074,medium
111516,2025-09-23T22:51:38+00:00,2025-09-30T16:04:20+00:00,,v11.5.10,2025-10-21T12:08:30+00:00,27.553379629629628,low
111836,2025-09-30T16:21:00+00:00,2025-09-30T18:47:18+00:00,,v11.5.10,2025-10-21T12:08:30+00:00,20.82465277777778,low
111590,2025-09-25T09:38:45+00:00,2025-09-30T20:33:13+00:00,901dd9506f7da094652d349bf2b7f3057c049bca,v12.3.0,2025-11-19T15:15:43+00:00,55.23400462962963,medium
70348,2023-06-19T17:21:47+00:00,2025-10-01T02:12:28+00:00,5f362149a8cfd66bcace3708ccd6c5e8672298ca,v11.5.10,2025-10-21T12:08:30+00:00,854.7824421296297,low
90868,2024-07-23T20:59:43+00:00,2025-10-01T02:13:05+00:00,,v11.5.10,2025-10-21T12:08:30+00:00,454.631099537037,low
109579,2025-08-13T07:17:00+00:00,2025-10-01T07:35:10+00:00,,v11.5.10,2025-10-21T12:08:30+00:00,69.20243055555555,low
111529,2025-09-24T08:37:54+00:00,2025-10-02T15:14:41+00:00,,v11.5.10,2025-10-21T12:08:30+00:00,27.14625,low
111919,2025-10-02T04:23:35+00:00,2025-10-02T17:55:38+00:00,3cccb7c0069df03290586daca2909f1c4e7fb11c,v11.5.10,2025-10-21T12:08:30+00:00,19.322858796296295,low
99886,2025-01-31T12:24:57+00:00,2025-10-02T18:15:18+00:00,,v11.5.10,2025-10-21T12:08:30+00:00,262.9885763888889,low
94503,2024-10-09T18:07:11+00:00,2025-10-02T18:19:04+00:00,,v11.5.10,2025-10-21T12:08:30+00:00,376.75091435185186,low
96553,2024-11-15T14:21:08+00:00,2025-10-02T18:23:19+00:00,,v11.5.10,2025-10-21T12:08:30+00:00,339.9078935185185,low
100126,2025-02-05T15:55:39+00:00,2025-10-02T18:38:05+00:00,,v11.5.10,2025-10-21T12:08:30+00:00,257.84225694444444,low
91155,2024-07-29T20:18:06+00:00,2025-10-03T02:04:04+00:00,,v11.5.10,2025-10-21T12:08:30+00:00,448.66,low
91273,2024-07-31T13:02:14+00:00,2025-10-03T02:04:08+00:00,,v11.5.10,2025-10-21T12:08:30+00:00,446.9626851851852,low
92806,2024-09-02T11:56:42+00:00,2025-10-03T02:04:36+00:00,,v11.5.10,2025-10-21T12:08:30+00:00,414.0081944444444,low
92994,2024-09-05T15:41:36+00:00,2025-10-03T14:02:52+00:00,,v11.5.10,2025-10-21T12:08:30+00:00,410.8520138888889,low
88322,2024-05-26T19:55:59+00:00,2025-10-03T14:21:14+00:00,,v11.5.10,2025-10-21T12:08:30+00:00,512.6753587962963,low
93072,2024-09-08T22:45:36+00:00,2025-10-03T14:24:21+00:00,,v11.5.10,2025-10-21T12:08:30+00:00,407.5575694444444,low
109398,2025-08-08T13:38:14+00:00,2025-10-03T15:43:52+00:00,e414e790f7410d22b1c337be7d4b7c2473ffd039,v12.3.0,2025-11-19T15:15:43+00:00,103.06769675925926,high
94341,2024-10-07T15:20:38+00:00,2025-10-03T17:37:27+00:00,,v11.5.10,2025-10-21T12:08:30+00:00,378.8665740740741,low
111960,2025-10-02T18:47:22+00:00,2025-10-03T17:52:50+00:00,,v11.5.10,2025-10-21T12:08:30+00:00,18.72300925925926,low
90800,2024-07-22T23:12:42+00:00,2025-10-03T17:54:33+00:00,07c949f85c0a6017672eadb1d3074276d5e17c59,v11.5.10,2025-10-21T12:08:30+00:00,455.53875,low
93316,2024-09-13T11:01:47+00:00,2025-10-03T18:25:49+00:00,,v11.5.10,2025-10-21T12:08:30+00:00,403.0463310185185,low
105029,2025-05-06T15:57:13+00:00,2025-10-03T18:55:37+00:00,,v11.5.10,2025-10-21T12:08:30+00:00,167.84116898148147,low
94554,2024-10-10T14:34:56+00:00,2025-10-03T18:58:40+00:00,,v11.5.10,2025-10-21T12:08:30+00:00,375.8983101851852,low
93801,2024-09-26T11:05:06+00:00,2025-10-03T19:08:45+00:00,,v11.5.10,2025-10-21T12:08:30+00:00,390.0440277777778,low
96833,2024-11-21T12:35:12+00:00,2025-10-03T21:08:14+00:00,,v11.5.10,2025-10-21T12:08:30+00:00,333.9814583333333,low
99968,2025-02-03T13:38:40+00:00,2025-10-03T21:20:32+00:00,,v11.5.10,2025-10-21T12:08:30+00:00,259.93738425925926,low
97470,2024-12-05T11:59:55+00:00,2025-10-03T21:21:35+00:00,,v11.5.10,2025-10-21T12:08:30+00:00,320.0059606481482,low
91480,2024-08-02T10:40:42+00:00,2025-10-05T02:11:48+00:00,,v11.5.10,2025-10-21T12:08:30+00:00,445.06097222222223,low
107950,2025-07-10T10:36:14+00:00,2025-10-05T02:12:54+00:00,,v11.5.10,2025-10-21T12:08:30+00:00,103.06407407407407,low
109336,2025-08-07T10:52:04+00:00,2025-10-06T08:51:46+00:00,,v11.5.10,2025-10-21T12:08:30+00:00,75.0530787037037,low
108204,2025-07-17T03:33:03+00:00,2025-10-06T13:19:03+00:00,,v11.5.10,2025-10-21T12:08:30+00:00,96.35795138888889,low
112047,2025-10-06T09:22:31+00:00,2025-10-06T15:11:38+00:00,,v11.5.10,2025-10-21T12:08:30+00:00,15.115266203703703,low
111550,2025-09-24T14:43:48+00:00,2025-10-06T15:46:47+00:00,,v11.5.10,2025-10-21T12:08:30+00:00,26.892152777777778,low
110413,2025-09-01T14:43:50+00:00,2025-10-06T15:51:34+00:00,,v11.5.10,2025-10-21T12:08:30+00:00,49.89212962962963,low
112087,2025-10-07T06:08:42+00:00,2025-10-07T13:55:27+00:00,,v11.5.10,2025-10-21T12:08:30+00:00,14.24986111111111,low
61972,2023-01-24T08:22:34+00:00,2025-10-07T19:36:36+00:00,,v11.5.10,2025-10-21T12:08:30+00:00,1001.1568981481481,low
112116,2025-10-07T14:10:19+00:00,2025-10-08T08:11:38+00:00,0e43c1175fb3ec04989af89884c50bd9ace3eea1,v12.3.0,2025-11-19T15:15:43+00:00,43.04541666666667,medium
110797,2025-09-09T08:27:05+00:00,2025-10-08T08:32:43+00:00,,v11.5.10,2025-10-21T12:08:30+00:00,42.153761574074075,low
110465,2025-09-02T14:33:27+00:00,2025-10-09T07:54:47+00:00,857e73bdc28b999affe5b6fa3b853324b6347ab6,v12.3.0,2025-11-19T15:15:43+00:00,78.02935185185186,medium
110611,2025-09-04T16:15:34+00:00,2025-10-09T14:06:31+00:00,,v11.5.10,2025-10-21T12:08:30+00:00,46.82842592592593,low
110805,2025-09-09T10:02:27+00:00,2025-10-09T15:14:08+00:00,,v11.5.10,2025-10-21T12:08:30+00:00,42.08753472222222,low
60836,2022-12-29T20:45:11+00:00,2025-10-10T02:05:03+00:00,,v11.5.10,2025-10-21T12:08:30+00:00,1026.6411921296296,low
110418,2025-09-01T15:32:59+00:00,2025-10-10T10:10:22+00:00,,v11.5.10,2025-10-21T12:08:30+00:00,49.85799768518518,low
112139,2025-10-07T22:21:14+00:00,2025-10-10T11:52:59+00:00,,v11.5.10,2025-10-21T12:08:30+00:00,13.57449074074074,low
111584,2025-09-25T08:42:01+00:00,2025-10-10T14:14:19+00:00,,v11.5.10,2025-10-21T12:08:30+00:00,26.143391203703704,low
112194,2025-10-09T07:31:22+00:00,2025-10-10T14:40:04+00:00,,v11.5.10,2025-10-21T12:08:30+00:00,12.192453703703704,low
85220,2024-03-26T22:49:25+00:00,2025-10-10T15:33:28+00:00,,v11.5.10,2025-10-21T12:08:30+00:00,573.5549189814815,low
88400,2024-05-29T01:07:50+00:00,2025-10-10T20:25:03+00:00,,v11.5.10,2025-10-21T12:08:30+00:00,510.45879629629627,low
110478,2025-09-02T17:30:42+00:00,2025-10-13T11:07:08+00:00,,v11.5.10,2025-10-21T12:08:30+00:00,48.77625,low
103464,2025-04-04T14:56:09+00:00,2025-10-13T13:38:57+00:00,8cb3d3b55221c1a349e56192b56e8629993fe415,v12.3.0,2025-11-19T15:15:43+00:00,229.01358796296296,medium
112113,2025-10-07T13:33:48+00:00,2025-10-13T16:02:11+00:00,,v11.5.10,2025-10-21T12:08:30+00:00,13.940763888888888,low
111440,2025-09-22T02:17:11+00:00,2025-10-14T14:07:48+00:00,,v11.5.10,2025-10-21T12:08:30+00:00,29.410636574074076,low
105501,2025-05-15T23:04:44+00:00,2025-10-14T21:22:18+00:00,,v11.5.10,2025-10-21T12:08:30+00:00,158.5442824074074,low
99572,2025-01-27T14:48:01+00:00,2025-10-14T21:23:57+00:00,,v11.5.10,2025-10-21T12:08:30+00:00,266.889224537037,low
96820,2024-11-21T10:26:04+00:00,2025-10-14T21:26:01+00:00,,v11.5.10,2025-10-21T12:08:30+00:00,334.0711342592593,low
103375,2025-04-03T14:53:09+00:00,2025-10-14T21:27:00+00:00,,v11.5.10,2025-10-21T12:08:30+00:00,200.88565972222221,low
107527,2025-07-02T14:30:30+00:00,2025-10-14T21:29:32+00:00,,v11.5.10,2025-10-21T12:08:30+00:00,110.90138888888889,low
83031,2024-02-18T11:26:06+00:00,2025-10-14T21:35:44+00:00,,v11.5.10,2025-10-21T12:08:30+00:00,611.0294444444445,low
100476,2025-02-12T01:14:28+00:00,2025-10-14T21:37:57+00:00,,v11.5.10,2025-10-21T12:08:30+00:00,251.4541898148148,low
105948,2025-05-23T12:09:26+00:00,2025-10-14T21:38:48+00:00,,v11.5.10,2025-10-21T12:08:30+00:00,150.99935185185186,low
72480,2023-07-27T21:13:25+00:00,2025-10-15T02:07:47+00:00,,v11.5.10,2025-10-21T12:08:30+00:00,816.6215856481482,low
89988,2024-07-03T10:35:06+00:00,2025-10-15T02:08:13+00:00,,v11.5.10,2025-10-21T12:08:30+00:00,475.0648611111111,low
91802,2024-07-31T16:57:53+00:00,2025-10-15T02:08:18+00:00,,v11.5.10,2025-10-21T12:08:30+00:00,446.79903935185183,low
112298,2025-10-10T16:09:02+00:00,2025-10-15T12:44:53+00:00,,v11.5.10,2025-10-21T12:08:30+00:00,10.832962962962963,low
112436,2025-10-15T14:19:55+00:00,2025-10-16T09:38:31+00:00,,v11.5.10,2025-10-21T12:08:30+00:00,5.908738425925926,low
99225,2025-01-19T01:14:06+00:00,2025-10-16T20:08:19+00:00,1fc94ea41b2369139e36bdaff815ea95636e66a9,v11.5.10,2025-10-21T12:08:30+00:00,275.45444444444445,low
107202,2025-06-25T15:09:32+00:00,2025-10-17T14:03:47+00:00,,v11.5.10,2025-10-21T12:08:30+00:00,117.8742824074074,low
112506,2025-10-16T09:52:07+00:00,2025-10-17T14:50:40+00:00,,v11.5.10,2025-10-21T12:08:30+00:00,5.094710648148149,low
95201,2024-10-22T17:52:28+00:00,2025-10-17T19:36:39+00:00,,v11.5.10,2025-10-21T12:08:30+00:00,363.7611342592593,low
92215,2024-08-21T14:12:08+00:00,2025-10-19T02:15:02+00:00,,v11.5.10,2025-10-21T12:08:30+00:00,425.91414351851853,low
92351,2024-08-23T08:49:43+00:00,2025-10-19T02:15:05+00:00,,v11.5.10,2025-10-21T12:08:30+00:00,424.1380439814815,low
92355,2024-08-23T10:21:01+00:00,2025-10-19T02:15:07+00:00,,v11.5.10,2025-10-21T12:08:30+00:00,424.0746412037037,low
92767,2024-08-30T14:35:48+00:00,2025-10-19T02:15:14+00:00,,v11.5.10,2025-10-21T12:08:30+00:00,416.89770833333336,low
92905,2024-09-04T09:03:50+00:00,2025-10-19T02:15:16+00:00,,v11.5.10,2025-10-21T12:08:30+00:00,412.12824074074075,low
92962,2024-09-05T07:31:46+00:00,2025-10-19T02:15:19+00:00,,v11.5.10,2025-10-21T12:08:30+00:00,411.19217592592594,low
92977,2024-09-05T12:04:25+00:00,2025-10-19T02:15:21+00:00,,v11.5.10,2025-10-21T12:08:30+00:00,411.00283564814816,low
93367,2024-09-16T03:39:41+00:00,2025-10-19T02:15:31+00:00,,v11.5.10,2025-10-21T12:08:30+00:00,400.3533449074074,low
93373,2024-09-16T20:07:28+00:00,2025-10-19T02:15:32+00:00,,v11.5.10,2025-10-21T12:08:30+00:00,399.6673842592593,low
92851,2024-09-03T09:33:22+00:00,2025-10-20T02:13:20+00:00,,v11.5.10,2025-10-21T12:08:30+00:00,413.1077314814815,low
92889,2024-09-03T18:25:00+00:00,2025-10-20T02:13:23+00:00,,v11.5.10,2025-10-21T12:08:30+00:00,412.73854166666666,low
92894,2024-09-03T22:27:00+00:00,2025-10-20T02:13:24+00:00,,v11.5.10,2025-10-21T12:08:30+00:00,412.5704861111111,low
93412,2024-09-18T02:17:28+00:00,2025-10-20T02:13:34+00:00,,v11.5.10,2025-10-21T12:08:30+00:00,398.4104398148148,low
93461,2024-09-19T05:58:06+00:00,2025-10-20T02:13:37+00:00,,v11.5.10,2025-10-21T12:08:30+00:00,397.2572222222222,low
106249,2025-06-01T10:09:40+00:00,2025-10-20T08:53:09+00:00,,v11.5.10,2025-10-21T12:08:30+00:00,142.08252314814814,low
106745,2025-06-14T20:51:05+00:00,2025-10-20T08:58:22+00:00,,v11.5.10,2025-10-21T12:08:30+00:00,128.6370949074074,low
111959,2025-10-02T18:19:13+00:00,2025-10-20T14:08:07+00:00,,v11.5.10,2025-10-21T12:08:30+00:00,18.74255787037037,low
94861,2024-10-17T11:38:42+00:00,2025-10-21T13:28:06+00:00,,v12.1.3,2025-10-21T14:17:46+00:00,369.11046296296297,low
93546,2024-09-20T15:39:47+00:00,2025-10-22T02:11:27+00:00,,v12.2.1+security-01,2025-11-19T14:34:56+00:00,424.9549652777778,low
112181,2025-10-08T19:52:43+00:00,2025-10-22T07:48:28+00:00,,v12.2.1+security-01,2025-11-19T14:34:56+00:00,41.77931712962963,low
111862,2025-10-01T02:17:05+00:00,2025-10-22T13:43:54+00:00,,v12.2.1+security-01,2025-11-19T14:34:56+00:00,49.512395833333336,low
112473,2025-10-15T18:31:42+00:00,2025-10-23T09:59:57+00:00,876bfeb9ad71de1c9f684259a9b9f55b50f5af6b,v12.3.0,2025-11-19T15:15:43+00:00,34.86390046296296,medium
112323,2025-10-13T10:14:19+00:00,2025-10-23T13:53:45+00:00,,v12.2.1+security-01,2025-11-19T14:34:56+00:00,37.180983796296296,low
112511,2025-10-16T12:16:38+00:00,2025-10-24T12:40:58+00:00,027eeb99e1e95ebc1593831689198e8487db19d0,v12.3.0,2025-11-19T15:15:43+00:00,34.12436342592593,medium
112837,2025-10-23T07:35:05+00:00,2025-10-24T14:24:21+00:00,,v12.2.1+security-01,2025-11-19T14:34:56+00:00,27.2915625,low
112753,2025-10-21T17:42:07+00:00,2025-10-24T19:59:03+00:00,,v12.2.1+security-01,2025-11-19T14:34:56+00:00,28.870011574074073,low
81955,2024-02-06T12:30:59+00:00,2025-10-25T02:06:08+00:00,,v12.2.1+security-01,2025-11-19T14:34:56+00:00,652.0860763888888,low
66354,2023-04-12T10:13:25+00:00,2025-10-26T02:11:57+00:00,,v12.2.1+security-01,2025-11-19T14:34:56+00:00,952.1816087962962,low
93688,2024-09-24T15:39:06+00:00,2025-10-26T02:12:34+00:00,,v12.2.1+security-01,2025-11-19T14:34:56+00:00,420.95543981481484,low
93715,2024-09-25T05:38:43+00:00,2025-10-26T02:12:37+00:00,,v12.2.1+security-01,2025-11-19T14:34:56+00:00,420.3723726851852,low
109218,2025-08-05T22:57:24+00:00,2025-10-27T14:59:35+00:00,,v12.2.1+security-01,2025-11-19T14:34:56+00:00,105.65106481481482,low
112842,2025-10-23T08:51:07+00:00,2025-10-28T06:32:37+00:00,,v12.2.1+security-01,2025-11-19T14:34:56+00:00,27.238761574074076,low
106037,2025-05-27T05:02:57+00:00,2025-10-28T10:48:45+00:00,e9fd4ba3ed8f93616b2ea69ae6fc03e965d0411f,v12.2.1+security-01,2025-11-19T14:34:56+00:00,176.39721064814816,low
111709,2025-09-27T23:29:11+00:00,2025-10-28T20:37:30+00:00,237ab6c1b40d8d0f207449e218b59e15ea76dbc2,v12.3.0,2025-11-19T15:15:43+00:00,52.65731481481482,medium
78466,2023-11-21T13:34:20+00:00,2025-10-29T02:12:54+00:00,,v12.2.1+security-01,2025-11-19T14:34:56+00:00,729.0420833333334,low
111930,2025-10-02T11:14:04+00:00,2025-10-29T02:26:43+00:00,,v12.2.1+security-01,2025-11-19T14:34:56+00:00,48.13949074074074,low
109463,2025-08-11T12:49:10+00:00,2025-10-29T09:13:28+00:00,,v12.2.1+security-01,2025-11-19T14:34:56+00:00,100.07344907407408,low
94800,2024-10-16T09:14:58+00:00,2025-10-29T10:08:21+00:00,,v12.2.1+security-01,2025-11-19T14:34:56+00:00,399.22219907407407,low
113011,2025-10-25T00:05:24+00:00,2025-10-29T10:59:00+00:00,86cb5d8af739745a1173496ba76a545efd45dfd8,v12.3.0,2025-11-19T15:15:43+00:00,25.632164351851852,medium
113041,2025-10-27T13:15:43+00:00,2025-10-30T09:08:12+00:00,,v12.2.1+security-01,2025-11-19T14:34:56+00:00,23.055011574074076,low
112075,2025-10-06T17:17:05+00:00,2025-10-30T11:55:08+00:00,5f2074e84ce339de098e1afa40a8c2487e242e04,v12.3.0,2025-11-19T15:15:43+00:00,43.91571759259259,medium
110828,2025-09-09T14:51:01+00:00,2025-10-31T06:05:40+00:00,,v12.2.1+security-01,2025-11-19T14:34:56+00:00,70.98883101851852,low
112797,2025-10-22T10:45:57+00:00,2025-10-31T11:46:01+00:00,,v12.2.1+security-01,2025-11-19T14:34:56+00:00,28.159016203703704,low
95723,2024-11-01T10:16:10+00:00,2025-10-31T15:55:03+00:00,,v12.2.1+security-01,2025-11-19T14:34:56+00:00,383.17969907407405,low
93841,2024-09-26T15:52:04+00:00,2025-11-01T02:12:54+00:00,,v12.2.1+security-01,2025-11-19T14:34:56+00:00,418.9464351851852,low
93900,2024-09-27T10:08:52+00:00,2025-11-01T02:12:56+00:00,,v12.2.1+security-01,2025-11-19T14:34:56+00:00,418.1847685185185,low
94015,2024-09-30T15:09:54+00:00,2025-11-01T02:12:59+00:00,,v12.2.1+security-01,2025-11-19T14:34:56+00:00,414.9757175925926,low
94044,2024-10-01T06:21:15+00:00,2025-11-01T02:13:01+00:00,,v12.2.1+security-01,2025-11-19T14:34:56+00:00,414.34283564814814,low
94047,2024-10-01T08:39:30+00:00,2025-11-01T02:13:02+00:00,,v12.2.1+security-01,2025-11-19T14:34:56+00:00,414.2468287037037,low
88882,2024-06-07T00:25:22+00:00,2025-11-02T02:14:07+00:00,,v12.2.1+security-01,2025-11-19T14:34:56+00:00,530.5899768518518,low
93310,2024-09-13T09:42:02+00:00,2025-11-02T02:14:21+00:00,,v12.2.1+security-01,2025-11-19T14:34:56+00:00,432.2034027777778,low
107086,2025-06-23T18:35:06+00:00,2025-11-03T17:18:03+00:00,,v12.2.1+security-01,2025-11-19T14:34:56+00:00,148.8332175925926,low
109098,2025-08-02T18:49:31+00:00,2025-11-04T14:40:16+00:00,,v12.2.1+security-01,2025-11-19T14:34:56+00:00,108.82320601851852,low
55856,2022-09-27T16:40:03+00:00,2025-11-04T16:08:41+00:00,2e80e6a05278a62d55014a5500753a9145eaafbb,v12.2.1+security-01,2025-11-19T14:34:56+00:00,1148.913113425926,low
99334,2025-01-21T17:04:39+00:00,2025-11-04T16:10:52+00:00,,v12.2.1+security-01,2025-11-19T14:34:56+00:00,301.8960300925926,low
110736,2025-09-06T15:47:03+00:00,2025-11-04T22:57:07+00:00,,v12.2.1+security-01,2025-11-19T14:34:56+00:00,73.94991898148149,low
106065,2025-05-27T11:54:41+00:00,2025-11-05T11:42:31+00:00,,v12.2.1+security-01,2025-11-19T14:34:56+00:00,176.11128472222222,low
113398,2025-11-04T12:17:23+00:00,2025-11-05T17:07:43+00:00,,v12.2.1+security-01,2025-11-19T14:34:56+00:00,15.095520833333333,low
111527,2025-09-24T08:10:02+00:00,2025-11-05T21:45:01+00:00,70fcd166feaba61295d2c9816a301e893a539583,v12.1.3,2025-10-21T14:17:46+00:00,27.255370370370372,medium
112566,2025-10-17T08:10:40+00:00,2025-11-06T10:27:28+00:00,,v12.2.1+security-01,2025-11-19T14:34:56+00:00,33.266851851851854,low
92136,2024-08-20T13:48:13+00:00,2025-11-06T11:56:26+00:00,,v12.2.1+security-01,2025-11-19T14:34:56+00:00,456.03244212962966,low
110520,2025-09-03T12:58:13+00:00,2025-11-06T16:18:39+00:00,,v12.2.1+security-01,2025-11-19T14:34:56+00:00,77.06716435185186,low
75491,2023-09-26T18:17:42+00:00,2025-11-07T02:10:39+00:00,,v12.2.1+security-01,2025-11-19T14:34:56+00:00,784.8453009259259,low
94330,2024-10-07T14:25:25+00:00,2025-11-07T02:11:33+00:00,,v12.2.1+security-01,2025-11-19T14:34:56+00:00,408.0066087962963,low
95964,2024-11-06T14:15:23+00:00,2025-11-07T02:34:42+00:00,,v12.2.1+security-01,2025-11-19T14:34:56+00:00,378.0135763888889,low
113422,2025-11-04T20:19:49+00:00,2025-11-07T13:16:42+00:00,,v12.2.1+security-01,2025-11-19T14:34:56+00:00,14.760497685185186,low
113476,2025-11-05T22:00:45+00:00,2025-11-07T16:03:31+00:00,,v12.2.1+security-01,2025-11-19T14:34:56+00:00,13.690405092592593,low
94054,2024-10-01T09:38:31+00:00,2025-11-08T02:06:43+00:00,,v12.2.1+security-01,2025-11-19T14:34:56+00:00,414.2058449074074,low
94374,2024-10-08T06:58:51+00:00,2025-11-08T02:06:49+00:00,,v12.2.1+security-01,2025-11-19T14:34:56+00:00,407.31672453703703,low
92335,2024-08-22T22:48:21+00:00,2025-11-09T02:13:44+00:00,,v12.2.1+security-01,2025-11-19T14:34:56+00:00,453.657349537037,low
93953,2024-09-28T07:17:39+00:00,2025-11-09T02:13:56+00:00,,v12.2.1+security-01,2025-11-19T14:34:56+00:00,417.3036689814815,low
94477,2024-10-09T13:44:51+00:00,2025-11-09T02:14:03+00:00,,v12.2.1+security-01,2025-11-19T14:34:56+00:00,406.0347800925926,low
94493,2024-10-09T16:02:53+00:00,2025-11-09T02:14:04+00:00,,v12.2.1+security-01,2025-11-19T14:34:56+00:00,405.93892361111114,low
91580,2024-08-06T15:15:40+00:00,2025-11-10T02:14:23+00:00,,v12.2.1+security-01,2025-11-19T14:34:56+00:00,469.97171296296295,low
94451,2024-10-09T07:27:31+00:00,2025-11-10T02:14:49+00:00,,v12.2.1+security-01,2025-11-19T14:34:56+00:00,406.29681712962963,low
94573,2024-10-10T17:54:10+00:00,2025-11-10T02:14:50+00:00,,v12.2.1+security-01,2025-11-19T14:34:56+00:00,404.8616435185185,low
107350,2025-06-27T19:29:56+00:00,2025-11-10T19:41:40+00:00,,v12.2.1+security-01,2025-11-19T14:34:56+00:00,144.79513888888889,low
94056,2024-10-01T09:49:30+00:00,2025-11-11T02:12:21+00:00,,v12.2.1+security-01,2025-11-19T14:34:56+00:00,414.1982175925926,low
111610,2025-09-25T13:03:52+00:00,2025-11-12T14:15:45+00:00,6c512dabdcfa83537101cf5f4536f5244ed4206d,v12.2.1+security-01,2025-11-19T14:34:56+00:00,55.06324074074074,low
92844,2024-09-03T07:23:09+00:00,2025-11-13T02:13:07+00:00,,v12.2.1+security-01,2025-11-19T14:34:56+00:00,442.29984953703706,low
103516,2025-04-07T10:08:58+00:00,2025-11-13T15:16:22+00:00,ae8a8cf16e36a229fa09944a3a3320a401d5d57e,v12.2.1+security-01,2025-11-19T14:34:56+00:00,226.18469907407408,low
94666,2024-10-14T06:11:13+00:00,2025-11-14T02:12:31+00:00,,v12.2.1+security-01,2025-11-19T14:34:56+00:00,401.34980324074075,low
110713,2025-09-05T17:24:20+00:00,2025-11-14T09:27:20+00:00,,v12.2.1+security-01,2025-11-19T14:34:56+00:00,74.88236111111111,low
113754,2025-11-12T13:48:29+00:00,2025-11-14T15:39:37+00:00,,v12.2.1+security-01,2025-11-19T14:34:56+00:00,7.032256944444445,low
90579,2024-07-18T05:58:17+00:00,2025-11-15T02:09:30+00:00,,v12.2.1+security-01,2025-11-19T14:34:56+00:00,489.3587847222222,low
90580,2024-07-18T06:07:29+00:00,2025-11-15T02:09:32+00:00,,v12.2.1+security-01,2025-11-19T14:34:56+00:00,489.35239583333333,low
94601,2024-10-11T10:12:56+00:00,2025-11-15T02:09:55+00:00,b76c1815fab8241d7492757cf272dea0d10b62d6,v12.2.1+security-01,2025-11-19T14:34:56+00:00,404.18194444444447,low
94715,2024-10-15T10:26:10+00:00,2025-11-15T02:09:56+00:00,,v12.2.1+security-01,2025-11-19T14:34:56+00:00,400.17275462962965,low
94724,2024-10-15T13:00:06+00:00,2025-11-15T02:09:57+00:00,,v12.2.1+security-01,2025-11-19T14:34:56+00:00,400.0658564814815,low
90233,2024-07-09T15:24:11+00:00,2025-11-16T02:15:23+00:00,,v12.2.1+security-01,2025-11-19T14:34:56+00:00,497.9657986111111,low
91369,2024-08-01T05:51:55+00:00,2025-11-16T02:15:25+00:00,,v12.2.1+security-01,2025-11-19T14:34:56+00:00,475.3632060185185,low
92575,2024-08-28T10:41:18+00:00,2025-11-16T02:15:33+00:00,,v12.2.1+security-01,2025-11-19T14:34:56+00:00,448.1622453703704,low
93471,2024-09-19T09:31:48+00:00,2025-11-16T02:15:41+00:00,,v12.2.1+security-01,2025-11-19T14:34:56+00:00,426.21050925925925,low
94794,2024-10-16T07:01:39+00:00,2025-11-16T02:15:50+00:00,,v12.2.1+security-01,2025-11-19T14:34:56+00:00,399.31478009259257,low
111056,2025-09-13T10:30:46+00:00,2025-11-17T08:23:19+00:00,,v12.2.1+security-01,2025-11-19T14:34:56+00:00,67.16956018518519,low
106235,2025-05-30T09:23:10+00:00,2025-11-18T09:40:57+00:00,,v12.2.1+security-01,2025-11-19T14:34:56+00:00,173.21650462962964,low
113081,2025-10-28T10:01:45+00:00,2025-11-18T11:58:47+00:00,,v12.2.1+security-01,2025-11-19T14:34:56+00:00,22.189710648148147,low
113943,2025-11-14T14:22:37+00:00,2025-11-18T12:21:12+00:00,,v12.2.1+security-01,2025-11-19T14:34:56+00:00,5.008553240740741,low
95002,2024-10-18T19:28:42+00:00,2025-11-19T02:11:44+00:00,,v12.2.1+security-01,2025-11-19T14:34:56+00:00,396.79599537037035,low
113755,2025-11-12T13:55:37+00:00,2025-11-19T14:38:33+00:00,,v12.1.3+security-01,2025-11-19T14:43:13+00:00,7.033055555555555,low
92897,2024-09-04T05:13:53+00:00,2025-11-19T17:08:09+00:00,,v11.6.9,2025-12-16T18:22:28+00:00,468.5476273148148,low
114132,2025-11-19T01:37:45+00:00,2025-11-19T17:33:12+00:00,,v11.6.9,2025-12-16T18:22:28+00:00,27.697719907407407,low
110260,2025-08-28T07:39:55+00:00,2025-11-19T20:38:25+00:00,,v11.6.9,2025-12-16T18:22:28+00:00,110.44621527777778,low
112921,2025-10-24T08:28:15+00:00,2025-11-19T23:31:23+00:00,,v11.6.9,2025-12-16T18:22:28+00:00,53.412650462962965,low
112263,2025-10-10T09:18:18+00:00,2025-11-20T02:06:01+00:00,,v11.6.9,2025-12-16T18:22:28+00:00,67.37789351851852,low
113357,2025-11-03T14:03:56+00:00,2025-11-20T14:15:53+00:00,,v11.6.9,2025-12-16T18:22:28+00:00,43.179537037037036,low
113676,2025-11-10T15:55:47+00:00,2025-11-20T18:05:24+00:00,,v11.6.9,2025-12-16T18:22:28+00:00,36.10186342592593,low
102002,2025-03-12T08:26:18+00:00,2025-11-20T18:49:48+00:00,6f9c867660c4b76941fe090d01a86a2446719714,v11.6.9,2025-12-16T18:22:28+00:00,279.41400462962963,low
114284,2025-11-21T07:07:08+00:00,2025-11-21T12:09:23+00:00,,v11.6.9,2025-12-16T18:22:28+00:00,25.46898148148148,low
100785,2025-02-15T16:20:43+00:00,2025-11-21T20:54:13+00:00,,v11.6.9,2025-12-16T18:22:28+00:00,304.08454861111113,low
90542,2024-07-17T14:57:28+00:00,2025-11-21T20:59:38+00:00,,v11.6.9,2025-12-16T18:22:28+00:00,517.1423611111111,low
93827,2024-09-26T13:55:41+00:00,2025-11-22T02:08:21+00:00,,v11.6.9,2025-12-16T18:22:28+00:00,446.1852662037037,low
95057,2024-10-21T13:20:25+00:00,2025-11-22T02:08:29+00:00,,v11.6.9,2025-12-16T18:22:28+00:00,421.20975694444445,low
95136,2024-10-22T10:00:49+00:00,2025-11-22T02:08:32+00:00,,v11.6.9,2025-12-16T18:22:28+00:00,420.34836805555557,low
93369,2024-09-16T11:06:23+00:00,2025-11-23T02:16:22+00:00,,v11.6.9,2025-12-16T18:22:28+00:00,456.3028356481482,low
95222,2024-10-23T07:45:27+00:00,2025-11-23T02:16:32+00:00,,v11.6.9,2025-12-16T18:22:28+00:00,419.4423726851852,low
95249,2024-10-23T11:56:21+00:00,2025-11-23T02:16:34+00:00,,v11.6.9,2025-12-16T18:22:28+00:00,419.26813657407405,low
95291,2024-10-23T19:11:41+00:00,2025-11-23T02:16:38+00:00,,v11.6.9,2025-12-16T18:22:28+00:00,418.96582175925926,low
48014,2022-04-20T23:51:50+00:00,2025-11-24T11:43:14+00:00,,v11.6.9,2025-12-16T18:22:28+00:00,1335.771273148148,low
55938,2022-09-28T14:49:09+00:00,2025-11-24T11:48:29+00:00,,v11.6.9,2025-12-16T18:22:28+00:00,1175.148136574074,low
75145,2022-11-15T11:24:02+00:00,2025-11-24T11:50:11+00:00,,v11.6.9,2025-12-16T18:22:28+00:00,1127.2905787037037,low
108209,2025-07-17T08:37:53+00:00,2025-11-24T13:28:09+00:00,,v11.6.9,2025-12-16T18:22:28+00:00,152.40596064814815,low
66355,2023-04-12T10:19:17+00:00,2025-11-24T13:43:47+00:00,,v11.6.9,2025-12-16T18:22:28+00:00,979.3355439814815,low
66650,2023-04-17T08:27:44+00:00,2025-11-24T13:46:18+00:00,,v11.6.9,2025-12-16T18:22:28+00:00,974.4130092592593,low
104482,2025-04-24T17:16:30+00:00,2025-11-24T14:43:03+00:00,,v11.6.9,2025-12-16T18:22:28+00:00,236.0458101851852,low
88474,2024-05-30T07:39:02+00:00,2025-11-24T14:50:51+00:00,,v11.6.9,2025-12-16T18:22:28+00:00,565.4468287037037,low
69248,2023-05-30T10:59:02+00:00,2025-11-24T14:59:47+00:00,,v11.6.9,2025-12-16T18:22:28+00:00,931.3079398148149,low
112914,2025-10-24T03:42:26+00:00,2025-11-24T20:33:01+00:00,,v11.6.9,2025-12-16T18:22:28+00:00,53.61113425925926,low
114337,2025-11-22T08:29:32+00:00,2025-11-25T01:42:05+00:00,,v11.6.9,2025-12-16T18:22:28+00:00,24.41175925925926,low
65741,2023-03-31T18:37:42+00:00,2025-11-25T02:12:11+00:00,,v11.6.9,2025-12-16T18:22:28+00:00,990.9894212962963,low
92739,2024-08-30T09:25:59+00:00,2025-11-25T02:12:38+00:00,,v11.6.9,2025-12-16T18:22:28+00:00,473.3725578703704,low
104049,2025-04-15T14:25:39+00:00,2025-11-25T13:33:52+00:00,c42d6a53a6f7fcb41f8a9ac9d4778fcc801f0578,v11.6.9,2025-12-16T18:22:28+00:00,245.1644560185185,low
95371,2024-10-24T20:21:54+00:00,2025-11-26T02:13:03+00:00,,v11.6.9,2025-12-16T18:22:28+00:00,417.91706018518516,low
95428,2024-10-25T16:11:30+00:00,2025-11-26T02:13:06+00:00,,v11.6.9,2025-12-16T18:22:28+00:00,417.09094907407405,low
100714,2025-02-14T10:44:27+00:00,2025-11-26T11:00:17+00:00,291e3ea9cfe2ca0826c57c3ebe9e93149106ae13,v11.6.9,2025-12-16T18:22:28+00:00,305.31806712962964,low
54574,2022-09-01T11:52:50+00:00,2025-11-27T02:10:24+00:00,,v11.6.9,2025-12-16T18:22:28+00:00,1202.2705787037037,low
75711,2023-09-29T01:23:40+00:00,2025-11-27T02:10:34+00:00,4deea25308f967c0e96b4feb85edbd5c9fc5b7b7,v11.6.9,2025-12-16T18:22:28+00:00,809.7075,low
114529,2025-11-27T09:45:37+00:00,2025-11-27T09:50:28+00:00,,v11.6.9,2025-12-16T18:22:28+00:00,19.358923611111113,low
97916,2024-12-13T09:44:01+00:00,2025-11-27T10:38:56+00:00,,v11.6.9,2025-12-16T18:22:28+00:00,368.3600347222222,low
108340,2025-07-18T17:43:52+00:00,2025-11-27T11:05:16+00:00,,v11.6.9,2025-12-16T18:22:28+00:00,151.02680555555557,low
114235,2025-11-20T13:45:56+00:00,2025-11-28T13:21:35+00:00,,v11.6.9,2025-12-16T18:22:28+00:00,26.192037037037036,low
94171,2024-10-02T21:10:47+00:00,2025-11-29T02:10:36+00:00,,v11.6.9,2025-12-16T18:22:28+00:00,439.8831134259259,low
95478,2024-10-28T11:02:02+00:00,2025-11-29T02:10:43+00:00,,v11.6.9,2025-12-16T18:22:28+00:00,414.3058564814815,low
95482,2024-10-28T11:55:45+00:00,2025-11-29T02:10:46+00:00,,v11.6.9,2025-12-16T18:22:28+00:00,414.26855324074074,low
95519,2024-10-28T17:52:58+00:00,2025-11-29T02:10:48+00:00,,v11.6.9,2025-12-16T18:22:28+00:00,414.0204861111111,low
93017,2024-09-06T01:53:21+00:00,2025-11-30T02:15:57+00:00,,v11.6.9,2025-12-16T18:22:28+00:00,466.6868865740741,low
93463,2024-09-19T07:27:38+00:00,2025-11-30T02:16:01+00:00,,v11.6.9,2025-12-16T18:22:28+00:00,453.45474537037035,low
93939,2024-09-27T17:38:38+00:00,2025-11-30T02:16:04+00:00,,v11.6.9,2025-12-16T18:22:28+00:00,445.0304398148148,low
94362,2024-10-08T00:50:05+00:00,2025-11-30T02:16:06+00:00,,v11.6.9,2025-12-16T18:22:28+00:00,434.73082175925924,low
95031,2024-10-21T08:19:08+00:00,2025-11-30T02:16:09+00:00,,v11.6.9,2025-12-16T18:22:28+00:00,421.41898148148147,low
95309,2024-10-23T23:52:43+00:00,2025-11-30T02:16:12+00:00,,v11.6.9,2025-12-16T18:22:28+00:00,418.7706597222222,low
95379,2024-10-25T08:04:28+00:00,2025-11-30T02:16:14+00:00,,v11.6.9,2025-12-16T18:22:28+00:00,417.4291666666667,low
95545,2024-10-29T10:23:31+00:00,2025-11-30T02:16:18+00:00,,v11.6.9,2025-12-16T18:22:28+00:00,413.33260416666667,low
79218,2023-12-07T12:55:21+00:00,2025-12-01T02:16:30+00:00,,v11.6.9,2025-12-16T18:22:28+00:00,740.2271643518518,low
114414,2025-11-25T14:56:17+00:00,2025-12-01T05:24:05+00:00,,v11.6.9,2025-12-16T18:22:28+00:00,21.14318287037037,low
105967,2025-05-23T16:50:32+00:00,2025-12-01T10:18:53+00:00,,v11.6.9,2025-12-16T18:22:28+00:00,207.06384259259258,low
103059,2025-03-28T23:08:15+00:00,2025-12-01T10:21:26+00:00,,v11.6.9,2025-12-16T18:22:28+00:00,262.80153935185183,low
96252,2024-11-12T07:09:03+00:00,2025-12-01T12:18:27+00:00,,v11.6.9,2025-12-16T18:22:28+00:00,399.467650462963,low
114234,2025-11-20T13:43:20+00:00,2025-12-02T13:12:03+00:00,,v11.6.9,2025-12-16T18:22:28+00:00,26.193842592592592,low
114279,2025-11-21T03:10:24+00:00,2025-12-02T13:44:56+00:00,,v11.6.9,2025-12-16T18:22:28+00:00,25.63337962962963,low
113377,2025-11-04T00:54:46+00:00,2025-12-02T13:50:42+00:00,1b10581c636acba0c5fb40b5e79c69220b843821,v11.6.9,2025-12-16T18:22:28+00:00,42.72756944444444,low
95747,2024-11-01T21:20:02+00:00,2025-12-03T02:14:10+00:00,,v11.6.9,2025-12-16T18:22:28+00:00,409.8766898148148,low
107313,2025-06-27T13:29:58+00:00,2025-12-03T09:19:23+00:00,,v11.6.9,2025-12-16T18:22:28+00:00,172.203125,low
114708,2025-12-02T14:01:00+00:00,2025-12-03T11:29:54+00:00,,v11.6.9,2025-12-16T18:22:28+00:00,14.181574074074074,low
101949,2025-03-11T14:58:22+00:00,2025-12-03T11:33:50+00:00,b74465e4280e4552def390ec34a1a17ed259a5ce,v11.6.9,2025-12-16T18:22:28+00:00,280.14173611111113,low
107476,2025-07-01T18:02:48+00:00,2025-12-03T11:57:49+00:00,,v11.6.9,2025-12-16T18:22:28+00:00,168.0136574074074,low
114544,2025-11-27T13:42:13+00:00,2025-12-03T13:32:30+00:00,d04f51f7ed2081e1787a54f60a26f234dc24f61b,v11.6.9,2025-12-16T18:22:28+00:00,19.194618055555555,low
114615,2025-12-01T00:54:00+00:00,2025-12-03T13:51:32+00:00,,v11.6.9,2025-12-16T18:22:28+00:00,15.728101851851852,low
114214,2025-11-20T07:47:30+00:00,2025-12-03T13:51:48+00:00,,v11.6.9,2025-12-16T18:22:28+00:00,26.440949074074073,low
93261,2024-09-12T11:11:59+00:00,2025-12-03T14:33:17+00:00,,v11.6.9,2025-12-16T18:22:28+00:00,460.29894675925925,low
114406,2025-11-25T13:26:43+00:00,2025-12-03T16:13:08+00:00,,v11.6.9,2025-12-16T18:22:28+00:00,21.205381944444444,low
114814,2025-12-04T00:07:49+00:00,2025-12-04T00:15:58+00:00,,v11.6.9,2025-12-16T18:22:28+00:00,12.760173611111112,low
108288,2025-07-18T02:48:34+00:00,2025-12-04T12:34:54+00:00,,v11.6.9,2025-12-16T18:22:28+00:00,151.64854166666666,low
113376,2025-11-04T00:50:50+00:00,2025-12-04T12:48:57+00:00,ff4228bd58aeb76158d8a76983a55014f08886b3,v11.6.9,2025-12-16T18:22:28+00:00,42.730300925925924,low
113874,2025-11-13T21:22:57+00:00,2025-12-04T17:21:28+00:00,,v11.6.9,2025-12-16T18:22:28+00:00,32.874664351851855,low
69848,2023-06-09T12:16:18+00:00,2025-12-05T02:13:43+00:00,,v11.6.9,2025-12-16T18:22:28+00:00,921.2542824074075,low
95367,2024-10-24T17:44:17+00:00,2025-12-05T02:14:35+00:00,,v11.6.9,2025-12-16T18:22:28+00:00,418.0265162037037,low
95789,2024-11-04T15:21:58+00:00,2025-12-05T02:14:40+00:00,,v11.6.9,2025-12-16T18:22:28+00:00,407.1253472222222,low
113378,2025-11-04T00:58:10+00:00,2025-12-05T12:25:58+00:00,,v11.6.9,2025-12-16T18:22:28+00:00,42.725208333333335,low
114377,2025-11-24T23:52:02+00:00,2025-12-05T15:14:04+00:00,,v11.6.9,2025-12-16T18:22:28+00:00,21.77113425925926,low
114726,2025-12-02T18:56:39+00:00,2025-12-05T19:42:07+00:00,,v11.6.9,2025-12-16T18:22:28+00:00,13.976261574074075,low
91811,2024-08-12T16:33:40+00:00,2025-12-07T02:15:56+00:00,,v11.6.9,2025-12-16T18:22:28+00:00,491.0755555555556,low
95479,2024-10-28T11:18:34+00:00,2025-12-07T02:16:07+00:00,,v11.6.9,2025-12-16T18:22:28+00:00,414.294375,low
95816,2024-11-05T08:03:22+00:00,2025-12-07T02:16:09+00:00,,v11.6.9,2025-12-16T18:22:28+00:00,406.42993055555553,low
95886,2024-11-05T16:26:19+00:00,2025-12-07T02:16:12+00:00,,v11.6.9,2025-12-16T18:22:28+00:00,406.0806597222222,low
95922,2024-11-05T23:16:22+00:00,2025-12-07T02:16:13+00:00,,v11.6.9,2025-12-16T18:22:28+00:00,405.79590277777777,low
95450,2024-10-27T12:48:06+00:00,2025-12-08T02:14:41+00:00,,v11.6.9,2025-12-16T18:22:28+00:00,415.23219907407406,low
96024,2024-11-07T12:06:07+00:00,2025-12-08T02:14:46+00:00,,v11.6.9,2025-12-16T18:22:28+00:00,404.26135416666665,low
57560,2022-10-24T19:05:16+00:00,2025-12-08T15:08:44+00:00,4e0fa12ac76b992bdb785c4f893767f949afaa04,v11.6.9,2025-12-16T18:22:28+00:00,1148.9702777777777,low
59539,2022-11-30T10:07:54+00:00,2025-12-08T16:22:49+00:00,,v11.6.9,2025-12-16T18:22:28+00:00,1112.343449074074,low
113491,2025-11-06T07:58:55+00:00,2025-12-08T16:52:02+00:00,15c93100abd9358292b2c5d97da2c78e284983b4,v11.6.9,2025-12-16T18:22:28+00:00,40.43302083333333,low
96155,2024-11-08T22:06:34+00:00,2025-12-09T02:14:38+00:00,,v11.6.9,2025-12-16T18:22:28+00:00,402.844375,low
114683,2025-12-02T08:28:47+00:00,2025-12-09T08:02:55+00:00,,v11.6.9,2025-12-16T18:22:28+00:00,14.412280092592592,low
110753,2025-09-08T10:08:53+00:00,2025-12-09T09:14:39+00:00,,v11.6.9,2025-12-16T18:22:28+00:00,99.3427662037037,low
114383,2025-11-25T09:02:04+00:00,2025-12-09T09:20:56+00:00,,v11.6.9,2025-12-16T18:22:28+00:00,21.389166666666668,low
110011,2025-08-22T05:54:48+00:00,2025-12-09T09:36:54+00:00,,v11.6.9,2025-12-16T18:22:28+00:00,116.51921296296297,low
114973,2025-12-08T16:08:02+00:00,2025-12-09T12:52:44+00:00,,v11.6.9,2025-12-16T18:22:28+00:00,8.093356481481482,low
114867,2025-12-04T19:11:16+00:00,2025-12-09T14:59:22+00:00,,v11.6.9,2025-12-16T18:22:28+00:00,11.966111111111111,low
95452,2024-10-27T15:32:39+00:00,2025-12-10T02:15:35+00:00,,v11.6.9,2025-12-16T18:22:28+00:00,415.11792824074075,low
96178,2024-11-09T13:44:56+00:00,2025-12-10T02:15:38+00:00,,v11.6.9,2025-12-16T18:22:28+00:00,402.1927314814815,low
115013,2025-12-09T14:53:40+00:00,2025-12-11T06:26:37+00:00,,v11.6.9,2025-12-16T18:22:28+00:00,7.145,low
110544,2025-09-03T16:40:24+00:00,2025-12-11T14:53:37+00:00,,v11.6.9,2025-12-16T18:22:28+00:00,104.07087962962963,low
113300,2025-10-31T14:45:58+00:00,2025-12-11T22:54:08+00:00,,v11.6.9,2025-12-16T18:22:28+00:00,46.15034722222222,low
96191,2024-11-11T03:00:32+00:00,2025-12-12T02:16:05+00:00,,v11.6.9,2025-12-16T18:22:28+00:00,400.64023148148146,low
96198,2024-11-11T06:50:33+00:00,2025-12-12T02:16:07+00:00,,v11.6.9,2025-12-16T18:22:28+00:00,400.4804976851852,low
96201,2024-11-11T08:17:02+00:00,2025-12-12T02:16:09+00:00,,v11.6.9,2025-12-16T18:22:28+00:00,400.4204398148148,low
115067,2025-12-10T06:52:41+00:00,2025-12-12T08:51:55+00:00,,v11.6.9,2025-12-16T18:22:28+00:00,6.479016203703703,low
115027,2025-12-09T16:14:54+00:00,2025-12-12T12:12:48+00:00,,v11.6.9,2025-12-16T18:22:28+00:00,7.088587962962963,low
115231,2025-12-12T14:18:55+00:00,2025-12-12T15:18:10+00:00,eab5d2b30ef443870167a7ec34ba3d2b603a8aef,v11.6.9,2025-12-16T18:22:28+00:00,4.169131944444445,low
115228,2025-12-12T14:00:09+00:00,2025-12-12T15:36:33+00:00,b40d0e6ff4c3b02a9c8be9b75282f2c2e2b1fe35,v11.6.9,2025-12-16T18:22:28+00:00,4.182164351851852,low
115213,2025-12-12T10:56:17+00:00,2025-12-12T18:14:57+00:00,b29e8ccb457f53dc920132f432d7b8c2a30db5e4,v11.6.9,2025-12-16T18:22:28+00:00,4.309849537037037,low
115264,2025-12-12T16:53:59+00:00,2025-12-12T18:54:29+00:00,,v11.6.9,2025-12-16T18:22:28+00:00,4.061446759259259,low
115260,2025-12-12T16:45:21+00:00,2025-12-12T21:09:40+00:00,,v11.6.9,2025-12-16T18:22:28+00:00,4.0674421296296295,low
115236,2025-12-12T14:24:48+00:00,2025-12-12T21:39:45+00:00,,v11.6.9,2025-12-16T18:22:28+00:00,4.165046296296296,low
115269,2025-12-12T17:54:18+00:00,2025-12-12T21:39:45+00:00,,v11.6.9,2025-12-16T18:22:28+00:00,4.019560185185185,low
59674,2022-12-01T19:00:20+00:00,2025-12-14T02:15:38+00:00,,v11.6.9,2025-12-16T18:22:28+00:00,1110.9737037037037,low
77531,2023-11-01T22:07:15+00:00,2025-12-14T02:15:48+00:00,,v11.6.9,2025-12-16T18:22:28+00:00,775.843900462963,low
96253,2024-11-12T07:12:16+00:00,2025-12-14T02:16:25+00:00,,v11.6.9,2025-12-16T18:22:28+00:00,399.46541666666667,low
96417,2024-11-14T00:45:02+00:00,2025-12-14T02:16:34+00:00,,v11.6.9,2025-12-16T18:22:28+00:00,397.7343287037037,low
93419,2024-09-18T09:27:44+00:00,2025-12-15T02:15:54+00:00,,v11.6.9,2025-12-16T18:22:28+00:00,454.3713425925926,low
93447,2024-09-18T15:49:05+00:00,2025-12-15T02:15:56+00:00,,v11.6.9,2025-12-16T18:22:28+00:00,454.1065162037037,low
93628,2024-09-23T18:20:20+00:00,2025-12-15T02:15:57+00:00,,v11.6.9,2025-12-16T18:22:28+00:00,449.0014814814815,low
96361,2024-11-13T08:49:53+00:00,2025-12-15T02:16:04+00:00,,v11.6.9,2025-12-16T18:22:28+00:00,398.3976273148148,low
111626,2025-09-25T14:32:03+00:00,2025-12-15T09:41:26+00:00,4149767391a7855faa881743a6d85a3adca160f7,v11.6.9,2025-12-16T18:22:28+00:00,82.16001157407408,low
115233,2025-12-12T14:23:18+00:00,2025-12-15T10:05:37+00:00,,v11.6.9,2025-12-16T18:22:28+00:00,4.166087962962963,low
115262,2025-12-12T16:48:19+00:00,2025-12-15T10:05:58+00:00,,v11.6.9,2025-12-16T18:22:28+00:00,4.065381944444445,low
115232,2025-12-12T14:18:56+00:00,2025-12-15T11:28:30+00:00,1e031db60752dd3c93acd989d58dd6b98f1ccaa2,v11.6.9,2025-12-16T18:22:28+00:00,4.16912037037037,low
115083,2025-12-10T12:42:13+00:00,2025-12-15T12:12:12+00:00,,v11.6.9,2025-12-16T18:22:28+00:00,6.236284722222222,low
115238,2025-12-12T14:29:35+00:00,2025-12-15T12:15:52+00:00,62cab8bd63f71b3820efae4478647ac5e4988a3d,v11.6.9,2025-12-16T18:22:28+00:00,4.161724537037037,low
115230,2025-12-12T14:12:05+00:00,2025-12-15T12:50:13+00:00,ca0c09cb73788f750ad933a93184c4aa3f9b35a6,v11.6.9,2025-12-16T18:22:28+00:00,4.173877314814815,low
115322,2025-12-15T10:57:00+00:00,2025-12-15T13:36:20+00:00,,v11.6.9,2025-12-16T18:22:28+00:00,1.3093518518518519,low
113878,2025-11-13T21:44:06+00:00,2025-12-16T10:02:42+00:00,,v11.6.9,2025-12-16T18:22:28+00:00,32.859976851851854,low
115299,2025-12-14T16:39:47+00:00,2025-12-16T10:44:00+00:00,,v11.6.9,2025-12-16T18:22:28+00:00,2.0713078703703705,low
115320,2025-12-15T10:48:36+00:00,2025-12-16T14:31:26+00:00,,v11.6.9,2025-12-16T18:22:28+00:00,1.3151851851851852,low
115315,2025-12-15T10:17:02+00:00,2025-12-16T21:39:23+00:00,dfd396b06ce427e385b6d3ae687c00a467d13bb6,v12.3.1,2025-12-16T21:58:21+00:00,1.487025462962963,low
96582,2024-11-15T19:36:27+00:00,2025-12-17T02:14:13+00:00,,,,,low
96592,2024-11-16T02:21:48+00:00,2025-12-17T02:14:16+00:00,,,,,low
98169,2024-12-18T10:45:56+00:00,2025-12-17T09:33:34+00:00,,,,,low
115319,2025-12-15T10:48:31+00:00,2025-12-17T16:44:35+00:00,,,,,low
96599,2024-11-17T08:22:58+00:00,2025-12-18T02:14:42+00:00,,,,,low
115309,2025-12-15T08:50:17+00:00,2025-12-18T09:32:09+00:00,,,,,low
106058,2025-05-27T10:41:40+00:00,2025-12-18T10:26:35+00:00,,,,,low
114532,2025-11-27T10:28:28+00:00,2025-12-18T10:27:04+00:00,,,,,low
110596,2025-09-04T12:48:28+00:00,2025-12-18T12:05:01+00:00,,,,,low
108492,2025-07-22T23:27:06+00:00,2025-12-18T12:05:17+00:00,,,,,low
105969,2025-05-23T17:59:20+00:00,2025-12-18T12:05:28+00:00,,,,,low
113723,2025-11-11T21:47:53+00:00,2025-12-18T14:38:18+00:00,f1b19dd9faccc5e868c18c5ae7def8cea7438dd8,,,,medium
115328,2025-12-15T11:23:28+00:00,2025-12-18T14:59:28+00:00,4bcd31b17acb8f6d8af55452078a914863077282,,,,medium
115298,2025-12-14T11:32:59+00:00,2025-12-18T15:30:11+00:00,,,,,low
106645,2025-06-12T15:46:38+00:00,2025-12-18T21:43:45+00:00,,,,,low
115405,2025-12-16T11:00:51+00:00,2025-12-18T22:11:11+00:00,,,,,low
115084,2025-12-10T12:48:52+00:00,2025-12-19T12:48:55+00:00,,,,,low
114530,2025-11-27T09:53:46+00:00,2025-12-19T15:11:33+00:00,,,,,low
115621,2025-12-19T13:25:52+00:00,2025-12-19T15:38:23+00:00,aa69d97f1eb6a871fa1d7dc3d82f207c1754652d,,,,medium
76770,2023-10-18T16:49:00+00:00,2025-12-20T02:11:45+00:00,,,,,low
96657,2024-11-19T09:37:31+00:00,2025-12-20T02:12:16+00:00,,,,,low
96679,2024-11-19T13:57:00+00:00,2025-12-20T02:12:18+00:00,,,,,low
96733,2024-11-20T03:53:16+00:00,2025-12-21T02:15:48+00:00,,,,,low
96756,2024-11-20T12:56:26+00:00,2025-12-21T02:15:51+00:00,,,,,low
77449,2023-10-31T14:54:06+00:00,2025-12-22T02:15:29+00:00,,,,,low
96828,2024-11-21T11:32:55+00:00,2025-12-22T02:16:01+00:00,,,,,low
114255,2025-11-20T17:13:39+00:00,2025-12-23T10:23:17+00:00,096208202ebab02f8842ae08803b1df724dcedfc,,,,medium
68672,2023-05-18T07:54:33+00:00,2025-12-26T02:15:13+00:00,,,,,low
88944,2024-06-07T19:03:05+00:00,2025-12-26T02:15:37+00:00,,,,,low
49621,2022-05-25T14:38:21+00:00,2025-12-26T17:03:19+00:00,,,,,low
78449,2023-11-21T10:37:47+00:00,2025-12-27T02:14:41+00:00,,,,,low
81800,2024-02-02T14:30:17+00:00,2025-12-27T02:14:45+00:00,,,,,low
96950,2024-11-22T23:13:46+00:00,2025-12-27T02:15:03+00:00,32e5139ce73cd426715e40a4f1de704e53c7eba8,,,,medium
72860,2023-08-03T21:09:31+00:00,2025-12-28T02:15:54+00:00,,,,,low
95388,2024-10-25T09:49:49+00:00,2025-12-28T02:16:19+00:00,,,,,low
97094,2024-11-27T10:21:31+00:00,2025-12-28T02:16:27+00:00,,,,,low
115307,2025-12-15T08:30:08+00:00,2025-12-29T09:29:52+00:00,,,,,low
115359,2025-12-15T15:22:49+00:00,2025-12-29T18:11:46+00:00,,,,,low
108033,2025-07-11T15:26:04+00:00,2025-12-29T18:58:30+00:00,,,,,low
115349,2025-12-15T14:08:17+00:00,2025-12-30T19:27:39+00:00,014d4758c68a091de9ce4e553c46933e4d057163,,,,medium
97200,2024-11-29T15:10:49+00:00,2026-01-01T02:16:19+00:00,,,,,low
97218,2024-11-30T10:03:04+00:00,2026-01-01T02:16:21+00:00,,,,,low
97287,2024-12-02T17:03:46+00:00,2026-01-02T02:16:06+00:00,,,,,low
114838,2025-12-04T12:53:36+00:00,2026-01-02T07:15:42+00:00,,,,,low
113332,2025-11-02T16:44:19+00:00,2026-01-03T19:48:19+00:00,,,,,low
97322,2024-12-03T07:50:38+00:00,2026-01-04T02:16:23+00:00,,,,,low
97352,2024-12-03T13:39:44+00:00,2026-01-04T02:16:25+00:00,,,,,low
97393,2024-12-04T11:56:35+00:00,2026-01-04T02:16:31+00:00,,,,,low
97494,2024-12-05T17:14:01+00:00,2026-01-05T02:16:28+00:00,,,,,low
97496,2024-12-05T17:27:22+00:00,2026-01-05T02:16:29+00:00,,,,,low
114576,2025-11-28T10:37:30+00:00,2026-01-05T10:24:42+00:00,,,,,low
96065,2024-11-07T21:28:52+00:00,2026-01-05T14:56:23+00:00,5698f2d03994ea2e5531e8be9a0f464b354c7420,,,,medium
66238,2023-04-11T07:50:31+00:00,2026-01-05T16:19:31+00:00,46d12d7c88c37c177b9aab585f3cf399a5a18bc5,,,,medium
111525,2025-09-24T06:10:25+00:00,2026-01-05T17:46:15+00:00,,,,,low
109320,2025-08-07T07:42:01+00:00,2026-01-05T20:02:46+00:00,e57853849f53277cb21d814439169d26f6a98055,,,,medium
114531,2025-11-27T10:11:51+00:00,2026-01-06T10:29:54+00:00,217427e072cde0a81641a0b2b7d7c893fce7f638,,,,medium
114325,2025-11-21T20:02:10+00:00,2026-01-06T12:47:54+00:00,5fe192a893e24fe7350762795b3a66b07711cb28,,,,medium
115416,2025-12-16T13:47:06+00:00,2026-01-06T16:54:13+00:00,,,,,low
97533,2024-12-06T06:16:55+00:00,2026-01-07T02:15:51+00:00,,,,,low
114943,2025-12-06T10:50:41+00:00,2026-01-07T08:48:25+00:00,,,,,low
114671,2025-12-01T20:05:18+00:00,2026-01-07T12:31:30+00:00,,,,,low
115542,2025-12-18T11:42:25+00:00,2026-01-07T16:05:55+00:00,e116254f32d6df67a220787c2f2fa350a2cdf015,,,,medium
114346,2025-11-24T09:47:30+00:00,2026-01-07T19:24:22+00:00,00b89b0d29c5616da5ef7e2254371d85277012fe,,,,medium
85292,2024-03-27T15:52:55+00:00,2026-01-08T02:15:47+00:00,,,,,low
115436,2025-12-16T17:37:23+00:00,2026-01-08T15:12:03+00:00,ed8d0ba8d730a43b718b06770e04975eea4e5ba9,,,,medium
92231,2024-08-21T16:02:08+00:00,2026-01-09T02:15:45+00:00,,,,,low
112189,2025-10-09T00:18:42+00:00,2026-01-09T04:28:32+00:00,,,,,low
115080,2025-12-10T11:41:25+00:00,2026-01-09T10:57:17+00:00,,,,,low
110848,2025-09-09T22:32:50+00:00,2026-01-09T10:57:41+00:00,,,,,low
113171,2025-10-29T14:07:52+00:00,2026-01-09T11:24:19+00:00,,,,,low
112186,2025-10-08T20:51:42+00:00,2026-01-09T21:53:58+00:00,,,,,low
97614,2024-12-09T03:03:26+00:00,2026-01-10T02:15:23+00:00,,,,,low
94049,2024-10-01T09:01:42+00:00,2026-01-12T02:16:03+00:00,,,,,low
97760,2024-12-10T17:22:52+00:00,2026-01-12T02:16:12+00:00,,,,,low
97826,2024-12-12T10:08:45+00:00,2026-01-12T02:16:14+00:00,,,,,low
97858,2024-12-12T14:37:03+00:00,2026-01-12T02:16:17+00:00,,,,,low
114638,2025-12-01T13:07:12+00:00,2026-01-12T23:13:27+00:00,,,,,low
98822,2025-01-10T15:16:20+00:00,2026-01-13T08:46:08+00:00,220c29de89b93b1ad96bab44308c5fece22ed670,,,,medium
97731,2024-12-10T12:09:32+00:00,2026-01-14T02:16:22+00:00,,,,,low
97864,2024-12-12T15:50:57+00:00,2026-01-15T02:15:53+00:00,,,,,low
114213,2025-11-20T07:46:59+00:00,2026-01-15T11:23:16+00:00,,,,,low
114387,2025-11-25T09:32:29+00:00,2026-01-15T17:01:33+00:00,,,,,low
97994,2024-12-16T02:59:47+00:00,2026-01-16T02:15:56+00:00,,,,,low
97996,2024-12-16T07:14:59+00:00,2026-01-16T02:15:57+00:00,,,,,low
98000,2024-12-16T07:55:50+00:00,2026-01-16T02:15:59+00:00,,,,,low
98032,2024-12-16T13:12:26+00:00,2026-01-16T02:16:00+00:00,,,,,low
64692,2023-03-13T14:55:11+00:00,2026-01-17T02:14:33+00:00,,,,,low
69512,2023-06-03T00:36:38+00:00,2026-01-17T02:14:34+00:00,,,,,low
96378,2024-11-13T10:58:48+00:00,2026-01-18T02:16:26+00:00,,,,,low
98137,2024-12-17T19:00:15+00:00,2026-01-18T02:16:37+00:00,,,,,low
98180,2024-12-18T12:09:57+00:00,2026-01-18T02:16:39+00:00,,,,,low
105247,2025-05-12T10:32:37+00:00,2026-01-18T16:08:06+00:00,,,,,low
98222,2024-12-18T20:00:14+00:00,2026-01-19T02:16:19+00:00,,,,,low
115081,2025-12-10T12:39:11+00:00,2026-01-19T10:26:39+00:00,,,,,low
98305,2024-12-20T09:34:23+00:00,2026-01-21T02:16:41+00:00,,,,,low
98327,2024-12-20T15:42:10+00:00,2026-01-21T02:16:43+00:00,,,,,low
98341,2024-12-21T12:15:02+00:00,2026-01-21T02:16:45+00:00,,,,,low
96235,2024-11-11T15:58:51+00:00,2026-01-22T02:16:17+00:00,,,,,low
102900,2025-03-26T15:14:43+00:00,2026-01-22T11:33:57+00:00,,,,,low
114967,2025-12-08T14:42:51+00:00,2026-01-22T16:38:22+00:00,d7e4efffb92757073ba75da57beb6b6da4ed8f92,,,,medium
106250,2025-06-01T11:41:03+00:00,2026-01-22T19:20:22+00:00,,,,,low
91853,2024-08-13T17:38:45+00:00,2026-01-22T21:48:15+00:00,,,,,low
97223,2024-12-01T19:09:41+00:00,2026-01-22T22:26:22+00:00,,,,,low
99250,2025-01-20T11:58:07+00:00,2026-01-22T22:29:21+00:00,440e860960d543b320b2d54a1b9d506f2d2c8e3d,,,,medium
106695,2025-06-13T07:55:44+00:00,2026-01-22T22:37:49+00:00,,,,,low
95763,2024-11-03T10:36:30+00:00,2026-01-22T22:39:43+00:00,,,,,low
113988,2025-11-15T05:34:08+00:00,2026-01-22T22:45:22+00:00,,,,,low
113051,2025-10-27T17:27:43+00:00,2026-01-23T12:45:48+00:00,184875e591a20749c397e23b705f2cf5f8e5230f,,,,medium
114606,2025-11-29T14:08:11+00:00,2026-01-23T17:33:26+00:00,,,,,low
106381,2025-06-05T16:15:10+00:00,2026-01-25T21:48:20+00:00,,,,,low
108105,2025-07-15T08:52:05+00:00,2026-01-25T21:56:11+00:00,,,,,low
106130,2025-05-28T09:38:45+00:00,2026-01-25T21:57:44+00:00,,,,,low
114512,2025-11-26T18:33:23+00:00,2026-01-26T08:21:28+00:00,,,,,low
114045,2025-11-17T18:38:44+00:00,2026-01-26T14:56:39+00:00,,,,,low
107802,2025-07-08T19:23:39+00:00,2026-01-27T11:50:01+00:00,,,,,low
115259,2025-12-12T16:42:35+00:00,2026-01-27T12:01:22+00:00,6b34e16d5b93968fde8621041eadbbe291097fbb,,,,medium
114971,2025-12-08T15:53:55+00:00,2026-01-27T13:32:59+00:00,,,,,low
108744,2025-07-27T19:08:17+00:00,2026-01-27T15:24:10+00:00,,,,,low
114457,2025-11-26T01:28:33+00:00,2026-01-27T15:32:38+00:00,,,,,low
98386,2024-12-27T12:57:57+00:00,2026-01-28T02:16:51+00:00,,,,,low
112874,2025-10-23T13:54:38+00:00,2026-01-28T11:34:58+00:00,,,,,low
105817,2025-05-22T09:37:34+00:00,2026-01-28T22:41:42+00:00,,,,,low
100716,2025-02-14T11:12:41+00:00,2026-01-29T16:33:59+00:00,,,,,low
97983,2024-12-13T22:02:33+00:00,2026-01-30T02:17:55+00:00,,,,,low
104508,2025-04-25T02:34:50+00:00,2026-01-30T12:10:44+00:00,,,,,low
114884,2025-12-04T22:56:42+00:00,2026-01-30T17:19:49+00:00,,,,,low
98432,2025-01-01T23:22:17+00:00,2026-02-01T02:18:20+00:00,,,,,low
98440,2025-01-02T10:50:12+00:00,2026-02-02T02:17:59+00:00,,,,,low
98454,2025-01-02T16:29:28+00:00,2026-02-02T02:18:01+00:00,,,,,low
113508,2025-11-06T11:27:50+00:00,2026-02-02T06:34:02+00:00,,,,,low
114930,2025-12-05T18:52:59+00:00,2026-02-02T16:41:40+00:00,,,,,low
98909,2025-01-13T21:06:40+00:00,2026-02-02T20:41:51+00:00,,,,,low
96908,2024-11-22T11:25:03+00:00,2026-02-02T20:50:58+00:00,,,,,low
94568,2024-10-10T16:53:53+00:00,2026-02-03T02:17:44+00:00,,,,,low
97663,2024-12-09T15:19:00+00:00,2026-02-03T02:17:54+00:00,,,,,low
98103,2024-12-17T13:30:54+00:00,2026-02-03T02:17:56+00:00,,,,,low
98233,2024-12-19T09:28:23+00:00,2026-02-03T02:17:58+00:00,,,,,low
93231,2024-09-11T14:12:24+00:00,2026-02-03T11:53:32+00:00,,,,,low
112249,2025-10-09T22:57:05+00:00,2026-02-03T14:22:53+00:00,,,,,low
114727,2025-12-02T19:24:09+00:00,2026-02-03T22:08:36+00:00,,,,,low
113531,2025-11-06T16:03:00+00:00,2026-02-04T12:09:24+00:00,,,,,low
114287,2025-11-21T09:55:10+00:00,2026-02-04T16:35:42+00:00,,,,,low
113435,2025-11-05T09:32:25+00:00,2026-02-05T13:50:50+00:00,,,,,low
96649,2024-11-18T23:56:16+00:00,2026-02-06T02:18:03+00:00,,,,,low
98517,2025-01-06T10:37:08+00:00,2026-02-06T02:18:18+00:00,,,,,low
98542,2025-01-06T18:09:06+00:00,2026-02-06T02:18:19+00:00,,,,,low
107935,2025-07-09T23:33:46+00:00,2026-02-06T20:19:33+00:00,,,,,low
94510,2024-10-09T20:28:28+00:00,2026-02-07T02:17:17+00:00,,,,,low
98503,2025-01-05T15:15:39+00:00,2026-02-08T02:18:46+00:00,18103b650fa4afee736754e383f4f66886371d0e,v11.4.3,2025-03-25T20:32:03+00:00,79.21972222222222,medium
98709,2025-01-08T23:40:50+00:00,2026-02-08T02:18:56+00:00,,,,,low
80850,2024-01-19T02:28:05+00:00,2026-02-09T02:17:49+00:00,,,,,low
95903,2024-11-05T17:43:44+00:00,2026-02-09T02:18:13+00:00,,,,,low
98711,2025-01-09T04:11:07+00:00,2026-02-09T02:18:24+00:00,,,,,low
97059,2024-11-26T15:50:48+00:00,2026-02-09T08:45:36+00:00,,,,,low
113692,2025-11-11T08:08:35+00:00,2026-02-09T22:51:32+00:00,,,,,low
79475,2023-12-13T16:42:14+00:00,2026-02-10T02:17:55+00:00,,,,,low
94620,2024-10-11T13:35:18+00:00,2026-02-10T02:18:15+00:00,,,,,low
98787,2025-01-10T09:41:24+00:00,2026-02-10T02:18:25+00:00,,,,,low
98790,2025-01-10T10:06:47+00:00,2026-02-10T02:18:27+00:00,,,,,low
98811,2025-01-10T13:29:43+00:00,2026-02-10T02:18:28+00:00,,,,,low
115552,2025-12-15T10:23:03+00:00,2026-02-10T15:20:58+00:00,40a2c69117f3f5beef40480106f9b5d143bcedab,,,,medium
115626,2025-12-19T14:07:33+00:00,2026-02-12T10:09:15+00:00,,,,,low
108248,2025-07-17T14:51:04+00:00,2026-02-12T16:09:35+00:00,,,,,low
96915,2024-11-22T12:52:06+00:00,2026-02-13T02:18:04+00:00,,,,,low
113153,2025-10-29T09:46:37+00:00,2026-02-13T15:41:07+00:00,80e4df752827ac2cf8120d08e0b23d3d204fac93,,,,medium
98864,2025-01-13T10:11:14+00:00,2026-02-14T02:17:50+00:00,dff52bd2367adad713b5c9edadc5164ca583543e,,,,medium
109161,2025-08-04T23:44:57+00:00,2026-02-14T14:54:09+00:00,,,,,low
113043,2025-10-27T13:53:48+00:00,2026-02-14T14:55:15+00:00,,,,,low
94948,2024-10-18T10:20:40+00:00,2026-02-15T02:17:47+00:00,,,,,low
97977,2024-12-13T18:56:31+00:00,2026-02-15T02:17:59+00:00,,,,,low
99013,2025-01-15T12:53:05+00:00,2026-02-16T02:18:19+00:00,,,,,low
99047,2025-01-16T00:22:14+00:00,2026-02-16T02:18:23+00:00,,,,,low
69453,2023-06-02T12:58:38+00:00,2026-02-17T02:17:27+00:00,,,,,low
75141,2023-09-20T08:43:30+00:00,2026-02-17T02:17:33+00:00,,,,,low
89722,2024-06-25T19:21:59+00:00,2026-02-17T02:18:00+00:00,,,,,low
113719,2025-11-11T18:34:08+00:00,2026-02-17T21:39:52+00:00,,,,,low
112255,2025-10-10T04:44:18+00:00,2026-02-17T21:53:28+00:00,,,,,low
111332,2025-09-18T19:34:21+00:00,2026-02-17T21:59:05+00:00,,,,,low
62881,2023-02-03T15:06:27+00:00,2026-02-18T02:17:16+00:00,,,,,low
96381,2024-11-13T11:30:36+00:00,2026-02-18T03:15:00+00:00,,,,,low
81240,2024-01-25T09:40:34+00:00,2026-02-19T11:43:42+00:00,b82cd4d0e0dfdda5a0e932485fa6ae11ddd4d492,,,,medium
111467,2025-09-23T10:15:38+00:00,2026-02-19T17:46:13+00:00,dbeb865fb64e0d6458ed308fee47b3150d2b31eb,,,,medium
95769,2024-11-04T08:52:49+00:00,2026-02-19T23:51:56+00:00,,,,,low
93992,2024-09-30T10:30:47+00:00,2026-02-20T02:17:40+00:00,,,,,low
95946,2024-11-06T11:21:47+00:00,2026-02-20T02:17:44+00:00,,,,,low
96202,2024-11-11T09:44:35+00:00,2026-02-20T02:17:47+00:00,,,,,low
99261,2025-01-20T13:05:37+00:00,2026-02-20T02:17:58+00:00,,,,,low
96563,2024-11-15T15:12:00+00:00,2026-02-20T19:26:49+00:00,,,,,low
99338,2025-01-21T18:06:37+00:00,2026-02-21T02:16:51+00:00,,,,,low
99344,2025-01-21T21:40:43+00:00,2026-02-22T02:17:51+00:00,,,,,low
99379,2025-01-22T14:49:27+00:00,2026-02-22T02:17:53+00:00,,,,,low
99477,2025-01-23T19:18:41+00:00,2026-02-23T02:18:05+00:00,,,,,low
99485,2025-01-23T22:42:41+00:00,2026-02-23T02:18:07+00:00,,,,,low
112509,2025-10-16T11:30:51+00:00,2026-02-23T13:39:00+00:00,,,,,low
94176,2024-10-02T22:25:05+00:00,2026-02-24T02:17:41+00:00,,,,,low
96044,2024-11-07T15:53:19+00:00,2026-02-24T02:17:45+00:00,,,,,low
99531,2025-01-24T23:50:22+00:00,2026-02-24T02:17:56+00:00,,,,,low
89889,2024-07-01T07:23:29+00:00,2026-02-25T02:17:36+00:00,,,,,low
95758,2024-11-02T18:04:43+00:00,2026-02-25T02:17:42+00:00,,,,,low
112432,2025-10-15T13:20:13+00:00,2026-02-26T16:50:46+00:00,f77470e4ba243b16032d647bf98cdb1c8d2c1bae,,,,medium
114806,2025-12-03T21:57:16+00:00,2026-02-28T11:58:11+00:00,,,,,low
99659,2025-01-28T13:52:22+00:00,2026-03-01T02:17:52+00:00,,,,,low
99677,2025-01-28T15:38:13+00:00,2026-03-01T02:17:56+00:00,,,,,low
99685,2025-01-28T16:17:58+00:00,2026-03-01T02:17:57+00:00,,,,,low
95634,2024-10-30T21:26:16+00:00,2026-03-02T02:17:16+00:00,,,,,low
97597,2024-12-06T19:31:16+00:00,2026-03-02T02:17:20+00:00,,,,,low
48032,2022-04-21T07:45:54+00:00,2026-03-03T14:22:51+00:00,,,,,low
109870,2025-08-19T15:18:01+00:00,2026-03-03T15:49:54+00:00,,,,,low
105216,2025-05-11T21:55:25+00:00,2026-03-03T15:54:38+00:00,,,,,low
99872,2025-01-31T10:10:05+00:00,2026-03-04T02:17:41+00:00,,,,,low
107539,2025-07-02T19:00:38+00:00,2026-03-04T13:58:08+00:00,,,,,low
105392,2025-05-14T12:18:17+00:00,2026-03-04T19:38:58+00:00,7eb8ef5d9d83997891a192871836164e9032e5b0,,,,medium
97636,2024-12-09T11:35:01+00:00,2026-03-05T02:17:33+00:00,,,,,low
98657,2025-01-08T03:11:23+00:00,2026-03-06T02:41:47+00:00,,,,,low
99967,2025-02-03T13:15:51+00:00,2026-03-07T02:16:53+00:00,,,,,low
46273,2022-03-06T17:29:06+00:00,2026-03-09T02:17:12+00:00,,,,,low
88440,2024-05-29T15:49:19+00:00,2026-03-09T02:17:37+00:00,,,,,low
97187,2024-11-29T10:33:14+00:00,2026-03-09T02:17:48+00:00,,,,,low
100150,2025-01-31T20:07:48+00:00,2026-03-09T02:17:55+00:00,,,,,low
100032,2025-02-04T08:41:32+00:00,2026-03-09T02:17:57+00:00,,,,,low
113846,2025-11-13T13:51:57+00:00,2026-03-09T10:50:53+00:00,,,,,low
114144,2025-11-19T09:44:05+00:00,2026-03-09T11:28:18+00:00,,,,,low
115385,2025-12-16T02:30:52+00:00,2026-03-09T11:57:26+00:00,,,,,low
113389,2025-11-04T09:29:30+00:00,2026-03-09T13:40:26+00:00,,,,,low
103325,2025-04-03T03:34:54+00:00,2026-03-09T15:45:43+00:00,,,,,medium
110401,2025-09-01T10:13:34+00:00,2026-03-09T17:20:45+00:00,,,,,low
103452,2025-04-04T11:45:20+00:00,2026-03-10T13:26:25+00:00,,,,,low
114468,2025-11-26T10:47:41+00:00,2026-03-11T10:59:42+00:00,632791f79eaf937de4f680c363e2d3b107f9ef90,,,,medium
115608,2025-12-19T05:58:33+00:00,2026-03-11T20:32:32+00:00,29e28550926dc057adb67d19f92c9d44aedfea74,,,,medium
83320,2024-02-23T16:09:29+00:00,2026-03-12T09:07:39+00:00,,,,,low
112743,2025-10-21T16:22:23+00:00,2026-03-13T11:21:03+00:00,,,,,low
112608,2025-10-17T20:39:18+00:00,2026-03-13T11:23:11+00:00,,,,,low
110111,2025-08-25T13:55:28+00:00,2026-03-13T11:29:21+00:00,,,,,low
99838,2025-01-30T17:40:31+00:00,2026-03-13T12:25:18+00:00,,,,,low
95920,2024-11-05T22:32:59+00:00,2026-03-13T15:27:12+00:00,,,,,low
100332,2025-02-10T04:29:37+00:00,2026-03-14T02:17:39+00:00,,,,,low
100377,2025-02-10T16:56:18+00:00,2026-03-14T02:17:43+00:00,,,,,low
95396,2024-10-25T11:35:59+00:00,2026-03-14T13:19:57+00:00,,,,,low
62914,2023-02-03T21:13:48+00:00,2026-03-15T02:18:11+00:00,,,,,low
80822,2024-01-18T15:37:29+00:00,2026-03-15T02:18:23+00:00,,,,,low
97384,2024-12-04T01:40:23+00:00,2026-03-15T02:18:41+00:00,,,,,low
100323,2025-02-08T17:43:37+00:00,2026-03-15T02:18:47+00:00,,,,,low
99817,2025-01-30T15:32:07+00:00,2026-03-16T02:18:50+00:00,,,,,low
100110,2025-02-05T10:21:33+00:00,2026-03-16T02:18:54+00:00,,,,,low
113829,2025-11-13T10:57:57+00:00,2026-03-16T12:30:55+00:00,,,,,low
89666,2024-06-25T10:23:06+00:00,2026-03-17T19:12:16+00:00,,,,,low
100601,2025-02-13T13:05:06+00:00,2026-03-17T19:30:12+00:00,,,,,low
100588,2025-02-13T11:06:21+00:00,2026-03-18T02:18:15+00:00,,,,,low
100709,2025-02-14T10:10:09+00:00,2026-03-18T02:18:16+00:00,,,,,low
109177,2025-08-05T09:28:38+00:00,2026-03-18T16:49:17+00:00,,,,,low
100079,2025-02-04T16:58:48+00:00,2026-03-19T02:17:44+00:00,,,,,low
80755,2024-01-17T18:03:16+00:00,2026-03-22T02:17:24+00:00,,,,,low
97457,2024-12-05T09:14:52+00:00,2026-03-22T02:18:12+00:00,,,,,low
100944,2025-02-19T06:48:14+00:00,2026-03-22T02:18:45+00:00,,,,,low
100948,2025-02-19T09:20:11+00:00,2026-03-22T02:18:47+00:00,,,,,low
100952,2025-02-19T09:42:46+00:00,2026-03-22T02:18:49+00:00,,,,,low
101037,2025-02-20T09:34:30+00:00,2026-03-23T02:17:57+00:00,,,,,low
101087,2025-02-20T16:53:42+00:00,2026-03-23T02:17:58+00:00,,,,,low
103207,2025-04-01T15:01:16+00:00,2026-03-24T12:44:29+00:00,,,,,low
101113,2025-02-21T06:21:54+00:00,2026-03-25T02:18:05+00:00,,,,,low
101117,2025-02-21T07:59:23+00:00,2026-03-25T02:18:06+00:00,,,,,low
101120,2025-02-21T08:51:18+00:00,2026-03-25T02:18:08+00:00,e625d5da7bd585cb4cd712ac19d1e0141dc0d569,,,,medium
100511,2025-02-12T13:44:18+00:00,2026-03-27T02:18:27+00:00,,,,,low
100792,2025-02-16T08:01:26+00:00,2026-03-27T02:18:30+00:00,,,,,low
101226,2025-02-24T15:33:14+00:00,2026-03-27T02:18:33+00:00,,,,,low
101288,2025-02-25T11:42:16+00:00,2026-03-28T02:18:47+00:00,,,,,low
65628,2023-03-30T15:12:43+00:00,2026-03-29T02:18:00+00:00,,,,,low
90483,2024-07-16T10:19:58+00:00,2026-03-29T02:18:16+00:00,,,,,low
101332,2025-02-26T04:45:54+00:00,2026-03-29T02:18:43+00:00,,,,,low
101356,2025-02-26T14:04:03+00:00,2026-03-29T02:18:46+00:00,,,,,low
88364,2024-05-28T08:48:58+00:00,2026-03-30T20:59:24+00:00,853f33c8351e202f1285646d9b9f2c2e19631dbf,,,,medium
92817,2024-09-02T14:10:17+00:00,2026-03-31T19:31:33+00:00,,,,,low
105257,2025-05-12T11:27:34+00:00,2026-04-01T01:39:23+00:00,,,,,low
97610,2024-12-07T19:21:56+00:00,2026-04-01T02:02:02+00:00,,,,,low
101445,2025-02-28T07:04:17+00:00,2026-04-01T02:18:59+00:00,,,,,low
76375,2023-10-11T15:05:04+00:00,2026-04-03T02:17:33+00:00,,,,,low
100966,2025-02-19T13:05:44+00:00,2026-04-03T02:18:06+00:00,caf524b7a6465bc8392d8ac937279e03c6dc12c2,,,,medium
101505,2025-03-03T09:33:28+00:00,2026-04-04T02:17:59+00:00,,,,,low
101518,2025-03-03T14:22:01+00:00,2026-04-04T02:18:00+00:00,,,,,low
101655,2025-03-05T20:50:25+00:00,2026-04-05T02:18:51+00:00,,,,,low
104438,2025-04-24T07:13:20+00:00,2026-04-05T10:51:24+00:00,,,,,low
96923,2024-11-22T14:37:28+00:00,2026-04-06T14:48:51+00:00,,,,,low
101810,2025-03-07T15:28:59+00:00,2026-04-07T02:18:42+00:00,,,,,low
101836,2025-03-07T22:15:33+00:00,2026-04-07T02:18:43+00:00,,,,,low
115334,2025-12-15T05:39:57+00:00,2026-04-07T09:13:45+00:00,14a9f54595c0c220374397df5cc7096d3681e222,,,,medium
97626,2024-12-09T10:15:22+00:00,2026-04-08T16:07:49+00:00,,,,,medium
111916,2025-10-02T00:56:34+00:00,2026-04-09T08:08:19+00:00,,,,,low
114145,2025-11-19T09:47:48+00:00,2026-04-10T13:18:14+00:00,,,,,low
102063,2025-03-12T20:03:33+00:00,2026-04-12T02:19:35+00:00,,,,,low
69051,2023-05-25T08:57:44+00:00,2026-04-14T02:18:34+00:00,,,,,low
96970,2024-11-25T09:02:16+00:00,2026-04-14T02:19:03+00:00,,,,,low
102179,2025-03-14T09:14:50+00:00,2026-04-14T02:19:30+00:00,,,,,low
102205,2025-03-14T14:36:54+00:00,2026-04-14T02:19:31+00:00,da871eea3c12d050adee04f297c28b86f0abdc49,,,,medium
102219,2025-03-14T16:16:27+00:00,2026-04-14T02:19:33+00:00,23ea2f39e23869e06e553ecf1a1c6192ac3f8b7c,,,,medium
102242,2025-03-14T20:01:48+00:00,2026-04-14T02:19:34+00:00,42c52fe1491037fe3c2d301b9fd79b931a6d6c79,,,,medium
100622,2025-02-13T14:46:34+00:00,2026-04-14T12:52:42+00:00,2606c51fa2ca2a791b880855853133525c2b3b5a,,,,medium
96935,2024-11-22T19:08:06+00:00,2026-04-14T15:47:40+00:00,,,,,low
111795,2025-09-30T08:21:07+00:00,2026-04-15T18:05:43+00:00,,,,,low
102255,2025-03-16T05:17:25+00:00,2026-04-16T02:19:45+00:00,,,,,low
102216,2025-03-14T15:45:49+00:00,2026-04-17T02:19:52+00:00,,,,,low
102168,2025-03-14T07:50:06+00:00,2026-04-18T02:18:25+00:00,,,,,low
102344,2025-03-18T08:53:44+00:00,2026-04-18T02:18:27+00:00,,,,,low
100804,2025-02-17T11:11:02+00:00,2026-04-19T02:19:48+00:00,,,,,low
101014,2025-02-19T21:37:34+00:00,2026-04-19T02:19:50+00:00,,,,,low
102426,2025-03-19T09:31:38+00:00,2026-04-19T02:20:01+00:00,,,,,low
102461,2025-03-19T14:20:51+00:00,2026-04-19T02:20:02+00:00,,,,,low
102549,2025-03-20T17:29:39+00:00,2026-04-20T02:19:47+00:00,,,,,low
113117,2025-10-28T17:30:24+00:00,2026-04-20T08:11:57+00:00,,,,,low
111628,2025-09-25T14:37:22+00:00,2026-04-20T12:42:09+00:00,56084fce2a09e50e2ffe16069f3858af27c98216,,,,medium
98372,2024-12-25T02:49:33+00:00,2026-04-21T02:19:40+00:00,,,,,low
102629,2025-03-21T16:32:44+00:00,2026-04-21T02:20:05+00:00,,,,,low
102630,2025-03-21T16:42:08+00:00,2026-04-21T02:20:07+00:00,,,,,low
102668,2025-03-23T06:07:01+00:00,2026-04-23T02:19:09+00:00,,,,,low
102672,2025-03-23T10:39:16+00:00,2026-04-23T02:19:12+00:00,,,,,low
114854,2025-12-04T15:30:59+00:00,2026-04-23T09:48:06+00:00,,,,,low
102689,2025-03-24T09:44:46+00:00,2026-04-24T02:19:28+00:00,,,,,low
102697,2025-03-24T11:02:20+00:00,2026-04-24T02:19:30+00:00,,,,,low
114336,2025-11-22T05:30:11+00:00,2026-04-24T21:37:42+00:00,,,,,low
98448,2025-01-02T14:15:01+00:00,2026-04-26T02:19:17+00:00,,,,,low
101118,2025-02-21T08:31:45+00:00,2026-04-27T02:20:01+00:00,,,,,low
114469,2025-11-26T10:50:58+00:00,2026-04-27T12:43:06+00:00,,,,,low
105517,2025-05-16T08:06:02+00:00,2026-04-27T12:47:03+00:00,,,,,low
110359,2025-08-29T18:55:08+00:00,2026-04-28T09:37:39+00:00,,,,,low
110494,2025-09-03T06:24:47+00:00,2026-04-28T11:45:58+00:00,,,,,low
109755,2025-08-15T20:09:51+00:00,2026-04-29T11:50:13+00:00,73f98830275481fc8a94de37b3ebc97f6e7c6aeb,,,,medium
103048,2025-03-28T10:33:18+00:00,2026-04-30T02:20:15+00:00,,,,,low
101236,2025-02-24T16:48:17+00:00,2026-05-01T02:20:39+00:00,,,,,low
103077,2025-03-31T06:01:31+00:00,2026-05-01T02:20:47+00:00,,,,,low
110416,2025-09-01T14:57:59+00:00,2026-05-01T12:54:03+00:00,,,,,low
113284,2025-10-31T11:33:15+00:00,2026-05-01T14:39:55+00:00,,,,,low
94130,2024-10-02T07:57:10+00:00,2026-05-02T02:19:19+00:00,d83db31a230b18ef57842ba3a9228a7b7a344cb8,v11.6.0,2025-03-25T22:10:15+00:00,174.59241898148147,medium
101138,2025-02-21T13:37:30+00:00,2026-05-02T02:19:29+00:00,,,,,low
103319,2025-04-02T21:33:00+00:00,2026-05-03T02:20:28+00:00,,,,,low
89821,2024-06-27T09:49:56+00:00,2026-05-04T14:21:05+00:00,,,,,low
106822,2025-06-17T10:46:53+00:00,2026-05-04T14:21:05+00:00,,,,,low
102589,2025-03-21T10:29:53+00:00,2026-05-04T17:54:45+00:00,,,,,low
98436,2025-01-02T08:18:03+00:00,2026-05-05T02:18:39+00:00,,,,,low
108653,2025-07-25T07:21:51+00:00,2026-05-05T05:36:54+00:00,,,,,low
98724,2025-01-09T12:09:04+00:00,2026-05-06T02:19:53+00:00,,,,,low
103437,2025-04-04T07:49:28+00:00,2026-05-06T02:20:14+00:00,,,,,low
103480,2025-04-04T19:37:04+00:00,2026-05-06T02:20:18+00:00,,,,,low
115206,2025-12-12T09:13:05+00:00,2026-05-06T16:37:36+00:00,01e174c10d43fdd4c7e721118fe880c93d120d7a,,,,medium
83905,2024-03-05T12:45:15+00:00,2026-05-07T02:19:52+00:00,,,,,low
107037,2025-06-20T12:55:42+00:00,2026-05-07T11:11:02+00:00,1883056c0d3ee7103d20b10768f83d3023b8c0db,,,,medium
103501,2025-04-07T00:11:35+00:00,2026-05-08T02:21:10+00:00,,,,,low
103599,2025-04-08T11:37:43+00:00,2026-05-09T02:20:04+00:00,,,,,low
103601,2025-04-08T11:45:56+00:00,2026-05-09T02:20:05+00:00,,,,,low
94449,2024-10-09T06:34:39+00:00,2026-05-10T02:20:06+00:00,,,,,low
102468,2025-03-19T14:51:37+00:00,2026-05-10T02:20:19+00:00,,,,,low
103342,2025-04-03T10:11:11+00:00,2026-05-10T02:20:25+00:00,,,,,low
93601,2024-09-23T14:41:05+00:00,2026-05-11T02:20:49+00:00,,,,,medium
103053,2025-03-28T16:12:53+00:00,2026-05-11T02:21:05+00:00,,,,,low
103355,2025-04-03T11:49:41+00:00,2026-05-11T02:21:08+00:00,,,,,low
103378,2025-04-03T15:07:52+00:00,2026-05-11T02:21:10+00:00,,,,,low
85038,2024-03-23T01:22:41+00:00,2026-05-11T13:04:02+00:00,e65251753857711109b001e887ec4bdcb6a3efa7,,,,medium
115192,2025-12-12T00:06:43+00:00,2026-05-11T15:55:04+00:00,,,,,low
97873,2024-12-12T16:37:11+00:00,2026-05-12T17:07:26+00:00,,,,,low
103292,2025-04-02T15:14:24+00:00,2026-05-13T02:21:11+00:00,,,,,low
113579,2025-11-07T08:54:31+00:00,2026-05-14T10:09:55+00:00,,,,,low
94386,2024-10-08T11:24:20+00:00,2026-05-15T02:20:58+00:00,,,,,low
110421,2025-09-01T15:45:12+00:00,2026-05-15T13:49:48+00:00,,,,,low
104397,2025-04-23T13:28:49+00:00,2026-05-15T17:24:58+00:00,,,,,low
96929,2024-11-22T15:42:58+00:00,2026-05-17T02:20:48+00:00,,,,,low
104023,2025-04-15T08:44:25+00:00,2026-05-17T02:21:04+00:00,,,,,low
103297,2025-04-02T16:14:36+00:00,2026-05-19T02:21:24+00:00,,,,,low
112455,2025-10-15T17:16:26+00:00,2026-05-19T09:28:46+00:00,,,,,low
89977,2024-07-03T06:31:13+00:00,2026-05-19T12:22:59+00:00,,,,,low
114846,2025-12-04T13:57:54+00:00,2026-05-19T15:55:02+00:00,,,,,low
69950,2023-06-12T18:33:18+00:00,2026-05-21T15:19:26+00:00,,,,,low
94037,2024-09-30T21:59:56+00:00,2026-05-22T02:21:37+00:00,,,,,low
100782,2025-02-15T14:48:04+00:00,2026-05-22T02:21:47+00:00,,,,,low
107603,2025-07-04T02:07:29+00:00,2026-05-22T14:58:32+00:00,,,,,low
104259,2025-04-22T07:36:26+00:00,2026-05-23T02:20:38+00:00,,,,,low
